player_id,nombre,competicion_raw,es_total,partidos,goles,asistencias,amarillas,rojas,minutos,extraccion_exitosa,seleccion,posicion,club_actual
1007720,Tyler Bindon,Championship,False,25.0,1.0,0.0,1.0,0.0,2029.0,True,New Zealand,Centre-Back,Sheffield United
1007720,Tyler Bindon,EFL Cup,False,1.0,0.0,0.0,0.0,0.0,34.0,True,New Zealand,Centre-Back,Sheffield United
1007720,Tyler Bindon,FA Cup,False,0.0,0.0,0.0,0.0,0.0,0.0,True,New Zealand,Centre-Back,Sheffield United
1007720,Tyler Bindon,TOTAL,True,26.0,1.0,0.0,1.0,0.0,2063.0,True,New Zealand,Centre-Back,Sheffield United
100986,Thomas Meunier,Ligue 1,False,25.0,2.0,2.0,3.0,0.0,1910.0,True,Belgium,Right-Back,LOSC Lille
100986,Thomas Meunier,Europa League,False,8.0,0.0,1.0,0.0,0.0,481.0,True,Belgium,Right-Back,LOSC Lille
100986,Thomas Meunier,Coupe de France,False,2.0,0.0,0.0,0.0,0.0,158.0,True,Belgium,Right-Back,LOSC Lille
100986,Thomas Meunier,TOTAL,True,35.0,2.0,3.0,3.0,0.0,2549.0,True,Belgium,Right-Back,LOSC Lille
1012564,Rayan,Premier League,False,15.0,5.0,2.0,1.0,0.0,1120.0,True,Brazil,Right Winger,AFC Bournemouth
1012564,Rayan,Campeonato Carioca,False,1.0,2.0,0.0,0.0,0.0,85.0,True,Brazil,Right Winger,AFC Bournemouth
1012564,Rayan,TOTAL,True,16.0,7.0,2.0,1.0,0.0,1205.0,True,Brazil,Right Winger,AFC Bournemouth
1016015,Ngal'ayel Mukau,Ligue 1,False,30.0,1.0,0.0,3.0,0.0,1540.0,True,Democratic Republic of the Congo,Defensive Midfield,LOSC Lille
1016015,Ngal'ayel Mukau,Europa League,False,11.0,1.0,0.0,1.0,0.0,713.0,True,Democratic Republic of the Congo,Defensive Midfield,LOSC Lille
1016015,Ngal'ayel Mukau,Coupe de France,False,1.0,0.0,0.0,0.0,0.0,30.0,True,Democratic Republic of the Congo,Defensive Midfield,LOSC Lille
1016015,Ngal'ayel Mukau,TOTAL,True,42.0,2.0,0.0,4.0,0.0,2283.0,True,Democratic Republic of the Congo,Defensive Midfield,LOSC Lille
1017735,Woodensky Pierre,CONCACAF Champions Cup,False,5.0,0.0,0.0,0.0,0.0,242.0,True,Haiti,Defensive Midfield,Violette Athletic Club
1017735,Woodensky Pierre,CONCACAF Caribbean Cup,False,3.0,0.0,0.0,0.0,0.0,202.0,True,Haiti,Defensive Midfield,Violette Athletic Club
1017735,Woodensky Pierre,TOTAL,True,8.0,0.0,0.0,0.0,0.0,444.0,True,Haiti,Defensive Midfield,Violette Athletic Club
1045375,Niko Sigur,SuperSport HNL,False,29.0,1.0,3.0,4.0,0.0,2227.0,True,Canada,Defensive Midfield,HNK Hajduk Split
1045375,Niko Sigur,UECL Qualifying,False,4.0,0.0,0.0,0.0,0.0,153.0,True,Canada,Defensive Midfield,HNK Hajduk Split
1045375,Niko Sigur,Hrvatski nogometni kup,False,2.0,0.0,0.0,0.0,0.0,148.0,True,Canada,Defensive Midfield,HNK Hajduk Split
1045375,Niko Sigur,TOTAL,True,35.0,1.0,3.0,4.0,0.0,2528.0,True,Canada,Defensive Midfield,HNK Hajduk Split
104951,El Mahdi Soliman,CAF Confederation Cup,False,6.0,3.0,2.0,2.0,0.0,480.0,True,Egypt,Goalkeeper,Zamalek SC
104951,El Mahdi Soliman,Premier League,False,6.0,3.0,3.0,1.0,0.0,476.0,True,Egypt,Goalkeeper,Zamalek SC
104951,El Mahdi Soliman,Championship Playoff,False,5.0,4.0,3.0,0.0,0.0,450.0,True,Egypt,Goalkeeper,Zamalek SC
104951,El Mahdi Soliman,Egyptian League Cup,False,3.0,5.0,0.0,0.0,0.0,270.0,True,Egypt,Goalkeeper,Zamalek SC
104951,El Mahdi Soliman,Egypt Cup,False,1.0,2.0,0.0,0.0,0.0,90.0,True,Egypt,Goalkeeper,Zamalek SC
104951,El Mahdi Soliman,Egyptian Super Cup,False,0.0,0.0,0.0,0.0,0.0,0.0,True,Egypt,Goalkeeper,Zamalek SC
104951,El Mahdi Soliman,TOTAL,True,21.0,17.0,8.0,3.0,0.0,1766.0,True,Egypt,Goalkeeper,Zamalek SC
1049911,Tyler Fletcher,Premier League 2,False,15.0,0.0,1.0,0.0,0.0,1192.0,True,Scotland,Central Midfield,Manchester United U21
1049911,Tyler Fletcher,Premier League Int. Cup U21,False,4.0,0.0,1.0,0.0,0.0,390.0,True,Scotland,Central Midfield,Manchester United U21
1049911,Tyler Fletcher,National League Cup,False,4.0,0.0,0.0,0.0,0.0,288.0,True,Scotland,Central Midfield,Manchester United U21
1049911,Tyler Fletcher,PL2 Playoffs,False,3.0,0.0,1.0,0.0,0.0,270.0,True,Scotland,Central Midfield,Manchester United U21
1049911,Tyler Fletcher,EFL Trophy,False,3.0,0.0,0.0,0.0,0.0,270.0,True,Scotland,Central Midfield,Manchester United U21
1049911,Tyler Fletcher,Premier League,False,2.0,0.0,0.0,0.0,0.0,17.0,True,Scotland,Central Midfield,Manchester United U21
1049911,Tyler Fletcher,FA Cup,False,0.0,0.0,0.0,0.0,0.0,0.0,True,Scotland,Central Midfield,Manchester United U21
1049911,Tyler Fletcher,TOTAL,True,31.0,0.0,3.0,0.0,0.0,2427.0,True,Scotland,Central Midfield,Manchester United U21
1051591,Amirmohammad Razzaghinia,Persian Gulf League,False,21.0,0.0,0.0,3.0,0.0,1494.0,True,Iran,Central Midfield,Esteghlal FC
1051591,Amirmohammad Razzaghinia,AFC Champions League Two,False,6.0,0.0,0.0,1.0,0.0,443.0,True,Iran,Central Midfield,Esteghlal FC
1051591,Amirmohammad Razzaghinia,Hazfi Cup,False,1.0,0.0,0.0,0.0,0.0,34.0,True,Iran,Central Midfield,Esteghlal FC
1051591,Amirmohammad Razzaghinia,Iran Super Cup,False,1.0,0.0,0.0,0.0,0.0,1.0,True,Iran,Central Midfield,Esteghlal FC
1051591,Amirmohammad Razzaghinia,TOTAL,True,29.0,0.0,0.0,4.0,0.0,1972.0,True,Iran,Central Midfield,Esteghlal FC
1052439,Kendry Páez,Ligue 1,False,15.0,1.0,0.0,0.0,0.0,420.0,True,Ecuador,Attacking Midfield,CA River Plate
1052439,Kendry Páez,Torneo Apertura,False,8.0,1.0,0.0,1.0,0.0,315.0,True,Ecuador,Attacking Midfield,CA River Plate
1052439,Kendry Páez,Conference League,False,5.0,0.0,0.0,2.0,0.0,280.0,True,Ecuador,Attacking Midfield,CA River Plate
1052439,Kendry Páez,Copa Sudamericana,False,4.0,0.0,1.0,0.0,0.0,102.0,True,Ecuador,Attacking Midfield,CA River Plate
1052439,Kendry Páez,Playoff Torneo Apertura,False,2.0,0.0,0.0,0.0,0.0,44.0,True,Ecuador,Attacking Midfield,CA River Plate
1052439,Kendry Páez,UECL Qualifying,False,1.0,0.0,0.0,0.0,0.0,18.0,True,Ecuador,Attacking Midfield,CA River Plate
1052439,Kendry Páez,Copa Argentina,False,0.0,0.0,0.0,0.0,0.0,0.0,True,Ecuador,Attacking Midfield,CA River Plate
1052439,Kendry Páez,Coupe de France,False,0.0,0.0,0.0,0.0,0.0,0.0,True,Ecuador,Attacking Midfield,CA River Plate
1052439,Kendry Páez,TOTAL,True,35.0,2.0,1.0,3.0,0.0,1179.0,True,Ecuador,Attacking Midfield,CA River Plate
1054631,Ayoub Al-Oui,Stars League,False,19.0,1.0,0.0,5.0,0.0,1682.0,True,Qatar,Right-Back,Al-Gharafa SC
1054631,Ayoub Al-Oui,AFC Champions League,False,7.0,1.0,0.0,1.0,0.0,485.0,True,Qatar,Right-Back,Al-Gharafa SC
1054631,Ayoub Al-Oui,Amir Cup,False,4.0,0.0,0.0,0.0,0.0,360.0,True,Qatar,Right-Back,Al-Gharafa SC
1054631,Ayoub Al-Oui,QSL Cup,False,0.0,0.0,0.0,0.0,0.0,0.0,True,Qatar,Right-Back,Al-Gharafa SC
1054631,Ayoub Al-Oui,TOTAL,True,30.0,2.0,0.0,6.0,0.0,2527.0,True,Qatar,Right-Back,Al-Gharafa SC
105470,Alisson,Premier League,False,26.0,31.0,8.0,1.0,0.0,2340.0,True,Brazil,Goalkeeper,Liverpool FC
105470,Alisson,UEFA Champions League,False,6.0,3.0,4.0,0.0,0.0,506.0,True,Brazil,Goalkeeper,Liverpool FC
105470,Alisson,FA Cup,False,2.0,1.0,1.0,0.0,0.0,180.0,True,Brazil,Goalkeeper,Liverpool FC
105470,Alisson,Community Shield,False,1.0,2.0,0.0,0.0,0.0,90.0,True,Brazil,Goalkeeper,Liverpool FC
105470,Alisson,EFL Cup,False,0.0,0.0,0.0,0.0,0.0,0.0,True,Brazil,Goalkeeper,Liverpool FC
105470,Alisson,TOTAL,True,35.0,37.0,13.0,1.0,0.0,3116.0,True,Brazil,Goalkeeper,Liverpool FC
1059056,Ali Azaizeh,Saudi Pro League,False,15.0,2.0,1.0,0.0,0.0,627.0,True,Jordan,Right Winger,Al-Shabab FC
1059056,Ali Azaizeh,TOTAL,True,15.0,2.0,1.0,0.0,0.0,627.0,True,Jordan,Right Winger,Al-Shabab FC
1061046,Keeto Thermoncy,Promotion League,False,22.0,2.0,1.0,4.0,0.0,1895.0,True,Haiti,Centre-Back,BSC Young Boys U21
1061046,Keeto Thermoncy,Super League,False,0.0,0.0,0.0,0.0,0.0,0.0,True,Haiti,Centre-Back,BSC Young Boys U21
1061046,Keeto Thermoncy,Europa League,False,0.0,0.0,0.0,0.0,0.0,0.0,True,Haiti,Centre-Back,BSC Young Boys U21
1061046,Keeto Thermoncy,TOTAL,True,22.0,2.0,1.0,4.0,0.0,1895.0,True,Haiti,Centre-Back,BSC Young Boys U21
1061282,Assane Diao,Serie A,False,17.0,2.0,1.0,2.0,0.0,1084.0,True,Senegal,Left Winger,Como 1907
1061282,Assane Diao,Italy Cup,False,3.0,0.0,0.0,0.0,0.0,73.0,True,Senegal,Left Winger,Como 1907
1061282,Assane Diao,TOTAL,True,20.0,2.0,1.0,2.0,0.0,1157.0,True,Senegal,Left Winger,Como 1907
1064377,Paul Okon-Engstler,A-League Men,False,23.0,0.0,2.0,6.0,0.0,1935.0,True,Australia,Defensive Midfield,Sydney FC
1064377,Paul Okon-Engstler,A-League Fin.,False,4.0,0.0,0.0,3.0,0.0,390.0,True,Australia,Defensive Midfield,Sydney FC
1064377,Paul Okon-Engstler,TOTAL,True,27.0,0.0,2.0,9.0,0.0,2325.0,True,Australia,Defensive Midfield,Sydney FC
1066953,Mateo Chávez,Eredivisie,False,20.0,1.0,2.0,5.0,0.0,826.0,True,Mexico,Left-Back,AZ Alkmaar
1066953,Mateo Chávez,Conference League,False,7.0,0.0,0.0,4.0,0.0,453.0,True,Mexico,Left-Back,AZ Alkmaar
1066953,Mateo Chávez,KNVB Beker,False,3.0,0.0,0.0,1.0,0.0,216.0,True,Mexico,Left-Back,AZ Alkmaar
1066953,Mateo Chávez,Keuken Kampioen Divisie,False,2.0,0.0,0.0,1.0,0.0,127.0,True,Mexico,Left-Back,AZ Alkmaar
1066953,Mateo Chávez,UECL Qualifying,False,2.0,0.0,0.0,0.0,0.0,93.0,True,Mexico,Left-Back,AZ Alkmaar
1066953,Mateo Chávez,TOTAL,True,34.0,1.0,2.0,11.0,0.0,1715.0,True,Mexico,Left-Back,AZ Alkmaar
1067904,Bazoumana Touré,Bundesliga,False,30.0,5.0,12.0,2.0,0.0,2326.0,True,Ivory Coast,Left Winger,TSG 1899 Hoffenheim
1067904,Bazoumana Touré,DFB-Pokal,False,2.0,0.0,0.0,0.0,0.0,199.0,True,Ivory Coast,Left Winger,TSG 1899 Hoffenheim
1067904,Bazoumana Touré,TOTAL,True,32.0,5.0,12.0,2.0,0.0,2525.0,True,Ivory Coast,Left Winger,TSG 1899 Hoffenheim
1069801,Olwethu Makhanya,MLS,False,13.0,0.0,0.0,4.0,1.0,1170.0,True,South Africa,Centre-Back,Philadelphia Union
1069801,Olwethu Makhanya,CONCACAF Champions Cup,False,4.0,1.0,0.0,1.0,0.0,298.0,True,South Africa,Centre-Back,Philadelphia Union
1069801,Olwethu Makhanya,TOTAL,True,17.0,1.0,0.0,5.0,1.0,1468.0,True,South Africa,Centre-Back,Philadelphia Union
106987,Marcel Sabitzer,Bundesliga,False,26.0,1.0,2.0,3.0,0.0,1823.0,True,Austria,Central Midfield,Borussia Dortmund
106987,Marcel Sabitzer,UEFA Champions League,False,6.0,0.0,2.0,0.0,0.0,344.0,True,Austria,Central Midfield,Borussia Dortmund
106987,Marcel Sabitzer,DFB-Pokal,False,2.0,0.0,0.0,0.0,0.0,181.0,True,Austria,Central Midfield,Borussia Dortmund
106987,Marcel Sabitzer,TOTAL,True,34.0,1.0,4.0,3.0,0.0,2348.0,True,Austria,Central Midfield,Borussia Dortmund
1072017,Wagner Pina,Süper Lig,False,31.0,0.0,7.0,4.0,0.0,2444.0,True,Cape Verde,Right-Back,Trabzonspor
1072017,Wagner Pina,Türkiye Kupasi,False,8.0,0.0,2.0,2.0,0.0,600.0,True,Cape Verde,Right-Back,Trabzonspor
1072017,Wagner Pina,TFF Süper Kupa,False,1.0,0.0,0.0,0.0,0.0,88.0,True,Cape Verde,Right-Back,Trabzonspor
1072017,Wagner Pina,TOTAL,True,40.0,0.0,9.0,6.0,0.0,3132.0,True,Cape Verde,Right-Back,Trabzonspor
107318,Roberto Fernández,Primera División Apertura,False,3.0,2.0,2.0,0.0,0.0,270.0,True,Paraguay,Goalkeeper,Club Cerro Porteño
107318,Roberto Fernández,Libertadores,False,0.0,0.0,0.0,0.0,0.0,0.0,True,Paraguay,Goalkeeper,Club Cerro Porteño
107318,Roberto Fernández,TOTAL,True,3.0,2.0,2.0,0.0,0.0,270.0,True,Paraguay,Goalkeeper,Club Cerro Porteño
1080301,Danial Eiri,Persian Gulf League,False,22.0,0.0,0.0,1.0,0.0,1892.0,True,Iran,Centre-Back,Malavan Bandar Anzali
1080301,Danial Eiri,Hazfi Cup,False,2.0,0.0,0.0,2.0,0.0,210.0,True,Iran,Centre-Back,Malavan Bandar Anzali
1080301,Danial Eiri,TOTAL,True,24.0,0.0,0.0,3.0,0.0,2102.0,True,Iran,Centre-Back,Malavan Bandar Anzali
1082993,Findlay Curtis,Premiership,False,19.0,2.0,1.0,1.0,0.0,845.0,True,Scotland,Left Winger,Rangers FC
1082993,Findlay Curtis,Premiership Relegation,False,5.0,4.0,0.0,0.0,0.0,425.0,True,Scotland,Left Winger,Rangers FC
1082993,Findlay Curtis,Champions League Qu.,False,4.0,1.0,0.0,0.0,0.0,184.0,True,Scotland,Left Winger,Rangers FC
1082993,Findlay Curtis,Europa League,False,4.0,0.0,1.0,1.0,0.0,119.0,True,Scotland,Left Winger,Rangers FC
1082993,Findlay Curtis,League Cup,False,2.0,1.0,0.0,0.0,0.0,9.0,True,Scotland,Left Winger,Rangers FC
1082993,Findlay Curtis,SFA Cup,False,1.0,0.0,1.0,0.0,0.0,90.0,True,Scotland,Left Winger,Rangers FC
1082993,Findlay Curtis,TOTAL,True,35.0,8.0,3.0,2.0,0.0,1672.0,True,Scotland,Left Winger,Rangers FC
108354,Jordan Ayew,Championship,False,42.0,6.0,3.0,5.0,0.0,2259.0,True,Ghana,Centre-Forward,Leicester City
108354,Jordan Ayew,FA Cup,False,2.0,0.0,0.0,0.0,0.0,99.0,True,Ghana,Centre-Forward,Leicester City
108354,Jordan Ayew,EFL Cup,False,1.0,0.0,0.0,0.0,0.0,8.0,True,Ghana,Centre-Forward,Leicester City
108354,Jordan Ayew,TOTAL,True,45.0,6.0,3.0,5.0,0.0,2366.0,True,Ghana,Centre-Forward,Leicester City
108390,Thibaut Courtois,LaLiga,False,32.0,28.0,13.0,1.0,0.0,2880.0,True,Belgium,Goalkeeper,Real Madrid
108390,Thibaut Courtois,UEFA Champions League,False,11.0,11.0,4.0,0.0,0.0,945.0,True,Belgium,Goalkeeper,Real Madrid
108390,Thibaut Courtois,Supercopa,False,2.0,4.0,0.0,0.0,0.0,180.0,True,Belgium,Goalkeeper,Real Madrid
108390,Thibaut Courtois,Copa del Rey,False,0.0,0.0,0.0,0.0,0.0,0.0,True,Belgium,Goalkeeper,Real Madrid
108390,Thibaut Courtois,TOTAL,True,45.0,43.0,17.0,1.0,0.0,4005.0,True,Belgium,Goalkeeper,Real Madrid
108725,Chris Wood,Premier League,False,15.0,3.0,0.0,0.0,0.0,907.0,True,New Zealand,Centre-Forward,Nottingham Forest
108725,Chris Wood,Europa League,False,5.0,2.0,0.0,0.0,0.0,237.0,True,New Zealand,Centre-Forward,Nottingham Forest
108725,Chris Wood,Premier League 2,False,1.0,1.0,0.0,0.0,0.0,45.0,True,New Zealand,Centre-Forward,Nottingham Forest
108725,Chris Wood,FA Cup,False,0.0,0.0,0.0,0.0,0.0,0.0,True,New Zealand,Centre-Forward,Nottingham Forest
108725,Chris Wood,EFL Cup,False,0.0,0.0,0.0,0.0,0.0,0.0,True,New Zealand,Centre-Forward,Nottingham Forest
108725,Chris Wood,TOTAL,True,21.0,6.0,0.0,0.0,0.0,1189.0,True,New Zealand,Centre-Forward,Nottingham Forest
1087789,Tarek Alaa,Relegation Playoff,False,9.0,0.0,1.0,0.0,0.0,618.0,True,Egypt,Right-Back,Zed FC
1087789,Tarek Alaa,Premier League,False,4.0,0.0,0.0,1.0,0.0,322.0,True,Egypt,Right-Back,Zed FC
1087789,Tarek Alaa,Egypt Cup,False,3.0,0.0,0.0,2.0,0.0,294.0,True,Egypt,Right-Back,Zed FC
1087789,Tarek Alaa,Egyptian Super Cup,False,1.0,0.0,0.0,1.0,0.0,72.0,True,Egypt,Right-Back,Zed FC
1087789,Tarek Alaa,Egyptian League Cup,False,0.0,0.0,0.0,0.0,0.0,0.0,True,Egypt,Right-Back,Zed FC
1087789,Tarek Alaa,CAF-Champions League,False,0.0,0.0,0.0,0.0,0.0,0.0,True,Egypt,Right-Back,Zed FC
1087789,Tarek Alaa,FIFA Intercontinental Cup,False,0.0,0.0,0.0,0.0,0.0,0.0,True,Egypt,Right-Back,Zed FC
1087789,Tarek Alaa,CAF-Supercup,False,0.0,0.0,0.0,0.0,0.0,0.0,True,Egypt,Right-Back,Zed FC
1087789,Tarek Alaa,TOTAL,True,17.0,0.0,1.0,4.0,0.0,1306.0,True,Egypt,Right-Back,Zed FC
1089202,Moïse Bombito,Ligue 1,False,2.0,0.0,0.0,1.0,0.0,146.0,True,Canada,Centre-Back,OGC Nice
1089202,Moïse Bombito,L1/L2 Playoffs,False,0.0,0.0,0.0,0.0,0.0,0.0,True,Canada,Centre-Back,OGC Nice
1089202,Moïse Bombito,Coupe de France,False,0.0,0.0,0.0,0.0,0.0,0.0,True,Canada,Centre-Back,OGC Nice
1089202,Moïse Bombito,Europa League,False,0.0,0.0,0.0,0.0,0.0,0.0,True,Canada,Centre-Back,OGC Nice
1089202,Moïse Bombito,Champions League Qu.,False,0.0,0.0,0.0,0.0,0.0,0.0,True,Canada,Centre-Back,OGC Nice
1089202,Moïse Bombito,TOTAL,True,2.0,0.0,0.0,1.0,0.0,146.0,True,Canada,Centre-Back,OGC Nice
1097139,Ayyoub Bouaddi,Ligue 1,False,30.0,0.0,1.0,7.0,0.0,2328.0,True,Morocco,Central Midfield,LOSC Lille
1097139,Ayyoub Bouaddi,Europa League,False,10.0,0.0,0.0,2.0,0.0,666.0,True,Morocco,Central Midfield,LOSC Lille
1097139,Ayyoub Bouaddi,Coupe de France,False,2.0,0.0,0.0,0.0,0.0,159.0,True,Morocco,Central Midfield,LOSC Lille
1097139,Ayyoub Bouaddi,TOTAL,True,42.0,0.0,1.0,9.0,0.0,3153.0,True,Morocco,Central Midfield,LOSC Lille
1107265,Ime Okon,2. Bundesliga,False,25.0,2.0,0.0,4.0,0.0,1716.0,True,South Africa,Centre-Back,Hannover 96
1107265,Ime Okon,DFB-Pokal,False,1.0,0.0,0.0,1.0,0.0,90.0,True,South Africa,Centre-Back,Hannover 96
1107265,Ime Okon,TOTAL,True,26.0,2.0,0.0,5.0,0.0,1806.0,True,South Africa,Centre-Back,Hannover 96
1109254,Thabang Matuludi,Betway Premiership,False,23.0,2.0,0.0,4.0,0.0,1950.0,True,South Africa,Right-Back,Polokwane City FC
1109254,Thabang Matuludi,Nedbank Cup,False,1.0,0.0,0.0,0.0,0.0,120.0,True,South Africa,Right-Back,Polokwane City FC
1109254,Thabang Matuludi,Carling Knockout,False,1.0,0.0,0.0,0.0,0.0,120.0,True,South Africa,Right-Back,Polokwane City FC
1109254,Thabang Matuludi,MTN8,False,0.0,0.0,0.0,0.0,0.0,0.0,True,South Africa,Right-Back,Polokwane City FC
1109254,Thabang Matuludi,TOTAL,True,25.0,2.0,0.0,4.0,0.0,2190.0,True,South Africa,Right-Back,Polokwane City FC
1109358,Lachlan Bayliss,A-League Men,False,25.0,5.0,3.0,5.0,0.0,1644.0,True,New Zealand,Central Midfield,Newcastle United Jets
1109358,Lachlan Bayliss,A-League Fin.,False,2.0,0.0,0.0,0.0,0.0,191.0,True,New Zealand,Central Midfield,Newcastle United Jets
1109358,Lachlan Bayliss,TOTAL,True,27.0,5.0,3.0,5.0,0.0,1835.0,True,New Zealand,Central Midfield,Newcastle United Jets
1111589,El Hadji Malick Diouf,Premier League,False,32.0,0.0,5.0,6.0,0.0,2711.0,True,Senegal,Left-Back,West Ham United
1111589,El Hadji Malick Diouf,FA Cup,False,1.0,0.0,0.0,0.0,0.0,105.0,True,Senegal,Left-Back,West Ham United
1111589,El Hadji Malick Diouf,EFL Cup,False,1.0,0.0,0.0,0.0,0.0,90.0,True,Senegal,Left-Back,West Ham United
1111589,El Hadji Malick Diouf,TOTAL,True,34.0,0.0,5.0,6.0,0.0,2906.0,True,Senegal,Left-Back,West Ham United
1113451,Kojo Peprah Oppong,Ligue 1,False,29.0,1.0,0.0,4.0,0.0,2429.0,True,Ghana,Centre-Back,OGC Nice
1113451,Kojo Peprah Oppong,Coupe de France,False,5.0,0.0,0.0,1.0,0.0,360.0,True,Ghana,Centre-Back,OGC Nice
1113451,Kojo Peprah Oppong,Europa League,False,5.0,0.0,0.0,1.0,0.0,361.0,True,Ghana,Centre-Back,OGC Nice
1113451,Kojo Peprah Oppong,L1/L2 Playoffs,False,2.0,0.0,0.0,0.0,0.0,180.0,True,Ghana,Centre-Back,OGC Nice
1113451,Kojo Peprah Oppong,Champions League Qu.,False,2.0,0.0,0.0,0.0,0.0,135.0,True,Ghana,Centre-Back,OGC Nice
1113451,Kojo Peprah Oppong,TOTAL,True,43.0,1.0,0.0,6.0,0.0,3465.0,True,Ghana,Centre-Back,OGC Nice
111627,Ryan Mendes,1.Lig,False,29.0,5.0,2.0,3.0,0.0,1872.0,True,Cape Verde,Left Winger,Igdir FK
111627,Ryan Mendes,Türkiye Kupasi,False,4.0,0.0,0.0,0.0,0.0,164.0,True,Cape Verde,Left Winger,Igdir FK
111627,Ryan Mendes,Süper Lig,False,4.0,0.0,0.0,0.0,0.0,273.0,True,Cape Verde,Left Winger,Igdir FK
111627,Ryan Mendes,TOTAL,True,37.0,5.0,2.0,3.0,0.0,2309.0,True,Cape Verde,Left Winger,Igdir FK
111873,Emiliano Martínez,Premier League,False,32.0,39.0,8.0,2.0,0.0,2835.0,True,Argentina,Goalkeeper,Aston Villa
111873,Emiliano Martínez,Europa League,False,11.0,7.0,6.0,1.0,0.0,990.0,True,Argentina,Goalkeeper,Aston Villa
111873,Emiliano Martínez,FA Cup,False,1.0,3.0,0.0,0.0,0.0,45.0,True,Argentina,Goalkeeper,Aston Villa
111873,Emiliano Martínez,EFL Cup,False,0.0,0.0,0.0,0.0,0.0,0.0,True,Argentina,Goalkeeper,Aston Villa
111873,Emiliano Martínez,TOTAL,True,44.0,49.0,14.0,3.0,0.0,3870.0,True,Argentina,Goalkeeper,Aston Villa
1119447,Christopher Bonsu Baah,Saudi Pro League,False,32.0,3.0,12.0,5.0,0.0,2684.0,True,Ghana,Left Winger,Al-Qadsiah FC
1119447,Christopher Bonsu Baah,King's Cup,False,3.0,0.0,0.0,0.0,0.0,155.0,True,Ghana,Left Winger,Al-Qadsiah FC
1119447,Christopher Bonsu Baah,Saudi Super Cup,False,1.0,0.0,1.0,0.0,0.0,42.0,True,Ghana,Left Winger,Al-Qadsiah FC
1119447,Christopher Bonsu Baah,TOTAL,True,36.0,3.0,13.0,5.0,0.0,2881.0,True,Ghana,Left Winger,Al-Qadsiah FC
1125037,Relebohile Mofokeng,Betway Premiership,False,27.0,10.0,8.0,2.0,0.0,2132.0,True,South Africa,Left Winger,Orlando Pirates
1125037,Relebohile Mofokeng,MTN8,False,4.0,0.0,0.0,1.0,0.0,375.0,True,South Africa,Left Winger,Orlando Pirates
1125037,Relebohile Mofokeng,Carling Knockout,False,3.0,1.0,0.0,0.0,0.0,199.0,True,South Africa,Left Winger,Orlando Pirates
1125037,Relebohile Mofokeng,CAF-Champions League,False,1.0,0.0,1.0,0.0,0.0,76.0,True,South Africa,Left Winger,Orlando Pirates
1125037,Relebohile Mofokeng,Nedbank Cup,False,1.0,0.0,0.0,0.0,0.0,120.0,True,South Africa,Left Winger,Orlando Pirates
1125037,Relebohile Mofokeng,TOTAL,True,36.0,11.0,9.0,3.0,0.0,2902.0,True,South Africa,Left Winger,Orlando Pirates
1130514,Samir El Mourabet,Ligue 1,False,33.0,1.0,3.0,4.0,0.0,2137.0,True,Morocco,Central Midfield,RC Strasbourg Alsace
1130514,Samir El Mourabet,Conference League,False,10.0,1.0,0.0,3.0,0.0,754.0,True,Morocco,Central Midfield,RC Strasbourg Alsace
1130514,Samir El Mourabet,Coupe de France,False,5.0,0.0,0.0,0.0,0.0,337.0,True,Morocco,Central Midfield,RC Strasbourg Alsace
1130514,Samir El Mourabet,UECL Qualifying,False,0.0,0.0,0.0,0.0,0.0,0.0,True,Morocco,Central Midfield,RC Strasbourg Alsace
1130514,Samir El Mourabet,TOTAL,True,48.0,2.0,3.0,7.0,0.0,3228.0,True,Morocco,Central Midfield,RC Strasbourg Alsace
1132850,Zaid Ismail,Iraq Stars League,False,30.0,4.0,3.0,10.0,0.0,2614.0,True,Iraq,Defensive Midfield,Al-Talaba SC
1132850,Zaid Ismail,TOTAL,True,30.0,4.0,3.0,10.0,0.0,2614.0,True,Iraq,Defensive Midfield,Al-Talaba SC
113915,Abdulaziz Hatim,Stars League,False,18.0,0.0,1.0,2.0,1.0,921.0,True,Qatar,Central Midfield,Al-Rayyan SC
113915,Abdulaziz Hatim,QSL Cup,False,2.0,0.0,0.0,1.0,0.0,106.0,True,Qatar,Central Midfield,Al-Rayyan SC
113915,Abdulaziz Hatim,Amir Cup,False,1.0,0.0,0.0,0.0,0.0,76.0,True,Qatar,Central Midfield,Al-Rayyan SC
113915,Abdulaziz Hatim,TOTAL,True,21.0,0.0,1.0,3.0,1.0,1103.0,True,Qatar,Central Midfield,Al-Rayyan SC
1143849,Tahsin Mohammed Jamshid,Stars League,False,14.0,1.0,0.0,1.0,0.0,372.0,True,Qatar,Left Winger,Al-Duhail SC
1143849,Tahsin Mohammed Jamshid,AFC Champions League,False,4.0,0.0,0.0,1.0,0.0,41.0,True,Qatar,Left Winger,Al-Duhail SC
1143849,Tahsin Mohammed Jamshid,Amir Cup,False,2.0,1.0,0.0,0.0,0.0,58.0,True,Qatar,Left Winger,Al-Duhail SC
1143849,Tahsin Mohammed Jamshid,QSL Cup,False,1.0,1.0,0.0,0.0,0.0,79.0,True,Qatar,Left Winger,Al-Duhail SC
1143849,Tahsin Mohammed Jamshid,AFC CL Elite Qualif.,False,0.0,0.0,0.0,0.0,0.0,0.0,True,Qatar,Left Winger,Al-Duhail SC
1143849,Tahsin Mohammed Jamshid,TOTAL,True,21.0,3.0,0.0,2.0,0.0,550.0,True,Qatar,Left Winger,Al-Duhail SC
1144627,Kento Shiogai,Eredivisie,False,12.0,7.0,0.0,1.0,0.0,363.0,True,Japan,Centre-Forward,VfL Wolfsburg
1144627,Kento Shiogai,Bundesliga,False,12.0,1.0,0.0,3.0,0.0,313.0,True,Japan,Centre-Forward,VfL Wolfsburg
1144627,Kento Shiogai,KNVB Beker,False,2.0,2.0,0.0,0.0,0.0,171.0,True,Japan,Centre-Forward,VfL Wolfsburg
1144627,Kento Shiogai,Bundesliga Playoffs,False,1.0,0.0,0.0,0.0,0.0,15.0,True,Japan,Centre-Forward,VfL Wolfsburg
1144627,Kento Shiogai,TOTAL,True,27.0,10.0,0.0,4.0,0.0,862.0,True,Japan,Centre-Forward,VfL Wolfsburg
1151929,Gessime Yassine,Ligue 2,False,13.0,2.0,7.0,1.0,0.0,804.0,True,Morocco,Right Winger,RC Strasbourg Alsace
1151929,Gessime Yassine,Ligue 1,False,12.0,0.0,2.0,0.0,0.0,510.0,True,Morocco,Right Winger,RC Strasbourg Alsace
1151929,Gessime Yassine,Coupe de France,False,5.0,1.0,1.0,2.0,0.0,236.0,True,Morocco,Right Winger,RC Strasbourg Alsace
1151929,Gessime Yassine,Conference League,False,4.0,0.0,0.0,0.0,0.0,169.0,True,Morocco,Right Winger,RC Strasbourg Alsace
1151929,Gessime Yassine,TOTAL,True,34.0,3.0,10.0,3.0,0.0,1719.0,True,Morocco,Right Winger,RC Strasbourg Alsace
1155723,Gilberto Mora,Liga MX Apertura,False,11.0,3.0,1.0,0.0,0.0,808.0,True,Mexico,Attacking Midfield,Club Tijuana
1155723,Gilberto Mora,Liga MX Clausura,False,6.0,1.0,0.0,0.0,0.0,330.0,True,Mexico,Attacking Midfield,Club Tijuana
1155723,Gilberto Mora,Liguilla Apertura,False,3.0,2.0,0.0,1.0,0.0,256.0,True,Mexico,Attacking Midfield,Club Tijuana
1155723,Gilberto Mora,TOTAL,True,20.0,6.0,1.0,1.0,0.0,1394.0,True,Mexico,Attacking Midfield,Club Tijuana
1175086,Samukele Kabini,Eliteserien,False,7.0,0.0,1.0,1.0,1.0,618.0,True,South Africa,Left-Back,Molde FK
1175086,Samukele Kabini,NM-Cup,False,2.0,0.0,0.0,0.0,0.0,210.0,True,South Africa,Left-Back,Molde FK
1175086,Samukele Kabini,TOTAL,True,9.0,0.0,1.0,1.0,1.0,828.0,True,South Africa,Left-Back,Molde FK
1181852,Mohammed Abu Al-Shamat,Saudi Pro League,False,31.0,3.0,8.0,3.0,0.0,2497.0,True,Saudi Arabia,Right-Back,Al-Qadsiah FC
1181852,Mohammed Abu Al-Shamat,King's Cup,False,3.0,0.0,0.0,0.0,0.0,217.0,True,Saudi Arabia,Right-Back,Al-Qadsiah FC
1181852,Mohammed Abu Al-Shamat,Saudi Super Cup,False,0.0,0.0,0.0,0.0,0.0,0.0,True,Saudi Arabia,Right-Back,Al-Qadsiah FC
1181852,Mohammed Abu Al-Shamat,TOTAL,True,34.0,3.0,8.0,3.0,0.0,2714.0,True,Saudi Arabia,Right-Back,Al-Qadsiah FC
118397,Alessandro Schöpf,Bundesliga,False,24.0,5.0,5.0,2.0,0.0,1804.0,True,Austria,Central Midfield,Wolfsberger AC
118397,Alessandro Schöpf,ÖFB-Cup,False,4.0,0.0,1.0,1.0,0.0,331.0,True,Austria,Central Midfield,Wolfsberger AC
118397,Alessandro Schöpf,UECL Qualifying,False,2.0,0.0,0.0,1.0,0.0,210.0,True,Austria,Central Midfield,Wolfsberger AC
118397,Alessandro Schöpf,Europa League Qualifying,False,2.0,0.0,0.0,0.0,0.0,191.0,True,Austria,Central Midfield,Wolfsberger AC
118397,Alessandro Schöpf,Bundesliga EC-Play-off,False,1.0,0.0,0.0,0.0,0.0,20.0,True,Austria,Central Midfield,Wolfsberger AC
118397,Alessandro Schöpf,TOTAL,True,33.0,5.0,6.0,4.0,0.0,2556.0,True,Austria,Central Midfield,Wolfsberger AC
1185888,Ibrahim Mbaye,Ligue 1,False,24.0,3.0,2.0,0.0,0.0,998.0,True,Senegal,Right Winger,Paris Saint-Germain
1185888,Ibrahim Mbaye,UEFA Champions League,False,4.0,0.0,0.0,0.0,0.0,101.0,True,Senegal,Right Winger,Paris Saint-Germain
1185888,Ibrahim Mbaye,FIFA Intercontinental Cup,False,1.0,0.0,0.0,0.0,0.0,30.0,True,Senegal,Right Winger,Paris Saint-Germain
1185888,Ibrahim Mbaye,National U19 - Grp. A,False,1.0,0.0,0.0,0.0,0.0,90.0,True,Senegal,Right Winger,Paris Saint-Germain
1185888,Ibrahim Mbaye,UEFA Super Cup,False,1.0,0.0,0.0,0.0,0.0,23.0,True,Senegal,Right Winger,Paris Saint-Germain
1185888,Ibrahim Mbaye,Coupe de France,False,0.0,0.0,0.0,0.0,0.0,0.0,True,Senegal,Right Winger,Paris Saint-Germain
1185888,Ibrahim Mbaye,Trophée des Champions,False,0.0,0.0,0.0,0.0,0.0,0.0,True,Senegal,Right Winger,Paris Saint-Germain
1185888,Ibrahim Mbaye,TOTAL,True,31.0,3.0,2.0,0.0,0.0,1242.0,True,Senegal,Right Winger,Paris Saint-Germain
120205,Michael Gregoritsch,Bundesliga,False,17.0,6.0,3.0,2.0,0.0,917.0,True,Austria,Centre-Forward,FC Augsburg
120205,Michael Gregoritsch,Superliga,False,11.0,2.0,1.0,2.0,0.0,370.0,True,Austria,Centre-Forward,FC Augsburg
120205,Michael Gregoritsch,UECL Qualifying,False,2.0,1.0,0.0,1.0,0.0,41.0,True,Austria,Centre-Forward,FC Augsburg
120205,Michael Gregoritsch,Oddset Pokalen,False,1.0,0.0,0.0,0.0,0.0,15.0,True,Austria,Centre-Forward,FC Augsburg
120205,Michael Gregoritsch,DFB-Pokal,False,0.0,0.0,0.0,0.0,0.0,0.0,True,Austria,Centre-Forward,FC Augsburg
120205,Michael Gregoritsch,TOTAL,True,31.0,9.0,4.0,5.0,0.0,1343.0,True,Austria,Centre-Forward,FC Augsburg
120443,Santiago Arias,Torneo Apertura,False,12.0,0.0,2.0,1.0,0.0,823.0,True,Colombia,Right-Back,CA Independiente
120443,Santiago Arias,Copa Argentina,False,1.0,0.0,0.0,0.0,0.0,90.0,True,Colombia,Right-Back,CA Independiente
120443,Santiago Arias,Playoff Torneo Apertura,False,1.0,0.0,0.0,0.0,0.0,90.0,True,Colombia,Right-Back,CA Independiente
120443,Santiago Arias,TOTAL,True,14.0,0.0,2.0,1.0,0.0,1003.0,True,Colombia,Right-Back,CA Independiente
1206877,Hugo Sochurek,Chance Liga,False,6.0,0.0,2.0,0.0,0.0,416.0,True,Czech Republic,Central Midfield,AC Sparta Prague
1206877,Hugo Sochurek,1. liga U19,False,6.0,0.0,1.0,0.0,0.0,502.0,True,Czech Republic,Central Midfield,AC Sparta Prague
1206877,Hugo Sochurek,ChNL,False,5.0,0.0,0.0,0.0,0.0,298.0,True,Czech Republic,Central Midfield,AC Sparta Prague
1206877,Hugo Sochurek,Chance Liga Champion Gr.,False,2.0,0.0,0.0,0.0,0.0,96.0,True,Czech Republic,Central Midfield,AC Sparta Prague
1206877,Hugo Sochurek,Conference League,False,1.0,0.0,0.0,0.0,0.0,90.0,True,Czech Republic,Central Midfield,AC Sparta Prague
1206877,Hugo Sochurek,MOL Cup,False,1.0,0.0,0.0,1.0,0.0,29.0,True,Czech Republic,Central Midfield,AC Sparta Prague
1206877,Hugo Sochurek,TOTAL,True,21.0,0.0,3.0,1.0,0.0,1431.0,True,Czech Republic,Central Midfield,AC Sparta Prague
121385,Grant Hanley,Premiership,False,21.0,0.0,0.0,2.0,0.0,1709.0,True,Scotland,Centre-Back,Hibernian FC
121385,Grant Hanley,Scottish Premiership Top Six Split,False,3.0,0.0,0.0,0.0,0.0,223.0,True,Scotland,Centre-Back,Hibernian FC
121385,Grant Hanley,League Cup,False,2.0,0.0,0.0,0.0,0.0,180.0,True,Scotland,Centre-Back,Hibernian FC
121385,Grant Hanley,SFA Cup,False,0.0,0.0,0.0,0.0,0.0,0.0,True,Scotland,Centre-Back,Hibernian FC
121385,Grant Hanley,UECL Qualifying,False,0.0,0.0,0.0,0.0,0.0,0.0,True,Scotland,Centre-Back,Hibernian FC
121385,Grant Hanley,TOTAL,True,26.0,0.0,0.0,2.0,0.0,2112.0,True,Scotland,Centre-Back,Hibernian FC
121791,Éric Davis,Liga Panameña Clausura,False,11.0,2.0,2.0,2.0,0.0,926.0,True,Panama,Left-Back,CD Plaza Amador
121791,Éric Davis,Central American Cup,False,8.0,1.0,3.0,0.0,0.0,692.0,True,Panama,Left-Back,CD Plaza Amador
121791,Éric Davis,LPF Clausura Playoff,False,3.0,0.0,3.0,1.0,0.0,236.0,True,Panama,Left-Back,CD Plaza Amador
121791,Éric Davis,TOTAL,True,22.0,3.0,8.0,3.0,0.0,1854.0,True,Panama,Left-Back,CD Plaza Amador
122582,Juan Fernando Quintero,Torneo Apertura,False,12.0,2.0,2.0,0.0,0.0,548.0,True,Colombia,Attacking Midfield,CA River Plate
122582,Juan Fernando Quintero,Playoff Torneo Apertura,False,3.0,1.0,1.0,0.0,0.0,90.0,True,Colombia,Attacking Midfield,CA River Plate
122582,Juan Fernando Quintero,Copa Sudamericana,False,3.0,0.0,1.0,0.0,0.0,220.0,True,Colombia,Attacking Midfield,CA River Plate
122582,Juan Fernando Quintero,Copa Argentina,False,1.0,1.0,0.0,0.0,0.0,90.0,True,Colombia,Attacking Midfield,CA River Plate
122582,Juan Fernando Quintero,TOTAL,True,19.0,4.0,4.0,0.0,0.0,948.0,True,Colombia,Attacking Midfield,CA River Plate
1240763,Caleb Yirenkyi,Superliga,False,21.0,2.0,5.0,7.0,0.0,1804.0,True,Ghana,Central Midfield,FC Nordsjaelland
1240763,Caleb Yirenkyi,Superliga Championship round,False,9.0,0.0,1.0,2.0,0.0,810.0,True,Ghana,Central Midfield,FC Nordsjaelland
1240763,Caleb Yirenkyi,Oddset Pokalen,False,4.0,0.0,0.0,1.0,0.0,385.0,True,Ghana,Central Midfield,FC Nordsjaelland
1240763,Caleb Yirenkyi,TOTAL,True,34.0,2.0,6.0,10.0,0.0,2999.0,True,Ghana,Central Midfield,FC Nordsjaelland
1252806,Mohammad Abu Ghoush,Jordanian Pro League,False,24.0,4.0,6.0,3.0,0.0,1860.0,True,Jordan,Left-Back,Al-Hussein SC (Irbid)
1252806,Mohammad Abu Ghoush,AFC Champions League Two,False,2.0,0.0,0.0,0.0,0.0,105.0,True,Jordan,Left-Back,Al-Hussein SC (Irbid)
1252806,Mohammad Abu Ghoush,TOTAL,True,26.0,4.0,6.0,3.0,0.0,1965.0,True,Jordan,Left-Back,Al-Hussein SC (Irbid)
125714,Mark Flekken,Bundesliga,False,24.0,38.0,5.0,1.0,0.0,2130.0,True,Netherlands,Goalkeeper,Bayer 04 Leverkusen
125714,Mark Flekken,UEFA Champions League,False,6.0,12.0,2.0,0.0,0.0,540.0,True,Netherlands,Goalkeeper,Bayer 04 Leverkusen
125714,Mark Flekken,DFB-Pokal,False,4.0,4.0,2.0,0.0,0.0,390.0,True,Netherlands,Goalkeeper,Bayer 04 Leverkusen
125714,Mark Flekken,TOTAL,True,34.0,54.0,9.0,1.0,0.0,3060.0,True,Netherlands,Goalkeeper,Bayer 04 Leverkusen
12589,Craig Gordon,Premiership,False,3.0,2.0,2.0,0.0,0.0,225.0,True,Scotland,Goalkeeper,Heart of Midlothian FC
12589,Craig Gordon,Scottish Premiership Top Six Split,False,0.0,0.0,0.0,0.0,0.0,0.0,True,Scotland,Goalkeeper,Heart of Midlothian FC
12589,Craig Gordon,SFA Cup,False,0.0,0.0,0.0,0.0,0.0,0.0,True,Scotland,Goalkeeper,Heart of Midlothian FC
12589,Craig Gordon,League Cup,False,0.0,0.0,0.0,0.0,0.0,0.0,True,Scotland,Goalkeeper,Heart of Midlothian FC
12589,Craig Gordon,TOTAL,True,3.0,2.0,2.0,0.0,0.0,225.0,True,Scotland,Goalkeeper,Heart of Midlothian FC
1259085,Hamza Abdelkarim,Egyptian League Cup,False,6.0,0.0,0.0,0.0,0.0,285.0,True,Egypt,Centre-Forward,FC Barcelona U19
1259085,Hamza Abdelkarim,CAF-Champions League,False,1.0,0.0,0.0,0.0,0.0,1.0,True,Egypt,Centre-Forward,FC Barcelona U19
1259085,Hamza Abdelkarim,Premier League,False,1.0,0.0,0.0,0.0,0.0,2.0,True,Egypt,Centre-Forward,FC Barcelona U19
1259085,Hamza Abdelkarim,Egypt Cup,False,1.0,0.0,0.0,0.0,0.0,74.0,True,Egypt,Centre-Forward,FC Barcelona U19
1259085,Hamza Abdelkarim,Egyptian Super Cup,False,0.0,0.0,0.0,0.0,0.0,0.0,True,Egypt,Centre-Forward,FC Barcelona U19
1259085,Hamza Abdelkarim,TOTAL,True,9.0,0.0,0.0,0.0,0.0,362.0,True,Egypt,Centre-Forward,FC Barcelona U19
126014,Leandro Bacuna,1.Lig,False,35.0,9.0,4.0,4.0,0.0,2900.0,True,Curaçao,Central Midfield,Igdir FK
126014,Leandro Bacuna,Türkiye Kupasi,False,3.0,0.0,0.0,1.0,0.0,139.0,True,Curaçao,Central Midfield,Igdir FK
126014,Leandro Bacuna,TOTAL,True,38.0,9.0,4.0,5.0,0.0,3039.0,True,Curaçao,Central Midfield,Igdir FK
126019,Alberto Quintero,Liga Panameña Clausura,False,13.0,3.0,2.0,2.0,0.0,1013.0,True,Panama,Right Winger,CD Plaza Amador
126019,Alberto Quintero,Central American Cup,False,7.0,2.0,1.0,0.0,0.0,580.0,True,Panama,Right Winger,CD Plaza Amador
126019,Alberto Quintero,LPF Clausura Playoff,False,3.0,0.0,1.0,1.0,0.0,249.0,True,Panama,Right Winger,CD Plaza Amador
126019,Alberto Quintero,TOTAL,True,23.0,5.0,4.0,3.0,0.0,1842.0,True,Panama,Right Winger,CD Plaza Amador
126214,Mathew Leckie,A-League Men,False,6.0,0.0,1.0,0.0,0.0,237.0,True,Australia,Left Winger,Melbourne City FC
126214,Mathew Leckie,A-League Fin.,False,1.0,0.0,0.0,0.0,0.0,120.0,True,Australia,Left Winger,Melbourne City FC
126214,Mathew Leckie,AFC Champions League,False,1.0,0.0,0.0,0.0,0.0,45.0,True,Australia,Left Winger,Melbourne City FC
126214,Mathew Leckie,TOTAL,True,8.0,0.0,1.0,0.0,0.0,402.0,True,Australia,Left Winger,Melbourne City FC
1264176,Issa Laye,Stars League,False,12.0,0.0,1.0,1.0,0.0,869.0,True,Qatar,Centre-Back,Al-Arabi SC
1264176,Issa Laye,Amir Cup,False,1.0,0.0,0.0,0.0,0.0,20.0,True,Qatar,Centre-Back,Al-Arabi SC
1264176,Issa Laye,QSL Cup,False,0.0,0.0,0.0,0.0,0.0,0.0,True,Qatar,Centre-Back,Al-Arabi SC
1264176,Issa Laye,TOTAL,True,13.0,0.0,1.0,1.0,0.0,889.0,True,Qatar,Centre-Back,Al-Arabi SC
126600,Kenny McLean,Championship,False,42.0,3.0,4.0,6.0,0.0,3620.0,True,Scotland,Central Midfield,Norwich City
126600,Kenny McLean,FA Cup,False,2.0,0.0,0.0,0.0,0.0,99.0,True,Scotland,Central Midfield,Norwich City
126600,Kenny McLean,EFL Cup,False,1.0,0.0,0.0,0.0,0.0,26.0,True,Scotland,Central Midfield,Norwich City
126600,Kenny McLean,TOTAL,True,45.0,3.0,4.0,6.0,0.0,3745.0,True,Scotland,Central Midfield,Norwich City
126664,Lucas Digne,Premier League,False,31.0,0.0,6.0,3.0,0.0,1852.0,True,France,Left-Back,Aston Villa
126664,Lucas Digne,Europa League,False,11.0,0.0,1.0,2.0,0.0,817.0,True,France,Left-Back,Aston Villa
126664,Lucas Digne,FA Cup,False,2.0,0.0,0.0,1.0,0.0,102.0,True,France,Left-Back,Aston Villa
126664,Lucas Digne,EFL Cup,False,0.0,0.0,0.0,0.0,0.0,0.0,True,France,Left-Back,Aston Villa
126664,Lucas Digne,TOTAL,True,44.0,0.0,7.0,6.0,0.0,2771.0,True,France,Left-Back,Aston Villa
126665,Idrissa Gueye,Premier League,False,25.0,2.0,3.0,1.0,0.0,2102.0,True,Senegal,Defensive Midfield,Everton FC
126665,Idrissa Gueye,FA Cup,False,0.0,0.0,0.0,0.0,0.0,0.0,True,Senegal,Defensive Midfield,Everton FC
126665,Idrissa Gueye,EFL Cup,False,0.0,0.0,0.0,0.0,0.0,0.0,True,Senegal,Defensive Midfield,Everton FC
126665,Idrissa Gueye,TOTAL,True,25.0,2.0,3.0,1.0,0.0,2102.0,True,Senegal,Defensive Midfield,Everton FC
127048,Cédric Bakambu,LaLiga,False,18.0,3.0,1.0,1.0,0.0,562.0,True,Democratic Republic of the Congo,Centre-Forward,Real Betis Balompié
127048,Cédric Bakambu,Europa League,False,6.0,1.0,2.0,3.0,0.0,420.0,True,Democratic Republic of the Congo,Centre-Forward,Real Betis Balompié
127048,Cédric Bakambu,Copa del Rey,False,3.0,0.0,0.0,0.0,0.0,193.0,True,Democratic Republic of the Congo,Centre-Forward,Real Betis Balompié
127048,Cédric Bakambu,TOTAL,True,27.0,4.0,3.0,4.0,0.0,1175.0,True,Democratic Republic of the Congo,Centre-Forward,Real Betis Balompié
127573,Phillipp Mwene,Bundesliga,False,29.0,1.0,5.0,4.0,0.0,2073.0,True,Austria,Left-Back,1.FSV Mainz 05
127573,Phillipp Mwene,Conference League,False,7.0,0.0,0.0,0.0,0.0,478.0,True,Austria,Left-Back,1.FSV Mainz 05
127573,Phillipp Mwene,UECL Qualifying,False,2.0,0.0,0.0,0.0,0.0,161.0,True,Austria,Left-Back,1.FSV Mainz 05
127573,Phillipp Mwene,DFB-Pokal,False,1.0,0.0,0.0,0.0,0.0,69.0,True,Austria,Left-Back,1.FSV Mainz 05
127573,Phillipp Mwene,TOTAL,True,39.0,1.0,5.0,4.0,0.0,2781.0,True,Austria,Left-Back,1.FSV Mainz 05
1279526,Christ Inao Oulaï,Süper Lig,False,25.0,2.0,4.0,9.0,0.0,2078.0,True,Ivory Coast,Central Midfield,Trabzonspor
1279526,Christ Inao Oulaï,Türkiye Kupasi,False,6.0,0.0,0.0,2.0,0.0,323.0,True,Ivory Coast,Central Midfield,Trabzonspor
1279526,Christ Inao Oulaï,TFF Süper Kupa,False,0.0,0.0,0.0,0.0,0.0,0.0,True,Ivory Coast,Central Midfield,Trabzonspor
1279526,Christ Inao Oulaï,Ligue 2,False,0.0,0.0,0.0,0.0,0.0,0.0,True,Ivory Coast,Central Midfield,Trabzonspor
1279526,Christ Inao Oulaï,TOTAL,True,31.0,2.0,4.0,11.0,0.0,2401.0,True,Ivory Coast,Central Midfield,Trabzonspor
1279984,Lucas Herrington,MLS,False,15.0,1.0,1.0,4.0,0.0,1350.0,True,Australia,Centre-Back,Colorado Rapids
1279984,Lucas Herrington,A-League Men,False,11.0,1.0,0.0,2.0,0.0,930.0,True,Australia,Centre-Back,Colorado Rapids
1279984,Lucas Herrington,US Open Cup,False,2.0,0.0,0.0,0.0,0.0,210.0,True,Australia,Centre-Back,Colorado Rapids
1279984,Lucas Herrington,TOTAL,True,28.0,2.0,1.0,6.0,0.0,2490.0,True,Australia,Centre-Back,Colorado Rapids
1283140,Khulumani Ndamane,Betway Premiership,False,26.0,0.0,1.0,9.0,0.0,2270.0,True,South Africa,Centre-Back,Mamelodi Sundowns FC
1283140,Khulumani Ndamane,CAF-Champions League,False,9.0,0.0,0.0,1.0,0.0,677.0,True,South Africa,Centre-Back,Mamelodi Sundowns FC
1283140,Khulumani Ndamane,MTN8,False,1.0,0.0,1.0,0.0,0.0,65.0,True,South Africa,Centre-Back,Mamelodi Sundowns FC
1283140,Khulumani Ndamane,Carling Knockout,False,1.0,0.0,0.0,0.0,0.0,120.0,True,South Africa,Centre-Back,Mamelodi Sundowns FC
1283140,Khulumani Ndamane,Nedbank Cup,False,0.0,0.0,0.0,0.0,0.0,0.0,True,South Africa,Centre-Back,Mamelodi Sundowns FC
1283140,Khulumani Ndamane,TOTAL,True,37.0,0.0,2.0,10.0,0.0,3132.0,True,South Africa,Centre-Back,Mamelodi Sundowns FC
128969,Mathew Ryan,LaLiga,False,36.0,56.0,9.0,4.0,0.0,3240.0,True,Australia,Goalkeeper,Levante UD
128969,Mathew Ryan,Copa del Rey,False,0.0,0.0,0.0,0.0,0.0,0.0,True,Australia,Goalkeeper,Levante UD
128969,Mathew Ryan,TOTAL,True,36.0,56.0,9.0,4.0,0.0,3240.0,True,Australia,Goalkeeper,Levante UD
129586,Joris Kayembe,Jupiler Pro League,False,20.0,0.0,1.0,4.0,0.0,1654.0,True,Democratic Republic of the Congo,Left-Back,KRC Genk
129586,Joris Kayembe,Europa League,False,9.0,0.0,0.0,1.0,0.0,681.0,True,Democratic Republic of the Congo,Left-Back,KRC Genk
129586,Joris Kayembe,JPL Europe Play-Offs,False,8.0,0.0,0.0,1.0,0.0,453.0,True,Democratic Republic of the Congo,Left-Back,KRC Genk
129586,Joris Kayembe,Europa League Qualifying,False,2.0,0.0,0.0,0.0,0.0,102.0,True,Democratic Republic of the Congo,Left-Back,KRC Genk
129586,Joris Kayembe,Jupiler Pro League playoff Europa League,False,0.0,0.0,0.0,0.0,0.0,0.0,True,Democratic Republic of the Congo,Left-Back,KRC Genk
129586,Joris Kayembe,Croky Cup,False,0.0,0.0,0.0,0.0,0.0,0.0,True,Democratic Republic of the Congo,Left-Back,KRC Genk
129586,Joris Kayembe,TOTAL,True,39.0,0.0,1.0,6.0,0.0,2890.0,True,Democratic Republic of the Congo,Left-Back,KRC Genk
130164,Jordan Pickford,Premier League,False,38.0,50.0,11.0,4.0,0.0,3420.0,True,England,Goalkeeper,Everton FC
130164,Jordan Pickford,FA Cup,False,1.0,1.0,0.0,0.0,0.0,120.0,True,England,Goalkeeper,Everton FC
130164,Jordan Pickford,EFL Cup,False,0.0,0.0,0.0,0.0,0.0,0.0,True,England,Goalkeeper,Everton FC
130164,Jordan Pickford,TOTAL,True,39.0,51.0,11.0,4.0,0.0,3540.0,True,England,Goalkeeper,Everton FC
1307898,Mohamed Alaa,Premier League,False,19.0,15.0,7.0,1.0,0.0,1710.0,True,Egypt,Goalkeeper,El Gouna FC
1307898,Mohamed Alaa,Relegation Playoff,False,10.0,6.0,5.0,2.0,0.0,900.0,True,Egypt,Goalkeeper,El Gouna FC
1307898,Mohamed Alaa,Egyptian League Cup,False,2.0,0.0,2.0,0.0,0.0,139.0,True,Egypt,Goalkeeper,El Gouna FC
1307898,Mohamed Alaa,Egypt Cup,False,1.0,3.0,0.0,0.0,0.0,90.0,True,Egypt,Goalkeeper,El Gouna FC
1307898,Mohamed Alaa,TOTAL,True,32.0,24.0,14.0,3.0,0.0,2839.0,True,Egypt,Goalkeeper,El Gouna FC
131225,Nicolás Tagliafico,Ligue 1,False,20.0,0.0,3.0,4.0,1.0,1310.0,True,Argentina,Left-Back,Olympique Lyon
131225,Nicolás Tagliafico,Europa League,False,8.0,0.0,0.0,2.0,1.0,560.0,True,Argentina,Left-Back,Olympique Lyon
131225,Nicolás Tagliafico,Coupe de France,False,2.0,0.0,0.0,1.0,0.0,149.0,True,Argentina,Left-Back,Olympique Lyon
131225,Nicolás Tagliafico,TOTAL,True,30.0,0.0,3.0,7.0,2.0,2019.0,True,Argentina,Left-Back,Olympique Lyon
132098,Harry Kane,Bundesliga,False,31.0,36.0,5.0,1.0,0.0,2382.0,True,England,Centre-Forward,Bayern Munich
132098,Harry Kane,UEFA Champions League,False,13.0,14.0,2.0,0.0,0.0,1041.0,True,England,Centre-Forward,Bayern Munich
132098,Harry Kane,DFB-Pokal,False,6.0,10.0,0.0,1.0,0.0,537.0,True,England,Centre-Forward,Bayern Munich
132098,Harry Kane,DFL-Supercup,False,1.0,1.0,0.0,1.0,0.0,90.0,True,England,Centre-Forward,Bayern Munich
132098,Harry Kane,TOTAL,True,51.0,61.0,7.0,3.0,0.0,4050.0,True,England,Centre-Forward,Bayern Munich
132561,Seyed Hossein Hosseini,Persian Gulf League,False,15.0,9.0,8.0,0.0,0.0,1350.0,True,Iran,Goalkeeper,Sepahan FC
132561,Seyed Hossein Hosseini,AFC Champions League Two,False,5.0,5.0,2.0,0.0,0.0,480.0,True,Iran,Goalkeeper,Sepahan FC
132561,Seyed Hossein Hosseini,Hazfi Cup,False,2.0,3.0,1.0,0.0,0.0,180.0,True,Iran,Goalkeeper,Sepahan FC
132561,Seyed Hossein Hosseini,AFC CL Elite Qualif.,False,1.0,3.0,0.0,0.0,0.0,90.0,True,Iran,Goalkeeper,Sepahan FC
132561,Seyed Hossein Hosseini,TOTAL,True,23.0,20.0,11.0,0.0,0.0,2100.0,True,Iran,Goalkeeper,Sepahan FC
133179,Marten de Roon,Serie A,False,34.0,1.0,2.0,6.0,1.0,2704.0,True,Netherlands,Defensive Midfield,Atalanta BC
133179,Marten de Roon,UEFA Champions League,False,12.0,0.0,2.0,2.0,0.0,899.0,True,Netherlands,Defensive Midfield,Atalanta BC
133179,Marten de Roon,Italy Cup,False,4.0,1.0,0.0,1.0,0.0,315.0,True,Netherlands,Defensive Midfield,Atalanta BC
133179,Marten de Roon,TOTAL,True,50.0,2.0,4.0,9.0,1.0,3918.0,True,Netherlands,Defensive Midfield,Atalanta BC
134270,Dan Burn,Premier League,False,29.0,1.0,3.0,9.0,1.0,2199.0,True,England,Centre-Back,Newcastle United
134270,Dan Burn,UEFA Champions League,False,11.0,1.0,2.0,2.0,0.0,965.0,True,England,Centre-Back,Newcastle United
134270,Dan Burn,FA Cup,False,2.0,0.0,1.0,0.0,0.0,117.0,True,England,Centre-Back,Newcastle United
134270,Dan Burn,EFL Cup,False,2.0,0.0,0.0,0.0,0.0,180.0,True,England,Centre-Back,Newcastle United
134270,Dan Burn,TOTAL,True,44.0,2.0,6.0,11.0,1.0,3461.0,True,England,Centre-Back,Newcastle United
134573,Mohamed El Shenawy,Premier League,False,15.0,13.0,5.0,2.0,0.0,1350.0,True,Egypt,Goalkeeper,Al Ahly FC
134573,Mohamed El Shenawy,CAF-Champions League,False,2.0,1.0,1.0,0.0,0.0,169.0,True,Egypt,Goalkeeper,Al Ahly FC
134573,Mohamed El Shenawy,Egyptian Super Cup,False,2.0,1.0,1.0,0.0,0.0,180.0,True,Egypt,Goalkeeper,Al Ahly FC
134573,Mohamed El Shenawy,Championship Playoff,False,0.0,0.0,0.0,0.0,1.0,0.0,True,Egypt,Goalkeeper,Al Ahly FC
134573,Mohamed El Shenawy,Egyptian League Cup,False,0.0,0.0,0.0,0.0,0.0,0.0,True,Egypt,Goalkeeper,Al Ahly FC
134573,Mohamed El Shenawy,Egypt Cup,False,0.0,0.0,0.0,0.0,0.0,0.0,True,Egypt,Goalkeeper,Al Ahly FC
134573,Mohamed El Shenawy,TOTAL,True,19.0,15.0,7.0,2.0,1.0,1699.0,True,Egypt,Goalkeeper,Al Ahly FC
136834,Aziz Behich,A-League Men,False,24.0,3.0,1.0,5.0,0.0,2160.0,True,Australia,Left-Back,Melbourne City FC
136834,Aziz Behich,AFC Champions League,False,9.0,0.0,1.0,2.0,0.0,831.0,True,Australia,Left-Back,Melbourne City FC
136834,Aziz Behich,A-League Fin.,False,1.0,0.0,1.0,0.0,0.0,120.0,True,Australia,Left-Back,Melbourne City FC
136834,Aziz Behich,TOTAL,True,34.0,3.0,3.0,7.0,0.0,3111.0,True,Australia,Left-Back,Melbourne City FC
1371519,Alexandro Maidana,Torneo Apertura,False,8.0,2.0,0.0,2.0,0.0,645.0,True,Paraguay,Left-Back,CA Talleres
1371519,Alexandro Maidana,Primera División Apertura,False,6.0,0.0,0.0,0.0,0.0,467.0,True,Paraguay,Left-Back,CA Talleres
1371519,Alexandro Maidana,Libertadores,False,2.0,0.0,0.0,0.0,0.0,180.0,True,Paraguay,Left-Back,CA Talleres
1371519,Alexandro Maidana,Copa Argentina,False,1.0,0.0,0.0,0.0,0.0,90.0,True,Paraguay,Left-Back,CA Talleres
1371519,Alexandro Maidana,Playoff Torneo Apertura,False,1.0,0.0,0.0,0.0,0.0,78.0,True,Paraguay,Left-Back,CA Talleres
1371519,Alexandro Maidana,TOTAL,True,18.0,2.0,0.0,2.0,0.0,1460.0,True,Paraguay,Left-Back,CA Talleres
137576,Hans Vanaken,Jupiler Pro League,False,29.0,4.0,1.0,2.0,0.0,2565.0,True,Belgium,Attacking Midfield,Club Brugge KV
137576,Hans Vanaken,Jupiler Pro League Champions' Play-Offs,False,10.0,3.0,2.0,0.0,0.0,801.0,True,Belgium,Attacking Midfield,Club Brugge KV
137576,Hans Vanaken,UEFA Champions League,False,10.0,2.0,3.0,2.0,0.0,900.0,True,Belgium,Attacking Midfield,Club Brugge KV
137576,Hans Vanaken,Champions League Qu.,False,4.0,2.0,1.0,0.0,0.0,360.0,True,Belgium,Attacking Midfield,Club Brugge KV
137576,Hans Vanaken,Croky Cup,False,3.0,0.0,0.0,0.0,0.0,225.0,True,Belgium,Attacking Midfield,Club Brugge KV
137576,Hans Vanaken,Volkswagen Supercup,False,1.0,1.0,0.0,0.0,0.0,90.0,True,Belgium,Attacking Midfield,Club Brugge KV
137576,Hans Vanaken,TOTAL,True,57.0,12.0,7.0,4.0,0.0,4941.0,True,Belgium,Attacking Midfield,Club Brugge KV
1378320,Mbekezeli Mbokazi,MLS,False,12.0,0.0,0.0,2.0,0.0,1050.0,True,South Africa,Centre-Back,Chicago Fire FC
1378320,Mbekezeli Mbokazi,Betway Premiership,False,11.0,0.0,0.0,1.0,0.0,909.0,True,South Africa,Centre-Back,Chicago Fire FC
1378320,Mbekezeli Mbokazi,Carling Knockout,False,4.0,1.0,0.0,1.0,0.0,390.0,True,South Africa,Centre-Back,Chicago Fire FC
1378320,Mbekezeli Mbokazi,MTN8,False,4.0,0.0,1.0,0.0,0.0,390.0,True,South Africa,Centre-Back,Chicago Fire FC
1378320,Mbekezeli Mbokazi,US Open Cup,False,2.0,0.0,0.0,0.0,0.0,130.0,True,South Africa,Centre-Back,Chicago Fire FC
1378320,Mbekezeli Mbokazi,CAF-Champions League,False,2.0,0.0,0.0,0.0,0.0,180.0,True,South Africa,Centre-Back,Chicago Fire FC
1378320,Mbekezeli Mbokazi,TOTAL,True,35.0,1.0,1.0,4.0,0.0,3049.0,True,South Africa,Centre-Back,Chicago Fire FC
1378902,Anas Badawi,Jordanian Pro League,False,16.0,0.0,1.0,2.0,1.0,1079.0,True,Jordan,Right-Back,Al-Faisaly SC
1378902,Anas Badawi,TOTAL,True,16.0,0.0,1.0,2.0,1.0,1079.0,True,Jordan,Right-Back,Al-Faisaly SC
1390649,Yan Diomande,Bundesliga,False,33.0,12.0,9.0,2.0,0.0,2483.0,True,Ivory Coast,Left Winger,RB Leipzig
1390649,Yan Diomande,DFB-Pokal,False,3.0,1.0,1.0,0.0,0.0,241.0,True,Ivory Coast,Left Winger,RB Leipzig
1390649,Yan Diomande,TOTAL,True,36.0,13.0,10.0,2.0,0.0,2724.0,True,Ivory Coast,Left Winger,RB Leipzig
139208,Virgil van Dijk,Premier League,False,38.0,6.0,0.0,4.0,0.0,3420.0,True,Netherlands,Centre-Back,Liverpool FC
139208,Virgil van Dijk,UEFA Champions League,False,12.0,2.0,3.0,2.0,0.0,1080.0,True,Netherlands,Centre-Back,Liverpool FC
139208,Virgil van Dijk,FA Cup,False,4.0,0.0,0.0,0.0,0.0,351.0,True,Netherlands,Centre-Back,Liverpool FC
139208,Virgil van Dijk,Community Shield,False,1.0,0.0,0.0,0.0,0.0,90.0,True,Netherlands,Centre-Back,Liverpool FC
139208,Virgil van Dijk,EFL Cup,False,0.0,0.0,0.0,0.0,0.0,0.0,True,Netherlands,Centre-Back,Liverpool FC
139208,Virgil van Dijk,TOTAL,True,55.0,8.0,3.0,6.0,0.0,4941.0,True,Netherlands,Centre-Back,Liverpool FC
139503,Enner Valencia,Liga MX Apertura,False,9.0,3.0,0.0,0.0,0.0,692.0,True,Ecuador,Centre-Forward,CF Pachuca
139503,Enner Valencia,Liga MX Clausura,False,8.0,2.0,0.0,1.0,1.0,298.0,True,Ecuador,Centre-Forward,CF Pachuca
139503,Enner Valencia,Liguilla Clausura,False,4.0,2.0,0.0,0.0,0.0,319.0,True,Ecuador,Centre-Forward,CF Pachuca
139503,Enner Valencia,Liguilla Apertura,False,1.0,1.0,1.0,0.0,0.0,56.0,True,Ecuador,Centre-Forward,CF Pachuca
139503,Enner Valencia,TOTAL,True,22.0,8.0,1.0,1.0,1.0,1365.0,True,Ecuador,Centre-Forward,CF Pachuca
142219,Jaroslav Zelený,Chance Liga,False,21.0,1.0,1.0,2.0,0.0,1446.0,True,Czech Republic,Centre-Back,AC Sparta Prague
142219,Jaroslav Zelený,Conference League,False,7.0,0.0,0.0,1.0,0.0,611.0,True,Czech Republic,Centre-Back,AC Sparta Prague
142219,Jaroslav Zelený,Chance Liga Champion Gr.,False,4.0,0.0,2.0,0.0,0.0,315.0,True,Czech Republic,Centre-Back,AC Sparta Prague
142219,Jaroslav Zelený,UECL Qualifying,False,3.0,0.0,0.0,1.0,0.0,180.0,True,Czech Republic,Centre-Back,AC Sparta Prague
142219,Jaroslav Zelený,MOL Cup,False,1.0,0.0,0.0,0.0,0.0,45.0,True,Czech Republic,Centre-Back,AC Sparta Prague
142219,Jaroslav Zelený,TOTAL,True,36.0,1.0,3.0,4.0,0.0,2597.0,True,Czech Republic,Centre-Back,AC Sparta Prague
144028,Leandro Trossard,Premier League,False,31.0,6.0,6.0,2.0,0.0,2008.0,True,Belgium,Left Winger,Arsenal FC
144028,Leandro Trossard,UEFA Champions League,False,11.0,1.0,5.0,0.0,0.0,631.0,True,Belgium,Left Winger,Arsenal FC
144028,Leandro Trossard,EFL Cup,False,6.0,1.0,0.0,1.0,0.0,217.0,True,Belgium,Left Winger,Arsenal FC
144028,Leandro Trossard,FA Cup,False,2.0,0.0,0.0,0.0,0.0,66.0,True,Belgium,Left Winger,Arsenal FC
144028,Leandro Trossard,TOTAL,True,50.0,8.0,11.0,3.0,0.0,2922.0,True,Belgium,Left Winger,Arsenal FC
145707,Danilo,Série A,False,4.0,0.0,0.0,0.0,1.0,204.0,True,Brazil,Centre-Back,CR Flamengo
145707,Danilo,Libertadores,False,4.0,0.0,0.0,0.0,0.0,360.0,True,Brazil,Centre-Back,CR Flamengo
145707,Danilo,Campeonato Carioca,False,3.0,0.0,0.0,0.0,0.0,270.0,True,Brazil,Centre-Back,CR Flamengo
145707,Danilo,Copa do Brasil,False,2.0,0.0,0.0,1.0,0.0,180.0,True,Brazil,Centre-Back,CR Flamengo
145707,Danilo,FIFA Intercontinental Cup,False,1.0,1.0,0.0,0.0,0.0,90.0,True,Brazil,Centre-Back,CR Flamengo
145707,Danilo,Recopa Sudamericana,False,1.0,0.0,0.0,0.0,0.0,92.0,True,Brazil,Centre-Back,CR Flamengo
145707,Danilo,Supercopa Rei,False,0.0,0.0,0.0,0.0,0.0,0.0,True,Brazil,Centre-Back,CR Flamengo
145707,Danilo,TOTAL,True,15.0,1.0,0.0,1.0,1.0,1196.0,True,Brazil,Centre-Back,CR Flamengo
148455,Mohamed Salah,Premier League,False,27.0,7.0,7.0,1.0,0.0,2150.0,True,Egypt,Right Winger,Liverpool FC
148455,Mohamed Salah,UEFA Champions League,False,10.0,3.0,2.0,0.0,0.0,687.0,True,Egypt,Right Winger,Liverpool FC
148455,Mohamed Salah,FA Cup,False,3.0,2.0,1.0,0.0,0.0,223.0,True,Egypt,Right Winger,Liverpool FC
148455,Mohamed Salah,Community Shield,False,1.0,0.0,0.0,1.0,0.0,90.0,True,Egypt,Right Winger,Liverpool FC
148455,Mohamed Salah,EFL Cup,False,0.0,0.0,0.0,0.0,0.0,0.0,True,Egypt,Right Winger,Liverpool FC
148455,Mohamed Salah,TOTAL,True,41.0,12.0,10.0,2.0,0.0,3150.0,True,Egypt,Right Winger,Liverpool FC
1497653,Bara Sapoko Ndiaye,Bundesliga,False,4.0,0.0,0.0,0.0,0.0,142.0,True,Senegal,Central Midfield,Bayern Munich
1497653,Bara Sapoko Ndiaye,DFB-Pokal,False,0.0,0.0,0.0,0.0,0.0,0.0,True,Senegal,Central Midfield,Bayern Munich
1497653,Bara Sapoko Ndiaye,UEFA Champions League,False,0.0,0.0,0.0,0.0,0.0,0.0,True,Senegal,Central Midfield,Bayern Munich
1497653,Bara Sapoko Ndiaye,TOTAL,True,4.0,0.0,0.0,0.0,0.0,142.0,True,Senegal,Central Midfield,Bayern Munich
149901,Tim Payne,A-League Men,False,14.0,0.0,5.0,0.0,0.0,868.0,True,New Zealand,Right-Back,Wellington Phoenix
149901,Tim Payne,TOTAL,True,14.0,0.0,5.0,0.0,0.0,868.0,True,New Zealand,Right-Back,Wellington Phoenix
153084,Leon Goretzka,Bundesliga,False,31.0,5.0,4.0,4.0,0.0,1954.0,True,Germany,Central Midfield,Bayern Munich
153084,Leon Goretzka,UEFA Champions League,False,10.0,0.0,0.0,0.0,0.0,185.0,True,Germany,Central Midfield,Bayern Munich
153084,Leon Goretzka,DFB-Pokal,False,6.0,0.0,1.0,0.0,0.0,120.0,True,Germany,Central Midfield,Bayern Munich
153084,Leon Goretzka,DFL-Supercup,False,1.0,0.0,0.0,0.0,0.0,90.0,True,Germany,Central Midfield,Bayern Munich
153084,Leon Goretzka,TOTAL,True,48.0,5.0,5.0,4.0,0.0,2349.0,True,Germany,Central Midfield,Bayern Munich
156990,Marco Friedl,Bundesliga,False,30.0,1.0,0.0,9.0,0.0,2549.0,True,Austria,Centre-Back,SV Werder Bremen
156990,Marco Friedl,DFB-Pokal,False,1.0,0.0,0.0,1.0,0.0,90.0,True,Austria,Centre-Back,SV Werder Bremen
156990,Marco Friedl,TOTAL,True,31.0,1.0,0.0,10.0,0.0,2639.0,True,Austria,Centre-Back,SV Werder Bremen
157154,Roderick Miller,Premyer Liqa,False,24.0,0.0,2.0,8.0,0.0,2020.0,True,Panama,Centre-Back,Turan-Tovuz IK
157154,Roderick Miller,Azerbaycan Kuboku,False,4.0,0.0,0.0,0.0,0.0,279.0,True,Panama,Centre-Back,Turan-Tovuz IK
157154,Roderick Miller,TOTAL,True,28.0,0.0,2.0,8.0,0.0,2299.0,True,Panama,Centre-Back,Turan-Tovuz IK
157672,Vladimír Coufal,Bundesliga,False,34.0,1.0,9.0,4.0,0.0,3018.0,True,Czech Republic,Right-Back,TSG 1899 Hoffenheim
157672,Vladimír Coufal,DFB-Pokal,False,1.0,0.0,0.0,0.0,0.0,90.0,True,Czech Republic,Right-Back,TSG 1899 Hoffenheim
157672,Vladimír Coufal,TOTAL,True,35.0,1.0,9.0,4.0,0.0,3108.0,True,Czech Republic,Right-Back,TSG 1899 Hoffenheim
161056,Joshua Kimmich,Bundesliga,False,29.0,2.0,8.0,4.0,0.0,2282.0,True,Germany,Defensive Midfield,Bayern Munich
161056,Joshua Kimmich,UEFA Champions League,False,13.0,0.0,2.0,4.0,0.0,1161.0,True,Germany,Defensive Midfield,Bayern Munich
161056,Joshua Kimmich,DFB-Pokal,False,6.0,0.0,3.0,0.0,0.0,540.0,True,Germany,Defensive Midfield,Bayern Munich
161056,Joshua Kimmich,DFL-Supercup,False,1.0,0.0,0.0,0.0,0.0,90.0,True,Germany,Defensive Midfield,Bayern Munich
161056,Joshua Kimmich,TOTAL,True,49.0,2.0,13.0,8.0,0.0,4073.0,True,Germany,Defensive Midfield,Bayern Munich
161671,Aníbal Godoy,MLS,False,14.0,0.0,1.0,3.0,0.0,797.0,True,Panama,Defensive Midfield,San Diego FC
161671,Aníbal Godoy,CONCACAF Champions Cup,False,3.0,0.0,0.0,2.0,0.0,239.0,True,Panama,Defensive Midfield,San Diego FC
161671,Aníbal Godoy,TOTAL,True,17.0,0.0,1.0,5.0,0.0,1036.0,True,Panama,Defensive Midfield,San Diego FC
16306,Casemiro,Premier League,False,34.0,9.0,2.0,9.0,1.0,2589.0,True,Brazil,Defensive Midfield,Manchester United
16306,Casemiro,FA Cup,False,1.0,0.0,0.0,0.0,0.0,11.0,True,Brazil,Defensive Midfield,Manchester United
16306,Casemiro,EFL Cup,False,0.0,0.0,0.0,0.0,0.0,0.0,True,Brazil,Defensive Midfield,Manchester United
16306,Casemiro,TOTAL,True,35.0,9.0,2.0,9.0,1.0,2600.0,True,Brazil,Defensive Midfield,Manchester United
164904,Mory Diaw,Ligue 1,False,30.0,41.0,7.0,1.0,0.0,2655.0,True,Senegal,Goalkeeper,Le Havre AC
164904,Mory Diaw,Coupe de France,False,0.0,0.0,0.0,0.0,0.0,0.0,True,Senegal,Goalkeeper,Le Havre AC
164904,Mory Diaw,TOTAL,True,30.0,41.0,7.0,1.0,0.0,2655.0,True,Senegal,Goalkeeper,Le Havre AC
164915,Lionel Mpasi-Nzau,Ligue 1,False,4.0,2.0,1.0,1.0,0.0,315.0,True,Democratic Republic of the Congo,Goalkeeper,Le Havre AC
164915,Lionel Mpasi-Nzau,Coupe de France,False,0.0,0.0,0.0,0.0,0.0,0.0,True,Democratic Republic of the Congo,Goalkeeper,Le Havre AC
164915,Lionel Mpasi-Nzau,TOTAL,True,4.0,2.0,1.0,1.0,0.0,315.0,True,Democratic Republic of the Congo,Goalkeeper,Le Havre AC
166158,Roberto Lopes,Premier Division,False,13.0,3.0,0.0,2.0,1.0,1124.0,True,Cape Verde,Centre-Back,Shamrock Rovers
166158,Roberto Lopes,Conference League,False,6.0,0.0,0.0,2.0,0.0,540.0,True,Cape Verde,Centre-Back,Shamrock Rovers
166158,Roberto Lopes,UECL Qualifying,False,6.0,0.0,0.0,0.0,0.0,495.0,True,Cape Verde,Centre-Back,Shamrock Rovers
166158,Roberto Lopes,President's Cup,False,1.0,0.0,0.0,0.0,0.0,90.0,True,Cape Verde,Centre-Back,Shamrock Rovers
166158,Roberto Lopes,Leinster Senior Cup,False,0.0,0.0,0.0,0.0,0.0,0.0,True,Cape Verde,Centre-Back,Shamrock Rovers
166158,Roberto Lopes,TOTAL,True,26.0,3.0,0.0,4.0,1.0,2249.0,True,Cape Verde,Centre-Back,Shamrock Rovers
166237,Leandro Paredes,Torneo Apertura,False,14.0,2.0,3.0,6.0,0.0,978.0,True,Argentina,Defensive Midfield,CA Boca Juniors
166237,Leandro Paredes,Libertadores,False,6.0,1.0,1.0,2.0,0.0,536.0,True,Argentina,Defensive Midfield,CA Boca Juniors
166237,Leandro Paredes,Playoff Torneo Apertura,False,1.0,0.0,0.0,1.0,0.0,120.0,True,Argentina,Defensive Midfield,CA Boca Juniors
166237,Leandro Paredes,Copa Argentina,False,0.0,0.0,0.0,0.0,0.0,0.0,True,Argentina,Defensive Midfield,CA Boca Juniors
166237,Leandro Paredes,TOTAL,True,21.0,3.0,4.0,9.0,0.0,1634.0,True,Argentina,Defensive Midfield,CA Boca Juniors
166240,Jürgen Locadia,USLC,False,10.0,4.0,0.0,1.0,0.0,753.0,True,Curaçao,Centre-Forward,Miami FC
166240,Jürgen Locadia,USL Cup,False,2.0,1.0,2.0,0.0,0.0,141.0,True,Curaçao,Centre-Forward,Miami FC
166240,Jürgen Locadia,TOTAL,True,12.0,5.0,2.0,1.0,0.0,894.0,True,Curaçao,Centre-Forward,Miami FC
166460,Frans Putros,Super League,False,28.0,1.0,2.0,7.0,0.0,2128.0,True,Iraq,Centre-Back,PERSIB Bandung
166460,Frans Putros,AFC Champions League Two,False,7.0,1.0,0.0,0.0,0.0,604.0,True,Iraq,Centre-Back,PERSIB Bandung
166460,Frans Putros,AFC CL Two Qualif.,False,1.0,0.0,0.0,0.0,0.0,90.0,True,Iraq,Centre-Back,PERSIB Bandung
166460,Frans Putros,TOTAL,True,36.0,2.0,2.0,7.0,0.0,2822.0,True,Iraq,Centre-Back,PERSIB Bandung
167850,Memphis Depay,Série A,False,8.0,1.0,0.0,0.0,0.0,465.0,True,Netherlands,Centre-Forward,Sport Club Corinthians Paulista
167850,Memphis Depay,Campeonato Paulista,False,4.0,0.0,1.0,0.0,0.0,263.0,True,Netherlands,Centre-Forward,Sport Club Corinthians Paulista
167850,Memphis Depay,Libertadores,False,1.0,0.0,0.0,0.0,0.0,45.0,True,Netherlands,Centre-Forward,Sport Club Corinthians Paulista
167850,Memphis Depay,Supercopa Rei,False,1.0,0.0,0.0,1.0,0.0,77.0,True,Netherlands,Centre-Forward,Sport Club Corinthians Paulista
167850,Memphis Depay,Copa do Brasil,False,0.0,0.0,0.0,0.0,0.0,0.0,True,Netherlands,Centre-Forward,Sport Club Corinthians Paulista
167850,Memphis Depay,TOTAL,True,14.0,1.0,1.0,1.0,0.0,850.0,True,Netherlands,Centre-Forward,Sport Club Corinthians Paulista
170895,Garry Rodrigues,Cyprus League,False,31.0,6.0,5.0,5.0,0.0,1907.0,True,Cape Verde,Right Winger,Apollon Limassol
170895,Garry Rodrigues,Kypello Kyprou,False,5.0,0.0,3.0,0.0,0.0,385.0,True,Cape Verde,Right Winger,Apollon Limassol
170895,Garry Rodrigues,TOTAL,True,36.0,6.0,8.0,5.0,0.0,2292.0,True,Cape Verde,Right Winger,Apollon Limassol
171424,Riyad Mahrez,Saudi Pro League,False,27.0,4.0,9.0,2.0,0.0,2315.0,True,Algeria,Right Winger,Al-Ahli SFC
171424,Riyad Mahrez,AFC Champions League,False,11.0,4.0,2.0,0.0,0.0,920.0,True,Algeria,Right Winger,Al-Ahli SFC
171424,Riyad Mahrez,King's Cup,False,3.0,0.0,1.0,0.0,0.0,318.0,True,Algeria,Right Winger,Al-Ahli SFC
171424,Riyad Mahrez,Saudi Super Cup,False,2.0,0.0,3.0,0.0,0.0,168.0,True,Algeria,Right Winger,Al-Ahli SFC
171424,Riyad Mahrez,FIFA Intercontinental Cup,False,1.0,0.0,0.0,0.0,0.0,90.0,True,Algeria,Right Winger,Al-Ahli SFC
171424,Riyad Mahrez,TOTAL,True,44.0,8.0,15.0,2.0,0.0,3811.0,True,Algeria,Right Winger,Al-Ahli SFC
17259,Manuel Neuer,Bundesliga,False,22.0,20.0,7.0,0.0,0.0,1860.0,True,Germany,Goalkeeper,Bayern Munich
17259,Manuel Neuer,UEFA Champions League,False,11.0,17.0,2.0,2.0,0.0,990.0,True,Germany,Goalkeeper,Bayern Munich
17259,Manuel Neuer,DFB-Pokal,False,3.0,2.0,2.0,1.0,0.0,270.0,True,Germany,Goalkeeper,Bayern Munich
17259,Manuel Neuer,DFL-Supercup,False,1.0,1.0,0.0,0.0,0.0,90.0,True,Germany,Goalkeeper,Bayern Munich
17259,Manuel Neuer,TOTAL,True,37.0,40.0,11.0,3.0,0.0,3210.0,True,Germany,Goalkeeper,Bayern Munich
172623,Ramy Rabia,UAE Pro League,False,18.0,2.0,1.0,1.0,0.0,1472.0,True,Egypt,Centre-Back,Al-Ain FC
172623,Ramy Rabia,UAE League Cup,False,5.0,0.0,0.0,1.0,0.0,434.0,True,Egypt,Centre-Back,Al-Ain FC
172623,Ramy Rabia,UAE President's Cup,False,2.0,0.0,0.0,0.0,0.0,210.0,True,Egypt,Centre-Back,Al-Ain FC
172623,Ramy Rabia,TOTAL,True,25.0,2.0,1.0,2.0,0.0,2116.0,True,Egypt,Centre-Back,Al-Ain FC
175577,Ronwen Williams,Betway Premiership,False,29.0,21.0,13.0,0.0,0.0,2610.0,True,South Africa,Goalkeeper,Mamelodi Sundowns FC
175577,Ronwen Williams,CAF-Champions League,False,12.0,8.0,6.0,2.0,0.0,1080.0,True,South Africa,Goalkeeper,Mamelodi Sundowns FC
175577,Ronwen Williams,MTN8,False,3.0,2.0,1.0,1.0,0.0,270.0,True,South Africa,Goalkeeper,Mamelodi Sundowns FC
175577,Ronwen Williams,Carling Knockout,False,1.0,0.0,0.0,0.0,0.0,120.0,True,South Africa,Goalkeeper,Mamelodi Sundowns FC
175577,Ronwen Williams,Nedbank Cup,False,0.0,0.0,0.0,0.0,0.0,0.0,True,South Africa,Goalkeeper,Mamelodi Sundowns FC
175577,Ronwen Williams,TOTAL,True,45.0,31.0,20.0,3.0,0.0,4080.0,True,South Africa,Goalkeeper,Mamelodi Sundowns FC
176578,Themba Zwane,Betway Premiership,False,15.0,0.0,1.0,0.0,0.0,533.0,True,South Africa,Attacking Midfield,Mamelodi Sundowns FC
176578,Themba Zwane,CAF-Champions League,False,4.0,0.0,0.0,0.0,0.0,33.0,True,South Africa,Attacking Midfield,Mamelodi Sundowns FC
176578,Themba Zwane,Nedbank Cup,False,2.0,0.0,0.0,0.0,0.0,100.0,True,South Africa,Attacking Midfield,Mamelodi Sundowns FC
176578,Themba Zwane,MTN8,False,2.0,0.0,0.0,0.0,0.0,88.0,True,South Africa,Attacking Midfield,Mamelodi Sundowns FC
176578,Themba Zwane,TOTAL,True,23.0,0.0,1.0,0.0,0.0,754.0,True,South Africa,Attacking Midfield,Mamelodi Sundowns FC
177064,Cecilio Waterman,Liga Primera,False,11.0,3.0,1.0,0.0,0.0,965.0,True,Panama,Centre-Forward,Universidad de Concepción
177064,Cecilio Waterman,Copa de la Liga,False,2.0,0.0,0.0,1.0,0.0,180.0,True,Panama,Centre-Forward,Universidad de Concepción
177064,Cecilio Waterman,Copa Chile,False,0.0,0.0,0.0,0.0,0.0,0.0,True,Panama,Centre-Forward,Universidad de Concepción
177064,Cecilio Waterman,TOTAL,True,13.0,3.0,1.0,1.0,0.0,1145.0,True,Panama,Centre-Forward,Universidad de Concepción
177476,Nathan Aké,Premier League,False,18.0,0.0,0.0,1.0,0.0,688.0,True,Netherlands,Centre-Back,Manchester City
177476,Nathan Aké,EFL Cup,False,6.0,0.0,0.0,0.0,0.0,493.0,True,Netherlands,Centre-Back,Manchester City
177476,Nathan Aké,UEFA Champions League,False,5.0,0.0,0.0,0.0,0.0,238.0,True,Netherlands,Centre-Back,Manchester City
177476,Nathan Aké,FA Cup,False,3.0,0.0,0.0,0.0,0.0,225.0,True,Netherlands,Centre-Back,Manchester City
177476,Nathan Aké,TOTAL,True,32.0,0.0,0.0,1.0,0.0,1644.0,True,Netherlands,Centre-Back,Manchester City
177956,Ahmed Al-Kassar,Saudi Pro League,False,3.0,2.0,1.0,0.0,0.0,205.0,True,Saudi Arabia,Goalkeeper,Al-Qadsiah FC
177956,Ahmed Al-Kassar,King's Cup,False,0.0,0.0,0.0,0.0,0.0,0.0,True,Saudi Arabia,Goalkeeper,Al-Qadsiah FC
177956,Ahmed Al-Kassar,Saudi Super Cup,False,0.0,0.0,0.0,0.0,0.0,0.0,True,Saudi Arabia,Goalkeeper,Al-Qadsiah FC
177956,Ahmed Al-Kassar,TOTAL,True,3.0,2.0,1.0,0.0,0.0,205.0,True,Saudi Arabia,Goalkeeper,Al-Qadsiah FC
178614,Jean Michaël Seri,Prva Liga,False,14.0,0.0,1.0,3.0,0.0,760.0,True,Ivory Coast,Defensive Midfield,NK Maribor
178614,Jean Michaël Seri,Pokal Slovenije,False,0.0,0.0,0.0,0.0,0.0,0.0,True,Ivory Coast,Defensive Midfield,NK Maribor
178614,Jean Michaël Seri,TOTAL,True,14.0,0.0,1.0,3.0,0.0,760.0,True,Ivory Coast,Defensive Midfield,NK Maribor
179643,Vladimír Darida,Chance Liga,False,29.0,10.0,6.0,2.0,0.0,2505.0,True,Czech Republic,Central Midfield,FC Hradec Kralove
179643,Vladimír Darida,Chance Liga Champion Gr.,False,3.0,1.0,0.0,0.0,0.0,270.0,True,Czech Republic,Central Midfield,FC Hradec Kralove
179643,Vladimír Darida,MOL Cup,False,3.0,1.0,0.0,2.0,0.0,184.0,True,Czech Republic,Central Midfield,FC Hradec Kralove
179643,Vladimír Darida,TOTAL,True,35.0,12.0,6.0,4.0,0.0,2959.0,True,Czech Republic,Central Midfield,FC Hradec Kralove
181380,Arthur Masuaku,Ligue 1,False,4.0,0.0,0.0,1.0,0.0,229.0,True,Democratic Republic of the Congo,Left-Back,RC Lens
181380,Arthur Masuaku,Premier League,False,3.0,0.0,0.0,1.0,0.0,127.0,True,Democratic Republic of the Congo,Left-Back,RC Lens
181380,Arthur Masuaku,Coupe de France,False,2.0,0.0,0.0,0.0,0.0,35.0,True,Democratic Republic of the Congo,Left-Back,RC Lens
181380,Arthur Masuaku,EFL Cup,False,1.0,0.0,0.0,1.0,0.0,90.0,True,Democratic Republic of the Congo,Left-Back,RC Lens
181380,Arthur Masuaku,FA Cup,False,0.0,0.0,0.0,0.0,0.0,0.0,True,Democratic Republic of the Congo,Left-Back,RC Lens
181380,Arthur Masuaku,TOTAL,True,10.0,0.0,0.0,3.0,0.0,481.0,True,Democratic Republic of the Congo,Left-Back,RC Lens
181767,Marquinhos,UEFA Champions League,False,15.0,2.0,0.0,2.0,0.0,1320.0,True,Brazil,Centre-Back,Paris Saint-Germain
181767,Marquinhos,Ligue 1,False,14.0,0.0,0.0,0.0,0.0,1049.0,True,Brazil,Centre-Back,Paris Saint-Germain
181767,Marquinhos,Trophée des Champions,False,1.0,0.0,0.0,0.0,0.0,90.0,True,Brazil,Centre-Back,Paris Saint-Germain
181767,Marquinhos,FIFA Intercontinental Cup,False,1.0,0.0,0.0,0.0,0.0,120.0,True,Brazil,Centre-Back,Paris Saint-Germain
181767,Marquinhos,UEFA Super Cup,False,1.0,0.0,0.0,0.0,0.0,90.0,True,Brazil,Centre-Back,Paris Saint-Germain
181767,Marquinhos,Coupe de France,False,0.0,0.0,0.0,0.0,0.0,0.0,True,Brazil,Centre-Back,Paris Saint-Germain
181767,Marquinhos,TOTAL,True,32.0,2.0,0.0,2.0,0.0,2669.0,True,Brazil,Centre-Back,Paris Saint-Germain
181921,Paul Izzo,Superliga,False,17.0,22.0,6.0,1.0,0.0,1530.0,True,Australia,Goalkeeper,Randers FC
181921,Paul Izzo,Superliga Relegation round,False,9.0,15.0,2.0,0.0,0.0,810.0,True,Australia,Goalkeeper,Randers FC
181921,Paul Izzo,Future Cup,False,1.0,5.0,0.0,0.0,0.0,90.0,True,Australia,Goalkeeper,Randers FC
181921,Paul Izzo,Oddset Pokalen,False,0.0,0.0,0.0,0.0,0.0,0.0,True,Australia,Goalkeeper,Randers FC
181921,Paul Izzo,TOTAL,True,27.0,42.0,8.0,1.0,0.0,2430.0,True,Australia,Goalkeeper,Randers FC
182712,João Cancelo,LaLiga,False,16.0,2.0,3.0,1.0,0.0,953.0,True,Portugal,Right-Back,FC Barcelona
182712,João Cancelo,AFC Champions League,False,4.0,1.0,2.0,1.0,0.0,294.0,True,Portugal,Right-Back,FC Barcelona
182712,João Cancelo,UEFA Champions League,False,4.0,0.0,0.0,1.0,0.0,331.0,True,Portugal,Right-Back,FC Barcelona
182712,João Cancelo,Copa del Rey,False,3.0,0.0,1.0,2.0,0.0,148.0,True,Portugal,Right-Back,FC Barcelona
182712,João Cancelo,Saudi Pro League,False,2.0,0.0,0.0,0.0,0.0,175.0,True,Portugal,Right-Back,FC Barcelona
182712,João Cancelo,King's Cup,False,0.0,0.0,0.0,0.0,0.0,0.0,True,Portugal,Right-Back,FC Barcelona
182712,João Cancelo,TOTAL,True,29.0,3.0,6.0,5.0,0.0,1901.0,True,Portugal,Right-Back,FC Barcelona
182893,Seko Fofana,Liga Portugal,False,12.0,3.0,1.0,1.0,0.0,276.0,True,Ivory Coast,Central Midfield,FC Porto
182893,Seko Fofana,Ligue 1,False,12.0,1.0,0.0,0.0,0.0,654.0,True,Ivory Coast,Central Midfield,FC Porto
182893,Seko Fofana,Europa League,False,4.0,0.0,0.0,0.0,0.0,317.0,True,Ivory Coast,Central Midfield,FC Porto
182893,Seko Fofana,Taça de Portugal,False,2.0,0.0,0.0,0.0,0.0,83.0,True,Ivory Coast,Central Midfield,FC Porto
182893,Seko Fofana,Coupe de France,False,0.0,0.0,0.0,0.0,0.0,0.0,True,Ivory Coast,Central Midfield,FC Porto
182893,Seko Fofana,TOTAL,True,30.0,4.0,1.0,1.0,0.0,1330.0,True,Ivory Coast,Central Midfield,FC Porto
182906,Mike Maignan,Serie A,False,37.0,35.0,14.0,4.0,0.0,3296.0,True,France,Goalkeeper,AC Milan
182906,Mike Maignan,Italy Cup,False,3.0,1.0,2.0,0.0,0.0,270.0,True,France,Goalkeeper,AC Milan
182906,Mike Maignan,Supercoppa Italiana,False,1.0,2.0,0.0,0.0,0.0,90.0,True,France,Goalkeeper,AC Milan
182906,Mike Maignan,TOTAL,True,41.0,38.0,16.0,4.0,0.0,3656.0,True,France,Goalkeeper,AC Milan
182913,Adrien Rabiot,Serie A,False,29.0,6.0,5.0,4.0,1.0,2550.0,True,France,Central Midfield,AC Milan
182913,Adrien Rabiot,Italy Cup,False,2.0,0.0,0.0,0.0,0.0,180.0,True,France,Central Midfield,AC Milan
182913,Adrien Rabiot,Supercoppa Italiana,False,1.0,0.0,0.0,1.0,0.0,90.0,True,France,Central Midfield,AC Milan
182913,Adrien Rabiot,Ligue 1,False,1.0,0.0,0.0,1.0,0.0,90.0,True,France,Central Midfield,AC Milan
182913,Adrien Rabiot,TOTAL,True,33.0,6.0,5.0,6.0,1.0,2910.0,True,France,Central Midfield,AC Milan
185175,Jason Geria,J2/J3 Special Season,False,11.0,1.0,1.0,3.0,0.0,985.0,True,Australia,Right-Back,Albirex Niigata
185175,Jason Geria,TOTAL,True,11.0,1.0,1.0,3.0,0.0,985.0,True,Australia,Right-Back,Albirex Niigata
185245,Jhon Córdoba,Premier Liga,False,28.0,17.0,6.0,4.0,1.0,2484.0,True,Colombia,Centre-Forward,FC Krasnodar
185245,Jhon Córdoba,Russian Cup,False,12.0,5.0,4.0,2.0,0.0,667.0,True,Colombia,Centre-Forward,FC Krasnodar
185245,Jhon Córdoba,Russian Super Cup,False,1.0,0.0,0.0,0.0,0.0,90.0,True,Colombia,Centre-Forward,FC Krasnodar
185245,Jhon Córdoba,TOTAL,True,41.0,22.0,10.0,6.0,1.0,3241.0,True,Colombia,Centre-Forward,FC Krasnodar
186374,Alexander Schlager,Bundesliga,False,31.0,40.0,5.0,4.0,0.0,2790.0,True,Austria,Goalkeeper,Red Bull Salzburg
186374,Alexander Schlager,Europa League,False,7.0,15.0,0.0,0.0,0.0,630.0,True,Austria,Goalkeeper,Red Bull Salzburg
186374,Alexander Schlager,ÖFB-Cup,False,5.0,3.0,2.0,1.0,0.0,480.0,True,Austria,Goalkeeper,Red Bull Salzburg
186374,Alexander Schlager,Champions League Qu.,False,4.0,6.0,0.0,0.0,0.0,360.0,True,Austria,Goalkeeper,Red Bull Salzburg
186374,Alexander Schlager,TOTAL,True,47.0,64.0,7.0,5.0,0.0,4260.0,True,Austria,Goalkeeper,Red Bull Salzburg
186590,John Stones,Premier League,False,9.0,0.0,0.0,0.0,0.0,439.0,True,England,Centre-Back,Manchester City
186590,John Stones,UEFA Champions League,False,4.0,0.0,0.0,0.0,0.0,343.0,True,England,Centre-Back,Manchester City
186590,John Stones,FA Cup,False,3.0,0.0,0.0,0.0,0.0,245.0,True,England,Centre-Back,Manchester City
186590,John Stones,EFL Cup,False,2.0,0.0,0.0,0.0,0.0,117.0,True,England,Centre-Back,Manchester City
186590,John Stones,TOTAL,True,18.0,0.0,0.0,0.0,0.0,1144.0,True,England,Centre-Back,Manchester City
187353,Milos Degenek,Super liga Srbije,False,13.0,1.0,0.0,2.0,0.0,1052.0,True,Australia,Centre-Back,APOEL Nicosia
187353,Milos Degenek,Cyprus League,False,10.0,1.0,0.0,2.0,0.0,720.0,True,Australia,Centre-Back,APOEL Nicosia
187353,Milos Degenek,Kypello Kyprou,False,1.0,0.0,0.0,1.0,0.0,90.0,True,Australia,Centre-Back,APOEL Nicosia
187353,Milos Degenek,Kup Srbije,False,1.0,0.0,0.0,0.0,0.0,90.0,True,Australia,Centre-Back,APOEL Nicosia
187353,Milos Degenek,TOTAL,True,25.0,2.0,0.0,5.0,0.0,1952.0,True,Australia,Centre-Back,APOEL Nicosia
187987,Ahmed Alaaeldin,Stars League,False,20.0,3.0,2.0,0.0,0.0,919.0,True,Qatar,Centre-Forward,Al-Rayyan SC
187987,Ahmed Alaaeldin,QSL Cup,False,4.0,2.0,0.0,0.0,0.0,287.0,True,Qatar,Centre-Forward,Al-Rayyan SC
187987,Ahmed Alaaeldin,Amir Cup,False,2.0,0.0,0.0,1.0,0.0,42.0,True,Qatar,Centre-Forward,Al-Rayyan SC
187987,Ahmed Alaaeldin,TOTAL,True,26.0,5.0,2.0,1.0,0.0,1248.0,True,Qatar,Centre-Forward,Al-Rayyan SC
188077,Ryan Christie,Premier League,False,26.0,2.0,0.0,3.0,0.0,986.0,True,Scotland,Central Midfield,AFC Bournemouth
188077,Ryan Christie,EFL Cup,False,1.0,0.0,0.0,0.0,0.0,74.0,True,Scotland,Central Midfield,AFC Bournemouth
188077,Ryan Christie,FA Cup,False,0.0,0.0,0.0,0.0,0.0,0.0,True,Scotland,Central Midfield,AFC Bournemouth
188077,Ryan Christie,TOTAL,True,27.0,2.0,0.0,3.0,0.0,1060.0,True,Scotland,Central Midfield,AFC Bournemouth
188312,Ramin Rezaeian,Persian Gulf League,False,13.0,2.0,5.0,2.0,0.0,939.0,True,Iran,Right-Back,Foolad FC
188312,Ramin Rezaeian,AFC Champions League Two,False,3.0,0.0,0.0,1.0,0.0,182.0,True,Iran,Right-Back,Foolad FC
188312,Ramin Rezaeian,Iran Super Cup,False,1.0,0.0,1.0,0.0,0.0,90.0,True,Iran,Right-Back,Foolad FC
188312,Ramin Rezaeian,Hazfi Cup,False,1.0,0.0,0.0,0.0,0.0,120.0,True,Iran,Right-Back,Foolad FC
188312,Ramin Rezaeian,TOTAL,True,18.0,2.0,6.0,3.0,0.0,1331.0,True,Iran,Right-Back,Foolad FC
189014,Maxime Crépeau,MLS,False,14.0,38.0,0.0,2.0,0.0,1186.0,True,Canada,Goalkeeper,Orlando City SC
189014,Maxime Crépeau,US Open Cup,False,0.0,0.0,0.0,0.0,0.0,0.0,True,Canada,Goalkeeper,Orlando City SC
189014,Maxime Crépeau,MLS Next Pro,False,0.0,0.0,0.0,0.0,0.0,0.0,True,Canada,Goalkeeper,Orlando City SC
189014,Maxime Crépeau,TOTAL,True,14.0,38.0,0.0,2.0,0.0,1186.0,True,Canada,Goalkeeper,Orlando City SC
191056,Brice Samba,Ligue 1,False,32.0,44.0,10.0,5.0,0.0,2880.0,True,France,Goalkeeper,Stade Rennais FC
191056,Brice Samba,Coupe de France,False,2.0,4.0,0.0,0.0,0.0,180.0,True,France,Goalkeeper,Stade Rennais FC
191056,Brice Samba,TOTAL,True,34.0,48.0,10.0,5.0,0.0,3060.0,True,France,Goalkeeper,Stade Rennais FC
192557,Jackson Irvine,Bundesliga,False,24.0,0.0,1.0,0.0,1.0,1625.0,True,Australia,Central Midfield,FC St. Pauli
192557,Jackson Irvine,DFB-Pokal,False,2.0,0.0,0.0,1.0,0.0,112.0,True,Australia,Central Midfield,FC St. Pauli
192557,Jackson Irvine,TOTAL,True,26.0,0.0,1.0,1.0,1.0,1737.0,True,Australia,Central Midfield,FC St. Pauli
192565,Leroy Sané,Süper Lig,False,28.0,7.0,5.0,0.0,0.0,2288.0,True,Germany,Right Winger,Galatasaray
192565,Leroy Sané,UEFA Champions League,False,10.0,0.0,2.0,0.0,0.0,723.0,True,Germany,Right Winger,Galatasaray
192565,Leroy Sané,Türkiye Kupasi,False,3.0,0.0,1.0,0.0,0.0,191.0,True,Germany,Right Winger,Galatasaray
192565,Leroy Sané,TFF Süper Kupa,False,2.0,0.0,1.0,1.0,0.0,169.0,True,Germany,Right Winger,Galatasaray
192565,Leroy Sané,TOTAL,True,43.0,7.0,9.0,1.0,0.0,3371.0,True,Germany,Right Winger,Galatasaray
193004,Waldemar Anton,Bundesliga,False,32.0,2.0,0.0,3.0,0.0,2880.0,True,Germany,Centre-Back,Borussia Dortmund
193004,Waldemar Anton,UEFA Champions League,False,9.0,1.0,0.0,2.0,0.0,747.0,True,Germany,Centre-Back,Borussia Dortmund
193004,Waldemar Anton,DFB-Pokal,False,3.0,0.0,0.0,1.0,0.0,300.0,True,Germany,Centre-Back,Borussia Dortmund
193004,Waldemar Anton,TOTAL,True,44.0,3.0,0.0,6.0,0.0,3927.0,True,Germany,Centre-Back,Borussia Dortmund
193116,John McGinn,Premier League,False,30.0,5.0,5.0,5.0,0.0,2158.0,True,Scotland,Central Midfield,Aston Villa
193116,John McGinn,Europa League,False,12.0,5.0,2.0,3.0,0.0,716.0,True,Scotland,Central Midfield,Aston Villa
193116,John McGinn,EFL Cup,False,1.0,0.0,1.0,0.0,0.0,90.0,True,Scotland,Central Midfield,Aston Villa
193116,John McGinn,FA Cup,False,1.0,0.0,0.0,0.0,0.0,65.0,True,Scotland,Central Midfield,Aston Villa
193116,John McGinn,TOTAL,True,44.0,10.0,8.0,8.0,0.0,3029.0,True,Scotland,Central Midfield,Aston Villa
195332,Salem Al-Dawsari,Saudi Pro League,False,26.0,8.0,10.0,0.0,0.0,1889.0,True,Saudi Arabia,Left Winger,Al-Hilal SFC
195332,Salem Al-Dawsari,AFC Champions League,False,5.0,2.0,0.0,0.0,0.0,271.0,True,Saudi Arabia,Left Winger,Al-Hilal SFC
195332,Salem Al-Dawsari,King's Cup,False,4.0,0.0,0.0,0.0,0.0,287.0,True,Saudi Arabia,Left Winger,Al-Hilal SFC
195332,Salem Al-Dawsari,TOTAL,True,35.0,10.0,10.0,0.0,0.0,2447.0,True,Saudi Arabia,Left Winger,Al-Hilal SFC
195736,Florian Grillitsch,Liga Portugal,False,20.0,1.0,1.0,3.0,0.0,1129.0,True,Austria,Defensive Midfield,SC Braga
195736,Florian Grillitsch,Europa League,False,10.0,2.0,1.0,2.0,0.0,676.0,True,Austria,Defensive Midfield,SC Braga
195736,Florian Grillitsch,Taça de Portugal,False,3.0,0.0,0.0,0.0,0.0,205.0,True,Austria,Defensive Midfield,SC Braga
195736,Florian Grillitsch,Allianz Cup,False,3.0,0.0,0.0,1.0,0.0,179.0,True,Austria,Defensive Midfield,SC Braga
195736,Florian Grillitsch,Bundesliga,False,0.0,0.0,0.0,0.0,0.0,0.0,True,Austria,Defensive Midfield,SC Braga
195736,Florian Grillitsch,DFB-Pokal,False,0.0,0.0,0.0,0.0,0.0,0.0,True,Austria,Defensive Midfield,SC Braga
195736,Florian Grillitsch,TOTAL,True,36.0,3.0,2.0,6.0,0.0,2189.0,True,Austria,Defensive Midfield,SC Braga
195778,Alexander Nübel,Bundesliga,False,34.0,49.0,11.0,0.0,0.0,3060.0,True,Germany,Goalkeeper,VfB Stuttgart
195778,Alexander Nübel,Europa League,False,11.0,13.0,2.0,0.0,0.0,990.0,True,Germany,Goalkeeper,VfB Stuttgart
195778,Alexander Nübel,DFB-Pokal,False,4.0,8.0,1.0,0.0,0.0,420.0,True,Germany,Goalkeeper,VfB Stuttgart
195778,Alexander Nübel,DFL-Supercup,False,0.0,0.0,0.0,0.0,0.0,0.0,True,Germany,Goalkeeper,VfB Stuttgart
195778,Alexander Nübel,TOTAL,True,49.0,70.0,14.0,0.0,0.0,4470.0,True,Germany,Goalkeeper,VfB Stuttgart
196357,Jonathan Tah,Bundesliga,False,28.0,2.0,1.0,7.0,0.0,2019.0,True,Germany,Centre-Back,Bayern Munich
196357,Jonathan Tah,UEFA Champions League,False,14.0,1.0,1.0,3.0,0.0,1120.0,True,Germany,Centre-Back,Bayern Munich
196357,Jonathan Tah,DFB-Pokal,False,6.0,0.0,0.0,0.0,0.0,540.0,True,Germany,Centre-Back,Bayern Munich
196357,Jonathan Tah,DFL-Supercup,False,1.0,0.0,0.0,0.0,0.0,90.0,True,Germany,Centre-Back,Bayern Munich
196357,Jonathan Tah,TOTAL,True,49.0,3.0,2.0,10.0,0.0,3769.0,True,Germany,Centre-Back,Bayern Munich
198614,Tomas Chory,Chance Liga,False,22.0,17.0,5.0,3.0,0.0,1761.0,True,Czech Republic,Centre-Forward,SK Slavia Prague
198614,Tomas Chory,UEFA Champions League,False,7.0,0.0,0.0,1.0,0.0,451.0,True,Czech Republic,Centre-Forward,SK Slavia Prague
198614,Tomas Chory,MOL Cup,False,2.0,0.0,1.0,0.0,0.0,60.0,True,Czech Republic,Centre-Forward,SK Slavia Prague
198614,Tomas Chory,Chance Liga Champion Gr.,False,2.0,0.0,0.0,0.0,0.0,149.0,True,Czech Republic,Centre-Forward,SK Slavia Prague
198614,Tomas Chory,TOTAL,True,33.0,17.0,6.0,4.0,0.0,2421.0,True,Czech Republic,Centre-Forward,SK Slavia Prague
200512,Sadio Mané,Saudi Pro League,False,25.0,10.0,6.0,6.0,0.0,2136.0,True,Senegal,Left Winger,Al-Nassr FC
200512,Sadio Mané,AFC Champions League Two,False,8.0,3.0,3.0,1.0,0.0,439.0,True,Senegal,Left Winger,Al-Nassr FC
200512,Sadio Mané,King's Cup,False,2.0,0.0,0.0,0.0,0.0,117.0,True,Senegal,Left Winger,Al-Nassr FC
200512,Sadio Mané,Saudi Super Cup,False,1.0,1.0,0.0,0.0,0.0,25.0,True,Senegal,Left Winger,Al-Nassr FC
200512,Sadio Mané,TOTAL,True,36.0,14.0,9.0,7.0,0.0,2717.0,True,Senegal,Left Winger,Al-Nassr FC
201574,Angus Gunn,Premier League,False,1.0,0.0,0.0,0.0,0.0,45.0,True,Scotland,Goalkeeper,Nottingham Forest
201574,Angus Gunn,Europa League,False,0.0,0.0,0.0,0.0,0.0,0.0,True,Scotland,Goalkeeper,Nottingham Forest
201574,Angus Gunn,FA Cup,False,0.0,0.0,0.0,0.0,0.0,0.0,True,Scotland,Goalkeeper,Nottingham Forest
201574,Angus Gunn,EFL Cup,False,0.0,0.0,0.0,0.0,0.0,0.0,True,Scotland,Goalkeeper,Nottingham Forest
201574,Angus Gunn,TOTAL,True,1.0,0.0,0.0,0.0,0.0,45.0,True,Scotland,Goalkeeper,Nottingham Forest
203123,Haris Tabakovic,Bundesliga,False,32.0,13.0,2.0,5.0,0.0,2396.0,True,Bosnia and Herzegovina,Centre-Forward,Borussia Mönchengladbach
203123,Haris Tabakovic,DFB-Pokal,False,3.0,2.0,1.0,0.0,0.0,266.0,True,Bosnia and Herzegovina,Centre-Forward,Borussia Mönchengladbach
203123,Haris Tabakovic,TOTAL,True,35.0,15.0,3.0,5.0,0.0,2662.0,True,Bosnia and Herzegovina,Centre-Forward,Borussia Mönchengladbach
203348,Chancel Mbemba,Ligue 1,False,13.0,0.0,0.0,3.0,0.0,952.0,True,Democratic Republic of the Congo,Centre-Back,LOSC Lille
203348,Chancel Mbemba,Europa League,False,8.0,0.0,1.0,0.0,0.0,705.0,True,Democratic Republic of the Congo,Centre-Back,LOSC Lille
203348,Chancel Mbemba,Coupe de France,False,0.0,0.0,0.0,0.0,0.0,0.0,True,Democratic Republic of the Congo,Centre-Back,LOSC Lille
203348,Chancel Mbemba,TOTAL,True,21.0,0.0,1.0,3.0,0.0,1657.0,True,Democratic Republic of the Congo,Centre-Back,LOSC Lille
203357,Ryan Thomas,Eredivisie,False,27.0,1.0,1.0,7.0,0.0,2157.0,True,New Zealand,Defensive Midfield,PEC Zwolle
203357,Ryan Thomas,KNVB Beker,False,1.0,0.0,0.0,0.0,0.0,11.0,True,New Zealand,Defensive Midfield,PEC Zwolle
203357,Ryan Thomas,TOTAL,True,28.0,1.0,1.0,7.0,0.0,2168.0,True,New Zealand,Defensive Midfield,PEC Zwolle
203517,Steven Moreira,MLS,False,14.0,0.0,0.0,1.0,0.0,1136.0,True,Cape Verde,Right-Back,Columbus Crew
203517,Steven Moreira,US Open Cup,False,1.0,0.0,0.0,0.0,0.0,75.0,True,Cape Verde,Right-Back,Columbus Crew
203517,Steven Moreira,TOTAL,True,15.0,0.0,0.0,1.0,0.0,1211.0,True,Cape Verde,Right-Back,Columbus Crew
204294,Saman Ghoddos,UAE Pro League,False,25.0,5.0,4.0,3.0,0.0,1806.0,True,Iran,Attacking Midfield,Kalba FC
204294,Saman Ghoddos,UAE President's Cup,False,1.0,0.0,0.0,0.0,0.0,90.0,True,Iran,Attacking Midfield,Kalba FC
204294,Saman Ghoddos,UAE League Cup,False,1.0,0.0,0.0,0.0,0.0,77.0,True,Iran,Attacking Midfield,Kalba FC
204294,Saman Ghoddos,TOTAL,True,27.0,5.0,4.0,3.0,0.0,1973.0,True,Iran,Attacking Midfield,Kalba FC
205927,Dominik Livakovic,SuperSport HNL,False,14.0,10.0,7.0,0.0,0.0,1260.0,True,Croatia,Goalkeeper,GNK Dinamo Zagreb
205927,Dominik Livakovic,Europa League,False,2.0,6.0,0.0,0.0,0.0,210.0,True,Croatia,Goalkeeper,GNK Dinamo Zagreb
205927,Dominik Livakovic,Hrvatski nogometni kup,False,1.0,0.0,1.0,0.0,0.0,90.0,True,Croatia,Goalkeeper,GNK Dinamo Zagreb
205927,Dominik Livakovic,Süper Lig,False,1.0,1.0,0.0,0.0,0.0,90.0,True,Croatia,Goalkeeper,GNK Dinamo Zagreb
205927,Dominik Livakovic,Champions League Qu.,False,1.0,1.0,0.0,0.0,0.0,90.0,True,Croatia,Goalkeeper,GNK Dinamo Zagreb
205927,Dominik Livakovic,LaLiga,False,0.0,0.0,0.0,0.0,0.0,0.0,True,Croatia,Goalkeeper,GNK Dinamo Zagreb
205927,Dominik Livakovic,Copa del Rey,False,0.0,0.0,0.0,0.0,0.0,0.0,True,Croatia,Goalkeeper,GNK Dinamo Zagreb
205927,Dominik Livakovic,TOTAL,True,19.0,18.0,8.0,0.0,0.0,1740.0,True,Croatia,Goalkeeper,GNK Dinamo Zagreb
205938,Mario Pašalić,Serie A,False,33.0,3.0,4.0,3.0,0.0,1931.0,True,Croatia,Central Midfield,Atalanta BC
205938,Mario Pašalić,UEFA Champions League,False,9.0,3.0,2.0,0.0,0.0,604.0,True,Croatia,Central Midfield,Atalanta BC
205938,Mario Pašalić,Italy Cup,False,4.0,4.0,1.0,1.0,0.0,236.0,True,Croatia,Central Midfield,Atalanta BC
205938,Mario Pašalić,TOTAL,True,46.0,10.0,7.0,4.0,0.0,2771.0,True,Croatia,Central Midfield,Atalanta BC
206040,Raúl Jiménez,Premier League,False,36.0,9.0,3.0,5.0,0.0,2199.0,True,Mexico,Centre-Forward,Fulham FC
206040,Raúl Jiménez,EFL Cup,False,4.0,1.0,0.0,0.0,0.0,315.0,True,Mexico,Centre-Forward,Fulham FC
206040,Raúl Jiménez,FA Cup,False,3.0,0.0,0.0,0.0,0.0,48.0,True,Mexico,Centre-Forward,Fulham FC
206040,Raúl Jiménez,TOTAL,True,43.0,10.0,3.0,5.0,0.0,2562.0,True,Mexico,Centre-Forward,Fulham FC
206782,Jalal Hassan,Iraq Stars League,False,18.0,14.0,8.0,2.0,0.0,1510.0,True,Iraq,Goalkeeper,Al-Zawraa SC
206782,Jalal Hassan,AFC Champions League Two,False,8.0,17.0,1.0,1.0,0.0,750.0,True,Iraq,Goalkeeper,Al-Zawraa SC
206782,Jalal Hassan,TOTAL,True,26.0,31.0,9.0,3.0,0.0,2260.0,True,Iraq,Goalkeeper,Al-Zawraa SC
207006,Joshua Brenet,Premiership,False,14.0,0.0,1.0,0.0,0.0,884.0,True,Curaçao,Right-Back,Kayserispor
207006,Joshua Brenet,Süper Lig,False,11.0,0.0,2.0,1.0,0.0,797.0,True,Curaçao,Right-Back,Kayserispor
207006,Joshua Brenet,SFA Cup,False,1.0,0.0,1.0,0.0,0.0,120.0,True,Curaçao,Right-Back,Kayserispor
207006,Joshua Brenet,TOTAL,True,26.0,0.0,4.0,1.0,0.0,1801.0,True,Curaçao,Right-Back,Kayserispor
207061,Francis de Vries,A-League Men,False,22.0,1.0,7.0,2.0,0.0,1980.0,True,New Zealand,Left-Back,Auckland FC
207061,Francis de Vries,A-League Fin.,False,3.0,0.0,0.0,0.0,0.0,43.0,True,New Zealand,Left-Back,Auckland FC
207061,Francis de Vries,OFC Pro League,False,0.0,0.0,0.0,0.0,0.0,0.0,True,New Zealand,Left-Back,Auckland FC
207061,Francis de Vries,TOTAL,True,25.0,1.0,7.0,2.0,0.0,2023.0,True,New Zealand,Left-Back,Auckland FC
207834,Yassine Bounou,Saudi Pro League,False,26.0,20.0,14.0,0.0,0.0,2340.0,True,Morocco,Goalkeeper,Al-Hilal SFC
207834,Yassine Bounou,King's Cup,False,5.0,3.0,2.0,0.0,0.0,480.0,True,Morocco,Goalkeeper,Al-Hilal SFC
207834,Yassine Bounou,AFC Champions League,False,5.0,8.0,0.0,0.0,0.0,480.0,True,Morocco,Goalkeeper,Al-Hilal SFC
207834,Yassine Bounou,TOTAL,True,36.0,31.0,16.0,0.0,0.0,3300.0,True,Morocco,Goalkeeper,Al-Hilal SFC
207843,Max Crocombe,Championship,False,23.0,25.0,9.0,0.0,0.0,2070.0,True,New Zealand,Goalkeeper,Millwall FC
207843,Max Crocombe,EFL Cup,False,2.0,1.0,1.0,0.0,0.0,180.0,True,New Zealand,Goalkeeper,Millwall FC
207843,Max Crocombe,Championship Play-Offs,False,0.0,0.0,0.0,0.0,0.0,0.0,True,New Zealand,Goalkeeper,Millwall FC
207843,Max Crocombe,FA Cup,False,0.0,0.0,0.0,0.0,0.0,0.0,True,New Zealand,Goalkeeper,Millwall FC
207843,Max Crocombe,TOTAL,True,25.0,26.0,10.0,0.0,0.0,2250.0,True,New Zealand,Goalkeeper,Millwall FC
208772,Liam Kelly,SFA Cup,False,2.0,0.0,2.0,0.0,0.0,180.0,True,Scotland,Goalkeeper,Rangers FC
208772,Liam Kelly,League Cup,False,1.0,2.0,0.0,0.0,0.0,90.0,True,Scotland,Goalkeeper,Rangers FC
208772,Liam Kelly,Scottish Premiership Top Six Split,False,0.0,0.0,0.0,0.0,0.0,0.0,True,Scotland,Goalkeeper,Rangers FC
208772,Liam Kelly,Premiership,False,0.0,0.0,0.0,0.0,0.0,0.0,True,Scotland,Goalkeeper,Rangers FC
208772,Liam Kelly,Europa League,False,0.0,0.0,0.0,0.0,0.0,0.0,True,Scotland,Goalkeeper,Rangers FC
208772,Liam Kelly,Champions League Qu.,False,0.0,0.0,0.0,0.0,0.0,0.0,True,Scotland,Goalkeeper,Rangers FC
208772,Liam Kelly,TOTAL,True,3.0,2.0,2.0,0.0,0.0,270.0,True,Scotland,Goalkeeper,Rangers FC
210009,Marwane Saadane,Saudi Pro League,False,29.0,0.0,1.0,6.0,0.0,2496.0,True,Morocco,Centre-Back,Al-Fateh SC
210009,Marwane Saadane,King's Cup,False,3.0,0.0,0.0,0.0,0.0,270.0,True,Morocco,Centre-Back,Al-Fateh SC
210009,Marwane Saadane,TOTAL,True,32.0,0.0,1.0,6.0,0.0,2766.0,True,Morocco,Centre-Back,Al-Fateh SC
210349,Sultan Mandash,Saudi Pro League,False,28.0,6.0,5.0,3.0,0.0,1330.0,True,Saudi Arabia,Right Winger,Al-Hilal SFC
210349,Sultan Mandash,King's Cup,False,4.0,2.0,0.0,0.0,0.0,247.0,True,Saudi Arabia,Right Winger,Al-Hilal SFC
210349,Sultan Mandash,AFC Champions League,False,3.0,0.0,1.0,0.0,0.0,155.0,True,Saudi Arabia,Right Winger,Al-Hilal SFC
210349,Sultan Mandash,TOTAL,True,35.0,8.0,6.0,3.0,0.0,1732.0,True,Saudi Arabia,Right Winger,Al-Hilal SFC
213268,Alireza Jahanbakhsh,Jupiler Pro League,False,16.0,0.0,0.0,3.0,0.0,531.0,True,Iran,Right Winger,FCV Dender EH
213268,Alireza Jahanbakhsh,JPL Relegation Play-Offs,False,5.0,1.0,1.0,2.0,0.0,372.0,True,Iran,Right Winger,FCV Dender EH
213268,Alireza Jahanbakhsh,Croky Cup,False,2.0,0.0,1.0,0.0,0.0,131.0,True,Iran,Right Winger,FCV Dender EH
213268,Alireza Jahanbakhsh,Jupiler Pro League Abstiegs-Playoffs,False,0.0,0.0,0.0,0.0,0.0,0.0,True,Iran,Right Winger,FCV Dender EH
213268,Alireza Jahanbakhsh,TOTAL,True,23.0,1.0,2.0,5.0,0.0,1034.0,True,Iran,Right Winger,FCV Dender EH
213715,Shoja Khalilzadeh,Persian Gulf League,False,21.0,0.0,0.0,7.0,0.0,1882.0,True,Iran,Centre-Back,Tractor FC
213715,Shoja Khalilzadeh,AFC Champions League,False,9.0,1.0,1.0,3.0,0.0,805.0,True,Iran,Centre-Back,Tractor FC
213715,Shoja Khalilzadeh,Hazfi Cup,False,1.0,0.0,0.0,0.0,0.0,120.0,True,Iran,Centre-Back,Tractor FC
213715,Shoja Khalilzadeh,Iran Super Cup,False,1.0,0.0,0.0,0.0,0.0,90.0,True,Iran,Centre-Back,Tractor FC
213715,Shoja Khalilzadeh,TOTAL,True,32.0,1.0,1.0,10.0,0.0,2897.0,True,Iran,Centre-Back,Tractor FC
215390,Gustavo Gómez,Série A,False,16.0,3.0,0.0,0.0,0.0,1430.0,True,Paraguay,Centre-Back,Sociedade Esportiva Palmeiras
215390,Gustavo Gómez,Campeonato Paulista,False,10.0,0.0,0.0,2.0,0.0,855.0,True,Paraguay,Centre-Back,Sociedade Esportiva Palmeiras
215390,Gustavo Gómez,Libertadores,False,6.0,0.0,0.0,2.0,0.0,540.0,True,Paraguay,Centre-Back,Sociedade Esportiva Palmeiras
215390,Gustavo Gómez,Copa do Brasil,False,1.0,0.0,0.0,0.0,0.0,45.0,True,Paraguay,Centre-Back,Sociedade Esportiva Palmeiras
215390,Gustavo Gómez,TOTAL,True,33.0,3.0,0.0,4.0,0.0,2870.0,True,Paraguay,Centre-Back,Sociedade Esportiva Palmeiras
216278,Tomas Holes,Chance Liga,False,22.0,1.0,2.0,4.0,0.0,1829.0,True,Czech Republic,Centre-Back,SK Slavia Prague
216278,Tomas Holes,UEFA Champions League,False,4.0,0.0,1.0,0.0,0.0,188.0,True,Czech Republic,Centre-Back,SK Slavia Prague
216278,Tomas Holes,Chance Liga Champion Gr.,False,3.0,1.0,1.0,1.0,0.0,263.0,True,Czech Republic,Centre-Back,SK Slavia Prague
216278,Tomas Holes,MOL Cup,False,1.0,0.0,0.0,0.0,0.0,14.0,True,Czech Republic,Centre-Back,SK Slavia Prague
216278,Tomas Holes,TOTAL,True,30.0,2.0,4.0,5.0,0.0,2294.0,True,Czech Republic,Centre-Back,SK Slavia Prague
216443,Riechedly Bazoer,Süper Lig,False,15.0,0.0,0.0,5.0,1.0,928.0,True,Curaçao,Centre-Back,Konyaspor
216443,Riechedly Bazoer,Türkiye Kupasi,False,2.0,0.0,0.0,1.0,0.0,105.0,True,Curaçao,Centre-Back,Konyaspor
216443,Riechedly Bazoer,TOTAL,True,17.0,0.0,0.0,6.0,1.0,1033.0,True,Curaçao,Centre-Back,Konyaspor
217073,Rebin Sulaka,Thai League,False,24.0,0.0,0.0,4.0,0.0,1894.0,True,Iraq,Centre-Back,Port FC
217073,Rebin Sulaka,Thai Cup,False,3.0,0.0,0.0,1.0,0.0,205.0,True,Iraq,Centre-Back,Port FC
217073,Rebin Sulaka,Thai FA Cup,False,1.0,0.0,1.0,1.0,0.0,90.0,True,Iraq,Centre-Back,Port FC
217073,Rebin Sulaka,TOTAL,True,28.0,0.0,1.0,6.0,0.0,2189.0,True,Iraq,Centre-Back,Port FC
220793,Douglas Santos,Premier Liga,False,23.0,1.0,2.0,1.0,1.0,1922.0,True,Brazil,Left-Back,Zenit St. Petersburg
220793,Douglas Santos,Russian Cup,False,2.0,1.0,0.0,0.0,0.0,154.0,True,Brazil,Left-Back,Zenit St. Petersburg
220793,Douglas Santos,TOTAL,True,25.0,2.0,2.0,1.0,1.0,2076.0,True,Brazil,Left-Back,Zenit St. Petersburg
222385,Karim Boudiaf,Stars League,False,12.0,1.0,0.0,2.0,0.0,738.0,True,Qatar,Defensive Midfield,Al-Duhail SC
222385,Karim Boudiaf,AFC Champions League,False,4.0,0.0,0.0,0.0,0.0,165.0,True,Qatar,Defensive Midfield,Al-Duhail SC
222385,Karim Boudiaf,Amir Cup,False,1.0,0.0,0.0,0.0,0.0,5.0,True,Qatar,Defensive Midfield,Al-Duhail SC
222385,Karim Boudiaf,QSL Cup,False,1.0,0.0,0.0,0.0,0.0,90.0,True,Qatar,Defensive Midfield,Al-Duhail SC
222385,Karim Boudiaf,AFC CL Elite Qualif.,False,1.0,0.0,0.0,0.0,0.0,90.0,True,Qatar,Defensive Midfield,Al-Duhail SC
222385,Karim Boudiaf,TOTAL,True,19.0,1.0,0.0,2.0,0.0,1088.0,True,Qatar,Defensive Midfield,Al-Duhail SC
222669,Boualem Khoukhi,Stars League,False,18.0,1.0,0.0,3.0,0.0,1451.0,True,Qatar,Centre-Back,Al-Sadd SC
222669,Boualem Khoukhi,AFC Champions League,False,7.0,0.0,0.0,0.0,0.0,663.0,True,Qatar,Centre-Back,Al-Sadd SC
222669,Boualem Khoukhi,Amir Cup,False,3.0,0.0,0.0,0.0,0.0,270.0,True,Qatar,Centre-Back,Al-Sadd SC
222669,Boualem Khoukhi,QSL Cup,False,0.0,0.0,0.0,0.0,0.0,0.0,True,Qatar,Centre-Back,Al-Sadd SC
222669,Boualem Khoukhi,TOTAL,True,28.0,1.0,0.0,3.0,0.0,2384.0,True,Qatar,Centre-Back,Al-Sadd SC
223367,Fredrik Aursnes,Liga Portugal,False,28.0,3.0,3.0,2.0,0.0,2294.0,True,Norway,Central Midfield,SL Benfica
223367,Fredrik Aursnes,UEFA Champions League,False,10.0,0.0,2.0,1.0,0.0,865.0,True,Norway,Central Midfield,SL Benfica
223367,Fredrik Aursnes,Champions League Qu.,False,4.0,1.0,2.0,0.0,0.0,354.0,True,Norway,Central Midfield,SL Benfica
223367,Fredrik Aursnes,Taça de Portugal,False,4.0,0.0,1.0,0.0,0.0,323.0,True,Norway,Central Midfield,SL Benfica
223367,Fredrik Aursnes,Allianz Cup,False,2.0,0.0,0.0,0.0,0.0,165.0,True,Norway,Central Midfield,SL Benfica
223367,Fredrik Aursnes,Portuguese Supercup,False,1.0,0.0,0.0,0.0,0.0,90.0,True,Norway,Central Midfield,SL Benfica
223367,Fredrik Aursnes,TOTAL,True,49.0,4.0,8.0,3.0,0.0,4091.0,True,Norway,Central Midfield,SL Benfica
223967,Konrad Laimer,Bundesliga,False,29.0,3.0,9.0,9.0,0.0,1997.0,True,Austria,Right-Back,Bayern Munich
223967,Konrad Laimer,UEFA Champions League,False,11.0,0.0,4.0,4.0,0.0,854.0,True,Austria,Right-Back,Bayern Munich
223967,Konrad Laimer,DFB-Pokal,False,6.0,0.0,0.0,1.0,0.0,374.0,True,Austria,Right-Back,Bayern Munich
223967,Konrad Laimer,DFL-Supercup,False,1.0,0.0,0.0,0.0,0.0,72.0,True,Austria,Right-Back,Bayern Munich
223967,Konrad Laimer,TOTAL,True,47.0,3.0,13.0,14.0,0.0,3297.0,True,Austria,Right-Back,Bayern Munich
223972,Patrick Pentz,Superliga,False,20.0,20.0,8.0,0.0,0.0,1785.0,True,Austria,Goalkeeper,Bröndby IF
223972,Patrick Pentz,Superliga Championship round,False,10.0,13.0,3.0,0.0,0.0,900.0,True,Austria,Goalkeeper,Bröndby IF
223972,Patrick Pentz,UECL Qualifying,False,6.0,7.0,3.0,0.0,0.0,540.0,True,Austria,Goalkeeper,Bröndby IF
223972,Patrick Pentz,Oddset Pokalen,False,2.0,5.0,0.0,0.0,0.0,210.0,True,Austria,Goalkeeper,Bröndby IF
223972,Patrick Pentz,Superliga Europa Playoff,False,1.0,3.0,0.0,0.0,0.0,120.0,True,Austria,Goalkeeper,Bröndby IF
223972,Patrick Pentz,TOTAL,True,39.0,48.0,14.0,0.0,0.0,3555.0,True,Austria,Goalkeeper,Bröndby IF
223974,Stefan Posch,Bundesliga,False,16.0,0.0,0.0,4.0,0.0,1395.0,True,Austria,Centre-Back,1.FSV Mainz 05
223974,Stefan Posch,Serie A,False,14.0,1.0,0.0,1.0,0.0,384.0,True,Austria,Centre-Back,1.FSV Mainz 05
223974,Stefan Posch,Conference League,False,4.0,2.0,0.0,2.0,0.0,360.0,True,Austria,Centre-Back,1.FSV Mainz 05
223974,Stefan Posch,Italy Cup,False,1.0,0.0,0.0,0.0,0.0,45.0,True,Austria,Centre-Back,1.FSV Mainz 05
223974,Stefan Posch,TOTAL,True,35.0,3.0,0.0,7.0,0.0,2184.0,True,Austria,Centre-Back,1.FSV Mainz 05
223979,Xaver Schlager,Bundesliga,False,26.0,3.0,1.0,6.0,0.0,1837.0,True,Austria,Central Midfield,RB Leipzig
223979,Xaver Schlager,DFB-Pokal,False,4.0,0.0,0.0,0.0,0.0,230.0,True,Austria,Central Midfield,RB Leipzig
223979,Xaver Schlager,TOTAL,True,30.0,3.0,1.0,6.0,0.0,2067.0,True,Austria,Central Midfield,RB Leipzig
224884,Abdul Rahman Baba,Super League 1,False,19.0,2.0,1.0,1.0,0.0,1375.0,True,Ghana,Left-Back,PAOK Thessaloniki
224884,Abdul Rahman Baba,Europa League,False,10.0,1.0,1.0,0.0,0.0,833.0,True,Ghana,Left-Back,PAOK Thessaloniki
224884,Abdul Rahman Baba,Kypello Elladas,False,8.0,0.0,0.0,2.0,0.0,665.0,True,Ghana,Left-Back,PAOK Thessaloniki
224884,Abdul Rahman Baba,Super League Play-off,False,6.0,0.0,1.0,2.0,0.0,540.0,True,Ghana,Left-Back,PAOK Thessaloniki
224884,Abdul Rahman Baba,Europa League Qualifying,False,4.0,0.0,0.0,0.0,0.0,388.0,True,Ghana,Left-Back,PAOK Thessaloniki
224884,Abdul Rahman Baba,TOTAL,True,47.0,3.0,3.0,5.0,0.0,3801.0,True,Ghana,Left-Back,PAOK Thessaloniki
225083,N'Golo Kanté,Saudi Pro League,False,18.0,2.0,1.0,0.0,0.0,1567.0,True,France,Defensive Midfield,Fenerbahce
225083,N'Golo Kanté,Süper Lig,False,14.0,2.0,0.0,3.0,0.0,1144.0,True,France,Defensive Midfield,Fenerbahce
225083,N'Golo Kanté,AFC Champions League,False,5.0,0.0,0.0,0.0,0.0,450.0,True,France,Defensive Midfield,Fenerbahce
225083,N'Golo Kanté,Türkiye Kupasi,False,2.0,0.0,0.0,0.0,0.0,190.0,True,France,Defensive Midfield,Fenerbahce
225083,N'Golo Kanté,Europa League,False,2.0,0.0,0.0,0.0,0.0,166.0,True,France,Defensive Midfield,Fenerbahce
225083,N'Golo Kanté,King's Cup,False,2.0,0.0,0.0,0.0,0.0,180.0,True,France,Defensive Midfield,Fenerbahce
225083,N'Golo Kanté,Saudi Super Cup,False,1.0,0.0,0.0,0.0,0.0,90.0,True,France,Defensive Midfield,Fenerbahce
225083,N'Golo Kanté,TOTAL,True,44.0,4.0,1.0,3.0,0.0,3787.0,True,France,Defensive Midfield,Fenerbahce
225122,Gonçalo Guedes,LaLiga,False,32.0,8.0,4.0,3.0,0.0,1832.0,True,Portugal,Left Winger,Real Sociedad
225122,Gonçalo Guedes,Copa del Rey,False,7.0,1.0,4.0,2.0,0.0,497.0,True,Portugal,Left Winger,Real Sociedad
225122,Gonçalo Guedes,TOTAL,True,39.0,9.0,8.0,5.0,0.0,2329.0,True,Portugal,Left Winger,Real Sociedad
225161,Rúben Neves,Saudi Pro League,False,31.0,11.0,7.0,4.0,0.0,2751.0,True,Portugal,Defensive Midfield,Al-Hilal SFC
225161,Rúben Neves,AFC Champions League,False,8.0,0.0,3.0,1.0,0.0,657.0,True,Portugal,Defensive Midfield,Al-Hilal SFC
225161,Rúben Neves,King's Cup,False,4.0,1.0,0.0,1.0,0.0,310.0,True,Portugal,Defensive Midfield,Al-Hilal SFC
225161,Rúben Neves,TOTAL,True,43.0,12.0,10.0,6.0,0.0,3718.0,True,Portugal,Defensive Midfield,Al-Hilal SFC
225657,Philipp Lienhart,Bundesliga,False,20.0,1.0,0.0,2.0,1.0,1301.0,True,Austria,Centre-Back,SC Freiburg
225657,Philipp Lienhart,Europa League,False,11.0,1.0,0.0,3.0,0.0,849.0,True,Austria,Centre-Back,SC Freiburg
225657,Philipp Lienhart,DFB-Pokal,False,3.0,0.0,0.0,1.0,0.0,300.0,True,Austria,Centre-Back,SC Freiburg
225657,Philipp Lienhart,TOTAL,True,34.0,2.0,0.0,6.0,1.0,2450.0,True,Austria,Centre-Back,SC Freiburg
225693,Fabinho,Saudi Pro League,False,30.0,1.0,3.0,5.0,1.0,2642.0,True,Brazil,Defensive Midfield,Al-Ittihad Club
225693,Fabinho,AFC Champions League,False,10.0,2.0,1.0,2.0,0.0,874.0,True,Brazil,Defensive Midfield,Al-Ittihad Club
225693,Fabinho,King's Cup,False,3.0,0.0,0.0,2.0,0.0,300.0,True,Brazil,Defensive Midfield,Al-Ittihad Club
225693,Fabinho,Saudi Super Cup,False,1.0,0.0,0.0,1.0,0.0,90.0,True,Brazil,Defensive Midfield,Al-Ittihad Club
225693,Fabinho,TOTAL,True,44.0,3.0,4.0,10.0,1.0,3906.0,True,Brazil,Defensive Midfield,Al-Ittihad Club
225744,Lawrence Shankland,Premiership,False,24.0,13.0,4.0,1.0,0.0,2050.0,True,Scotland,Centre-Forward,Heart of Midlothian FC
225744,Lawrence Shankland,Scottish Premiership Top Six Split,False,5.0,3.0,1.0,3.0,0.0,450.0,True,Scotland,Centre-Forward,Heart of Midlothian FC
225744,Lawrence Shankland,League Cup,False,4.0,3.0,1.0,0.0,0.0,348.0,True,Scotland,Centre-Forward,Heart of Midlothian FC
225744,Lawrence Shankland,SFA Cup,False,1.0,1.0,0.0,0.0,0.0,96.0,True,Scotland,Centre-Forward,Heart of Midlothian FC
225744,Lawrence Shankland,TOTAL,True,34.0,20.0,6.0,4.0,0.0,2944.0,True,Scotland,Centre-Forward,Heart of Midlothian FC
226097,Ivan Šunjić,Cyprus League,False,29.0,4.0,3.0,10.0,0.0,2451.0,True,Bosnia and Herzegovina,Defensive Midfield,Pafos FC
226097,Ivan Šunjić,UEFA Champions League,False,7.0,0.0,0.0,3.0,0.0,630.0,True,Bosnia and Herzegovina,Defensive Midfield,Pafos FC
226097,Ivan Šunjić,Champions League Qu.,False,6.0,0.0,0.0,1.0,0.0,540.0,True,Bosnia and Herzegovina,Defensive Midfield,Pafos FC
226097,Ivan Šunjić,Kypello Kyprou,False,4.0,0.0,0.0,0.0,0.0,315.0,True,Bosnia and Herzegovina,Defensive Midfield,Pafos FC
226097,Ivan Šunjić,Cypriot Super Cup,False,0.0,0.0,0.0,0.0,0.0,0.0,True,Bosnia and Herzegovina,Defensive Midfield,Pafos FC
226097,Ivan Šunjić,TOTAL,True,46.0,4.0,3.0,14.0,0.0,3936.0,True,Bosnia and Herzegovina,Defensive Midfield,Pafos FC
226524,Morten Thorsby,Serie A,False,24.0,3.0,1.0,4.0,0.0,1374.0,True,Norway,Central Midfield,US Cremonese
226524,Morten Thorsby,Italy Cup,False,1.0,0.0,1.0,0.0,0.0,24.0,True,Norway,Central Midfield,US Cremonese
226524,Morten Thorsby,TOTAL,True,25.0,3.0,2.0,4.0,0.0,1398.0,True,Norway,Central Midfield,US Cremonese
228645,Wout Weghorst,Eredivisie,False,27.0,8.0,4.0,6.0,0.0,1782.0,True,Netherlands,Centre-Forward,Ajax Amsterdam
228645,Wout Weghorst,UEFA Champions League,False,5.0,1.0,0.0,2.0,0.0,298.0,True,Netherlands,Centre-Forward,Ajax Amsterdam
228645,Wout Weghorst,Play-Offs Conference League,False,2.0,0.0,0.0,1.0,0.0,113.0,True,Netherlands,Centre-Forward,Ajax Amsterdam
228645,Wout Weghorst,KNVB Beker,False,0.0,0.0,0.0,0.0,0.0,0.0,True,Netherlands,Centre-Forward,Ajax Amsterdam
228645,Wout Weghorst,TOTAL,True,34.0,9.0,4.0,9.0,0.0,2193.0,True,Netherlands,Centre-Forward,Ajax Amsterdam
228727,Pedro Miguel,Stars League,False,18.0,2.0,3.0,7.0,0.0,1476.0,True,Qatar,Centre-Back,Al-Sadd SC
228727,Pedro Miguel,AFC Champions League,False,8.0,0.0,1.0,2.0,0.0,672.0,True,Qatar,Centre-Back,Al-Sadd SC
228727,Pedro Miguel,Amir Cup,False,3.0,0.0,0.0,1.0,0.0,270.0,True,Qatar,Centre-Back,Al-Sadd SC
228727,Pedro Miguel,QSL Cup,False,1.0,0.0,0.0,1.0,0.0,45.0,True,Qatar,Centre-Back,Al-Sadd SC
228727,Pedro Miguel,TOTAL,True,30.0,2.0,4.0,11.0,0.0,2463.0,True,Qatar,Centre-Back,Al-Sadd SC
229081,Alireza Beiranvand,Persian Gulf League,False,19.0,10.0,11.0,1.0,0.0,1710.0,True,Iran,Goalkeeper,Tractor FC
229081,Alireza Beiranvand,AFC Champions League,False,9.0,4.0,5.0,0.0,0.0,772.0,True,Iran,Goalkeeper,Tractor FC
229081,Alireza Beiranvand,Hazfi Cup,False,1.0,1.0,0.0,1.0,0.0,120.0,True,Iran,Goalkeeper,Tractor FC
229081,Alireza Beiranvand,Iran Super Cup,False,0.0,0.0,0.0,0.0,0.0,0.0,True,Iran,Goalkeeper,Tractor FC
229081,Alireza Beiranvand,TOTAL,True,29.0,15.0,16.0,2.0,0.0,2602.0,True,Iran,Goalkeeper,Tractor FC
229604,Gerónimo Rulli,Ligue 1,False,29.0,34.0,8.0,3.0,0.0,2610.0,True,Argentina,Goalkeeper,Olympique Marseille
229604,Gerónimo Rulli,UEFA Champions League,False,8.0,14.0,1.0,0.0,0.0,720.0,True,Argentina,Goalkeeper,Olympique Marseille
229604,Gerónimo Rulli,Coupe de France,False,1.0,2.0,0.0,0.0,0.0,90.0,True,Argentina,Goalkeeper,Olympique Marseille
229604,Gerónimo Rulli,Trophée des Champions,False,1.0,2.0,0.0,0.0,0.0,90.0,True,Argentina,Goalkeeper,Olympique Marseille
229604,Gerónimo Rulli,TOTAL,True,39.0,52.0,9.0,3.0,0.0,3510.0,True,Argentina,Goalkeeper,Olympique Marseille
230784,Thomas Partey,LaLiga,False,25.0,0.0,0.0,1.0,0.0,923.0,True,Ghana,Defensive Midfield,Villarreal CF
230784,Thomas Partey,UEFA Champions League,False,5.0,0.0,0.0,1.0,0.0,286.0,True,Ghana,Defensive Midfield,Villarreal CF
230784,Thomas Partey,Copa del Rey,False,2.0,0.0,0.0,0.0,0.0,116.0,True,Ghana,Defensive Midfield,Villarreal CF
230784,Thomas Partey,TOTAL,True,32.0,0.0,0.0,2.0,0.0,1325.0,True,Ghana,Defensive Midfield,Villarreal CF
231572,Nélson Semedo,Süper Lig,False,26.0,1.0,3.0,8.0,0.0,1943.0,True,Portugal,Right-Back,Fenerbahce
231572,Nélson Semedo,Europa League,False,9.0,0.0,0.0,2.0,0.0,731.0,True,Portugal,Right-Back,Fenerbahce
231572,Nélson Semedo,Champions League Qu.,False,4.0,0.0,0.0,0.0,0.0,229.0,True,Portugal,Right-Back,Fenerbahce
231572,Nélson Semedo,Türkiye Kupasi,False,1.0,0.0,0.0,1.0,0.0,120.0,True,Portugal,Right-Back,Fenerbahce
231572,Nélson Semedo,TFF Süper Kupa,False,0.0,0.0,0.0,0.0,0.0,0.0,True,Portugal,Right-Back,Fenerbahce
231572,Nélson Semedo,TOTAL,True,40.0,1.0,3.0,11.0,0.0,3023.0,True,Portugal,Right-Back,Fenerbahce
232219,Brandley Kuwas,Eredivisie,False,32.0,5.0,4.0,4.0,0.0,2024.0,True,Curaçao,Right Winger,FC Volendam
232219,Brandley Kuwas,KNVB Beker,False,3.0,2.0,1.0,0.0,0.0,270.0,True,Curaçao,Right Winger,FC Volendam
232219,Brandley Kuwas,Keuken Kampioen Play-Offs,False,2.0,0.0,0.0,0.0,0.0,107.0,True,Curaçao,Right Winger,FC Volendam
232219,Brandley Kuwas,TOTAL,True,37.0,7.0,5.0,4.0,0.0,2401.0,True,Curaçao,Right Winger,FC Volendam
232454,Nadiem Amiri,Bundesliga,False,26.0,12.0,3.0,6.0,0.0,2092.0,True,Germany,Central Midfield,1.FSV Mainz 05
232454,Nadiem Amiri,Conference League,False,5.0,2.0,0.0,2.0,0.0,395.0,True,Germany,Central Midfield,1.FSV Mainz 05
232454,Nadiem Amiri,UECL Qualifying,False,2.0,2.0,1.0,0.0,0.0,180.0,True,Germany,Central Midfield,1.FSV Mainz 05
232454,Nadiem Amiri,DFB-Pokal,False,2.0,1.0,0.0,1.0,0.0,169.0,True,Germany,Central Midfield,1.FSV Mainz 05
232454,Nadiem Amiri,TOTAL,True,35.0,17.0,4.0,9.0,0.0,2836.0,True,Germany,Central Midfield,1.FSV Mainz 05
234189,Trezeguet,Premier League,False,16.0,8.0,0.0,4.0,0.0,1248.0,True,Egypt,Left Winger,Al Ahly FC
234189,Trezeguet,CAF-Champions League,False,9.0,6.0,1.0,0.0,0.0,690.0,True,Egypt,Left Winger,Al Ahly FC
234189,Trezeguet,Championship Playoff,False,5.0,3.0,0.0,0.0,0.0,441.0,True,Egypt,Left Winger,Al Ahly FC
234189,Trezeguet,Egyptian Super Cup,False,2.0,1.0,0.0,0.0,0.0,156.0,True,Egypt,Left Winger,Al Ahly FC
234189,Trezeguet,Egyptian League Cup,False,0.0,0.0,0.0,0.0,0.0,0.0,True,Egypt,Left Winger,Al Ahly FC
234189,Trezeguet,Egypt Cup,False,0.0,0.0,0.0,0.0,0.0,0.0,True,Egypt,Left Winger,Al Ahly FC
234189,Trezeguet,TOTAL,True,32.0,18.0,1.0,4.0,0.0,2535.0,True,Egypt,Left Winger,Al Ahly FC
234523,Antonio Sanabria,Serie A,False,25.0,1.0,1.0,2.0,0.0,940.0,True,Paraguay,Centre-Forward,US Cremonese
234523,Antonio Sanabria,Italy Cup,False,0.0,0.0,0.0,0.0,0.0,0.0,True,Paraguay,Centre-Forward,US Cremonese
234523,Antonio Sanabria,TOTAL,True,25.0,1.0,1.0,2.0,0.0,940.0,True,Paraguay,Centre-Forward,US Cremonese
234803,Andrew Robertson,Premier League,False,24.0,1.0,0.0,0.0,0.0,1172.0,True,Scotland,Left-Back,Liverpool FC
234803,Andrew Robertson,UEFA Champions League,False,7.0,1.0,1.0,0.0,0.0,486.0,True,Scotland,Left-Back,Liverpool FC
234803,Andrew Robertson,FA Cup,False,2.0,1.0,1.0,0.0,0.0,180.0,True,Scotland,Left-Back,Liverpool FC
234803,Andrew Robertson,EFL Cup,False,2.0,0.0,0.0,1.0,0.0,157.0,True,Scotland,Left-Back,Liverpool FC
234803,Andrew Robertson,Community Shield,False,1.0,0.0,0.0,0.0,0.0,6.0,True,Scotland,Left-Back,Liverpool FC
234803,Andrew Robertson,TOTAL,True,36.0,3.0,2.0,1.0,0.0,2001.0,True,Scotland,Left-Back,Liverpool FC
234811,Rui Silva,Liga Portugal,False,32.0,23.0,14.0,4.0,0.0,2880.0,True,Portugal,Goalkeeper,Sporting CP
234811,Rui Silva,UEFA Champions League,False,11.0,14.0,3.0,0.0,0.0,1020.0,True,Portugal,Goalkeeper,Sporting CP
234811,Rui Silva,Taça de Portugal,False,3.0,2.0,2.0,1.0,0.0,300.0,True,Portugal,Goalkeeper,Sporting CP
234811,Rui Silva,Allianz Cup,False,1.0,2.0,0.0,0.0,0.0,90.0,True,Portugal,Goalkeeper,Sporting CP
234811,Rui Silva,Portuguese Supercup,False,1.0,1.0,0.0,0.0,0.0,90.0,True,Portugal,Goalkeeper,Sporting CP
234811,Rui Silva,TOTAL,True,48.0,42.0,19.0,5.0,0.0,4380.0,True,Portugal,Goalkeeper,Sporting CP
235767,John Souttar,Premiership,False,23.0,0.0,0.0,7.0,0.0,1924.0,True,Scotland,Centre-Back,Rangers FC
235767,John Souttar,Champions League Qu.,False,6.0,0.0,0.0,2.0,0.0,540.0,True,Scotland,Centre-Back,Rangers FC
235767,John Souttar,Europa League,False,5.0,0.0,0.0,1.0,0.0,405.0,True,Scotland,Centre-Back,Rangers FC
235767,John Souttar,League Cup,False,2.0,0.0,0.0,1.0,0.0,210.0,True,Scotland,Centre-Back,Rangers FC
235767,John Souttar,Scottish Premiership Top Six Split,False,1.0,0.0,0.0,0.0,0.0,90.0,True,Scotland,Centre-Back,Rangers FC
235767,John Souttar,SFA Cup,False,1.0,0.0,0.0,0.0,0.0,15.0,True,Scotland,Centre-Back,Rangers FC
235767,John Souttar,TOTAL,True,38.0,0.0,0.0,11.0,0.0,3184.0,True,Scotland,Centre-Back,Rangers FC
236168,Brandon Mechele,Jupiler Pro League,False,29.0,4.0,2.0,4.0,0.0,2535.0,True,Belgium,Centre-Back,Club Brugge KV
236168,Brandon Mechele,UEFA Champions League,False,10.0,1.0,1.0,0.0,0.0,898.0,True,Belgium,Centre-Back,Club Brugge KV
236168,Brandon Mechele,Jupiler Pro League Champions' Play-Offs,False,10.0,1.0,0.0,0.0,0.0,900.0,True,Belgium,Centre-Back,Club Brugge KV
236168,Brandon Mechele,Champions League Qu.,False,4.0,1.0,0.0,0.0,0.0,360.0,True,Belgium,Centre-Back,Club Brugge KV
236168,Brandon Mechele,Croky Cup,False,3.0,1.0,0.0,0.0,0.0,225.0,True,Belgium,Centre-Back,Club Brugge KV
236168,Brandon Mechele,Volkswagen Supercup,False,1.0,0.0,0.0,0.0,0.0,90.0,True,Belgium,Centre-Back,Club Brugge KV
236168,Brandon Mechele,TOTAL,True,57.0,8.0,3.0,4.0,0.0,5008.0,True,Belgium,Centre-Back,Club Brugge KV
237425,Yasser Ibrahim,Premier League,False,14.0,1.0,0.0,4.0,0.0,1215.0,True,Egypt,Centre-Back,Al Ahly FC
237425,Yasser Ibrahim,CAF-Champions League,False,10.0,0.0,0.0,2.0,0.0,813.0,True,Egypt,Centre-Back,Al Ahly FC
237425,Yasser Ibrahim,Championship Playoff,False,4.0,1.0,0.0,0.0,0.0,351.0,True,Egypt,Centre-Back,Al Ahly FC
237425,Yasser Ibrahim,Egyptian Super Cup,False,2.0,0.0,0.0,0.0,0.0,180.0,True,Egypt,Centre-Back,Al Ahly FC
237425,Yasser Ibrahim,Egyptian League Cup,False,0.0,0.0,0.0,0.0,0.0,0.0,True,Egypt,Centre-Back,Al Ahly FC
237425,Yasser Ibrahim,Egypt Cup,False,0.0,0.0,0.0,0.0,0.0,0.0,True,Egypt,Centre-Back,Al Ahly FC
237425,Yasser Ibrahim,TOTAL,True,30.0,2.0,0.0,6.0,0.0,2559.0,True,Egypt,Centre-Back,Al Ahly FC
237846,Edmílson Junior,Stars League,False,19.0,5.0,1.0,4.0,0.0,1529.0,True,Qatar,Left Winger,Al-Duhail SC
237846,Edmílson Junior,AFC Champions League,False,8.0,2.0,3.0,0.0,0.0,705.0,True,Qatar,Left Winger,Al-Duhail SC
237846,Edmílson Junior,Amir Cup,False,3.0,0.0,1.0,0.0,0.0,270.0,True,Qatar,Left Winger,Al-Duhail SC
237846,Edmílson Junior,QSL Cup,False,1.0,0.0,0.0,0.0,0.0,90.0,True,Qatar,Left Winger,Al-Duhail SC
237846,Edmílson Junior,AFC CL Elite Qualif.,False,1.0,0.0,0.0,0.0,0.0,73.0,True,Qatar,Left Winger,Al-Duhail SC
237846,Edmílson Junior,TOTAL,True,32.0,7.0,5.0,4.0,0.0,2667.0,True,Qatar,Left Winger,Al-Duhail SC
238223,Ederson,Süper Lig,False,24.0,24.0,8.0,6.0,1.0,2132.0,True,Brazil,Goalkeeper,Fenerbahce
238223,Ederson,Europa League,False,9.0,10.0,3.0,1.0,0.0,810.0,True,Brazil,Goalkeeper,Fenerbahce
238223,Ederson,TFF Süper Kupa,False,2.0,0.0,2.0,0.0,0.0,180.0,True,Brazil,Goalkeeper,Fenerbahce
238223,Ederson,Türkiye Kupasi,False,1.0,1.0,0.0,0.0,0.0,120.0,True,Brazil,Goalkeeper,Fenerbahce
238223,Ederson,Premier League,False,0.0,0.0,0.0,0.0,0.0,0.0,True,Brazil,Goalkeeper,Fenerbahce
238223,Ederson,TOTAL,True,36.0,35.0,13.0,7.0,1.0,3242.0,True,Brazil,Goalkeeper,Fenerbahce
238266,Duje Caleta-Car,LaLiga,False,27.0,1.0,0.0,6.0,0.0,2150.0,True,Croatia,Centre-Back,Real Sociedad
238266,Duje Caleta-Car,Copa del Rey,False,5.0,0.0,0.0,2.0,0.0,479.0,True,Croatia,Centre-Back,Real Sociedad
238266,Duje Caleta-Car,TOTAL,True,32.0,1.0,0.0,8.0,0.0,2629.0,True,Croatia,Centre-Back,Real Sociedad
238407,Alexander Sørloth,LaLiga,False,35.0,13.0,0.0,4.0,0.0,1981.0,True,Norway,Centre-Forward,Atlético de Madrid
238407,Alexander Sørloth,UEFA Champions League,False,14.0,6.0,1.0,1.0,0.0,617.0,True,Norway,Centre-Forward,Atlético de Madrid
238407,Alexander Sørloth,Copa del Rey,False,4.0,0.0,0.0,0.0,0.0,144.0,True,Norway,Centre-Forward,Atlético de Madrid
238407,Alexander Sørloth,Supercopa,False,1.0,1.0,0.0,0.0,0.0,74.0,True,Norway,Centre-Forward,Atlético de Madrid
238407,Alexander Sørloth,TOTAL,True,54.0,20.0,1.0,5.0,0.0,2816.0,True,Norway,Centre-Forward,Atlético de Madrid
238997,Ahmed Reda Tagnaouti,Botola Pro Inwi,False,16.0,8.0,10.0,0.0,0.0,1434.0,True,Morocco,Goalkeeper,AS FAR Rabat
238997,Ahmed Reda Tagnaouti,CAF-Champions League,False,13.0,7.0,5.0,3.0,0.0,1170.0,True,Morocco,Goalkeeper,AS FAR Rabat
238997,Ahmed Reda Tagnaouti,Coupe du Trône Marocaine,False,0.0,0.0,0.0,0.0,0.0,0.0,True,Morocco,Goalkeeper,AS FAR Rabat
238997,Ahmed Reda Tagnaouti,TOTAL,True,29.0,15.0,15.0,3.0,0.0,2604.0,True,Morocco,Goalkeeper,AS FAR Rabat
240306,Bruno Fernandes,Premier League,False,35.0,9.0,21.0,5.0,0.0,3068.0,True,Portugal,Attacking Midfield,Manchester United
240306,Bruno Fernandes,FA Cup,False,1.0,0.0,1.0,0.0,0.0,90.0,True,Portugal,Attacking Midfield,Manchester United
240306,Bruno Fernandes,EFL Cup,False,1.0,0.0,0.0,0.0,0.0,45.0,True,Portugal,Attacking Midfield,Manchester United
240306,Bruno Fernandes,TOTAL,True,37.0,9.0,22.0,5.0,0.0,3203.0,True,Portugal,Attacking Midfield,Manchester United
240752,Gervane Kastaneer,Super League,False,13.0,4.0,3.0,3.0,0.0,1077.0,True,Curaçao,Centre-Forward,Terengganu FC
240752,Gervane Kastaneer,Super League,False,7.0,1.0,5.0,2.0,0.0,561.0,True,Curaçao,Centre-Forward,Terengganu FC
240752,Gervane Kastaneer,Piala Malaysia,False,2.0,1.0,0.0,1.0,0.0,171.0,True,Curaçao,Centre-Forward,Terengganu FC
240752,Gervane Kastaneer,TOTAL,True,22.0,6.0,8.0,6.0,0.0,1809.0,True,Curaçao,Centre-Forward,Terengganu FC
241457,Derrick Luckassen,Cyprus League,False,28.0,5.0,0.0,11.0,1.0,2421.0,True,Ghana,Centre-Back,Pafos FC
241457,Derrick Luckassen,UEFA Champions League,False,8.0,1.0,0.0,1.0,0.0,720.0,True,Ghana,Centre-Back,Pafos FC
241457,Derrick Luckassen,Champions League Qu.,False,6.0,0.0,0.0,1.0,0.0,540.0,True,Ghana,Centre-Back,Pafos FC
241457,Derrick Luckassen,Kypello Kyprou,False,4.0,0.0,0.0,1.0,0.0,360.0,True,Ghana,Centre-Back,Pafos FC
241457,Derrick Luckassen,Cypriot Super Cup,False,1.0,0.0,0.0,1.0,0.0,90.0,True,Ghana,Centre-Back,Pafos FC
241457,Derrick Luckassen,TOTAL,True,47.0,6.0,0.0,15.0,1.0,4131.0,True,Ghana,Centre-Back,Pafos FC
241641,Bernardo Silva,Premier League,False,38.0,2.0,4.0,9.0,0.0,2888.0,True,Portugal,Attacking Midfield,Manchester City
241641,Bernardo Silva,UEFA Champions League,False,8.0,1.0,0.0,3.0,0.0,551.0,True,Portugal,Attacking Midfield,Manchester City
241641,Bernardo Silva,FA Cup,False,4.0,0.0,0.0,1.0,0.0,211.0,True,Portugal,Attacking Midfield,Manchester City
241641,Bernardo Silva,EFL Cup,False,3.0,0.0,1.0,1.0,0.0,204.0,True,Portugal,Attacking Midfield,Manchester City
241641,Bernardo Silva,TOTAL,True,53.0,3.0,5.0,14.0,0.0,3854.0,True,Portugal,Attacking Midfield,Manchester City
242086,Patrik Schick,Bundesliga,False,28.0,16.0,3.0,2.0,0.0,1996.0,True,Czech Republic,Centre-Forward,Bayer 04 Leverkusen
242086,Patrik Schick,UEFA Champions League,False,9.0,4.0,1.0,0.0,0.0,537.0,True,Czech Republic,Centre-Forward,Bayer 04 Leverkusen
242086,Patrik Schick,DFB-Pokal,False,5.0,2.0,0.0,0.0,0.0,332.0,True,Czech Republic,Centre-Forward,Bayer 04 Leverkusen
242086,Patrik Schick,TOTAL,True,42.0,22.0,4.0,2.0,0.0,2865.0,True,Czech Republic,Centre-Forward,Bayer 04 Leverkusen
242089,Jindrich Stanek,Chance Liga,False,18.0,17.0,6.0,1.0,0.0,1620.0,True,Czech Republic,Goalkeeper,SK Slavia Prague
242089,Jindrich Stanek,UEFA Champions League,False,6.0,16.0,1.0,0.0,0.0,540.0,True,Czech Republic,Goalkeeper,SK Slavia Prague
242089,Jindrich Stanek,Chance Liga Champion Gr.,False,1.0,3.0,0.0,0.0,0.0,90.0,True,Czech Republic,Goalkeeper,SK Slavia Prague
242089,Jindrich Stanek,MOL Cup,False,0.0,0.0,0.0,0.0,0.0,0.0,True,Czech Republic,Goalkeeper,SK Slavia Prague
242089,Jindrich Stanek,TOTAL,True,25.0,36.0,7.0,1.0,0.0,2250.0,True,Czech Republic,Goalkeeper,SK Slavia Prague
242267,Saleh Al-Shehri,Saudi Pro League,False,18.0,3.0,2.0,1.0,0.0,422.0,True,Saudi Arabia,Centre-Forward,Al-Ittihad Club
242267,Saleh Al-Shehri,AFC Champions League,False,4.0,0.0,0.0,0.0,0.0,81.0,True,Saudi Arabia,Centre-Forward,Al-Ittihad Club
242267,Saleh Al-Shehri,King's Cup,False,2.0,1.0,0.0,0.0,0.0,139.0,True,Saudi Arabia,Centre-Forward,Al-Ittihad Club
242267,Saleh Al-Shehri,Saudi Super Cup,False,1.0,0.0,0.0,0.0,0.0,8.0,True,Saudi Arabia,Centre-Forward,Al-Ittihad Club
242267,Saleh Al-Shehri,TOTAL,True,25.0,4.0,2.0,1.0,0.0,650.0,True,Saudi Arabia,Centre-Forward,Al-Ittihad Club
242277,Vozinha,Liga Portugal 2,False,19.0,23.0,6.0,0.0,0.0,1710.0,True,Cape Verde,Goalkeeper,GD Chaves
242277,Vozinha,Taça de Portugal,False,0.0,0.0,0.0,0.0,0.0,0.0,True,Cape Verde,Goalkeeper,GD Chaves
242277,Vozinha,TOTAL,True,19.0,23.0,6.0,0.0,0.0,1710.0,True,Cape Verde,Goalkeeper,GD Chaves
242359,Juan Musso,,False,,,,,,,False,Argentina,Goalkeeper,Atlético de Madrid
243298,Ismael Díaz,Liga MX Clausura,False,15.0,5.0,5.0,0.0,0.0,1162.0,True,Panama,Left Winger,Club León FC
243298,Ismael Díaz,Liga MX Apertura,False,12.0,5.0,1.0,0.0,0.0,770.0,True,Panama,Left Winger,Club León FC
243298,Ismael Díaz,TOTAL,True,27.0,10.0,6.0,0.0,0.0,1932.0,True,Panama,Left Winger,Club León FC
243633,Aaron Tshibola,Super League 1,False,10.0,0.0,0.0,0.0,0.0,373.0,True,Democratic Republic of the Congo,Central Midfield,Kilmarnock FC
243633,Aaron Tshibola,Premiership,False,9.0,0.0,0.0,3.0,0.0,464.0,True,Democratic Republic of the Congo,Central Midfield,Kilmarnock FC
243633,Aaron Tshibola,Premiership Relegation,False,5.0,0.0,0.0,0.0,0.0,422.0,True,Democratic Republic of the Congo,Central Midfield,Kilmarnock FC
243633,Aaron Tshibola,Kypello Elladas,False,5.0,0.0,0.0,1.0,0.0,372.0,True,Democratic Republic of the Congo,Central Midfield,Kilmarnock FC
243633,Aaron Tshibola,TOTAL,True,29.0,0.0,0.0,4.0,0.0,1631.0,True,Democratic Republic of the Congo,Central Midfield,Kilmarnock FC
243879,Charles Pickel,LaLiga,False,24.0,1.0,0.0,2.0,1.0,693.0,True,Democratic Republic of the Congo,Defensive Midfield,RCD Espanyol Barcelona
243879,Charles Pickel,Copa del Rey,False,2.0,0.0,0.0,1.0,0.0,163.0,True,Democratic Republic of the Congo,Defensive Midfield,RCD Espanyol Barcelona
243879,Charles Pickel,Serie A,False,0.0,0.0,0.0,0.0,0.0,0.0,True,Democratic Republic of the Congo,Defensive Midfield,RCD Espanyol Barcelona
243879,Charles Pickel,Italy Cup,False,0.0,0.0,0.0,0.0,0.0,0.0,True,Democratic Republic of the Congo,Defensive Midfield,RCD Espanyol Barcelona
243879,Charles Pickel,TOTAL,True,26.0,1.0,0.0,3.0,1.0,856.0,True,Democratic Republic of the Congo,Defensive Midfield,RCD Espanyol Barcelona
245537,Nabil Bentaleb,Ligue 1,False,26.0,2.0,2.0,3.0,0.0,1278.0,True,Algeria,Defensive Midfield,LOSC Lille
245537,Nabil Bentaleb,Europa League,False,9.0,0.0,0.0,0.0,0.0,548.0,True,Algeria,Defensive Midfield,LOSC Lille
245537,Nabil Bentaleb,Coupe de France,False,2.0,0.0,0.0,0.0,0.0,180.0,True,Algeria,Defensive Midfield,LOSC Lille
245537,Nabil Bentaleb,TOTAL,True,37.0,2.0,2.0,3.0,0.0,2006.0,True,Algeria,Defensive Midfield,LOSC Lille
248454,Nikola Vasilj,Bundesliga,False,34.0,60.0,5.0,0.0,0.0,3060.0,True,Bosnia and Herzegovina,Goalkeeper,FC St. Pauli
248454,Nikola Vasilj,DFB-Pokal,False,2.0,1.0,0.0,0.0,0.0,210.0,True,Bosnia and Herzegovina,Goalkeeper,FC St. Pauli
248454,Nikola Vasilj,TOTAL,True,36.0,61.0,5.0,0.0,0.0,3270.0,True,Bosnia and Herzegovina,Goalkeeper,FC St. Pauli
249271,Saeed Ezatolahi,UAE Pro League,False,22.0,5.0,1.0,5.0,0.0,1701.0,True,Iran,Defensive Midfield,Shabab Al-Ahli Club
249271,Saeed Ezatolahi,AFC Champions League,False,10.0,3.0,1.0,2.0,0.0,785.0,True,Iran,Defensive Midfield,Shabab Al-Ahli Club
249271,Saeed Ezatolahi,UAE President's Cup,False,3.0,1.0,0.0,2.0,0.0,211.0,True,Iran,Defensive Midfield,Shabab Al-Ahli Club
249271,Saeed Ezatolahi,UAE Super Cup,False,1.0,0.0,0.0,0.0,0.0,13.0,True,Iran,Defensive Midfield,Shabab Al-Ahli Club
249271,Saeed Ezatolahi,UAE League Cup,False,0.0,0.0,0.0,0.0,0.0,0.0,True,Iran,Defensive Midfield,Shabab Al-Ahli Club
249271,Saeed Ezatolahi,TOTAL,True,36.0,9.0,2.0,9.0,0.0,2710.0,True,Iran,Defensive Midfield,Shabab Al-Ahli Club
249303,Dennis Eckert Ayensa,Jupiler Pro League,False,27.0,3.0,0.0,1.0,0.0,1638.0,True,Iran,Centre-Forward,Standard Liège
249303,Dennis Eckert Ayensa,JPL Europe Play-Offs,False,8.0,2.0,0.0,1.0,0.0,348.0,True,Iran,Centre-Forward,Standard Liège
249303,Dennis Eckert Ayensa,Croky Cup,False,2.0,2.0,0.0,0.0,0.0,105.0,True,Iran,Centre-Forward,Standard Liège
249303,Dennis Eckert Ayensa,TOTAL,True,37.0,7.0,0.0,2.0,0.0,2091.0,True,Iran,Centre-Forward,Standard Liège
249360,Ali Alipour,Persian Gulf League,False,22.0,6.0,6.0,3.0,0.0,1948.0,True,Iran,Centre-Forward,Persepolis FC
249360,Ali Alipour,Hazfi Cup,False,1.0,0.0,1.0,0.0,0.0,120.0,True,Iran,Centre-Forward,Persepolis FC
249360,Ali Alipour,Champions League Two Play-off,False,0.0,0.0,0.0,0.0,0.0,0.0,True,Iran,Centre-Forward,Persepolis FC
249360,Ali Alipour,TOTAL,True,23.0,6.0,7.0,3.0,0.0,2068.0,True,Iran,Centre-Forward,Persepolis FC
249400,Hossein Kanaani,Persian Gulf League,False,18.0,1.0,0.0,1.0,0.0,1482.0,True,Iran,Centre-Back,Persepolis FC
249400,Hossein Kanaani,Hazfi Cup,False,1.0,1.0,0.0,1.0,0.0,120.0,True,Iran,Centre-Back,Persepolis FC
249400,Hossein Kanaani,Champions League Two Play-off,False,0.0,0.0,0.0,0.0,0.0,0.0,True,Iran,Centre-Back,Persepolis FC
249400,Hossein Kanaani,TOTAL,True,19.0,2.0,0.0,2.0,0.0,1602.0,True,Iran,Centre-Back,Persepolis FC
249565,Youri Tielemans,Premier League,False,25.0,0.0,4.0,0.0,0.0,1863.0,True,Belgium,Central Midfield,Aston Villa
249565,Youri Tielemans,Europa League,False,9.0,2.0,3.0,2.0,0.0,642.0,True,Belgium,Central Midfield,Aston Villa
249565,Youri Tielemans,FA Cup,False,1.0,0.0,0.0,0.0,0.0,81.0,True,Belgium,Central Midfield,Aston Villa
249565,Youri Tielemans,EFL Cup,False,0.0,0.0,0.0,0.0,0.0,0.0,True,Belgium,Central Midfield,Aston Villa
249565,Youri Tielemans,TOTAL,True,35.0,2.0,7.0,2.0,0.0,2586.0,True,Belgium,Central Midfield,Aston Villa
249994,José Sá,Premier League,False,23.0,37.0,4.0,2.0,0.0,2070.0,True,Portugal,Goalkeeper,Wolverhampton Wanderers
249994,José Sá,EFL Cup,False,1.0,4.0,0.0,0.0,0.0,90.0,True,Portugal,Goalkeeper,Wolverhampton Wanderers
249994,José Sá,FA Cup,False,0.0,0.0,0.0,0.0,0.0,0.0,True,Portugal,Goalkeeper,Wolverhampton Wanderers
249994,José Sá,TOTAL,True,24.0,41.0,4.0,2.0,0.0,2160.0,True,Portugal,Goalkeeper,Wolverhampton Wanderers
251183,Ahmed Fathi,Stars League,False,19.0,0.0,1.0,8.0,0.0,1578.0,True,Qatar,Defensive Midfield,Al-Arabi SC
251183,Ahmed Fathi,Amir Cup,False,2.0,0.0,0.0,0.0,0.0,180.0,True,Qatar,Defensive Midfield,Al-Arabi SC
251183,Ahmed Fathi,QSL Cup,False,0.0,0.0,0.0,0.0,0.0,0.0,True,Qatar,Defensive Midfield,Al-Arabi SC
251183,Ahmed Fathi,TOTAL,True,21.0,0.0,1.0,8.0,0.0,1758.0,True,Qatar,Defensive Midfield,Al-Arabi SC
251295,Dzenis Burnic,2. Bundesliga,False,32.0,1.0,2.0,9.0,0.0,2086.0,True,Bosnia and Herzegovina,Defensive Midfield,Karlsruher SC
251295,Dzenis Burnic,DFB-Pokal,False,1.0,0.0,0.0,0.0,0.0,30.0,True,Bosnia and Herzegovina,Defensive Midfield,Karlsruher SC
251295,Dzenis Burnic,TOTAL,True,33.0,1.0,2.0,9.0,0.0,2116.0,True,Bosnia and Herzegovina,Defensive Midfield,Karlsruher SC
251664,Ivan Toney,Saudi Pro League,False,32.0,32.0,7.0,4.0,0.0,2750.0,True,England,Centre-Forward,Al-Ahli SFC
251664,Ivan Toney,AFC Champions League,False,10.0,2.0,3.0,2.0,0.0,810.0,True,England,Centre-Forward,Al-Ahli SFC
251664,Ivan Toney,King's Cup,False,4.0,6.0,1.0,0.0,0.0,420.0,True,England,Centre-Forward,Al-Ahli SFC
251664,Ivan Toney,Saudi Super Cup,False,2.0,1.0,0.0,2.0,0.0,180.0,True,England,Centre-Forward,Al-Ahli SFC
251664,Ivan Toney,FIFA Intercontinental Cup,False,1.0,1.0,0.0,0.0,0.0,90.0,True,England,Centre-Forward,Al-Ahli SFC
251664,Ivan Toney,TOTAL,True,49.0,42.0,11.0,8.0,0.0,4250.0,True,England,Centre-Forward,Al-Ahli SFC
254285,Lawrence Ati Zigi,Super League,False,35.0,45.0,7.0,1.0,0.0,3150.0,True,Ghana,Goalkeeper,FC St. Gallen 1879
254285,Lawrence Ati Zigi,Swiss Cup,False,2.0,0.0,2.0,0.0,0.0,135.0,True,Ghana,Goalkeeper,FC St. Gallen 1879
254285,Lawrence Ati Zigi,TOTAL,True,37.0,45.0,9.0,1.0,0.0,3285.0,True,Ghana,Goalkeeper,FC St. Gallen 1879
255508,Iñaki Williams,LaLiga,False,30.0,3.0,6.0,2.0,0.0,2168.0,True,Ghana,Right Winger,Athletic Bilbao
255508,Iñaki Williams,Copa del Rey,False,5.0,1.0,0.0,0.0,0.0,313.0,True,Ghana,Right Winger,Athletic Bilbao
255508,Iñaki Williams,UEFA Champions League,False,3.0,0.0,0.0,0.0,0.0,173.0,True,Ghana,Right Winger,Athletic Bilbao
255508,Iñaki Williams,Supercopa,False,1.0,0.0,0.0,0.0,0.0,54.0,True,Ghana,Right Winger,Athletic Bilbao
255508,Iñaki Williams,TOTAL,True,39.0,4.0,6.0,2.0,0.0,2708.0,True,Ghana,Right Winger,Athletic Bilbao
255729,Awer Mabil,LaLiga2,False,30.0,3.0,6.0,3.0,0.0,1721.0,True,Australia,Left Winger,CD Castellón
255729,Awer Mabil,Copa del Rey,False,1.0,0.0,0.0,0.0,0.0,85.0,True,Australia,Left Winger,CD Castellón
255729,Awer Mabil,Promoción a LaLiga,False,0.0,0.0,0.0,0.0,0.0,0.0,True,Australia,Left Winger,CD Castellón
255729,Awer Mabil,TOTAL,True,31.0,3.0,6.0,3.0,0.0,1806.0,True,Australia,Left Winger,CD Castellón
255788,Cameron Burgess,Championship,False,46.0,0.0,0.0,7.0,0.0,4140.0,True,Australia,Centre-Back,Swansea City
255788,Cameron Burgess,EFL Cup,False,4.0,2.0,0.0,1.0,0.0,332.0,True,Australia,Centre-Back,Swansea City
255788,Cameron Burgess,FA Cup,False,1.0,0.0,0.0,0.0,0.0,59.0,True,Australia,Centre-Back,Swansea City
255788,Cameron Burgess,TOTAL,True,51.0,2.0,0.0,8.0,0.0,4531.0,True,Australia,Centre-Back,Swansea City
255901,Rodrigo De Paul,MLS,False,13.0,4.0,4.0,4.0,0.0,1170.0,True,Argentina,Central Midfield,Inter Miami CF
255901,Rodrigo De Paul,CONCACAF Champions Cup,False,2.0,0.0,0.0,0.0,0.0,180.0,True,Argentina,Central Midfield,Inter Miami CF
255901,Rodrigo De Paul,LaLiga,False,0.0,0.0,0.0,0.0,0.0,0.0,True,Argentina,Central Midfield,Inter Miami CF
255901,Rodrigo De Paul,UEFA Champions League,False,0.0,0.0,0.0,0.0,0.0,0.0,True,Argentina,Central Midfield,Inter Miami CF
255901,Rodrigo De Paul,Copa del Rey,False,0.0,0.0,0.0,0.0,0.0,0.0,True,Argentina,Central Midfield,Inter Miami CF
255901,Rodrigo De Paul,Supercopa,False,0.0,0.0,0.0,0.0,0.0,0.0,True,Argentina,Central Midfield,Inter Miami CF
255901,Rodrigo De Paul,TOTAL,True,15.0,4.0,4.0,4.0,0.0,1350.0,True,Argentina,Central Midfield,Inter Miami CF
255906,Scott McKenna,SuperSport HNL,False,30.0,2.0,3.0,3.0,0.0,2627.0,True,Scotland,Centre-Back,GNK Dinamo Zagreb
255906,Scott McKenna,Europa League,False,10.0,0.0,0.0,0.0,0.0,909.0,True,Scotland,Centre-Back,GNK Dinamo Zagreb
255906,Scott McKenna,Hrvatski nogometni kup,False,2.0,0.0,0.0,1.0,0.0,180.0,True,Scotland,Centre-Back,GNK Dinamo Zagreb
255906,Scott McKenna,TOTAL,True,42.0,2.0,3.0,4.0,0.0,3716.0,True,Scotland,Centre-Back,GNK Dinamo Zagreb
256019,Alex Rufer,A-League Men,False,23.0,2.0,1.0,8.0,0.0,2044.0,True,New Zealand,Defensive Midfield,Wellington Phoenix
256019,Alex Rufer,TOTAL,True,23.0,2.0,1.0,8.0,0.0,2044.0,True,New Zealand,Defensive Midfield,Wellington Phoenix
258004,Rúben Dias,Premier League,False,26.0,2.0,0.0,3.0,0.0,2140.0,True,Portugal,Centre-Back,Manchester City
258004,Rúben Dias,UEFA Champions League,False,7.0,0.0,0.0,1.0,0.0,506.0,True,Portugal,Centre-Back,Manchester City
258004,Rúben Dias,FA Cup,False,0.0,0.0,0.0,0.0,0.0,0.0,True,Portugal,Centre-Back,Manchester City
258004,Rúben Dias,EFL Cup,False,0.0,0.0,0.0,0.0,0.0,0.0,True,Portugal,Centre-Back,Manchester City
258004,Rúben Dias,TOTAL,True,33.0,2.0,0.0,4.0,0.0,2646.0,True,Portugal,Centre-Back,Manchester City
258304,Ricardo Goss,Betway Premiership,False,29.0,26.0,14.0,3.0,0.0,2610.0,True,South Africa,Goalkeeper,Siwelele Football Club 
258304,Ricardo Goss,Nedbank Cup,False,1.0,3.0,0.0,0.0,0.0,120.0,True,South Africa,Goalkeeper,Siwelele Football Club 
258304,Ricardo Goss,Carling Knockout,False,0.0,0.0,0.0,0.0,0.0,0.0,True,South Africa,Goalkeeper,Siwelele Football Club 
258304,Ricardo Goss,TOTAL,True,30.0,29.0,14.0,3.0,0.0,2730.0,True,South Africa,Goalkeeper,Siwelele Football Club 
258513,Laros Duarte,NB I.,False,30.0,0.0,6.0,5.0,0.0,2469.0,True,Cape Verde,Defensive Midfield,Puskás Akadémia FC
258513,Laros Duarte,UECL Qualifying,False,2.0,0.0,0.0,1.0,0.0,164.0,True,Cape Verde,Defensive Midfield,Puskás Akadémia FC
258513,Laros Duarte,Magyar Kupa,False,1.0,0.0,0.0,0.0,0.0,76.0,True,Cape Verde,Defensive Midfield,Puskás Akadémia FC
258513,Laros Duarte,TOTAL,True,33.0,0.0,6.0,6.0,0.0,2709.0,True,Cape Verde,Defensive Midfield,Puskás Akadémia FC
258919,Dean Henderson,Premier League,False,37.0,51.0,11.0,5.0,0.0,3330.0,True,England,Goalkeeper,Crystal Palace
258919,Dean Henderson,Conference League,False,12.0,9.0,5.0,0.0,0.0,1080.0,True,England,Goalkeeper,Crystal Palace
258919,Dean Henderson,UECL Qualifying,False,2.0,0.0,2.0,0.0,0.0,180.0,True,England,Goalkeeper,Crystal Palace
258919,Dean Henderson,Community Shield,False,1.0,2.0,0.0,0.0,0.0,90.0,True,England,Goalkeeper,Crystal Palace
258919,Dean Henderson,FA Cup,False,0.0,0.0,0.0,0.0,0.0,0.0,True,England,Goalkeeper,Crystal Palace
258919,Dean Henderson,EFL Cup,False,0.0,0.0,0.0,0.0,0.0,0.0,True,England,Goalkeeper,Crystal Palace
258919,Dean Henderson,TOTAL,True,52.0,62.0,18.0,5.0,0.0,4680.0,True,England,Goalkeeper,Crystal Palace
258923,Marcus Rashford,LaLiga,False,32.0,8.0,9.0,3.0,0.0,1762.0,True,England,Left Winger,FC Barcelona
258923,Marcus Rashford,UEFA Champions League,False,11.0,5.0,4.0,0.0,0.0,579.0,True,England,Left Winger,FC Barcelona
258923,Marcus Rashford,Copa del Rey,False,4.0,1.0,1.0,0.0,0.0,249.0,True,England,Left Winger,FC Barcelona
258923,Marcus Rashford,Supercopa,False,2.0,0.0,0.0,0.0,0.0,32.0,True,England,Left Winger,FC Barcelona
258923,Marcus Rashford,TOTAL,True,49.0,14.0,14.0,3.0,0.0,2622.0,True,England,Left Winger,FC Barcelona
260807,Jonathan Osorio,MLS,False,14.0,0.0,3.0,5.0,0.0,1260.0,True,Canada,Central Midfield,Toronto FC
260807,Jonathan Osorio,Canadian Championship,False,1.0,0.0,0.0,0.0,0.0,45.0,True,Canada,Central Midfield,Toronto FC
260807,Jonathan Osorio,TOTAL,True,15.0,0.0,3.0,5.0,0.0,1305.0,True,Canada,Central Midfield,Toronto FC
260859,Hassan Kadesh,Saudi Pro League,False,27.0,1.0,0.0,0.0,0.0,2274.0,True,Saudi Arabia,Left-Back,Al-Ittihad Club
260859,Hassan Kadesh,AFC Champions League,False,6.0,0.0,1.0,0.0,0.0,473.0,True,Saudi Arabia,Left-Back,Al-Ittihad Club
260859,Hassan Kadesh,King's Cup,False,2.0,0.0,0.0,0.0,0.0,210.0,True,Saudi Arabia,Left-Back,Al-Ittihad Club
260859,Hassan Kadesh,Saudi Super Cup,False,0.0,0.0,0.0,0.0,0.0,0.0,True,Saudi Arabia,Left-Back,Al-Ittihad Club
260859,Hassan Kadesh,TOTAL,True,35.0,1.0,1.0,0.0,0.0,2957.0,True,Saudi Arabia,Left-Back,Al-Ittihad Club
261503,Álvaro Fidalgo,Liga MX Apertura,False,16.0,1.0,0.0,1.0,0.0,1096.0,True,Mexico,Central Midfield,Real Betis Balompié
261503,Álvaro Fidalgo,LaLiga,False,9.0,1.0,0.0,0.0,0.0,547.0,True,Mexico,Central Midfield,Real Betis Balompié
261503,Álvaro Fidalgo,Europa League,False,3.0,0.0,0.0,0.0,0.0,157.0,True,Mexico,Central Midfield,Real Betis Balompié
261503,Álvaro Fidalgo,Liga MX Clausura,False,3.0,0.0,0.0,0.0,0.0,270.0,True,Mexico,Central Midfield,Real Betis Balompié
261503,Álvaro Fidalgo,Liguilla Apertura,False,2.0,0.0,0.0,0.0,0.0,168.0,True,Mexico,Central Midfield,Real Betis Balompié
261503,Álvaro Fidalgo,Copa del Rey,False,1.0,0.0,0.0,0.0,0.0,45.0,True,Mexico,Central Midfield,Real Betis Balompié
261503,Álvaro Fidalgo,TOTAL,True,34.0,2.0,0.0,1.0,0.0,2283.0,True,Mexico,Central Midfield,Real Betis Balompié
261837,Noor Bane Ataya,Jordanian Pro League,False,24.0,22.0,7.0,1.0,0.0,2135.0,True,Jordan,Goalkeeper,Al-Faisaly SC
261837,Noor Bane Ataya,TOTAL,True,24.0,22.0,7.0,1.0,0.0,2135.0,True,Jordan,Goalkeeper,Al-Faisaly SC
261842,Rajaei Ayed,Jordanian Pro League,False,23.0,1.0,3.0,5.0,0.0,1929.0,True,Jordan,Central Midfield,Al-Hussein SC (Irbid)
261842,Rajaei Ayed,AFC Champions League Two,False,7.0,0.0,0.0,0.0,0.0,574.0,True,Jordan,Central Midfield,Al-Hussein SC (Irbid)
261842,Rajaei Ayed,TOTAL,True,30.0,1.0,3.0,5.0,0.0,2503.0,True,Jordan,Central Midfield,Al-Hussein SC (Irbid)
261850,Yazeed Abulaila,Jordanian Pro League,False,24.0,15.0,12.0,2.0,0.0,2160.0,True,Jordan,Goalkeeper,Al-Hussein SC (Irbid)
261850,Yazeed Abulaila,AFC Champions League Two,False,5.0,6.0,2.0,0.0,0.0,450.0,True,Jordan,Goalkeeper,Al-Hussein SC (Irbid)
261850,Yazeed Abulaila,TOTAL,True,29.0,21.0,14.0,2.0,0.0,2610.0,True,Jordan,Goalkeeper,Al-Hussein SC (Irbid)
262226,Timothy Castagne,Premier League,False,30.0,0.0,0.0,4.0,0.0,1842.0,True,Belgium,Right-Back,Fulham FC
262226,Timothy Castagne,EFL Cup,False,3.0,0.0,1.0,1.0,0.0,250.0,True,Belgium,Right-Back,Fulham FC
262226,Timothy Castagne,FA Cup,False,3.0,0.0,0.0,1.0,0.0,270.0,True,Belgium,Right-Back,Fulham FC
262226,Timothy Castagne,TOTAL,True,36.0,0.0,1.0,6.0,0.0,2362.0,True,Belgium,Right-Back,Fulham FC
262845,Mohammed Al-Owais,Saudi First Division League,False,33.0,29.0,11.0,3.0,0.0,2970.0,True,Saudi Arabia,Goalkeeper,Al-Ula FC
262845,Mohammed Al-Owais,First Div. Play-off,False,2.0,3.0,0.0,0.0,0.0,240.0,True,Saudi Arabia,Goalkeeper,Al-Ula FC
262845,Mohammed Al-Owais,TOTAL,True,35.0,32.0,11.0,3.0,0.0,3210.0,True,Saudi Arabia,Goalkeeper,Al-Ula FC
262939,Johan Mojica,LaLiga,False,35.0,0.0,4.0,6.0,0.0,2726.0,True,Colombia,Left-Back,RCD Mallorca
262939,Johan Mojica,Copa del Rey,False,0.0,0.0,0.0,0.0,0.0,0.0,True,Colombia,Left-Back,RCD Mallorca
262939,Johan Mojica,TOTAL,True,35.0,0.0,4.0,6.0,0.0,2726.0,True,Colombia,Left-Back,RCD Mallorca
262980,Jefferson Lerma,Premier League,False,31.0,0.0,4.0,7.0,0.0,1724.0,True,Colombia,Defensive Midfield,Crystal Palace
262980,Jefferson Lerma,Conference League,False,11.0,0.0,0.0,0.0,0.0,504.0,True,Colombia,Defensive Midfield,Crystal Palace
262980,Jefferson Lerma,EFL Cup,False,3.0,0.0,2.0,0.0,0.0,125.0,True,Colombia,Defensive Midfield,Crystal Palace
262980,Jefferson Lerma,UECL Qualifying,False,2.0,0.0,0.0,0.0,0.0,180.0,True,Colombia,Defensive Midfield,Crystal Palace
262980,Jefferson Lerma,Community Shield,False,1.0,0.0,0.0,0.0,0.0,5.0,True,Colombia,Defensive Midfield,Crystal Palace
262980,Jefferson Lerma,FA Cup,False,0.0,0.0,0.0,0.0,0.0,0.0,True,Colombia,Defensive Midfield,Crystal Palace
262980,Jefferson Lerma,TOTAL,True,48.0,0.0,6.0,7.0,0.0,2538.0,True,Colombia,Defensive Midfield,Crystal Palace
263236,Kevin Danso,Premier League,False,24.0,0.0,0.0,8.0,0.0,1491.0,True,Austria,Centre-Back,Tottenham Hotspur
263236,Kevin Danso,UEFA Champions League,False,8.0,0.0,0.0,1.0,0.0,477.0,True,Austria,Centre-Back,Tottenham Hotspur
263236,Kevin Danso,EFL Cup,False,2.0,0.0,0.0,0.0,0.0,180.0,True,Austria,Centre-Back,Tottenham Hotspur
263236,Kevin Danso,FA Cup,False,1.0,0.0,0.0,0.0,0.0,90.0,True,Austria,Centre-Back,Tottenham Hotspur
263236,Kevin Danso,UEFA Super Cup,False,1.0,0.0,0.0,1.0,0.0,90.0,True,Austria,Centre-Back,Tottenham Hotspur
263236,Kevin Danso,TOTAL,True,36.0,0.0,0.0,10.0,0.0,2328.0,True,Austria,Centre-Back,Tottenham Hotspur
263268,Dominic Hyam,Championship,False,44.0,0.0,0.0,4.0,0.0,3952.0,True,Scotland,Centre-Back,Wrexham AFC
263268,Dominic Hyam,FA Cup,False,3.0,1.0,0.0,0.0,0.0,330.0,True,Scotland,Centre-Back,Wrexham AFC
263268,Dominic Hyam,EFL Cup,False,0.0,0.0,0.0,0.0,0.0,0.0,True,Scotland,Centre-Back,Wrexham AFC
263268,Dominic Hyam,TOTAL,True,47.0,1.0,0.0,4.0,0.0,4282.0,True,Scotland,Centre-Back,Wrexham AFC
264909,Ali Lajami,Saudi Pro League,False,25.0,0.0,0.0,0.0,0.0,627.0,True,Saudi Arabia,Centre-Back,Al-Hilal SFC
264909,Ali Lajami,AFC Champions League,False,8.0,0.0,0.0,1.0,0.0,373.0,True,Saudi Arabia,Centre-Back,Al-Hilal SFC
264909,Ali Lajami,King's Cup,False,5.0,0.0,0.0,0.0,0.0,184.0,True,Saudi Arabia,Centre-Back,Al-Hilal SFC
264909,Ali Lajami,TOTAL,True,38.0,0.0,0.0,1.0,0.0,1184.0,True,Saudi Arabia,Centre-Back,Al-Hilal SFC
265383,Abdoulaye Seck,Ligat ha'Al,False,20.0,2.0,1.0,2.0,0.0,1774.0,True,Senegal,Centre-Back,Maccabi Haifa
265383,Abdoulaye Seck,Ligat ha'Al -  Championship round,False,6.0,0.0,0.0,1.0,0.0,399.0,True,Senegal,Centre-Back,Maccabi Haifa
265383,Abdoulaye Seck,UECL Qualifying,False,4.0,1.0,0.0,1.0,0.0,360.0,True,Senegal,Centre-Back,Maccabi Haifa
265383,Abdoulaye Seck,Gvia haMedina,False,2.0,0.0,1.0,2.0,0.0,180.0,True,Senegal,Centre-Back,Maccabi Haifa
265383,Abdoulaye Seck,TOTAL,True,32.0,3.0,2.0,6.0,0.0,2713.0,True,Senegal,Centre-Back,Maccabi Haifa
265625,Ajdin Hrustic,Eredivisie,False,27.0,1.0,6.0,5.0,0.0,2222.0,True,Australia,Central Midfield,Heracles Almelo
265625,Ajdin Hrustic,KNVB Beker,False,3.0,3.0,1.0,1.0,0.0,300.0,True,Australia,Central Midfield,Heracles Almelo
265625,Ajdin Hrustic,TOTAL,True,30.0,4.0,7.0,6.0,0.0,2522.0,True,Australia,Central Midfield,Heracles Almelo
266935,Mohammed Muntari,Stars League,False,7.0,0.0,0.0,3.0,0.0,336.0,True,Qatar,Centre-Forward,Al-Gharafa SC
266935,Mohammed Muntari,AFC Champions League,False,2.0,0.0,0.0,0.0,0.0,78.0,True,Qatar,Centre-Forward,Al-Gharafa SC
266935,Mohammed Muntari,Amir Cup,False,1.0,0.0,1.0,0.0,0.0,60.0,True,Qatar,Centre-Forward,Al-Gharafa SC
266935,Mohammed Muntari,QSL Cup,False,0.0,0.0,0.0,0.0,0.0,0.0,True,Qatar,Centre-Forward,Al-Gharafa SC
266935,Mohammed Muntari,TOTAL,True,10.0,0.0,1.0,3.0,0.0,474.0,True,Qatar,Centre-Forward,Al-Gharafa SC
272622,Issa Diop,Premier League,False,13.0,1.0,0.0,2.0,0.0,814.0,True,Morocco,Centre-Back,Fulham FC
272622,Issa Diop,EFL Cup,False,3.0,0.0,0.0,0.0,0.0,270.0,True,Morocco,Centre-Back,Fulham FC
272622,Issa Diop,FA Cup,False,2.0,0.0,0.0,1.0,0.0,180.0,True,Morocco,Centre-Back,Fulham FC
272622,Issa Diop,TOTAL,True,18.0,1.0,0.0,3.0,0.0,1264.0,True,Morocco,Centre-Back,Fulham FC
272930,Jamiro Monteiro,Eredivisie,False,21.0,2.0,3.0,0.0,0.0,1276.0,True,Cape Verde,Central Midfield,PEC Zwolle
272930,Jamiro Monteiro,KNVB Beker,False,2.0,0.0,0.0,0.0,0.0,180.0,True,Cape Verde,Central Midfield,PEC Zwolle
272930,Jamiro Monteiro,TOTAL,True,23.0,2.0,3.0,0.0,0.0,1456.0,True,Cape Verde,Central Midfield,PEC Zwolle
272999,Miguel Almirón,MLS,False,8.0,0.0,3.0,0.0,0.0,658.0,True,Paraguay,Right Winger,Atlanta United FC
272999,Miguel Almirón,US Open Cup,False,1.0,0.0,0.0,0.0,0.0,25.0,True,Paraguay,Right Winger,Atlanta United FC
272999,Miguel Almirón,TOTAL,True,9.0,0.0,3.0,0.0,0.0,683.0,True,Paraguay,Right Winger,Atlanta United FC
273000,Júnior Alonso,Série A,False,10.0,0.0,0.0,2.0,0.0,900.0,True,Paraguay,Centre-Back,Clube Atlético Mineiro
273000,Júnior Alonso,Campeonato Mineiro,False,5.0,0.0,0.0,0.0,0.0,450.0,True,Paraguay,Centre-Back,Clube Atlético Mineiro
273000,Júnior Alonso,Copa Sudamericana,False,4.0,0.0,0.0,1.0,0.0,335.0,True,Paraguay,Centre-Back,Clube Atlético Mineiro
273000,Júnior Alonso,Copa do Brasil,False,0.0,0.0,0.0,0.0,0.0,0.0,True,Paraguay,Centre-Back,Clube Atlético Mineiro
273000,Júnior Alonso,TOTAL,True,19.0,0.0,0.0,3.0,0.0,1685.0,True,Paraguay,Centre-Back,Clube Atlético Mineiro
273879,Roozbeh Cheshmi,Persian Gulf League,False,15.0,1.0,0.0,3.0,0.0,1075.0,True,Iran,Defensive Midfield,Esteghlal FC
273879,Roozbeh Cheshmi,AFC Champions League Two,False,3.0,1.0,0.0,0.0,0.0,240.0,True,Iran,Defensive Midfield,Esteghlal FC
273879,Roozbeh Cheshmi,Iran Super Cup,False,1.0,1.0,0.0,1.0,0.0,90.0,True,Iran,Defensive Midfield,Esteghlal FC
273879,Roozbeh Cheshmi,Hazfi Cup,False,1.0,0.0,0.0,0.0,0.0,90.0,True,Iran,Defensive Midfield,Esteghlal FC
273879,Roozbeh Cheshmi,TOTAL,True,20.0,3.0,0.0,4.0,0.0,1495.0,True,Iran,Defensive Midfield,Esteghlal FC
278145,Ricardo Adé,LigaPro Serie A,False,11.0,1.0,0.0,3.0,0.0,840.0,True,Haiti,Centre-Back,LDU Quito
278145,Ricardo Adé,Libertadores,False,3.0,0.0,0.0,0.0,0.0,199.0,True,Haiti,Centre-Back,LDU Quito
278145,Ricardo Adé,Copa Ecuador,False,0.0,0.0,0.0,0.0,0.0,0.0,True,Haiti,Centre-Back,LDU Quito
278145,Ricardo Adé,TOTAL,True,14.0,1.0,0.0,3.0,0.0,1039.0,True,Haiti,Centre-Back,LDU Quito
27992,Luka Modrić,Serie A,False,34.0,2.0,3.0,4.0,0.0,2816.0,True,Croatia,Central Midfield,AC Milan
27992,Luka Modrić,Italy Cup,False,2.0,0.0,0.0,0.0,0.0,33.0,True,Croatia,Central Midfield,AC Milan
27992,Luka Modrić,Supercoppa Italiana,False,1.0,0.0,0.0,0.0,0.0,15.0,True,Croatia,Central Midfield,AC Milan
27992,Luka Modrić,TOTAL,True,37.0,2.0,3.0,4.0,0.0,2864.0,True,Croatia,Central Midfield,AC Milan
28003,Lionel Messi,MLS,False,14.0,12.0,7.0,2.0,0.0,1243.0,True,Argentina,Right Winger,Inter Miami CF
28003,Lionel Messi,CONCACAF Champions Cup,False,2.0,1.0,0.0,0.0,0.0,180.0,True,Argentina,Right Winger,Inter Miami CF
28003,Lionel Messi,TOTAL,True,16.0,13.0,7.0,2.0,0.0,1423.0,True,Argentina,Right Winger,Inter Miami CF
280701,Théo Bongonda,Premier Liga,False,4.0,0.0,0.0,0.0,0.0,47.0,True,Democratic Republic of the Congo,Right Winger,Spartak Moscow
280701,Théo Bongonda,Russian Cup,False,2.0,0.0,0.0,0.0,0.0,63.0,True,Democratic Republic of the Congo,Right Winger,Spartak Moscow
280701,Théo Bongonda,TOTAL,True,6.0,0.0,0.0,0.0,0.0,110.0,True,Democratic Republic of the Congo,Right Winger,Spartak Moscow
281963,Lucas Hernández,Ligue 1,False,25.0,0.0,3.0,4.0,0.0,1746.0,True,France,Left-Back,Paris Saint-Germain
281963,Lucas Hernández,UEFA Champions League,False,10.0,0.0,0.0,0.0,0.0,235.0,True,France,Left-Back,Paris Saint-Germain
281963,Lucas Hernández,Coupe de France,False,1.0,0.0,0.0,0.0,0.0,90.0,True,France,Left-Back,Paris Saint-Germain
281963,Lucas Hernández,Trophée des Champions,False,0.0,0.0,0.0,0.0,0.0,0.0,True,France,Left-Back,Paris Saint-Germain
281963,Lucas Hernández,FIFA Intercontinental Cup,False,0.0,0.0,0.0,0.0,0.0,0.0,True,France,Left-Back,Paris Saint-Germain
281963,Lucas Hernández,UEFA Super Cup,False,0.0,0.0,0.0,0.0,0.0,0.0,True,France,Left-Back,Paris Saint-Germain
281963,Lucas Hernández,TOTAL,True,36.0,0.0,3.0,4.0,0.0,2071.0,True,France,Left-Back,Paris Saint-Germain
282144,Marin Pongracic,Serie A,False,35.0,0.0,0.0,12.0,0.0,2918.0,True,Croatia,Centre-Back,ACF Fiorentina
282144,Marin Pongracic,Conference League,False,10.0,1.0,0.0,5.0,0.0,762.0,True,Croatia,Centre-Back,ACF Fiorentina
282144,Marin Pongracic,UECL Qualifying,False,2.0,0.0,0.0,0.0,0.0,115.0,True,Croatia,Centre-Back,ACF Fiorentina
282144,Marin Pongracic,Italy Cup,False,1.0,0.0,0.0,0.0,0.0,6.0,True,Croatia,Centre-Back,ACF Fiorentina
282144,Marin Pongracic,TOTAL,True,48.0,1.0,0.0,17.0,0.0,3801.0,True,Croatia,Centre-Back,ACF Fiorentina
283473,Yoel Bárcenas,Liga MX Clausura,False,17.0,3.0,1.0,2.0,0.0,1398.0,True,Panama,Right Winger,Mazatlán FC
283473,Yoel Bárcenas,Liga MX Apertura,False,13.0,0.0,0.0,1.0,0.0,857.0,True,Panama,Right Winger,Mazatlán FC
283473,Yoel Bárcenas,TOTAL,True,30.0,3.0,1.0,3.0,0.0,2255.0,True,Panama,Right Winger,Mazatlán FC
283489,Luca Zidane,LaLiga2,False,26.0,33.0,8.0,0.0,0.0,2340.0,True,Algeria,Goalkeeper,Granada CF
283489,Luca Zidane,Copa del Rey,False,1.0,0.0,1.0,0.0,0.0,90.0,True,Algeria,Goalkeeper,Granada CF
283489,Luca Zidane,TOTAL,True,27.0,33.0,9.0,0.0,0.0,2430.0,True,Algeria,Goalkeeper,Granada CF
283628,Tomáš Souček,Premier League,False,35.0,5.0,0.0,3.0,0.0,2199.0,True,Czech Republic,Defensive Midfield,West Ham United
283628,Tomáš Souček,FA Cup,False,3.0,0.0,0.0,1.0,0.0,244.0,True,Czech Republic,Defensive Midfield,West Ham United
283628,Tomáš Souček,EFL Cup,False,1.0,1.0,0.0,0.0,0.0,90.0,True,Czech Republic,Defensive Midfield,West Ham United
283628,Tomáš Souček,EFL Trophy,False,1.0,0.0,0.0,1.0,0.0,90.0,True,Czech Republic,Defensive Midfield,West Ham United
283628,Tomáš Souček,TOTAL,True,40.0,6.0,0.0,5.0,0.0,2623.0,True,Czech Republic,Defensive Midfield,West Ham United
283833,Mehdi Torabi,Persian Gulf League,False,18.0,0.0,5.0,2.0,0.0,1208.0,True,Iran,Left Winger,Tractor FC
283833,Mehdi Torabi,AFC Champions League,False,6.0,1.0,0.0,0.0,0.0,311.0,True,Iran,Left Winger,Tractor FC
283833,Mehdi Torabi,Hazfi Cup,False,1.0,1.0,0.0,0.0,0.0,87.0,True,Iran,Left Winger,Tractor FC
283833,Mehdi Torabi,Iran Super Cup,False,1.0,0.0,0.0,0.0,0.0,67.0,True,Iran,Left Winger,Tractor FC
283833,Mehdi Torabi,TOTAL,True,26.0,2.0,5.0,2.0,0.0,1673.0,True,Iran,Left Winger,Tractor FC
28396,Edin Dzeko,2. Bundesliga,False,11.0,6.0,3.0,0.0,0.0,599.0,True,Bosnia and Herzegovina,Centre-Forward,FC Schalke 04
28396,Edin Dzeko,Serie A,False,11.0,0.0,0.0,1.0,0.0,236.0,True,Bosnia and Herzegovina,Centre-Forward,FC Schalke 04
28396,Edin Dzeko,Conference League,False,5.0,1.0,0.0,0.0,0.0,376.0,True,Bosnia and Herzegovina,Centre-Forward,FC Schalke 04
28396,Edin Dzeko,UECL Qualifying,False,2.0,1.0,0.0,0.0,0.0,110.0,True,Bosnia and Herzegovina,Centre-Forward,FC Schalke 04
28396,Edin Dzeko,TOTAL,True,29.0,8.0,3.0,1.0,0.0,1321.0,True,Bosnia and Herzegovina,Centre-Forward,FC Schalke 04
284732,Ramy Bensebaini,Bundesliga,False,21.0,5.0,2.0,6.0,0.0,1528.0,True,Algeria,Centre-Back,Borussia Dortmund
284732,Ramy Bensebaini,UEFA Champions League,False,9.0,2.0,0.0,2.0,1.0,774.0,True,Algeria,Centre-Back,Borussia Dortmund
284732,Ramy Bensebaini,DFB-Pokal,False,2.0,0.0,1.0,0.0,0.0,94.0,True,Algeria,Centre-Back,Borussia Dortmund
284732,Ramy Bensebaini,TOTAL,True,32.0,7.0,3.0,8.0,1.0,2396.0,True,Algeria,Centre-Back,Borussia Dortmund
285548,Fabián Balbuena,Série A,False,7.0,0.0,0.0,0.0,0.0,585.0,True,Paraguay,Centre-Back,Grêmio Foot-Ball Porto Alegrense
285548,Fabián Balbuena,Copa Sudamericana,False,3.0,0.0,0.0,0.0,0.0,234.0,True,Paraguay,Centre-Back,Grêmio Foot-Ball Porto Alegrense
285548,Fabián Balbuena,Campeonato Gaúcho,False,3.0,0.0,0.0,0.0,0.0,244.0,True,Paraguay,Centre-Back,Grêmio Foot-Ball Porto Alegrense
285548,Fabián Balbuena,Copa do Brasil,False,1.0,0.0,0.0,0.0,0.0,1.0,True,Paraguay,Centre-Back,Grêmio Foot-Ball Porto Alegrense
285548,Fabián Balbuena,TOTAL,True,14.0,0.0,0.0,0.0,0.0,1064.0,True,Paraguay,Centre-Back,Grêmio Foot-Ball Porto Alegrense
287188,Dejan Ljubicic,2. Bundesliga,False,15.0,4.0,3.0,3.0,0.0,1182.0,True,Austria,Defensive Midfield,FC Schalke 04
287188,Dejan Ljubicic,SuperSport HNL,False,15.0,0.0,3.0,1.0,0.0,1007.0,True,Austria,Defensive Midfield,FC Schalke 04
287188,Dejan Ljubicic,Europa League,False,7.0,2.0,0.0,2.0,0.0,504.0,True,Austria,Defensive Midfield,FC Schalke 04
287188,Dejan Ljubicic,Hrvatski nogometni kup,False,0.0,0.0,0.0,0.0,0.0,0.0,True,Austria,Defensive Midfield,FC Schalke 04
287188,Dejan Ljubicic,TOTAL,True,37.0,6.0,6.0,6.0,0.0,2693.0,True,Austria,Defensive Midfield,FC Schalke 04
287579,Sofyan Amrabat,LaLiga,False,17.0,0.0,0.0,4.0,0.0,1296.0,True,Morocco,Defensive Midfield,Real Betis Balompié
287579,Sofyan Amrabat,Europa League,False,6.0,1.0,0.0,1.0,0.0,316.0,True,Morocco,Defensive Midfield,Real Betis Balompié
287579,Sofyan Amrabat,Champions League Qu.,False,4.0,1.0,0.0,2.0,0.0,315.0,True,Morocco,Defensive Midfield,Real Betis Balompié
287579,Sofyan Amrabat,Süper Lig,False,2.0,0.0,0.0,0.0,0.0,96.0,True,Morocco,Defensive Midfield,Real Betis Balompié
287579,Sofyan Amrabat,Copa del Rey,False,0.0,0.0,0.0,0.0,0.0,0.0,True,Morocco,Defensive Midfield,Real Betis Balompié
287579,Sofyan Amrabat,TOTAL,True,29.0,2.0,0.0,7.0,0.0,2023.0,True,Morocco,Defensive Midfield,Real Betis Balompié
288230,Ousmane Dembélé,Ligue 1,False,22.0,10.0,7.0,0.0,0.0,1063.0,True,France,Centre-Forward,Paris Saint-Germain
288230,Ousmane Dembélé,UEFA Champions League,False,13.0,8.0,2.0,0.0,0.0,828.0,True,France,Centre-Forward,Paris Saint-Germain
288230,Ousmane Dembélé,Coupe de France,False,2.0,1.0,1.0,0.0,0.0,87.0,True,France,Centre-Forward,Paris Saint-Germain
288230,Ousmane Dembélé,Trophée des Champions,False,1.0,1.0,0.0,0.0,0.0,90.0,True,France,Centre-Forward,Paris Saint-Germain
288230,Ousmane Dembélé,UEFA Super Cup,False,1.0,0.0,1.0,1.0,0.0,90.0,True,France,Centre-Forward,Paris Saint-Germain
288230,Ousmane Dembélé,FIFA Intercontinental Cup,False,1.0,0.0,0.0,0.0,0.0,42.0,True,France,Centre-Forward,Paris Saint-Germain
288230,Ousmane Dembélé,TOTAL,True,40.0,20.0,11.0,1.0,0.0,2200.0,True,France,Centre-Forward,Paris Saint-Germain
288431,Léo Pereira,Série A,False,14.0,1.0,0.0,6.0,0.0,1231.0,True,Brazil,Centre-Back,CR Flamengo
288431,Léo Pereira,FIFA Intercontinental Cup,False,3.0,1.0,0.0,0.0,0.0,300.0,True,Brazil,Centre-Back,CR Flamengo
288431,Léo Pereira,Libertadores,False,3.0,0.0,0.0,0.0,0.0,270.0,True,Brazil,Centre-Back,CR Flamengo
288431,Léo Pereira,Campeonato Carioca,False,3.0,0.0,0.0,0.0,0.0,181.0,True,Brazil,Centre-Back,CR Flamengo
288431,Léo Pereira,Recopa Sudamericana,False,2.0,0.0,0.0,0.0,0.0,210.0,True,Brazil,Centre-Back,CR Flamengo
288431,Léo Pereira,Copa do Brasil,False,1.0,0.0,0.0,0.0,0.0,90.0,True,Brazil,Centre-Back,CR Flamengo
288431,Léo Pereira,Supercopa Rei,False,1.0,0.0,0.0,0.0,0.0,90.0,True,Brazil,Centre-Back,CR Flamengo
288431,Léo Pereira,TOTAL,True,27.0,2.0,0.0,6.0,0.0,2372.0,True,Brazil,Centre-Back,CR Flamengo
289432,Dylan Batubinsika,Super League Play-out,False,8.0,0.0,0.0,0.0,0.0,692.0,True,Democratic Republic of the Congo,Centre-Back,AE Larisa
289432,Dylan Batubinsika,Super League 1,False,8.0,0.0,0.0,2.0,0.0,720.0,True,Democratic Republic of the Congo,Centre-Back,AE Larisa
289432,Dylan Batubinsika,National 2 - Grp. G,False,4.0,1.0,0.0,0.0,0.0,360.0,True,Democratic Republic of the Congo,Centre-Back,AE Larisa
289432,Dylan Batubinsika,Ligue 2,False,1.0,0.0,0.0,0.0,0.0,90.0,True,Democratic Republic of the Congo,Centre-Back,AE Larisa
289432,Dylan Batubinsika,Coupe de France,False,0.0,0.0,0.0,0.0,0.0,0.0,True,Democratic Republic of the Congo,Centre-Back,AE Larisa
289432,Dylan Batubinsika,TOTAL,True,21.0,1.0,0.0,2.0,0.0,1862.0,True,Democratic Republic of the Congo,Centre-Back,AE Larisa
289446,Yerry Mina,Serie A,False,26.0,2.0,0.0,3.0,1.0,2153.0,True,Colombia,Centre-Back,Cagliari Calcio
289446,Yerry Mina,Italy Cup,False,1.0,0.0,0.0,0.0,0.0,90.0,True,Colombia,Centre-Back,Cagliari Calcio
289446,Yerry Mina,TOTAL,True,27.0,2.0,0.0,3.0,1.0,2243.0,True,Colombia,Centre-Back,Cagliari Calcio
291200,Moussa Niakhaté,Ligue 1,False,32.0,0.0,2.0,3.0,0.0,2758.0,True,Senegal,Centre-Back,Olympique Lyon
291200,Moussa Niakhaté,Europa League,False,9.0,1.0,0.0,1.0,0.0,739.0,True,Senegal,Centre-Back,Olympique Lyon
291200,Moussa Niakhaté,Coupe de France,False,2.0,0.0,0.0,0.0,0.0,180.0,True,Senegal,Centre-Back,Olympique Lyon
291200,Moussa Niakhaté,TOTAL,True,43.0,1.0,2.0,4.0,0.0,3677.0,True,Senegal,Centre-Back,Olympique Lyon
292779,Lukas Provod,Chance Liga,False,27.0,7.0,9.0,2.0,0.0,2222.0,True,Czech Republic,Left Winger,SK Slavia Prague
292779,Lukas Provod,UEFA Champions League,False,8.0,0.0,2.0,1.0,0.0,701.0,True,Czech Republic,Left Winger,SK Slavia Prague
292779,Lukas Provod,Chance Liga Champion Gr.,False,3.0,0.0,2.0,0.0,0.0,270.0,True,Czech Republic,Left Winger,SK Slavia Prague
292779,Lukas Provod,MOL Cup,False,1.0,1.0,0.0,0.0,0.0,23.0,True,Czech Republic,Left Winger,SK Slavia Prague
292779,Lukas Provod,TOTAL,True,39.0,8.0,13.0,3.0,0.0,3216.0,True,Czech Republic,Left Winger,SK Slavia Prague
292985,Álvaro Montero,Torneo Apertura,False,16.0,12.0,7.0,0.0,0.0,1440.0,True,Colombia,Goalkeeper,CA Vélez Sarsfield
292985,Álvaro Montero,Playoff Torneo Apertura,False,1.0,1.0,0.0,0.0,0.0,90.0,True,Colombia,Goalkeeper,CA Vélez Sarsfield
292985,Álvaro Montero,Copa Argentina,False,0.0,0.0,0.0,0.0,0.0,0.0,True,Colombia,Goalkeeper,CA Vélez Sarsfield
292985,Álvaro Montero,TOTAL,True,17.0,13.0,7.0,0.0,0.0,1530.0,True,Colombia,Goalkeeper,CA Vélez Sarsfield
293200,Nikola Vlašić,Serie A,False,37.0,8.0,3.0,7.0,0.0,3055.0,True,Croatia,Attacking Midfield,Torino FC
293200,Nikola Vlašić,Italy Cup,False,4.0,1.0,2.0,0.0,0.0,295.0,True,Croatia,Attacking Midfield,Torino FC
293200,Nikola Vlašić,TOTAL,True,41.0,9.0,5.0,7.0,0.0,3350.0,True,Croatia,Attacking Midfield,Torino FC
293213,Amir Hadziahmetovic,Championship,False,37.0,0.0,3.0,1.0,0.0,2127.0,True,Bosnia and Herzegovina,Defensive Midfield,Hull City
293213,Amir Hadziahmetovic,FA Cup,False,2.0,0.0,0.0,0.0,0.0,184.0,True,Bosnia and Herzegovina,Defensive Midfield,Hull City
293213,Amir Hadziahmetovic,UECL Qualifying,False,1.0,0.0,0.0,0.0,0.0,1.0,True,Bosnia and Herzegovina,Defensive Midfield,Hull City
293213,Amir Hadziahmetovic,Europa League Qualifying,False,1.0,0.0,0.0,0.0,0.0,45.0,True,Bosnia and Herzegovina,Defensive Midfield,Hull City
293213,Amir Hadziahmetovic,Championship Play-Offs,False,0.0,0.0,0.0,0.0,0.0,0.0,True,Bosnia and Herzegovina,Defensive Midfield,Hull City
293213,Amir Hadziahmetovic,Süper Lig,False,0.0,0.0,0.0,0.0,0.0,0.0,True,Bosnia and Herzegovina,Defensive Midfield,Hull City
293213,Amir Hadziahmetovic,TOTAL,True,41.0,0.0,3.0,1.0,0.0,2357.0,True,Bosnia and Herzegovina,Defensive Midfield,Hull City
294808,Franck Kessié,Saudi Pro League,False,26.0,5.0,4.0,5.0,0.0,2174.0,True,Ivory Coast,Central Midfield,Al-Ahli SFC
294808,Franck Kessié,AFC Champions League,False,10.0,3.0,1.0,1.0,0.0,859.0,True,Ivory Coast,Central Midfield,Al-Ahli SFC
294808,Franck Kessié,King's Cup,False,3.0,1.0,1.0,0.0,0.0,330.0,True,Ivory Coast,Central Midfield,Al-Ahli SFC
294808,Franck Kessié,Saudi Super Cup,False,2.0,3.0,0.0,1.0,0.0,180.0,True,Ivory Coast,Central Midfield,Al-Ahli SFC
294808,Franck Kessié,FIFA Intercontinental Cup,False,1.0,0.0,0.0,0.0,0.0,90.0,True,Ivory Coast,Central Midfield,Al-Ahli SFC
294808,Franck Kessié,TOTAL,True,42.0,12.0,6.0,7.0,0.0,3633.0,True,Ivory Coast,Central Midfield,Al-Ahli SFC
29559,Guillermo Ochoa,Cyprus League,False,22.0,34.0,5.0,3.0,0.0,1980.0,True,Mexico,Goalkeeper,AEL Limassol
29559,Guillermo Ochoa,Kypello Kyprou,False,4.0,6.0,1.0,0.0,0.0,390.0,True,Mexico,Goalkeeper,AEL Limassol
29559,Guillermo Ochoa,TOTAL,True,26.0,40.0,6.0,3.0,0.0,2370.0,True,Mexico,Goalkeeper,AEL Limassol
298091,Harry Souttar,Championship,False,2.0,1.0,0.0,0.0,0.0,178.0,True,Australia,Centre-Back,Leicester City
298091,Harry Souttar,FA Cup,False,0.0,0.0,0.0,0.0,0.0,0.0,True,Australia,Centre-Back,Leicester City
298091,Harry Souttar,EFL Cup,False,0.0,0.0,0.0,0.0,0.0,0.0,True,Australia,Centre-Back,Leicester City
298091,Harry Souttar,TOTAL,True,2.0,1.0,0.0,0.0,0.0,178.0,True,Australia,Centre-Back,Leicester City
300716,Kieran Tierney,Premiership,False,30.0,5.0,7.0,1.0,0.0,2118.0,True,Scotland,Left-Back,Celtic FC
300716,Kieran Tierney,Europa League,False,9.0,0.0,1.0,0.0,0.0,716.0,True,Scotland,Left-Back,Celtic FC
300716,Kieran Tierney,Scottish Premiership Top Six Split,False,5.0,1.0,1.0,1.0,0.0,397.0,True,Scotland,Left-Back,Celtic FC
300716,Kieran Tierney,League Cup,False,4.0,0.0,3.0,0.0,0.0,267.0,True,Scotland,Left-Back,Celtic FC
300716,Kieran Tierney,SFA Cup,False,3.0,0.0,0.0,0.0,0.0,258.0,True,Scotland,Left-Back,Celtic FC
300716,Kieran Tierney,Champions League Qu.,False,2.0,0.0,0.0,1.0,0.0,151.0,True,Scotland,Left-Back,Celtic FC
300716,Kieran Tierney,TOTAL,True,53.0,6.0,12.0,3.0,0.0,3907.0,True,Scotland,Left-Back,Celtic FC
301722,Gastón Olveira,Primera División Apertura,False,18.0,11.0,10.0,2.0,0.0,1620.0,True,Paraguay,Goalkeeper,Club Olimpia
301722,Gastón Olveira,Copa Sudamericana,False,7.0,6.0,3.0,0.0,0.0,630.0,True,Paraguay,Goalkeeper,Club Olimpia
301722,Gastón Olveira,TOTAL,True,25.0,17.0,13.0,2.0,0.0,2250.0,True,Paraguay,Goalkeeper,Club Olimpia
303259,Dodi Lukébakio,Liga Portugal,False,17.0,0.0,5.0,1.0,0.0,745.0,True,Belgium,Right Winger,SL Benfica
303259,Dodi Lukébakio,UEFA Champions League,False,4.0,0.0,0.0,2.0,0.0,266.0,True,Belgium,Right Winger,SL Benfica
303259,Dodi Lukébakio,LaLiga,False,2.0,1.0,0.0,0.0,0.0,180.0,True,Belgium,Right Winger,SL Benfica
303259,Dodi Lukébakio,Allianz Cup,False,1.0,1.0,0.0,0.0,0.0,85.0,True,Belgium,Right Winger,SL Benfica
303259,Dodi Lukébakio,Taça de Portugal,False,1.0,0.0,0.0,0.0,0.0,75.0,True,Belgium,Right Winger,SL Benfica
303259,Dodi Lukébakio,TOTAL,True,25.0,2.0,5.0,3.0,0.0,1351.0,True,Belgium,Right Winger,SL Benfica
303766,Amir Al-Ammari,Ekstraklasa,False,33.0,1.0,4.0,3.0,0.0,2507.0,True,Iraq,Defensive Midfield,Cracovia
303766,Amir Al-Ammari,STS Polish Cup,False,1.0,0.0,0.0,0.0,0.0,90.0,True,Iraq,Defensive Midfield,Cracovia
303766,Amir Al-Ammari,TOTAL,True,34.0,1.0,4.0,3.0,0.0,2597.0,True,Iraq,Defensive Midfield,Cracovia
306166,Nuno da Costa,Süper Lig,False,26.0,3.0,1.0,3.0,0.0,899.0,True,Cape Verde,Centre-Forward,Basaksehir FK
306166,Nuno da Costa,UECL Qualifying,False,6.0,1.0,1.0,0.0,0.0,320.0,True,Cape Verde,Centre-Forward,Basaksehir FK
306166,Nuno da Costa,Türkiye Kupasi,False,3.0,2.0,1.0,0.0,0.0,164.0,True,Cape Verde,Centre-Forward,Basaksehir FK
306166,Nuno da Costa,TOTAL,True,35.0,6.0,3.0,3.0,0.0,1383.0,True,Cape Verde,Centre-Forward,Basaksehir FK
307058,Mehdi Taremi,Super League 1,False,19.0,10.0,4.0,1.0,0.0,1077.0,True,Iran,Centre-Forward,Olympiacos Piraeus
307058,Mehdi Taremi,UEFA Champions League,False,10.0,2.0,2.0,2.0,0.0,485.0,True,Iran,Centre-Forward,Olympiacos Piraeus
307058,Mehdi Taremi,Super League Play-off,False,5.0,0.0,0.0,0.0,0.0,184.0,True,Iran,Centre-Forward,Olympiacos Piraeus
307058,Mehdi Taremi,Kypello Elladas,False,4.0,3.0,0.0,0.0,0.0,271.0,True,Iran,Centre-Forward,Olympiacos Piraeus
307058,Mehdi Taremi,Super Cup,False,1.0,1.0,0.0,0.0,0.0,106.0,True,Iran,Centre-Forward,Olympiacos Piraeus
307058,Mehdi Taremi,Serie A,False,0.0,0.0,0.0,0.0,0.0,0.0,True,Iran,Centre-Forward,Olympiacos Piraeus
307058,Mehdi Taremi,TOTAL,True,39.0,16.0,6.0,3.0,0.0,2123.0,True,Iran,Centre-Forward,Olympiacos Piraeus
307870,Shogo Taniguchi,Jupiler Pro League,False,30.0,1.0,1.0,3.0,0.0,2248.0,True,Japan,Centre-Back,Sint-Truidense VV
307870,Shogo Taniguchi,Jupiler Pro League Champions' Play-Offs,False,8.0,0.0,0.0,1.0,0.0,707.0,True,Japan,Centre-Back,Sint-Truidense VV
307870,Shogo Taniguchi,Croky Cup,False,0.0,0.0,0.0,0.0,0.0,0.0,True,Japan,Centre-Back,Sint-Truidense VV
307870,Shogo Taniguchi,TOTAL,True,38.0,1.0,1.0,4.0,0.0,2955.0,True,Japan,Centre-Back,Sint-Truidense VV
308120,Mohamed Kanno,Saudi Pro League,False,32.0,5.0,4.0,2.0,0.0,2085.0,True,Saudi Arabia,Central Midfield,Al-Hilal SFC
308120,Mohamed Kanno,AFC Champions League,False,7.0,0.0,1.0,1.0,0.0,527.0,True,Saudi Arabia,Central Midfield,Al-Hilal SFC
308120,Mohamed Kanno,King's Cup,False,5.0,0.0,1.0,0.0,0.0,394.0,True,Saudi Arabia,Central Midfield,Al-Hilal SFC
308120,Mohamed Kanno,TOTAL,True,44.0,5.0,6.0,3.0,0.0,3006.0,True,Saudi Arabia,Central Midfield,Al-Hilal SFC
308439,Patrick Berg,UEFA Champions League,False,12.0,0.0,1.0,2.0,0.0,1110.0,True,Norway,Defensive Midfield,FK Bodø/Glimt
308439,Patrick Berg,Eliteserien,False,10.0,1.0,0.0,1.0,0.0,900.0,True,Norway,Defensive Midfield,FK Bodø/Glimt
308439,Patrick Berg,NM-Cup,False,5.0,0.0,2.0,1.0,0.0,510.0,True,Norway,Defensive Midfield,FK Bodø/Glimt
308439,Patrick Berg,Champions League Qu.,False,2.0,0.0,1.0,1.0,0.0,180.0,True,Norway,Defensive Midfield,FK Bodø/Glimt
308439,Patrick Berg,TOTAL,True,29.0,1.0,4.0,5.0,0.0,2700.0,True,Norway,Defensive Midfield,FK Bodø/Glimt
309400,Kai Havertz,Premier League,False,12.0,2.0,3.0,1.0,0.0,583.0,True,Germany,Centre-Forward,Arsenal FC
309400,Kai Havertz,UEFA Champions League,False,6.0,4.0,1.0,1.0,0.0,226.0,True,Germany,Centre-Forward,Arsenal FC
309400,Kai Havertz,EFL Cup,False,3.0,1.0,0.0,0.0,0.0,95.0,True,Germany,Centre-Forward,Arsenal FC
309400,Kai Havertz,FA Cup,False,3.0,0.0,1.0,0.0,0.0,162.0,True,Germany,Centre-Forward,Arsenal FC
309400,Kai Havertz,TOTAL,True,24.0,7.0,5.0,2.0,0.0,1066.0,True,Germany,Centre-Forward,Arsenal FC
310801,Mohammad Al-Dawoud,Jordanian Pro League,False,19.0,6.0,1.0,1.0,0.0,1258.0,True,Jordan,Central Midfield,Al-Wehdat SC
310801,Mohammad Al-Dawoud,TOTAL,True,19.0,6.0,1.0,1.0,0.0,1258.0,True,Jordan,Central Midfield,Al-Wehdat SC
310943,Ehsan Haddad,Jordanian Pro League,False,6.0,0.0,2.0,0.0,0.0,262.0,True,Jordan,Right-Back,Al-Hussein SC (Irbid)
310943,Ehsan Haddad,AFC Champions League Two,False,1.0,0.0,0.0,0.0,0.0,75.0,True,Jordan,Right-Back,Al-Hussein SC (Irbid)
310943,Ehsan Haddad,TOTAL,True,7.0,0.0,2.0,0.0,0.0,337.0,True,Jordan,Right-Back,Al-Hussein SC (Irbid)
312317,Logan Rogerson,A-League Men,False,24.0,1.0,1.0,1.0,0.0,1174.0,True,New Zealand,Right Winger,Auckland FC
312317,Logan Rogerson,A-League Fin.,False,4.0,1.0,0.0,0.0,0.0,155.0,True,New Zealand,Right Winger,Auckland FC
312317,Logan Rogerson,OFC Pro League,False,0.0,0.0,0.0,0.0,0.0,0.0,True,New Zealand,Right Winger,Auckland FC
312317,Logan Rogerson,TOTAL,True,28.0,2.0,1.0,1.0,0.0,1329.0,True,New Zealand,Right Winger,Auckland FC
314678,Brahim Díaz,LaLiga,False,30.0,1.0,8.0,2.0,0.0,1252.0,True,Morocco,Right Winger,Real Madrid
314678,Brahim Díaz,UEFA Champions League,False,12.0,1.0,1.0,1.0,0.0,414.0,True,Morocco,Right Winger,Real Madrid
314678,Brahim Díaz,Copa del Rey,False,0.0,0.0,0.0,0.0,0.0,0.0,True,Morocco,Right Winger,Real Madrid
314678,Brahim Díaz,Supercopa,False,0.0,0.0,0.0,0.0,0.0,0.0,True,Morocco,Right Winger,Real Madrid
314678,Brahim Díaz,TOTAL,True,42.0,2.0,9.0,3.0,0.0,1666.0,True,Morocco,Right Winger,Real Madrid
315211,Sherel Floranus,Eredivisie,False,32.0,1.0,3.0,5.0,0.0,2801.0,True,Curaçao,Left-Back,PEC Zwolle
315211,Sherel Floranus,KNVB Beker,False,2.0,0.0,1.0,0.0,0.0,180.0,True,Curaçao,Left-Back,PEC Zwolle
315211,Sherel Floranus,TOTAL,True,34.0,1.0,4.0,5.0,0.0,2981.0,True,Curaçao,Left-Back,PEC Zwolle
315969,Scott McTominay,Serie A,False,33.0,10.0,3.0,1.0,0.0,2793.0,True,Scotland,Central Midfield,SSC Napoli
315969,Scott McTominay,UEFA Champions League,False,8.0,4.0,1.0,0.0,0.0,699.0,True,Scotland,Central Midfield,SSC Napoli
315969,Scott McTominay,Supercoppa Italiana,False,2.0,0.0,0.0,1.0,0.0,180.0,True,Scotland,Central Midfield,SSC Napoli
315969,Scott McTominay,Italy Cup,False,1.0,0.0,0.0,0.0,0.0,29.0,True,Scotland,Central Midfield,SSC Napoli
315969,Scott McTominay,TOTAL,True,44.0,14.0,4.0,2.0,0.0,3701.0,True,Scotland,Central Midfield,SSC Napoli
316264,Martin Ødegaard,Premier League,False,24.0,1.0,7.0,0.0,0.0,1371.0,True,Norway,Attacking Midfield,Arsenal FC
316264,Martin Ødegaard,UEFA Champions League,False,8.0,0.0,1.0,0.0,0.0,440.0,True,Norway,Attacking Midfield,Arsenal FC
316264,Martin Ødegaard,FA Cup,False,2.0,0.0,0.0,0.0,0.0,82.0,True,Norway,Attacking Midfield,Arsenal FC
316264,Martin Ødegaard,EFL Cup,False,2.0,0.0,0.0,0.0,0.0,91.0,True,Norway,Attacking Midfield,Arsenal FC
316264,Martin Ødegaard,TOTAL,True,36.0,1.0,8.0,0.0,0.0,1984.0,True,Norway,Attacking Midfield,Arsenal FC
316934,Nikola Moro,Serie A,False,30.0,2.0,0.0,1.0,0.0,1798.0,True,Croatia,Defensive Midfield,Bologna FC 1909
316934,Nikola Moro,Europa League,False,11.0,0.0,0.0,0.0,0.0,734.0,True,Croatia,Defensive Midfield,Bologna FC 1909
316934,Nikola Moro,Supercoppa Italiana,False,2.0,0.0,0.0,0.0,0.0,135.0,True,Croatia,Defensive Midfield,Bologna FC 1909
316934,Nikola Moro,Italy Cup,False,1.0,0.0,1.0,0.0,0.0,61.0,True,Croatia,Defensive Midfield,Bologna FC 1909
316934,Nikola Moro,TOTAL,True,44.0,2.0,1.0,1.0,0.0,2728.0,True,Croatia,Defensive Midfield,Bologna FC 1909
318204,David Raum,Bundesliga,False,30.0,3.0,7.0,6.0,0.0,2556.0,True,Germany,Left-Back,RB Leipzig
318204,David Raum,DFB-Pokal,False,4.0,0.0,2.0,1.0,0.0,360.0,True,Germany,Left-Back,RB Leipzig
318204,David Raum,TOTAL,True,34.0,3.0,9.0,7.0,0.0,2916.0,True,Germany,Left-Back,RB Leipzig
318528,Marcus Thuram,Serie A,False,29.0,13.0,6.0,2.0,0.0,1913.0,True,France,Centre-Forward,Inter Milan
318528,Marcus Thuram,UEFA Champions League,False,9.0,2.0,1.0,1.0,0.0,577.0,True,France,Centre-Forward,Inter Milan
318528,Marcus Thuram,Italy Cup,False,5.0,2.0,2.0,0.0,0.0,320.0,True,France,Centre-Forward,Inter Milan
318528,Marcus Thuram,Supercoppa Italiana,False,1.0,1.0,0.0,0.0,0.0,71.0,True,France,Centre-Forward,Inter Milan
318528,Marcus Thuram,TOTAL,True,44.0,18.0,9.0,3.0,0.0,2881.0,True,France,Centre-Forward,Inter Milan
320722,Zizo,Premier League,False,14.0,4.0,4.0,0.0,0.0,956.0,True,Egypt,Right Winger,Al Ahly FC
320722,Zizo,CAF-Champions League,False,7.0,0.0,1.0,1.0,0.0,590.0,True,Egypt,Right Winger,Al Ahly FC
320722,Zizo,Championship Playoff,False,6.0,1.0,2.0,0.0,0.0,310.0,True,Egypt,Right Winger,Al Ahly FC
320722,Zizo,Egyptian Super Cup,False,2.0,0.0,2.0,1.0,0.0,169.0,True,Egypt,Right Winger,Al Ahly FC
320722,Zizo,Egyptian League Cup,False,0.0,0.0,0.0,0.0,0.0,0.0,True,Egypt,Right Winger,Al Ahly FC
320722,Zizo,Egypt Cup,False,0.0,0.0,0.0,0.0,0.0,0.0,True,Egypt,Right Winger,Al Ahly FC
320722,Zizo,TOTAL,True,29.0,5.0,9.0,2.0,0.0,2025.0,True,Egypt,Right Winger,Al Ahly FC
321204,Michal Sadílek,Chance Liga,False,25.0,1.0,5.0,6.0,0.0,1822.0,True,Czech Republic,Central Midfield,SK Slavia Prague
321204,Michal Sadílek,UEFA Champions League,False,8.0,0.0,0.0,0.0,0.0,600.0,True,Czech Republic,Central Midfield,SK Slavia Prague
321204,Michal Sadílek,Chance Liga Champion Gr.,False,4.0,0.0,0.0,0.0,0.0,270.0,True,Czech Republic,Central Midfield,SK Slavia Prague
321204,Michal Sadílek,MOL Cup,False,2.0,1.0,0.0,0.0,0.0,180.0,True,Czech Republic,Central Midfield,SK Slavia Prague
321204,Michal Sadílek,TOTAL,True,39.0,2.0,5.0,6.0,0.0,2872.0,True,Czech Republic,Central Midfield,SK Slavia Prague
321528,Denzel Dumfries,Serie A,False,20.0,3.0,1.0,2.0,0.0,1328.0,True,Netherlands,Right-Back,Inter Milan
321528,Denzel Dumfries,UEFA Champions League,False,5.0,2.0,0.0,0.0,0.0,342.0,True,Netherlands,Right-Back,Inter Milan
321528,Denzel Dumfries,Italy Cup,False,3.0,0.0,1.0,0.0,0.0,106.0,True,Netherlands,Right-Back,Inter Milan
321528,Denzel Dumfries,Supercoppa Italiana,False,0.0,0.0,0.0,0.0,0.0,0.0,True,Netherlands,Right-Back,Inter Milan
321528,Denzel Dumfries,TOTAL,True,28.0,5.0,2.0,2.0,0.0,1776.0,True,Netherlands,Right-Back,Inter Milan
322065,Dennis Hadzikadunic,Serie B,False,28.0,0.0,1.0,4.0,0.0,2213.0,True,Bosnia and Herzegovina,Centre-Back,UC Sampdoria
322065,Dennis Hadzikadunic,Premier Liga,False,0.0,0.0,0.0,0.0,0.0,0.0,True,Bosnia and Herzegovina,Centre-Back,UC Sampdoria
322065,Dennis Hadzikadunic,Russian Cup,False,0.0,0.0,0.0,0.0,0.0,0.0,True,Bosnia and Herzegovina,Centre-Back,UC Sampdoria
322065,Dennis Hadzikadunic,TOTAL,True,28.0,0.0,1.0,4.0,0.0,2213.0,True,Bosnia and Herzegovina,Centre-Back,UC Sampdoria
323872,Andrés Cubas,MLS,False,11.0,0.0,1.0,5.0,0.0,864.0,True,Paraguay,Defensive Midfield,Vancouver Whitecaps FC
323872,Andrés Cubas,CONCACAF Champions Cup,False,3.0,0.0,0.0,2.0,0.0,122.0,True,Paraguay,Defensive Midfield,Vancouver Whitecaps FC
323872,Andrés Cubas,TOTAL,True,14.0,0.0,1.0,7.0,0.0,986.0,True,Paraguay,Defensive Midfield,Vancouver Whitecaps FC
324358,Ollie Watkins,Premier League,False,37.0,16.0,3.0,4.0,0.0,2854.0,True,England,Centre-Forward,Aston Villa
324358,Ollie Watkins,Europa League,False,15.0,5.0,2.0,0.0,0.0,912.0,True,England,Centre-Forward,Aston Villa
324358,Ollie Watkins,FA Cup,False,2.0,0.0,0.0,0.0,0.0,50.0,True,England,Centre-Forward,Aston Villa
324358,Ollie Watkins,EFL Cup,False,1.0,0.0,0.0,0.0,0.0,23.0,True,England,Centre-Forward,Aston Villa
324358,Ollie Watkins,TOTAL,True,55.0,21.0,5.0,4.0,0.0,3839.0,True,England,Centre-Forward,Aston Villa
326029,Donyell Malen,Premier League,False,21.0,4.0,1.0,0.0,0.0,645.0,True,Netherlands,Centre-Forward,AS Roma
326029,Donyell Malen,Serie A,False,18.0,14.0,2.0,1.0,0.0,1478.0,True,Netherlands,Centre-Forward,AS Roma
326029,Donyell Malen,Europa League,False,8.0,4.0,1.0,0.0,0.0,539.0,True,Netherlands,Centre-Forward,AS Roma
326029,Donyell Malen,FA Cup,False,1.0,0.0,1.0,0.0,0.0,65.0,True,Netherlands,Centre-Forward,AS Roma
326029,Donyell Malen,EFL Cup,False,1.0,0.0,0.0,0.0,0.0,67.0,True,Netherlands,Centre-Forward,AS Roma
326029,Donyell Malen,TOTAL,True,49.0,22.0,5.0,1.0,0.0,2794.0,True,Netherlands,Centre-Forward,AS Roma
326330,Frenkie de Jong,LaLiga,False,25.0,1.0,5.0,3.0,1.0,1631.0,True,Netherlands,Central Midfield,FC Barcelona
326330,Frenkie de Jong,UEFA Champions League,False,8.0,0.0,1.0,3.0,0.0,514.0,True,Netherlands,Central Midfield,FC Barcelona
326330,Frenkie de Jong,Copa del Rey,False,3.0,0.0,2.0,0.0,0.0,270.0,True,Netherlands,Central Midfield,FC Barcelona
326330,Frenkie de Jong,Supercopa,False,2.0,0.0,0.0,0.0,0.0,154.0,True,Netherlands,Central Midfield,FC Barcelona
326330,Frenkie de Jong,TOTAL,True,38.0,1.0,8.0,6.0,1.0,2569.0,True,Netherlands,Central Midfield,FC Barcelona
328455,Juriën Gaari,Saudi First Division League,False,31.0,0.0,0.0,4.0,0.0,2790.0,True,Curaçao,Centre-Back,Abha Club
328455,Juriën Gaari,King's Cup,False,1.0,0.0,0.0,0.0,0.0,120.0,True,Curaçao,Centre-Back,Abha Club
328455,Juriën Gaari,TOTAL,True,32.0,0.0,0.0,4.0,0.0,2910.0,True,Curaçao,Centre-Back,Abha Club
328609,Derek Cornelius,Premiership,False,7.0,1.0,1.0,1.0,0.0,560.0,True,Canada,Centre-Back,Olympique Marseille
328609,Derek Cornelius,Europa League,False,3.0,0.0,0.0,1.0,0.0,173.0,True,Canada,Centre-Back,Olympique Marseille
328609,Derek Cornelius,League Cup,False,2.0,0.0,0.0,1.0,0.0,210.0,True,Canada,Centre-Back,Olympique Marseille
328609,Derek Cornelius,Ligue 1,False,2.0,0.0,0.0,0.0,0.0,57.0,True,Canada,Centre-Back,Olympique Marseille
328609,Derek Cornelius,Scottish Premiership Top Six Split,False,0.0,0.0,0.0,0.0,0.0,0.0,True,Canada,Centre-Back,Olympique Marseille
328609,Derek Cornelius,SFA Cup,False,0.0,0.0,0.0,0.0,0.0,0.0,True,Canada,Centre-Back,Olympique Marseille
328609,Derek Cornelius,TOTAL,True,14.0,1.0,1.0,3.0,0.0,1000.0,True,Canada,Centre-Back,Olympique Marseille
328658,Kristoffer Ajer,Premier League,False,27.0,0.0,1.0,4.0,0.0,1809.0,True,Norway,Centre-Back,Brentford FC
328658,Kristoffer Ajer,EFL Cup,False,3.0,0.0,1.0,0.0,0.0,232.0,True,Norway,Centre-Back,Brentford FC
328658,Kristoffer Ajer,FA Cup,False,1.0,0.0,0.0,0.0,0.0,97.0,True,Norway,Centre-Back,Brentford FC
328658,Kristoffer Ajer,TOTAL,True,31.0,0.0,2.0,4.0,0.0,2138.0,True,Norway,Centre-Back,Brentford FC
330659,Justin Kluivert,Premier League,False,20.0,2.0,0.0,5.0,0.0,953.0,True,Netherlands,Attacking Midfield,AFC Bournemouth
330659,Justin Kluivert,EFL Cup,False,1.0,0.0,0.0,0.0,0.0,66.0,True,Netherlands,Attacking Midfield,AFC Bournemouth
330659,Justin Kluivert,FA Cup,False,0.0,0.0,0.0,0.0,0.0,0.0,True,Netherlands,Attacking Midfield,AFC Bournemouth
330659,Justin Kluivert,TOTAL,True,21.0,2.0,0.0,5.0,0.0,1019.0,True,Netherlands,Attacking Midfield,AFC Bournemouth
331059,Luis Chávez,Premier Liga,False,4.0,0.0,0.0,0.0,0.0,159.0,True,Mexico,Defensive Midfield,Dynamo Moscow
331059,Luis Chávez,Russian Cup,False,1.0,0.0,0.0,0.0,0.0,5.0,True,Mexico,Defensive Midfield,Dynamo Moscow
331059,Luis Chávez,TOTAL,True,5.0,0.0,0.0,0.0,0.0,164.0,True,Mexico,Defensive Midfield,Dynamo Moscow
331560,Takehiro Tomiyasu,Eredivisie,False,7.0,0.0,0.0,0.0,0.0,205.0,True,Japan,Centre-Back,Ajax Amsterdam
331560,Takehiro Tomiyasu,Play-Offs Conference League,False,2.0,0.0,1.0,0.0,0.0,31.0,True,Japan,Centre-Back,Ajax Amsterdam
331560,Takehiro Tomiyasu,UEFA Champions League,False,0.0,0.0,0.0,0.0,0.0,0.0,True,Japan,Centre-Back,Ajax Amsterdam
331560,Takehiro Tomiyasu,KNVB Beker,False,0.0,0.0,0.0,0.0,0.0,0.0,True,Japan,Centre-Back,Ajax Amsterdam
331560,Takehiro Tomiyasu,TOTAL,True,9.0,0.0,1.0,0.0,0.0,236.0,True,Japan,Centre-Back,Ajax Amsterdam
332560,Deiver Machado,Ligue 1,False,19.0,0.0,1.0,3.0,0.0,1186.0,True,Colombia,Left-Back,FC Nantes
332560,Deiver Machado,Coupe de France,False,2.0,0.0,0.0,1.0,0.0,123.0,True,Colombia,Left-Back,FC Nantes
332560,Deiver Machado,TOTAL,True,21.0,0.0,1.0,4.0,0.0,1309.0,True,Colombia,Left-Back,FC Nantes
333004,Karim Hafez,Premier League,False,14.0,1.0,1.0,4.0,0.0,944.0,True,Egypt,Left-Back,Pyramids FC
333004,Karim Hafez,CAF-Champions League,False,9.0,0.0,1.0,2.0,0.0,419.0,True,Egypt,Left-Back,Pyramids FC
333004,Karim Hafez,Egypt Cup,False,4.0,1.0,1.0,0.0,0.0,266.0,True,Egypt,Left-Back,Pyramids FC
333004,Karim Hafez,Championship Playoff,False,4.0,1.0,0.0,0.0,0.0,270.0,True,Egypt,Left-Back,Pyramids FC
333004,Karim Hafez,FIFA Intercontinental Cup,False,2.0,0.0,0.0,0.0,0.0,83.0,True,Egypt,Left-Back,Pyramids FC
333004,Karim Hafez,Egyptian Super Cup,False,2.0,0.0,0.0,0.0,0.0,100.0,True,Egypt,Left-Back,Pyramids FC
333004,Karim Hafez,Egyptian League Cup,False,0.0,0.0,0.0,0.0,0.0,0.0,True,Egypt,Left-Back,Pyramids FC
333004,Karim Hafez,CAF-Supercup,False,0.0,0.0,0.0,0.0,0.0,0.0,True,Egypt,Left-Back,Pyramids FC
333004,Karim Hafez,TOTAL,True,35.0,3.0,3.0,6.0,0.0,2082.0,True,Egypt,Left-Back,Pyramids FC
333014,Sander Berge,Premier League,False,35.0,0.0,1.0,5.0,0.0,2911.0,True,Norway,Defensive Midfield,Fulham FC
333014,Sander Berge,FA Cup,False,2.0,0.0,0.0,0.0,0.0,5.0,True,Norway,Defensive Midfield,Fulham FC
333014,Sander Berge,EFL Cup,False,2.0,0.0,0.0,0.0,0.0,98.0,True,Norway,Defensive Midfield,Fulham FC
333014,Sander Berge,TOTAL,True,39.0,0.0,1.0,5.0,0.0,3014.0,True,Norway,Defensive Midfield,Fulham FC
333355,Milad Mohammadi,Persian Gulf League,False,20.0,0.0,3.0,2.0,0.0,1447.0,True,Iran,Left-Back,Persepolis FC
333355,Milad Mohammadi,Hazfi Cup,False,1.0,0.0,0.0,0.0,0.0,120.0,True,Iran,Left-Back,Persepolis FC
333355,Milad Mohammadi,Champions League Two Play-off,False,0.0,0.0,0.0,0.0,0.0,0.0,True,Iran,Left-Back,Persepolis FC
333355,Milad Mohammadi,TOTAL,True,21.0,0.0,3.0,2.0,0.0,1567.0,True,Iran,Left-Back,Persepolis FC
334042,Orbelín Pineda,Super League 1,False,25.0,4.0,1.0,5.0,0.0,1982.0,True,Mexico,Central Midfield,AEK Athens
334042,Orbelín Pineda,Conference League,False,10.0,0.0,2.0,2.0,0.0,883.0,True,Mexico,Central Midfield,AEK Athens
334042,Orbelín Pineda,Super League Play-off,False,6.0,1.0,1.0,1.0,0.0,498.0,True,Mexico,Central Midfield,AEK Athens
334042,Orbelín Pineda,UECL Qualifying,False,6.0,0.0,1.0,1.0,0.0,375.0,True,Mexico,Central Midfield,AEK Athens
334042,Orbelín Pineda,Kypello Elladas,False,3.0,0.0,0.0,1.0,0.0,139.0,True,Mexico,Central Midfield,AEK Athens
334042,Orbelín Pineda,TOTAL,True,50.0,5.0,5.0,10.0,0.0,3877.0,True,Mexico,Central Midfield,AEK Athens
334802,Jan Kuchta,Chance Liga,False,25.0,10.0,6.0,6.0,0.0,1263.0,True,Czech Republic,Centre-Forward,AC Sparta Prague
334802,Jan Kuchta,Conference League,False,8.0,0.0,2.0,2.0,0.0,382.0,True,Czech Republic,Centre-Forward,AC Sparta Prague
334802,Jan Kuchta,UECL Qualifying,False,5.0,3.0,1.0,0.0,0.0,347.0,True,Czech Republic,Centre-Forward,AC Sparta Prague
334802,Jan Kuchta,Chance Liga Champion Gr.,False,5.0,2.0,2.0,0.0,0.0,422.0,True,Czech Republic,Centre-Forward,AC Sparta Prague
334802,Jan Kuchta,MOL Cup,False,2.0,0.0,0.0,0.0,0.0,121.0,True,Czech Republic,Centre-Forward,AC Sparta Prague
334802,Jan Kuchta,TOTAL,True,45.0,15.0,11.0,8.0,0.0,2535.0,True,Czech Republic,Centre-Forward,AC Sparta Prague
335457,Ermedin Demirovic,Bundesliga,False,25.0,12.0,4.0,5.0,0.0,1498.0,True,Bosnia and Herzegovina,Centre-Forward,VfB Stuttgart
335457,Ermedin Demirovic,Europa League,False,8.0,1.0,0.0,2.0,0.0,547.0,True,Bosnia and Herzegovina,Centre-Forward,VfB Stuttgart
335457,Ermedin Demirovic,DFB-Pokal,False,4.0,2.0,1.0,0.0,0.0,303.0,True,Bosnia and Herzegovina,Centre-Forward,VfB Stuttgart
335457,Ermedin Demirovic,DFL-Supercup,False,1.0,0.0,0.0,0.0,0.0,19.0,True,Bosnia and Herzegovina,Centre-Forward,VfB Stuttgart
335457,Ermedin Demirovic,TOTAL,True,38.0,15.0,5.0,7.0,0.0,2367.0,True,Bosnia and Herzegovina,Centre-Forward,VfB Stuttgart
336646,Akram Afif,Stars League,False,22.0,15.0,12.0,3.0,0.0,1938.0,True,Qatar,Left Winger,Al-Sadd SC
336646,Akram Afif,AFC Champions League,False,10.0,1.0,5.0,2.0,0.0,951.0,True,Qatar,Left Winger,Al-Sadd SC
336646,Akram Afif,Amir Cup,False,4.0,2.0,1.0,0.0,0.0,329.0,True,Qatar,Left Winger,Al-Sadd SC
336646,Akram Afif,QSL Cup,False,0.0,0.0,0.0,0.0,0.0,0.0,True,Qatar,Left Winger,Al-Sadd SC
336646,Akram Afif,TOTAL,True,36.0,18.0,18.0,5.0,0.0,3218.0,True,Qatar,Left Winger,Al-Sadd SC
336665,Sultan Al-Brake,Stars League,False,18.0,1.0,2.0,3.0,0.0,1435.0,True,Qatar,Left-Back,Al-Duhail SC
336665,Sultan Al-Brake,AFC Champions League,False,8.0,0.0,0.0,1.0,0.0,653.0,True,Qatar,Left-Back,Al-Duhail SC
336665,Sultan Al-Brake,Amir Cup,False,3.0,0.0,1.0,0.0,0.0,270.0,True,Qatar,Left-Back,Al-Duhail SC
336665,Sultan Al-Brake,QSL Cup,False,1.0,0.0,0.0,0.0,0.0,60.0,True,Qatar,Left-Back,Al-Duhail SC
336665,Sultan Al-Brake,AFC CL Elite Qualif.,False,0.0,0.0,0.0,0.0,0.0,0.0,True,Qatar,Left-Back,Al-Duhail SC
336665,Sultan Al-Brake,TOTAL,True,30.0,1.0,3.0,4.0,0.0,2418.0,True,Qatar,Left-Back,Al-Duhail SC
336667,Assim Madibo,Stars League,False,13.0,0.0,0.0,8.0,0.0,1089.0,True,Qatar,Defensive Midfield,Al-Wakrah SC
336667,Assim Madibo,Amir Cup,False,2.0,0.0,0.0,2.0,0.0,171.0,True,Qatar,Defensive Midfield,Al-Wakrah SC
336667,Assim Madibo,QSL Cup,False,0.0,0.0,0.0,0.0,0.0,0.0,True,Qatar,Defensive Midfield,Al-Wakrah SC
336667,Assim Madibo,TOTAL,True,15.0,0.0,0.0,10.0,0.0,1260.0,True,Qatar,Defensive Midfield,Al-Wakrah SC
338635,Hannes Delcroix,Super League,False,14.0,1.0,0.0,1.0,0.0,1155.0,True,Haiti,Centre-Back,FC Lugano
338635,Hannes Delcroix,Premier League 2,False,3.0,0.0,1.0,0.0,0.0,225.0,True,Haiti,Centre-Back,FC Lugano
338635,Hannes Delcroix,Premier League Cup,False,2.0,0.0,0.0,0.0,0.0,180.0,True,Haiti,Centre-Back,FC Lugano
338635,Hannes Delcroix,FA Cup,False,0.0,0.0,0.0,0.0,0.0,0.0,True,Haiti,Centre-Back,FC Lugano
338635,Hannes Delcroix,Premier League,False,0.0,0.0,0.0,0.0,0.0,0.0,True,Haiti,Centre-Back,FC Lugano
338635,Hannes Delcroix,National League Cup,False,0.0,0.0,0.0,0.0,0.0,0.0,True,Haiti,Centre-Back,FC Lugano
338635,Hannes Delcroix,EFL Cup,False,0.0,0.0,0.0,0.0,0.0,0.0,True,Haiti,Centre-Back,FC Lugano
338635,Hannes Delcroix,TOTAL,True,19.0,1.0,1.0,1.0,0.0,1560.0,True,Haiti,Centre-Back,FC Lugano
339314,Deniz Undav,Bundesliga,False,29.0,19.0,6.0,5.0,0.0,2249.0,True,Germany,Centre-Forward,VfB Stuttgart
339314,Deniz Undav,Europa League,False,10.0,3.0,6.0,2.0,0.0,765.0,True,Germany,Centre-Forward,VfB Stuttgart
339314,Deniz Undav,DFB-Pokal,False,6.0,3.0,2.0,1.0,0.0,541.0,True,Germany,Centre-Forward,VfB Stuttgart
339314,Deniz Undav,DFL-Supercup,False,1.0,0.0,0.0,0.0,0.0,90.0,True,Germany,Centre-Forward,VfB Stuttgart
339314,Deniz Undav,TOTAL,True,46.0,25.0,14.0,8.0,0.0,3645.0,True,Germany,Centre-Forward,VfB Stuttgart
339332,Noa Lang,Serie A,False,18.0,1.0,2.0,2.0,0.0,661.0,True,Netherlands,Left Winger,Galatasaray
339332,Noa Lang,Süper Lig,False,13.0,0.0,3.0,2.0,0.0,704.0,True,Netherlands,Left Winger,Galatasaray
339332,Noa Lang,UEFA Champions League,False,10.0,2.0,0.0,2.0,0.0,500.0,True,Netherlands,Left Winger,Galatasaray
339332,Noa Lang,Türkiye Kupasi,False,2.0,0.0,0.0,0.0,0.0,135.0,True,Netherlands,Left Winger,Galatasaray
339332,Noa Lang,Supercoppa Italiana,False,2.0,0.0,0.0,0.0,0.0,35.0,True,Netherlands,Left Winger,Galatasaray
339332,Noa Lang,Italy Cup,False,1.0,0.0,0.0,0.0,0.0,16.0,True,Netherlands,Left Winger,Galatasaray
339332,Noa Lang,TOTAL,True,46.0,3.0,5.0,6.0,0.0,2051.0,True,Netherlands,Left Winger,Galatasaray
339337,Armando Obispo,Eredivisie,False,17.0,2.0,0.0,1.0,0.0,807.0,True,Curaçao,Centre-Back,PSV Eindhoven
339337,Armando Obispo,UEFA Champions League,False,6.0,0.0,0.0,1.0,0.0,322.0,True,Curaçao,Centre-Back,PSV Eindhoven
339337,Armando Obispo,KNVB Beker,False,3.0,0.0,0.0,0.0,0.0,270.0,True,Curaçao,Centre-Back,PSV Eindhoven
339337,Armando Obispo,Johan Cruijff Schaal,False,1.0,0.0,0.0,0.0,0.0,4.0,True,Curaçao,Centre-Back,PSV Eindhoven
339337,Armando Obispo,TOTAL,True,27.0,2.0,0.0,2.0,0.0,1403.0,True,Curaçao,Centre-Back,PSV Eindhoven
339808,Theo Hernández,Saudi Pro League,False,31.0,5.0,3.0,7.0,0.0,2744.0,True,France,Left-Back,Al-Hilal SFC
339808,Theo Hernández,AFC Champions League,False,8.0,2.0,2.0,0.0,0.0,733.0,True,France,Left-Back,Al-Hilal SFC
339808,Theo Hernández,King's Cup,False,5.0,2.0,1.0,0.0,0.0,330.0,True,France,Left-Back,Al-Hilal SFC
339808,Theo Hernández,TOTAL,True,44.0,9.0,6.0,7.0,0.0,3807.0,True,France,Left-Back,Al-Hilal SFC
340303,Hamdy Fathy,Stars League,False,18.0,2.0,0.0,5.0,0.0,1483.0,True,Egypt,Defensive Midfield,Al-Wakrah SC
340303,Hamdy Fathy,Amir Cup,False,3.0,0.0,0.0,0.0,0.0,270.0,True,Egypt,Defensive Midfield,Al-Wakrah SC
340303,Hamdy Fathy,QSL Cup,False,1.0,0.0,0.0,0.0,0.0,67.0,True,Egypt,Defensive Midfield,Al-Wakrah SC
340303,Hamdy Fathy,TOTAL,True,22.0,2.0,0.0,5.0,0.0,1820.0,True,Egypt,Defensive Midfield,Al-Wakrah SC
340456,Noussair Mazraoui,Premier League,False,20.0,0.0,0.0,3.0,0.0,984.0,True,Morocco,Right-Back,Manchester United
340456,Noussair Mazraoui,FA Cup,False,0.0,0.0,0.0,0.0,0.0,0.0,True,Morocco,Right-Back,Manchester United
340456,Noussair Mazraoui,EFL Cup,False,0.0,0.0,0.0,0.0,0.0,0.0,True,Morocco,Right-Back,Manchester United
340456,Noussair Mazraoui,TOTAL,True,20.0,0.0,0.0,3.0,0.0,984.0,True,Morocco,Right-Back,Manchester United
340990,Alfie Jones,Championship,False,22.0,1.0,1.0,3.0,0.0,1886.0,True,Canada,Centre-Back,Middlesbrough FC
340990,Alfie Jones,EFL Cup,False,1.0,0.0,0.0,0.0,0.0,90.0,True,Canada,Centre-Back,Middlesbrough FC
340990,Alfie Jones,Championship Play-Offs,False,0.0,0.0,0.0,0.0,0.0,0.0,True,Canada,Centre-Back,Middlesbrough FC
340990,Alfie Jones,FA Cup,False,0.0,0.0,0.0,0.0,0.0,0.0,True,Canada,Centre-Back,Middlesbrough FC
340990,Alfie Jones,TOTAL,True,23.0,1.0,1.0,3.0,0.0,1976.0,True,Canada,Centre-Back,Middlesbrough FC
341429,Davinson Sánchez,Süper Lig,False,30.0,1.0,0.0,6.0,0.0,2425.0,True,Colombia,Centre-Back,Galatasaray
341429,Davinson Sánchez,UEFA Champions League,False,11.0,1.0,0.0,3.0,0.0,1020.0,True,Colombia,Centre-Back,Galatasaray
341429,Davinson Sánchez,Türkiye Kupasi,False,2.0,0.0,0.0,0.0,0.0,115.0,True,Colombia,Centre-Back,Galatasaray
341429,Davinson Sánchez,TFF Süper Kupa,False,2.0,0.0,0.0,1.0,0.0,124.0,True,Colombia,Centre-Back,Galatasaray
341429,Davinson Sánchez,TOTAL,True,45.0,2.0,0.0,10.0,0.0,3684.0,True,Colombia,Centre-Back,Galatasaray
342046,Axel Tuanzebe,Premier League,False,14.0,1.0,0.0,1.0,0.0,1202.0,True,Democratic Republic of the Congo,Centre-Back,Burnley FC
342046,Axel Tuanzebe,EFL Cup,False,2.0,0.0,0.0,0.0,0.0,135.0,True,Democratic Republic of the Congo,Centre-Back,Burnley FC
342046,Axel Tuanzebe,FA Cup,False,0.0,0.0,0.0,0.0,0.0,0.0,True,Democratic Republic of the Congo,Centre-Back,Burnley FC
342046,Axel Tuanzebe,TOTAL,True,16.0,1.0,0.0,1.0,0.0,1337.0,True,Democratic Republic of the Congo,Centre-Back,Burnley FC
342229,Kylian Mbappé,LaLiga,False,31.0,25.0,5.0,3.0,0.0,2606.0,True,France,Centre-Forward,Real Madrid
342229,Kylian Mbappé,UEFA Champions League,False,11.0,15.0,1.0,2.0,0.0,911.0,True,France,Centre-Forward,Real Madrid
342229,Kylian Mbappé,Copa del Rey,False,1.0,2.0,1.0,0.0,0.0,90.0,True,France,Centre-Forward,Real Madrid
342229,Kylian Mbappé,Supercopa,False,1.0,0.0,0.0,0.0,0.0,14.0,True,France,Centre-Forward,Real Madrid
342229,Kylian Mbappé,TOTAL,True,44.0,42.0,7.0,5.0,0.0,3621.0,True,France,Centre-Forward,Real Madrid
342878,Yassin Fortuné,Liga Portugal 2,False,23.0,3.0,1.0,5.0,0.0,1248.0,True,Haiti,Centre-Forward,FC Vizela
342878,Yassin Fortuné,Taça de Portugal,False,1.0,0.0,0.0,0.0,0.0,71.0,True,Haiti,Centre-Forward,FC Vizela
342878,Yassin Fortuné,TOTAL,True,24.0,3.0,1.0,5.0,0.0,1319.0,True,Haiti,Centre-Forward,FC Vizela
343044,Payam Niazmand,Persian Gulf League,False,21.0,18.0,10.0,3.0,0.0,1890.0,True,Iran,Goalkeeper,Persepolis FC
343044,Payam Niazmand,Hazfi Cup,False,1.0,1.0,0.0,0.0,0.0,120.0,True,Iran,Goalkeeper,Persepolis FC
343044,Payam Niazmand,Champions League Two Play-off,False,0.0,0.0,0.0,0.0,0.0,0.0,True,Iran,Goalkeeper,Persepolis FC
343044,Payam Niazmand,TOTAL,True,22.0,19.0,10.0,3.0,0.0,2010.0,True,Iran,Goalkeeper,Persepolis FC
343052,Nicolas Pépé,LaLiga,False,36.0,8.0,10.0,4.0,0.0,2397.0,True,Ivory Coast,Right Winger,Villarreal CF
343052,Nicolas Pépé,UEFA Champions League,False,8.0,0.0,1.0,1.0,0.0,611.0,True,Ivory Coast,Right Winger,Villarreal CF
343052,Nicolas Pépé,Copa del Rey,False,2.0,0.0,0.0,0.0,0.0,175.0,True,Ivory Coast,Right Winger,Villarreal CF
343052,Nicolas Pépé,TOTAL,True,46.0,8.0,11.0,5.0,0.0,3183.0,True,Ivory Coast,Right Winger,Villarreal CF
343463,Cyle Larin,Championship,False,16.0,8.0,1.0,2.0,0.0,853.0,True,Canada,Centre-Forward,Southampton FC
343463,Cyle Larin,Eredivisie,False,8.0,0.0,1.0,1.0,0.0,152.0,True,Canada,Centre-Forward,Southampton FC
343463,Cyle Larin,Europa League,False,7.0,1.0,0.0,1.0,0.0,250.0,True,Canada,Centre-Forward,Southampton FC
343463,Cyle Larin,FA Cup,False,4.0,1.0,0.0,0.0,0.0,204.0,True,Canada,Centre-Forward,Southampton FC
343463,Cyle Larin,Championship Play-Offs,False,2.0,0.0,0.0,2.0,0.0,96.0,True,Canada,Centre-Forward,Southampton FC
343463,Cyle Larin,KNVB Beker,False,0.0,0.0,0.0,0.0,0.0,0.0,True,Canada,Centre-Forward,Southampton FC
343463,Cyle Larin,LaLiga,False,0.0,0.0,0.0,0.0,0.0,0.0,True,Canada,Centre-Forward,Southampton FC
343463,Cyle Larin,TOTAL,True,37.0,10.0,2.0,6.0,0.0,1555.0,True,Canada,Centre-Forward,Southampton FC
343974,Mohamed Hany,Premier League,False,18.0,0.0,4.0,2.0,1.0,1538.0,True,Egypt,Right-Back,Al Ahly FC
343974,Mohamed Hany,CAF-Champions League,False,10.0,0.0,1.0,2.0,0.0,837.0,True,Egypt,Right-Back,Al Ahly FC
343974,Mohamed Hany,Championship Playoff,False,5.0,0.0,1.0,1.0,0.0,425.0,True,Egypt,Right-Back,Al Ahly FC
343974,Mohamed Hany,Egyptian Super Cup,False,2.0,0.0,0.0,0.0,0.0,180.0,True,Egypt,Right-Back,Al Ahly FC
343974,Mohamed Hany,Egyptian League Cup,False,0.0,0.0,0.0,0.0,0.0,0.0,True,Egypt,Right-Back,Al Ahly FC
343974,Mohamed Hany,Egypt Cup,False,0.0,0.0,0.0,0.0,0.0,0.0,True,Egypt,Right-Back,Al Ahly FC
343974,Mohamed Hany,TOTAL,True,35.0,0.0,6.0,5.0,1.0,2980.0,True,Egypt,Right-Back,Al Ahly FC
344695,Dayot Upamecano,Bundesliga,False,24.0,1.0,1.0,4.0,0.0,1798.0,True,France,Centre-Back,Bayern Munich
344695,Dayot Upamecano,UEFA Champions League,False,12.0,1.0,2.0,2.0,0.0,1013.0,True,France,Centre-Back,Bayern Munich
344695,Dayot Upamecano,DFB-Pokal,False,5.0,0.0,0.0,2.0,0.0,450.0,True,France,Centre-Back,Bayern Munich
344695,Dayot Upamecano,DFL-Supercup,False,1.0,0.0,0.0,1.0,0.0,80.0,True,France,Centre-Back,Bayern Munich
344695,Dayot Upamecano,TOTAL,True,42.0,2.0,3.0,9.0,0.0,3341.0,True,France,Centre-Back,Bayern Munich
344830,Tahith Chong,Championship,False,21.0,0.0,1.0,2.0,0.0,669.0,True,Curaçao,Attacking Midfield,Sheffield United
344830,Tahith Chong,FA Cup,False,1.0,0.0,0.0,0.0,0.0,57.0,True,Curaçao,Attacking Midfield,Sheffield United
344830,Tahith Chong,League One,False,0.0,0.0,0.0,0.0,0.0,0.0,True,Curaçao,Attacking Midfield,Sheffield United
344830,Tahith Chong,EFL Cup,False,0.0,0.0,0.0,0.0,0.0,0.0,True,Curaçao,Attacking Midfield,Sheffield United
344830,Tahith Chong,TOTAL,True,22.0,0.0,1.0,2.0,0.0,726.0,True,Curaçao,Attacking Midfield,Sheffield United
344854,Jesús Gallardo,Liga MX Apertura,False,14.0,4.0,1.0,6.0,0.0,1170.0,True,Mexico,Left-Back,Deportivo Toluca
344854,Jesús Gallardo,Liga MX Clausura,False,13.0,1.0,4.0,5.0,0.0,987.0,True,Mexico,Left-Back,Deportivo Toluca
344854,Jesús Gallardo,Liguilla Apertura,False,6.0,0.0,0.0,2.0,0.0,570.0,True,Mexico,Left-Back,Deportivo Toluca
344854,Jesús Gallardo,CONCACAF Champions Cup,False,5.0,3.0,1.0,0.0,0.0,444.0,True,Mexico,Left-Back,Deportivo Toluca
344854,Jesús Gallardo,Liguilla Clausura,False,0.0,0.0,0.0,0.0,0.0,0.0,True,Mexico,Left-Back,Deportivo Toluca
344854,Jesús Gallardo,TOTAL,True,38.0,8.0,6.0,13.0,0.0,3171.0,True,Mexico,Left-Back,Deportivo Toluca
344864,Jean-Kévin Duverne,Jupiler Pro League,False,14.0,0.0,1.0,4.0,0.0,735.0,True,Haiti,Centre-Back,KAA Gent
344864,Jean-Kévin Duverne,Jupiler Pro League Champions' Play-Offs,False,8.0,1.0,0.0,1.0,0.0,421.0,True,Haiti,Centre-Back,KAA Gent
344864,Jean-Kévin Duverne,Croky Cup,False,2.0,0.0,0.0,0.0,0.0,55.0,True,Haiti,Centre-Back,KAA Gent
344864,Jean-Kévin Duverne,Jupiler Pro League playoff Europa League,False,0.0,0.0,0.0,0.0,0.0,0.0,True,Haiti,Centre-Back,KAA Gent
344864,Jean-Kévin Duverne,Ligue 1,False,0.0,0.0,0.0,0.0,0.0,0.0,True,Haiti,Centre-Back,KAA Gent
344864,Jean-Kévin Duverne,TOTAL,True,24.0,1.0,1.0,5.0,0.0,1211.0,True,Haiti,Centre-Back,KAA Gent
344869,Simon Banza,UAE Pro League,False,16.0,9.0,1.0,1.0,0.0,1142.0,True,Democratic Republic of the Congo,Centre-Forward,Al-Jazira Club
344869,Simon Banza,UAE President's Cup,False,2.0,0.0,0.0,0.0,0.0,165.0,True,Democratic Republic of the Congo,Centre-Forward,Al-Jazira Club
344869,Simon Banza,UAE League Cup,False,2.0,0.0,0.0,0.0,0.0,114.0,True,Democratic Republic of the Congo,Centre-Forward,Al-Jazira Club
344869,Simon Banza,Liga Portugal,False,0.0,0.0,0.0,0.0,0.0,0.0,True,Democratic Republic of the Congo,Centre-Forward,Al-Jazira Club
344869,Simon Banza,Europa League Qualifying,False,0.0,0.0,0.0,0.0,0.0,0.0,True,Democratic Republic of the Congo,Centre-Forward,Al-Jazira Club
344869,Simon Banza,TOTAL,True,20.0,9.0,1.0,1.0,0.0,1421.0,True,Democratic Republic of the Congo,Centre-Forward,Al-Jazira Club
345095,Almoez Ali,Stars League,False,4.0,1.0,0.0,0.0,0.0,168.0,True,Qatar,Centre-Forward,Al-Duhail SC
345095,Almoez Ali,Amir Cup,False,2.0,0.0,1.0,1.0,0.0,135.0,True,Qatar,Centre-Forward,Al-Duhail SC
345095,Almoez Ali,AFC Champions League,False,2.0,0.0,0.0,1.0,0.0,75.0,True,Qatar,Centre-Forward,Al-Duhail SC
345095,Almoez Ali,QSL Cup,False,0.0,0.0,0.0,0.0,0.0,0.0,True,Qatar,Centre-Forward,Al-Duhail SC
345095,Almoez Ali,AFC CL Elite Qualif.,False,0.0,0.0,0.0,0.0,0.0,0.0,True,Qatar,Centre-Forward,Al-Duhail SC
345095,Almoez Ali,TOTAL,True,8.0,1.0,1.0,2.0,0.0,378.0,True,Qatar,Centre-Forward,Al-Duhail SC
345700,Joe Bell,Eliteserien,False,6.0,0.0,1.0,0.0,0.0,520.0,True,New Zealand,Defensive Midfield,Viking FK
345700,Joe Bell,UECL Qualifying,False,3.0,0.0,3.0,0.0,0.0,243.0,True,New Zealand,Defensive Midfield,Viking FK
345700,Joe Bell,NM-Cup,False,1.0,0.0,0.0,0.0,0.0,90.0,True,New Zealand,Defensive Midfield,Viking FK
345700,Joe Bell,TOTAL,True,10.0,0.0,4.0,0.0,0.0,853.0,True,New Zealand,Defensive Midfield,Viking FK
345716,Fidel Escobar,Primera División Apertura,False,16.0,0.0,1.0,3.0,0.0,1412.0,True,Panama,Centre-Back,Deportivo Saprissa
345716,Fidel Escobar,Apertura Play-Off,False,4.0,1.0,0.0,0.0,0.0,360.0,True,Panama,Centre-Back,Deportivo Saprissa
345716,Fidel Escobar,Primera División Clausura,False,4.0,0.0,0.0,1.0,0.0,278.0,True,Panama,Centre-Back,Deportivo Saprissa
345716,Fidel Escobar,Central American Cup,False,4.0,0.0,0.0,2.0,0.0,287.0,True,Panama,Centre-Back,Deportivo Saprissa
345716,Fidel Escobar,Copa de Costa Rica,False,1.0,1.0,0.0,0.0,0.0,90.0,True,Panama,Centre-Back,Deportivo Saprissa
345716,Fidel Escobar,Clausura Play-Off,False,1.0,0.0,0.0,0.0,0.0,90.0,True,Panama,Centre-Back,Deportivo Saprissa
345716,Fidel Escobar,TOTAL,True,30.0,2.0,1.0,6.0,0.0,2517.0,True,Panama,Centre-Back,Deportivo Saprissa
345763,Duckens Nazon,Persian Gulf League,False,10.0,1.0,1.0,0.0,0.0,429.0,True,Haiti,Centre-Forward,Esteghlal FC
345763,Duckens Nazon,AFC Champions League Two,False,7.0,1.0,1.0,1.0,0.0,275.0,True,Haiti,Centre-Forward,Esteghlal FC
345763,Duckens Nazon,Hazfi Cup,False,1.0,0.0,0.0,0.0,0.0,45.0,True,Haiti,Centre-Forward,Esteghlal FC
345763,Duckens Nazon,Iran Super Cup,False,1.0,0.0,0.0,0.0,0.0,33.0,True,Haiti,Centre-Forward,Esteghlal FC
345763,Duckens Nazon,TOTAL,True,19.0,2.0,2.0,1.0,0.0,782.0,True,Haiti,Centre-Forward,Esteghlal FC
345911,Ladislav Krejčí,Premier League,False,28.0,2.0,1.0,3.0,1.0,2361.0,True,Czech Republic,Centre-Back,Wolverhampton Wanderers
345911,Ladislav Krejčí,FA Cup,False,2.0,0.0,0.0,0.0,0.0,180.0,True,Czech Republic,Centre-Back,Wolverhampton Wanderers
345911,Ladislav Krejčí,EFL Cup,False,2.0,0.0,0.0,1.0,0.0,135.0,True,Czech Republic,Centre-Back,Wolverhampton Wanderers
345911,Ladislav Krejčí,LaLiga,False,2.0,0.0,0.0,1.0,0.0,180.0,True,Czech Republic,Centre-Back,Wolverhampton Wanderers
345911,Ladislav Krejčí,TOTAL,True,34.0,2.0,1.0,5.0,1.0,2856.0,True,Czech Republic,Centre-Back,Wolverhampton Wanderers
346314,Trevoh Chalobah,Premier League,False,34.0,3.0,0.0,3.0,0.0,2782.0,True,England,Centre-Back,Chelsea FC
346314,Trevoh Chalobah,UEFA Champions League,False,8.0,0.0,0.0,1.0,0.0,571.0,True,England,Centre-Back,Chelsea FC
346314,Trevoh Chalobah,EFL Cup,False,4.0,0.0,0.0,0.0,0.0,276.0,True,England,Centre-Back,Chelsea FC
346314,Trevoh Chalobah,FA Cup,False,1.0,0.0,0.0,0.0,0.0,90.0,True,England,Centre-Back,Chelsea FC
346314,Trevoh Chalobah,TOTAL,True,47.0,3.0,0.0,4.0,0.0,3719.0,True,England,Centre-Back,Chelsea FC
346779,Ché Adams,Serie A,False,33.0,6.0,3.0,0.0,0.0,1897.0,True,Scotland,Centre-Forward,Torino FC
346779,Ché Adams,Italy Cup,False,3.0,2.0,0.0,0.0,0.0,213.0,True,Scotland,Centre-Forward,Torino FC
346779,Ché Adams,TOTAL,True,36.0,8.0,3.0,0.0,0.0,2110.0,True,Scotland,Centre-Forward,Torino FC
346853,Romano Schmid,Bundesliga,False,34.0,4.0,8.0,4.0,0.0,2993.0,True,Austria,Attacking Midfield,SV Werder Bremen
346853,Romano Schmid,DFB-Pokal,False,1.0,0.0,0.0,0.0,0.0,90.0,True,Austria,Attacking Midfield,SV Werder Bremen
346853,Romano Schmid,TOTAL,True,35.0,4.0,8.0,4.0,0.0,3083.0,True,Austria,Attacking Midfield,SV Werder Bremen
347138,Lyndon Dykes,Championship,False,41.0,5.0,4.0,4.0,0.0,1937.0,True,Scotland,Centre-Forward,Charlton Athletic
347138,Lyndon Dykes,EFL Cup,False,2.0,0.0,0.0,0.0,0.0,80.0,True,Scotland,Centre-Forward,Charlton Athletic
347138,Lyndon Dykes,FA Cup,False,0.0,0.0,0.0,0.0,0.0,0.0,True,Scotland,Centre-Forward,Charlton Athletic
347138,Lyndon Dykes,TOTAL,True,43.0,5.0,4.0,4.0,0.0,2017.0,True,Scotland,Centre-Forward,Charlton Athletic
347932,Guillermo Martínez,Liga MX Clausura,False,15.0,5.0,0.0,3.0,0.0,493.0,True,Mexico,Centre-Forward,UNAM Pumas
347932,Guillermo Martínez,Liga MX Apertura,False,11.0,4.0,0.0,3.0,0.0,849.0,True,Mexico,Centre-Forward,UNAM Pumas
347932,Guillermo Martínez,CONCACAF Champions Cup,False,2.0,0.0,0.0,0.0,0.0,43.0,True,Mexico,Centre-Forward,UNAM Pumas
347932,Guillermo Martínez,Liguilla Clausura,False,0.0,0.0,0.0,0.0,0.0,0.0,True,Mexico,Centre-Forward,UNAM Pumas
347932,Guillermo Martínez,Liguilla Apertura,False,0.0,0.0,0.0,0.0,0.0,0.0,True,Mexico,Centre-Forward,UNAM Pumas
347932,Guillermo Martínez,TOTAL,True,28.0,9.0,0.0,6.0,0.0,1385.0,True,Mexico,Centre-Forward,UNAM Pumas
348791,Junya Ito,Jupiler Pro League,False,18.0,4.0,2.0,3.0,0.0,1027.0,True,Japan,Right Winger,KRC Genk
348791,Junya Ito,JPL Europe Play-Offs,False,10.0,2.0,3.0,1.0,0.0,760.0,True,Japan,Right Winger,KRC Genk
348791,Junya Ito,Europa League,False,6.0,0.0,0.0,0.0,0.0,420.0,True,Japan,Right Winger,KRC Genk
348791,Junya Ito,Europa League Qualifying,False,2.0,1.0,0.0,1.0,0.0,87.0,True,Japan,Right Winger,KRC Genk
348791,Junya Ito,Jupiler Pro League playoff Europa League,False,0.0,0.0,0.0,0.0,0.0,0.0,True,Japan,Right Winger,KRC Genk
348791,Junya Ito,Croky Cup,False,0.0,0.0,0.0,0.0,0.0,0.0,True,Japan,Right Winger,KRC Genk
348791,Junya Ito,TOTAL,True,36.0,7.0,5.0,5.0,0.0,2294.0,True,Japan,Right Winger,KRC Genk
348795,Giovani Lo Celso,LaLiga,False,24.0,2.0,3.0,4.0,0.0,1397.0,True,Argentina,Attacking Midfield,Real Betis Balompié
348795,Giovani Lo Celso,Europa League,False,6.0,1.0,0.0,0.0,0.0,321.0,True,Argentina,Attacking Midfield,Real Betis Balompié
348795,Giovani Lo Celso,Copa del Rey,False,2.0,0.0,0.0,0.0,0.0,59.0,True,Argentina,Attacking Midfield,Real Betis Balompié
348795,Giovani Lo Celso,TOTAL,True,32.0,3.0,3.0,4.0,0.0,1777.0,True,Argentina,Attacking Midfield,Real Betis Balompié
348863,Juninho Bacuna,Eredivisie,False,13.0,0.0,2.0,1.0,0.0,709.0,True,Curaçao,Central Midfield,FC Volendam
348863,Juninho Bacuna,Süper Lig,False,9.0,0.0,0.0,1.0,0.0,214.0,True,Curaçao,Central Midfield,FC Volendam
348863,Juninho Bacuna,Türkiye Kupasi,False,3.0,1.0,1.0,1.0,0.0,249.0,True,Curaçao,Central Midfield,FC Volendam
348863,Juninho Bacuna,Keuken Kampioen Play-Offs,False,2.0,0.0,0.0,1.0,0.0,151.0,True,Curaçao,Central Midfield,FC Volendam
348863,Juninho Bacuna,KNVB Beker,False,0.0,0.0,0.0,0.0,0.0,0.0,True,Curaçao,Central Midfield,FC Volendam
348863,Juninho Bacuna,TOTAL,True,27.0,1.0,3.0,4.0,0.0,1323.0,True,Curaçao,Central Midfield,FC Volendam
349570,Diney Borges,UAE Pro League,False,25.0,2.0,0.0,6.0,0.0,2250.0,True,Cape Verde,Centre-Back,Al-Bataeh CSC
349570,Diney Borges,UAE President's Cup,False,1.0,0.0,0.0,0.0,0.0,120.0,True,Cape Verde,Centre-Back,Al-Bataeh CSC
349570,Diney Borges,UAE League Cup,False,0.0,0.0,0.0,0.0,0.0,0.0,True,Cape Verde,Centre-Back,Al-Bataeh CSC
349570,Diney Borges,TOTAL,True,26.0,2.0,0.0,6.0,0.0,2370.0,True,Cape Verde,Centre-Back,Al-Bataeh CSC
349599,Pervis Estupiñán,Serie A,False,19.0,1.0,1.0,5.0,0.0,1036.0,True,Ecuador,Left-Back,AC Milan
349599,Pervis Estupiñán,Italy Cup,False,2.0,0.0,0.0,1.0,0.0,177.0,True,Ecuador,Left-Back,AC Milan
349599,Pervis Estupiñán,Supercoppa Italiana,False,1.0,0.0,0.0,0.0,0.0,90.0,True,Ecuador,Left-Back,AC Milan
349599,Pervis Estupiñán,TOTAL,True,22.0,1.0,1.0,6.0,0.0,1303.0,True,Ecuador,Left-Back,AC Milan
350347,Michael Woud,A-League Men,False,24.0,26.0,7.0,2.0,0.0,2091.0,True,New Zealand,Goalkeeper,Auckland FC
350347,Michael Woud,A-League Fin.,False,4.0,2.0,2.0,0.0,0.0,390.0,True,New Zealand,Goalkeeper,Auckland FC
350347,Michael Woud,OFC Pro League,False,0.0,0.0,0.0,0.0,0.0,0.0,True,New Zealand,Goalkeeper,Auckland FC
350347,Michael Woud,TOTAL,True,28.0,28.0,9.0,2.0,0.0,2481.0,True,New Zealand,Goalkeeper,Auckland FC
350357,Sarpreet Singh,Super liga Srbije,False,15.0,2.0,1.0,3.0,0.0,887.0,True,New Zealand,Attacking Midfield,Wellington Phoenix
350357,Sarpreet Singh,A-League Men,False,2.0,0.0,0.0,0.0,0.0,74.0,True,New Zealand,Attacking Midfield,Wellington Phoenix
350357,Sarpreet Singh,Kup Srbije,False,1.0,0.0,0.0,0.0,0.0,90.0,True,New Zealand,Attacking Midfield,Wellington Phoenix
350357,Sarpreet Singh,TOTAL,True,18.0,2.0,1.0,3.0,0.0,1051.0,True,New Zealand,Attacking Midfield,Wellington Phoenix
35047,Axel Witsel,LaLiga,False,32.0,1.0,2.0,0.0,1.0,2533.0,True,Belgium,Defensive Midfield,Girona FC
35047,Axel Witsel,Copa del Rey,False,0.0,0.0,0.0,0.0,0.0,0.0,True,Belgium,Defensive Midfield,Girona FC
35047,Axel Witsel,TOTAL,True,32.0,1.0,2.0,0.0,1.0,2533.0,True,Belgium,Defensive Midfield,Girona FC
351567,Koki Ogawa,Eredivisie,False,26.0,8.0,4.0,1.0,0.0,1274.0,True,Japan,Centre-Forward,NEC Nijmegen
351567,Koki Ogawa,KNVB Beker,False,3.0,1.0,0.0,0.0,0.0,101.0,True,Japan,Centre-Forward,NEC Nijmegen
351567,Koki Ogawa,TOTAL,True,29.0,9.0,4.0,1.0,0.0,1375.0,True,Japan,Centre-Forward,NEC Nijmegen
351941,Gonzalo Valle,LigaPro Serie A,False,14.0,13.0,4.0,2.0,0.0,1260.0,True,Ecuador,Goalkeeper,LDU Quito
351941,Gonzalo Valle,Libertadores,False,6.0,5.0,3.0,1.0,0.0,540.0,True,Ecuador,Goalkeeper,LDU Quito
351941,Gonzalo Valle,Copa Ecuador,False,0.0,0.0,0.0,0.0,0.0,0.0,True,Ecuador,Goalkeeper,LDU Quito
351941,Gonzalo Valle,TOTAL,True,20.0,18.0,7.0,3.0,0.0,1800.0,True,Ecuador,Goalkeeper,LDU Quito
353032,Omar Alderete,Premier League,False,33.0,1.0,1.0,6.0,0.0,2802.0,True,Paraguay,Centre-Back,Sunderland AFC
353032,Omar Alderete,FA Cup,False,1.0,0.0,0.0,0.0,0.0,90.0,True,Paraguay,Centre-Back,Sunderland AFC
353032,Omar Alderete,EFL Cup,False,0.0,0.0,0.0,0.0,0.0,0.0,True,Paraguay,Centre-Back,Sunderland AFC
353032,Omar Alderete,TOTAL,True,34.0,1.0,1.0,6.0,0.0,2892.0,True,Paraguay,Centre-Back,Sunderland AFC
353403,Samuel Moutoussamy,Super League 1,False,21.0,3.0,0.0,3.0,0.0,1761.0,True,Democratic Republic of the Congo,Central Midfield,Atromitos Athens
353403,Samuel Moutoussamy,Super League Play-out,False,7.0,0.0,0.0,2.0,0.0,577.0,True,Democratic Republic of the Congo,Central Midfield,Atromitos Athens
353403,Samuel Moutoussamy,1.Lig,False,4.0,0.0,0.0,1.0,0.0,203.0,True,Democratic Republic of the Congo,Central Midfield,Atromitos Athens
353403,Samuel Moutoussamy,Kypello Elladas,False,3.0,0.0,0.0,1.0,0.0,116.0,True,Democratic Republic of the Congo,Central Midfield,Atromitos Athens
353403,Samuel Moutoussamy,TOTAL,True,35.0,3.0,0.0,7.0,0.0,2657.0,True,Democratic Republic of the Congo,Central Midfield,Atromitos Athens
353432,Aubrey Modiba,Betway Premiership,False,27.0,0.0,3.0,4.0,0.0,2018.0,True,South Africa,Left-Back,Mamelodi Sundowns FC
353432,Aubrey Modiba,CAF-Champions League,False,9.0,1.0,4.0,1.0,0.0,674.0,True,South Africa,Left-Back,Mamelodi Sundowns FC
353432,Aubrey Modiba,MTN8,False,3.0,0.0,0.0,1.0,0.0,182.0,True,South Africa,Left-Back,Mamelodi Sundowns FC
353432,Aubrey Modiba,Nedbank Cup,False,2.0,0.0,0.0,0.0,0.0,107.0,True,South Africa,Left-Back,Mamelodi Sundowns FC
353432,Aubrey Modiba,Carling Knockout,False,1.0,0.0,0.0,1.0,0.0,120.0,True,South Africa,Left-Back,Mamelodi Sundowns FC
353432,Aubrey Modiba,TOTAL,True,42.0,1.0,7.0,7.0,0.0,3101.0,True,South Africa,Left-Back,Mamelodi Sundowns FC
353583,Roberto Alvarado,Liga MX Clausura,False,17.0,1.0,2.0,1.0,0.0,1393.0,True,Mexico,Right Winger,Deportivo Guadalajara
353583,Roberto Alvarado,Liga MX Apertura,False,12.0,3.0,2.0,0.0,0.0,810.0,True,Mexico,Right Winger,Deportivo Guadalajara
353583,Roberto Alvarado,Liguilla Apertura,False,2.0,0.0,1.0,0.0,0.0,166.0,True,Mexico,Right Winger,Deportivo Guadalajara
353583,Roberto Alvarado,Liguilla Clausura,False,0.0,0.0,0.0,0.0,0.0,0.0,True,Mexico,Right Winger,Deportivo Guadalajara
353583,Roberto Alvarado,TOTAL,True,31.0,4.0,5.0,1.0,0.0,2369.0,True,Mexico,Right Winger,Deportivo Guadalajara
353892,Hiroki Ito,Bundesliga,False,16.0,1.0,2.0,0.0,0.0,921.0,True,Japan,Centre-Back,Bayern Munich
353892,Hiroki Ito,UEFA Champions League,False,4.0,0.0,0.0,0.0,0.0,122.0,True,Japan,Centre-Back,Bayern Munich
353892,Hiroki Ito,DFB-Pokal,False,3.0,0.0,0.0,0.0,0.0,6.0,True,Japan,Centre-Back,Bayern Munich
353892,Hiroki Ito,DFL-Supercup,False,0.0,0.0,0.0,0.0,0.0,0.0,True,Japan,Centre-Back,Bayern Munich
353892,Hiroki Ito,TOTAL,True,23.0,1.0,2.0,0.0,0.0,1049.0,True,Japan,Centre-Back,Bayern Munich
354145,Jorge Carrascal,Série A,False,13.0,2.0,1.0,1.0,0.0,618.0,True,Colombia,Attacking Midfield,CR Flamengo
354145,Jorge Carrascal,Campeonato Carioca,False,7.0,1.0,3.0,0.0,0.0,429.0,True,Colombia,Attacking Midfield,CR Flamengo
354145,Jorge Carrascal,Libertadores,False,4.0,0.0,0.0,0.0,0.0,311.0,True,Colombia,Attacking Midfield,CR Flamengo
354145,Jorge Carrascal,FIFA Intercontinental Cup,False,3.0,0.0,0.0,0.0,0.0,209.0,True,Colombia,Attacking Midfield,CR Flamengo
354145,Jorge Carrascal,Recopa Sudamericana,False,2.0,0.0,0.0,1.0,0.0,148.0,True,Colombia,Attacking Midfield,CR Flamengo
354145,Jorge Carrascal,Copa do Brasil,False,1.0,0.0,0.0,1.0,0.0,63.0,True,Colombia,Attacking Midfield,CR Flamengo
354145,Jorge Carrascal,Supercopa Rei,False,1.0,0.0,0.0,0.0,0.0,45.0,True,Colombia,Attacking Midfield,CR Flamengo
354145,Jorge Carrascal,Russian Cup,False,0.0,0.0,0.0,0.0,0.0,0.0,True,Colombia,Attacking Midfield,CR Flamengo
354145,Jorge Carrascal,Premier Liga,False,0.0,0.0,0.0,0.0,0.0,0.0,True,Colombia,Attacking Midfield,CR Flamengo
354145,Jorge Carrascal,TOTAL,True,31.0,3.0,4.0,3.0,0.0,1823.0,True,Colombia,Attacking Midfield,CR Flamengo
354482,Amir Murillo,Ligue 1,False,16.0,2.0,2.0,4.0,0.0,988.0,True,Panama,Right-Back,Besiktas JK
354482,Amir Murillo,Süper Lig,False,12.0,1.0,1.0,4.0,0.0,957.0,True,Panama,Right-Back,Besiktas JK
354482,Amir Murillo,UEFA Champions League,False,7.0,0.0,0.0,1.0,0.0,388.0,True,Panama,Right-Back,Besiktas JK
354482,Amir Murillo,Türkiye Kupasi,False,3.0,1.0,0.0,0.0,0.0,270.0,True,Panama,Right-Back,Besiktas JK
354482,Amir Murillo,Coupe de France,False,1.0,0.0,2.0,0.0,0.0,90.0,True,Panama,Right-Back,Besiktas JK
354482,Amir Murillo,Trophée des Champions,False,1.0,0.0,0.0,0.0,0.0,13.0,True,Panama,Right-Back,Besiktas JK
354482,Amir Murillo,TOTAL,True,40.0,4.0,5.0,9.0,0.0,2706.0,True,Panama,Right-Back,Besiktas JK
354763,Derrick Etienne Jr.,MLS,False,11.0,2.0,0.0,0.0,0.0,647.0,True,Haiti,Left Winger,Toronto FC
354763,Derrick Etienne Jr.,Canadian Championship,False,1.0,0.0,1.0,1.0,0.0,90.0,True,Haiti,Left Winger,Toronto FC
354763,Derrick Etienne Jr.,TOTAL,True,12.0,2.0,1.0,1.0,0.0,737.0,True,Haiti,Left Winger,Toronto FC
355816,Ko Itakura,Eredivisie,False,18.0,1.0,0.0,2.0,0.0,1344.0,True,Japan,Centre-Back,Ajax Amsterdam
355816,Ko Itakura,UEFA Champions League,False,6.0,0.0,0.0,1.0,0.0,455.0,True,Japan,Centre-Back,Ajax Amsterdam
355816,Ko Itakura,Play-Offs Conference League,False,1.0,0.0,0.0,0.0,0.0,35.0,True,Japan,Centre-Back,Ajax Amsterdam
355816,Ko Itakura,KNVB Beker,False,1.0,0.0,0.0,0.0,0.0,81.0,True,Japan,Centre-Back,Ajax Amsterdam
355816,Ko Itakura,TOTAL,True,26.0,1.0,0.0,3.0,0.0,1915.0,True,Japan,Centre-Back,Ajax Amsterdam
355817,Kaku,UAE Pro League,False,22.0,4.0,7.0,3.0,0.0,1836.0,True,Paraguay,Attacking Midfield,Al-Ain FC
355817,Kaku,UAE League Cup,False,5.0,0.0,1.0,0.0,0.0,434.0,True,Paraguay,Attacking Midfield,Al-Ain FC
355817,Kaku,UAE President's Cup,False,3.0,0.0,2.0,0.0,0.0,180.0,True,Paraguay,Attacking Midfield,Al-Ain FC
355817,Kaku,TOTAL,True,30.0,4.0,10.0,3.0,0.0,2450.0,True,Paraguay,Attacking Midfield,Al-Ain FC
355915,Cristian Romero,Premier League,False,23.0,4.0,1.0,9.0,1.0,1873.0,True,Argentina,Centre-Back,Tottenham Hotspur
355915,Cristian Romero,UEFA Champions League,False,8.0,1.0,3.0,2.0,0.0,694.0,True,Argentina,Centre-Back,Tottenham Hotspur
355915,Cristian Romero,UEFA Super Cup,False,1.0,1.0,0.0,0.0,0.0,90.0,True,Argentina,Centre-Back,Tottenham Hotspur
355915,Cristian Romero,FA Cup,False,0.0,0.0,0.0,0.0,0.0,0.0,True,Argentina,Centre-Back,Tottenham Hotspur
355915,Cristian Romero,EFL Cup,False,0.0,0.0,0.0,0.0,0.0,0.0,True,Argentina,Centre-Back,Tottenham Hotspur
355915,Cristian Romero,TOTAL,True,32.0,6.0,4.0,11.0,1.0,2657.0,True,Argentina,Centre-Back,Tottenham Hotspur
356042,Carlos Acevedo,Liga MX Apertura,False,17.0,28.0,5.0,1.0,0.0,1530.0,True,Mexico,Goalkeeper,Santos Laguna
356042,Carlos Acevedo,Liga MX Clausura,False,15.0,36.0,0.0,0.0,0.0,1330.0,True,Mexico,Goalkeeper,Santos Laguna
356042,Carlos Acevedo,TOTAL,True,32.0,64.0,5.0,1.0,0.0,2860.0,True,Mexico,Goalkeeper,Santos Laguna
356044,Jorge Sánchez,Liga MX Apertura,False,12.0,0.0,1.0,1.0,0.0,1011.0,True,Mexico,Right-Back,PAOK Thessaloniki
356044,Jorge Sánchez,Super League 1,False,6.0,0.0,1.0,0.0,0.0,450.0,True,Mexico,Right-Back,PAOK Thessaloniki
356044,Jorge Sánchez,Super League Play-off,False,4.0,0.0,0.0,2.0,0.0,183.0,True,Mexico,Right-Back,PAOK Thessaloniki
356044,Jorge Sánchez,Liga MX Clausura,False,4.0,0.0,0.0,0.0,0.0,218.0,True,Mexico,Right-Back,PAOK Thessaloniki
356044,Jorge Sánchez,Liguilla Apertura,False,3.0,0.0,0.0,0.0,0.0,198.0,True,Mexico,Right-Back,PAOK Thessaloniki
356044,Jorge Sánchez,FIFA Intercontinental Cup,False,1.0,1.0,0.0,0.0,0.0,87.0,True,Mexico,Right-Back,PAOK Thessaloniki
356044,Jorge Sánchez,Europa League,False,1.0,0.0,0.0,0.0,0.0,90.0,True,Mexico,Right-Back,PAOK Thessaloniki
356044,Jorge Sánchez,Kypello Elladas,False,0.0,0.0,0.0,0.0,0.0,0.0,True,Mexico,Right-Back,PAOK Thessaloniki
356044,Jorge Sánchez,TOTAL,True,31.0,1.0,2.0,3.0,0.0,2237.0,True,Mexico,Right-Back,PAOK Thessaloniki
356141,Daichi Kamada,Premier League,False,28.0,0.0,1.0,3.0,0.0,1909.0,True,Japan,Attacking Midfield,Crystal Palace
356141,Daichi Kamada,Conference League,False,14.0,1.0,4.0,0.0,0.0,1004.0,True,Japan,Attacking Midfield,Crystal Palace
356141,Daichi Kamada,EFL Cup,False,2.0,0.0,0.0,1.0,0.0,180.0,True,Japan,Attacking Midfield,Crystal Palace
356141,Daichi Kamada,UECL Qualifying,False,1.0,0.0,0.0,0.0,0.0,90.0,True,Japan,Attacking Midfield,Crystal Palace
356141,Daichi Kamada,Community Shield,False,1.0,0.0,0.0,0.0,0.0,29.0,True,Japan,Attacking Midfield,Crystal Palace
356141,Daichi Kamada,FA Cup,False,0.0,0.0,0.0,0.0,0.0,0.0,True,Japan,Attacking Midfield,Crystal Palace
356141,Daichi Kamada,TOTAL,True,46.0,1.0,5.0,4.0,0.0,3212.0,True,Japan,Attacking Midfield,Crystal Palace
357003,Martin Erlić,Superliga,False,11.0,1.0,0.0,3.0,0.0,838.0,True,Croatia,Centre-Back,FC Midtjylland
357003,Martin Erlić,Europa League,False,8.0,4.0,1.0,3.0,0.0,734.0,True,Croatia,Centre-Back,FC Midtjylland
357003,Martin Erlić,Superliga Championship round,False,7.0,1.0,0.0,1.0,0.0,585.0,True,Croatia,Centre-Back,FC Midtjylland
357003,Martin Erlić,Oddset Pokalen,False,5.0,0.0,0.0,1.0,0.0,431.0,True,Croatia,Centre-Back,FC Midtjylland
357003,Martin Erlić,Europa League Qualifying,False,3.0,0.0,0.0,1.0,0.0,238.0,True,Croatia,Centre-Back,FC Midtjylland
357003,Martin Erlić,Future Cup,False,1.0,0.0,0.0,0.0,0.0,45.0,True,Croatia,Centre-Back,FC Midtjylland
357003,Martin Erlić,TOTAL,True,35.0,6.0,1.0,9.0,0.0,2871.0,True,Croatia,Centre-Back,FC Midtjylland
357117,Alban Lafont,Super League 1,False,16.0,13.0,6.0,1.0,0.0,1395.0,True,Ivory Coast,Goalkeeper,Panathinaikos
357117,Alban Lafont,Europa League,False,10.0,12.0,3.0,1.0,0.0,930.0,True,Ivory Coast,Goalkeeper,Panathinaikos
357117,Alban Lafont,Super League Play-off,False,6.0,7.0,2.0,1.0,0.0,540.0,True,Ivory Coast,Goalkeeper,Panathinaikos
357117,Alban Lafont,Kypello Elladas,False,5.0,4.0,2.0,0.0,0.0,450.0,True,Ivory Coast,Goalkeeper,Panathinaikos
357117,Alban Lafont,Europa League Qualifying,False,0.0,0.0,0.0,0.0,0.0,0.0,True,Ivory Coast,Goalkeeper,Panathinaikos
357117,Alban Lafont,Champions League Qu.,False,0.0,0.0,0.0,0.0,0.0,0.0,True,Ivory Coast,Goalkeeper,Panathinaikos
357117,Alban Lafont,TOTAL,True,37.0,36.0,13.0,3.0,0.0,3315.0,True,Ivory Coast,Goalkeeper,Panathinaikos
357119,Ibrahima Konaté,Premier League,False,36.0,1.0,0.0,7.0,0.0,3100.0,True,France,Centre-Back,Liverpool FC
357119,Ibrahima Konaté,UEFA Champions League,False,10.0,1.0,0.0,1.0,0.0,871.0,True,France,Centre-Back,Liverpool FC
357119,Ibrahima Konaté,FA Cup,False,4.0,0.0,0.0,1.0,0.0,219.0,True,France,Centre-Back,Liverpool FC
357119,Ibrahima Konaté,Community Shield,False,1.0,0.0,0.0,1.0,0.0,90.0,True,France,Centre-Back,Liverpool FC
357119,Ibrahima Konaté,EFL Cup,False,0.0,0.0,0.0,0.0,0.0,0.0,True,France,Centre-Back,Liverpool FC
357119,Ibrahima Konaté,TOTAL,True,51.0,2.0,0.0,10.0,0.0,4280.0,True,France,Centre-Back,Liverpool FC
357125,Shahriar Moghanlou,UAE Pro League,False,25.0,8.0,2.0,4.0,0.0,1921.0,True,Iran,Centre-Forward,Kalba FC
357125,Shahriar Moghanlou,UAE President's Cup,False,1.0,0.0,0.0,0.0,0.0,86.0,True,Iran,Centre-Forward,Kalba FC
357125,Shahriar Moghanlou,UAE League Cup,False,1.0,0.0,0.0,0.0,0.0,66.0,True,Iran,Centre-Forward,Kalba FC
357125,Shahriar Moghanlou,TOTAL,True,27.0,8.0,2.0,4.0,0.0,2073.0,True,Iran,Centre-Forward,Kalba FC
357147,Diogo Dalot,Premier League,False,34.0,1.0,3.0,5.0,0.0,2616.0,True,Portugal,Right-Back,Manchester United
357147,Diogo Dalot,FA Cup,False,1.0,0.0,0.0,0.0,0.0,90.0,True,Portugal,Right-Back,Manchester United
357147,Diogo Dalot,EFL Cup,False,1.0,0.0,0.0,0.0,0.0,90.0,True,Portugal,Right-Back,Manchester United
357147,Diogo Dalot,TOTAL,True,36.0,1.0,3.0,5.0,0.0,2796.0,True,Portugal,Right-Back,Manchester United
357153,Diogo Costa,Liga Portugal,False,33.0,15.0,21.0,3.0,0.0,2907.0,True,Portugal,Goalkeeper,FC Porto
357153,Diogo Costa,Europa League,False,12.0,10.0,3.0,0.0,0.0,1080.0,True,Portugal,Goalkeeper,FC Porto
357153,Diogo Costa,Taça de Portugal,False,4.0,2.0,2.0,0.0,0.0,360.0,True,Portugal,Goalkeeper,FC Porto
357153,Diogo Costa,Allianz Cup,False,0.0,0.0,0.0,0.0,0.0,0.0,True,Portugal,Goalkeeper,FC Porto
357153,Diogo Costa,TOTAL,True,49.0,27.0,26.0,3.0,0.0,4347.0,True,Portugal,Goalkeeper,FC Porto
357164,Rafael Leão,Serie A,False,29.0,9.0,3.0,5.0,0.0,1861.0,True,Portugal,Left Winger,AC Milan
357164,Rafael Leão,Italy Cup,False,2.0,1.0,0.0,0.0,0.0,107.0,True,Portugal,Left Winger,AC Milan
357164,Rafael Leão,Supercoppa Italiana,False,0.0,0.0,0.0,0.0,0.0,0.0,True,Portugal,Left Winger,AC Milan
357164,Rafael Leão,TOTAL,True,31.0,10.0,3.0,5.0,0.0,1968.0,True,Portugal,Left Winger,AC Milan
357662,Declan Rice,Premier League,False,36.0,4.0,7.0,3.0,0.0,3099.0,True,England,Central Midfield,Arsenal FC
357662,Declan Rice,UEFA Champions League,False,13.0,1.0,2.0,4.0,0.0,1069.0,True,England,Central Midfield,Arsenal FC
357662,Declan Rice,EFL Cup,False,6.0,0.0,2.0,0.0,0.0,288.0,True,England,Central Midfield,Arsenal FC
357662,Declan Rice,FA Cup,False,0.0,0.0,0.0,0.0,0.0,0.0,True,England,Central Midfield,Arsenal FC
357662,Declan Rice,TOTAL,True,55.0,5.0,11.0,7.0,0.0,4456.0,True,England,Central Midfield,Arsenal FC
358418,Gabriel Ávalos,Torneo Apertura,False,16.0,9.0,5.0,2.0,0.0,1420.0,True,Paraguay,Centre-Forward,CA Independiente
358418,Gabriel Ávalos,Playoff Torneo Apertura,False,1.0,1.0,0.0,0.0,0.0,90.0,True,Paraguay,Centre-Forward,CA Independiente
358418,Gabriel Ávalos,Copa Argentina,False,1.0,0.0,0.0,0.0,0.0,72.0,True,Paraguay,Centre-Forward,CA Independiente
358418,Gabriel Ávalos,TOTAL,True,18.0,10.0,5.0,2.0,0.0,1582.0,True,Paraguay,Centre-Forward,CA Independiente
358504,Ritsu Doan,Bundesliga,False,31.0,5.0,5.0,5.0,0.0,2379.0,True,Japan,Right Winger,Eintracht Frankfurt
358504,Ritsu Doan,UEFA Champions League,False,7.0,0.0,1.0,1.0,0.0,478.0,True,Japan,Right Winger,Eintracht Frankfurt
358504,Ritsu Doan,DFB-Pokal,False,2.0,2.0,0.0,0.0,0.0,200.0,True,Japan,Right Winger,Eintracht Frankfurt
358504,Ritsu Doan,TOTAL,True,40.0,7.0,6.0,6.0,0.0,3057.0,True,Japan,Right Winger,Eintracht Frankfurt
360412,Jordy Caicedo,Torneo Apertura,False,15.0,8.0,0.0,7.0,0.0,1328.0,True,Ecuador,Centre-Forward,CA Huracán
360412,Jordy Caicedo,LaLiga2,False,10.0,0.0,0.0,1.0,0.0,123.0,True,Ecuador,Centre-Forward,CA Huracán
360412,Jordy Caicedo,Copa del Rey,False,3.0,0.0,0.0,0.0,0.0,251.0,True,Ecuador,Centre-Forward,CA Huracán
360412,Jordy Caicedo,Playoff Torneo Apertura,False,2.0,0.0,0.0,1.0,0.0,165.0,True,Ecuador,Centre-Forward,CA Huracán
360412,Jordy Caicedo,Copa Argentina,False,0.0,0.0,0.0,0.0,0.0,0.0,True,Ecuador,Centre-Forward,CA Huracán
360412,Jordy Caicedo,Liga MX Clausura,False,0.0,0.0,0.0,0.0,0.0,0.0,True,Ecuador,Centre-Forward,CA Huracán
360412,Jordy Caicedo,TOTAL,True,30.0,8.0,0.0,9.0,0.0,1867.0,True,Ecuador,Centre-Forward,CA Huracán
360518,Teun Koopmeiners,Serie A,False,33.0,0.0,0.0,5.0,0.0,1819.0,True,Netherlands,Defensive Midfield,Juventus FC
360518,Teun Koopmeiners,UEFA Champions League,False,10.0,2.0,1.0,0.0,0.0,744.0,True,Netherlands,Defensive Midfield,Juventus FC
360518,Teun Koopmeiners,Italy Cup,False,2.0,0.0,0.0,0.0,0.0,106.0,True,Netherlands,Defensive Midfield,Juventus FC
360518,Teun Koopmeiners,TOTAL,True,45.0,2.0,1.0,5.0,0.0,2669.0,True,Netherlands,Defensive Midfield,Juventus FC
363223,Jack Hendry,Saudi Pro League,False,30.0,1.0,0.0,8.0,0.0,2558.0,True,Scotland,Centre-Back,Al-Ettifaq FC
363223,Jack Hendry,King's Cup,False,1.0,0.0,0.0,0.0,0.0,120.0,True,Scotland,Centre-Back,Al-Ettifaq FC
363223,Jack Hendry,TOTAL,True,31.0,1.0,0.0,8.0,0.0,2678.0,True,Scotland,Centre-Back,Al-Ettifaq FC
364938,Fredrik Bjørkan,Eliteserien,False,10.0,1.0,0.0,0.0,0.0,636.0,True,Norway,Left-Back,FK Bodø/Glimt
364938,Fredrik Bjørkan,UEFA Champions League,False,10.0,0.0,2.0,1.0,0.0,912.0,True,Norway,Left-Back,FK Bodø/Glimt
364938,Fredrik Bjørkan,NM-Cup,False,4.0,0.0,0.0,0.0,0.0,260.0,True,Norway,Left-Back,FK Bodø/Glimt
364938,Fredrik Bjørkan,Champions League Qu.,False,2.0,0.0,1.0,0.0,0.0,180.0,True,Norway,Left-Back,FK Bodø/Glimt
364938,Fredrik Bjørkan,TOTAL,True,26.0,1.0,3.0,1.0,0.0,1988.0,True,Norway,Left-Back,FK Bodø/Glimt
367284,Leo Østigård,Serie A,False,30.0,5.0,1.0,7.0,0.0,2623.0,True,Norway,Centre-Back,Genoa CFC
367284,Leo Østigård,Italy Cup,False,1.0,0.0,0.0,0.0,0.0,21.0,True,Norway,Centre-Back,Genoa CFC
367284,Leo Østigård,TOTAL,True,31.0,5.0,1.0,7.0,0.0,2644.0,True,Norway,Centre-Back,Genoa CFC
368891,Arthur Theate,Bundesliga,False,24.0,1.0,1.0,8.0,0.0,2144.0,True,Belgium,Centre-Back,Eintracht Frankfurt
368891,Arthur Theate,UEFA Champions League,False,8.0,0.0,0.0,0.0,0.0,720.0,True,Belgium,Centre-Back,Eintracht Frankfurt
368891,Arthur Theate,DFB-Pokal,False,1.0,0.0,0.0,0.0,0.0,120.0,True,Belgium,Centre-Back,Eintracht Frankfurt
368891,Arthur Theate,TOTAL,True,33.0,1.0,1.0,8.0,0.0,2984.0,True,Belgium,Centre-Back,Eintracht Frankfurt
369567,Sasa Kalajdzic,Bundesliga,False,23.0,6.0,7.0,2.0,0.0,1324.0,True,Austria,Centre-Forward,LASK
369567,Sasa Kalajdzic,ÖFB-Cup,False,4.0,1.0,4.0,1.0,0.0,392.0,True,Austria,Centre-Forward,LASK
369567,Sasa Kalajdzic,Premier League,False,1.0,0.0,0.0,0.0,0.0,14.0,True,Austria,Centre-Forward,LASK
369567,Sasa Kalajdzic,EFL Cup,False,1.0,0.0,0.0,0.0,0.0,9.0,True,Austria,Centre-Forward,LASK
369567,Sasa Kalajdzic,TOTAL,True,29.0,7.0,11.0,3.0,0.0,1739.0,True,Austria,Centre-Forward,LASK
370789,Julian Ryerson,Bundesliga,False,31.0,0.0,15.0,8.0,0.0,2274.0,True,Norway,Right-Back,Borussia Dortmund
370789,Julian Ryerson,UEFA Champions League,False,9.0,0.0,2.0,2.0,0.0,606.0,True,Norway,Right-Back,Borussia Dortmund
370789,Julian Ryerson,DFB-Pokal,False,2.0,0.0,1.0,0.0,0.0,187.0,True,Norway,Right-Back,Borussia Dortmund
370789,Julian Ryerson,TOTAL,True,42.0,0.0,18.0,10.0,0.0,3067.0,True,Norway,Right-Back,Borussia Dortmund
370997,Dominik Kotarski,Superliga,False,22.0,34.0,4.0,1.0,0.0,1980.0,True,Croatia,Goalkeeper,FC Copenhagen
370997,Dominik Kotarski,Superliga Relegation round,False,8.0,6.0,4.0,0.0,0.0,720.0,True,Croatia,Goalkeeper,FC Copenhagen
370997,Dominik Kotarski,UEFA Champions League,False,8.0,21.0,0.0,0.0,0.0,720.0,True,Croatia,Goalkeeper,FC Copenhagen
370997,Dominik Kotarski,Oddset Pokalen,False,6.0,5.0,2.0,0.0,0.0,540.0,True,Croatia,Goalkeeper,FC Copenhagen
370997,Dominik Kotarski,Champions League Qu.,False,6.0,1.0,5.0,0.0,0.0,540.0,True,Croatia,Goalkeeper,FC Copenhagen
370997,Dominik Kotarski,Superliga Europa Playoff,False,1.0,1.0,0.0,1.0,0.0,120.0,True,Croatia,Goalkeeper,FC Copenhagen
370997,Dominik Kotarski,TOTAL,True,51.0,68.0,15.0,2.0,0.0,4620.0,True,Croatia,Goalkeeper,FC Copenhagen
371001,Josip Sutalo,Eredivisie,False,24.0,0.0,0.0,1.0,0.0,1797.0,True,Croatia,Centre-Back,Ajax Amsterdam
371001,Josip Sutalo,UEFA Champions League,False,6.0,0.0,0.0,0.0,0.0,401.0,True,Croatia,Centre-Back,Ajax Amsterdam
371001,Josip Sutalo,KNVB Beker,False,1.0,0.0,0.0,0.0,0.0,90.0,True,Croatia,Centre-Back,Ajax Amsterdam
371001,Josip Sutalo,Play-Offs Conference League,False,0.0,0.0,0.0,0.0,0.0,0.0,True,Croatia,Centre-Back,Ajax Amsterdam
371001,Josip Sutalo,TOTAL,True,31.0,0.0,0.0,1.0,0.0,2288.0,True,Croatia,Centre-Back,Ajax Amsterdam
371013,Ivor Pandur,Championship,False,45.0,65.0,11.0,8.0,0.0,4050.0,True,Croatia,Goalkeeper,Hull City
371013,Ivor Pandur,Championship Play-Offs,False,3.0,0.0,3.0,0.0,0.0,270.0,True,Croatia,Goalkeeper,Hull City
371013,Ivor Pandur,FA Cup,False,0.0,0.0,0.0,0.0,0.0,0.0,True,Croatia,Goalkeeper,Hull City
371013,Ivor Pandur,EFL Cup,False,0.0,0.0,0.0,0.0,0.0,0.0,True,Croatia,Goalkeeper,Hull City
371013,Ivor Pandur,TOTAL,True,48.0,65.0,14.0,8.0,0.0,4320.0,True,Croatia,Goalkeeper,Hull City
371149,Evan Ndicka,Serie A,False,31.0,3.0,0.0,5.0,0.0,2683.0,True,Ivory Coast,Centre-Back,AS Roma
371149,Evan Ndicka,Europa League,False,10.0,2.0,0.0,2.0,0.0,752.0,True,Ivory Coast,Centre-Back,AS Roma
371149,Evan Ndicka,Italy Cup,False,1.0,0.0,0.0,0.0,0.0,45.0,True,Ivory Coast,Centre-Back,AS Roma
371149,Evan Ndicka,TOTAL,True,42.0,5.0,0.0,7.0,0.0,3480.0,True,Ivory Coast,Centre-Back,AS Roma
371686,Carlens Arcus,Ligue 1,False,26.0,0.0,3.0,7.0,0.0,2045.0,True,Haiti,Right-Back,Angers SCO
371686,Carlens Arcus,Coupe de France,False,2.0,0.0,0.0,0.0,0.0,106.0,True,Haiti,Right-Back,Angers SCO
371686,Carlens Arcus,TOTAL,True,28.0,0.0,3.0,7.0,0.0,2151.0,True,Haiti,Right-Back,Angers SCO
371998,Vinicius Junior,LaLiga,False,36.0,16.0,6.0,8.0,0.0,2825.0,True,Brazil,Left Winger,Real Madrid
371998,Vinicius Junior,UEFA Champions League,False,14.0,5.0,8.0,2.0,0.0,1171.0,True,Brazil,Left Winger,Real Madrid
371998,Vinicius Junior,Supercopa,False,2.0,1.0,0.0,1.0,0.0,163.0,True,Brazil,Left Winger,Real Madrid
371998,Vinicius Junior,Copa del Rey,False,1.0,0.0,0.0,0.0,0.0,90.0,True,Brazil,Left Winger,Real Madrid
371998,Vinicius Junior,TOTAL,True,53.0,22.0,14.0,11.0,0.0,4249.0,True,Brazil,Left Winger,Real Madrid
372267,Guus Til,Eredivisie,False,29.0,14.0,5.0,2.0,0.0,2247.0,True,Netherlands,Attacking Midfield,PSV Eindhoven
372267,Guus Til,UEFA Champions League,False,8.0,2.0,3.0,2.0,0.0,583.0,True,Netherlands,Attacking Midfield,PSV Eindhoven
372267,Guus Til,KNVB Beker,False,2.0,1.0,0.0,0.0,0.0,129.0,True,Netherlands,Attacking Midfield,PSV Eindhoven
372267,Guus Til,Johan Cruijff Schaal,False,1.0,0.0,0.0,0.0,0.0,28.0,True,Netherlands,Attacking Midfield,PSV Eindhoven
372267,Guus Til,TOTAL,True,40.0,17.0,8.0,4.0,0.0,2987.0,True,Netherlands,Attacking Midfield,PSV Eindhoven
374889,Kenji Gorré,Ligat ha'Al,False,24.0,4.0,7.0,4.0,0.0,1515.0,True,Curaçao,Left Winger,Maccabi Haifa
374889,Kenji Gorré,Gvia haMedina,False,3.0,1.0,3.0,0.0,0.0,265.0,True,Curaçao,Left Winger,Maccabi Haifa
374889,Kenji Gorré,UECL Qualifying,False,1.0,0.0,1.0,0.0,0.0,26.0,True,Curaçao,Left Winger,Maccabi Haifa
374889,Kenji Gorré,Ligat ha'Al -  Championship round,False,1.0,0.0,0.0,0.0,0.0,90.0,True,Curaçao,Left Winger,Maccabi Haifa
374889,Kenji Gorré,TOTAL,True,29.0,5.0,11.0,4.0,0.0,1896.0,True,Curaçao,Left Winger,Maccabi Haifa
374954,Kristijan Jakic,Bundesliga,False,26.0,2.0,1.0,5.0,0.0,1654.0,True,Croatia,Defensive Midfield,FC Augsburg
374954,Kristijan Jakic,DFB-Pokal,False,2.0,0.0,0.0,1.0,0.0,180.0,True,Croatia,Defensive Midfield,FC Augsburg
374954,Kristijan Jakic,TOTAL,True,28.0,2.0,1.0,6.0,0.0,1834.0,True,Croatia,Defensive Midfield,FC Augsburg
375137,Ismail Jakobs,Süper Lig,False,25.0,0.0,1.0,1.0,0.0,1299.0,True,Senegal,Left-Back,Galatasaray
375137,Ismail Jakobs,UEFA Champions League,False,12.0,0.0,0.0,2.0,0.0,871.0,True,Senegal,Left-Back,Galatasaray
375137,Ismail Jakobs,Türkiye Kupasi,False,2.0,0.0,0.0,0.0,0.0,105.0,True,Senegal,Left-Back,Galatasaray
375137,Ismail Jakobs,TFF Süper Kupa,False,0.0,0.0,0.0,0.0,0.0,0.0,True,Senegal,Left-Back,Galatasaray
375137,Ismail Jakobs,TOTAL,True,39.0,0.0,1.0,3.0,0.0,2275.0,True,Senegal,Left-Back,Galatasaray
375300,Adalberto Carrasquilla,Liga MX Apertura,False,17.0,0.0,4.0,5.0,0.0,1253.0,True,Panama,Central Midfield,UNAM Pumas
375300,Adalberto Carrasquilla,Liga MX Clausura,False,15.0,2.0,1.0,5.0,0.0,1173.0,True,Panama,Central Midfield,UNAM Pumas
375300,Adalberto Carrasquilla,Liguilla Clausura,False,6.0,0.0,1.0,1.0,0.0,428.0,True,Panama,Central Midfield,UNAM Pumas
375300,Adalberto Carrasquilla,CONCACAF Champions Cup,False,2.0,0.0,1.0,0.0,0.0,78.0,True,Panama,Central Midfield,UNAM Pumas
375300,Adalberto Carrasquilla,Liguilla Apertura,False,0.0,0.0,0.0,0.0,0.0,0.0,True,Panama,Central Midfield,UNAM Pumas
375300,Adalberto Carrasquilla,TOTAL,True,40.0,2.0,7.0,11.0,0.0,2932.0,True,Panama,Central Midfield,UNAM Pumas
375472,Duke Lacroix,USLC,False,1.0,0.0,0.0,0.0,0.0,4.0,True,Haiti,Left-Back,Colorado Springs Switchbacks FC
375472,Duke Lacroix,USL Cup,False,1.0,0.0,0.0,0.0,0.0,63.0,True,Haiti,Left-Back,Colorado Springs Switchbacks FC
375472,Duke Lacroix,US Open Cup,False,0.0,0.0,0.0,0.0,0.0,0.0,True,Haiti,Left-Back,Colorado Springs Switchbacks FC
375472,Duke Lacroix,TOTAL,True,2.0,0.0,0.0,0.0,0.0,67.0,True,Haiti,Left-Back,Colorado Springs Switchbacks FC
375885,Ibrahim Sangaré,Premier League,False,28.0,2.0,2.0,5.0,0.0,2080.0,True,Ivory Coast,Defensive Midfield,Nottingham Forest
375885,Ibrahim Sangaré,Europa League,False,14.0,0.0,1.0,1.0,0.0,739.0,True,Ivory Coast,Defensive Midfield,Nottingham Forest
375885,Ibrahim Sangaré,EFL Cup,False,1.0,0.0,0.0,0.0,0.0,6.0,True,Ivory Coast,Defensive Midfield,Nottingham Forest
375885,Ibrahim Sangaré,FA Cup,False,0.0,0.0,0.0,0.0,0.0,0.0,True,Ivory Coast,Defensive Midfield,Nottingham Forest
375885,Ibrahim Sangaré,TOTAL,True,43.0,2.0,3.0,6.0,0.0,2825.0,True,Ivory Coast,Defensive Midfield,Nottingham Forest
377268,Fahad Talib,Iraq Stars League,False,28.0,24.0,10.0,2.0,0.0,2465.0,True,Iraq,Goalkeeper,Al-Talaba SC
377268,Fahad Talib,TOTAL,True,28.0,24.0,10.0,2.0,0.0,2465.0,True,Iraq,Goalkeeper,Al-Talaba SC
380744,Egil Selvik,Championship,False,40.0,56.0,7.0,3.0,0.0,3555.0,True,Norway,Goalkeeper,Watford FC
380744,Egil Selvik,EFL Cup,False,1.0,2.0,0.0,0.0,0.0,90.0,True,Norway,Goalkeeper,Watford FC
380744,Egil Selvik,FA Cup,False,0.0,0.0,0.0,0.0,0.0,0.0,True,Norway,Goalkeeper,Watford FC
380744,Egil Selvik,TOTAL,True,41.0,58.0,7.0,3.0,0.0,3645.0,True,Norway,Goalkeeper,Watford FC
380919,Nihad Mujakic,Süper Lig,False,27.0,0.0,1.0,4.0,0.0,2203.0,True,Bosnia and Herzegovina,Centre-Back,Gaziantep FK
380919,Nihad Mujakic,Türkiye Kupasi,False,2.0,0.0,0.0,0.0,0.0,180.0,True,Bosnia and Herzegovina,Centre-Back,Gaziantep FK
380919,Nihad Mujakic,TOTAL,True,29.0,0.0,1.0,4.0,0.0,2383.0,True,Bosnia and Herzegovina,Centre-Back,Gaziantep FK
381950,Alexis Saelemaekers,Serie A,False,35.0,3.0,4.0,5.0,0.0,2802.0,True,Belgium,Right Midfield,AC Milan
381950,Alexis Saelemaekers,Italy Cup,False,3.0,0.0,1.0,0.0,0.0,206.0,True,Belgium,Right Midfield,AC Milan
381950,Alexis Saelemaekers,Supercoppa Italiana,False,1.0,0.0,0.0,0.0,0.0,69.0,True,Belgium,Right Midfield,AC Milan
381950,Alexis Saelemaekers,TOTAL,True,39.0,3.0,5.0,5.0,0.0,3077.0,True,Belgium,Right Midfield,AC Milan
384568,Stjepan Radeljic,SuperSport HNL,False,25.0,2.0,1.0,8.0,0.0,1978.0,True,Bosnia and Herzegovina,Centre-Back,HNK Rijeka
384568,Stjepan Radeljic,Conference League,False,7.0,0.0,3.0,2.0,0.0,623.0,True,Bosnia and Herzegovina,Centre-Back,HNK Rijeka
384568,Stjepan Radeljic,Hrvatski nogometni kup,False,4.0,0.0,0.0,1.0,0.0,336.0,True,Bosnia and Herzegovina,Centre-Back,HNK Rijeka
384568,Stjepan Radeljic,Europa League Qualifying,False,4.0,0.0,0.0,0.0,0.0,360.0,True,Bosnia and Herzegovina,Centre-Back,HNK Rijeka
384568,Stjepan Radeljic,Champions League Qu.,False,2.0,0.0,0.0,0.0,0.0,210.0,True,Bosnia and Herzegovina,Centre-Back,HNK Rijeka
384568,Stjepan Radeljic,TOTAL,True,42.0,2.0,4.0,11.0,0.0,3507.0,True,Bosnia and Herzegovina,Centre-Back,HNK Rijeka
385918,Aiden O'Neill,MLS,False,11.0,0.0,1.0,2.0,0.0,909.0,True,Australia,Defensive Midfield,New York City FC
385918,Aiden O'Neill,US Open Cup,False,1.0,0.0,0.0,0.0,0.0,90.0,True,Australia,Defensive Midfield,New York City FC
385918,Aiden O'Neill,TOTAL,True,12.0,0.0,1.0,2.0,0.0,999.0,True,Australia,Defensive Midfield,New York City FC
387110,Petar Musa,MLS,False,13.0,12.0,3.0,1.0,0.0,1044.0,True,Croatia,Centre-Forward,FC Dallas
387110,Petar Musa,TOTAL,True,13.0,12.0,3.0,1.0,0.0,1044.0,True,Croatia,Centre-Forward,FC Dallas
387687,César Montes,Premier Liga,False,26.0,4.0,1.0,5.0,0.0,2206.0,True,Mexico,Centre-Back,Lokomotiv Moscow
387687,César Montes,Russian Cup,False,3.0,0.0,0.0,1.0,0.0,210.0,True,Mexico,Centre-Back,Lokomotiv Moscow
387687,César Montes,TOTAL,True,29.0,4.0,1.0,6.0,0.0,2416.0,True,Mexico,Centre-Back,Lokomotiv Moscow
388165,Yoane Wissa,Premier League,False,19.0,1.0,1.0,3.0,0.0,521.0,True,Democratic Republic of the Congo,Centre-Forward,Newcastle United
388165,Yoane Wissa,UEFA Champions League,False,4.0,1.0,1.0,0.0,0.0,101.0,True,Democratic Republic of the Congo,Centre-Forward,Newcastle United
388165,Yoane Wissa,EFL Cup,False,3.0,1.0,0.0,0.0,0.0,186.0,True,Democratic Republic of the Congo,Centre-Forward,Newcastle United
388165,Yoane Wissa,FA Cup,False,2.0,0.0,0.0,1.0,0.0,96.0,True,Democratic Republic of the Congo,Centre-Forward,Newcastle United
388165,Yoane Wissa,TOTAL,True,28.0,3.0,2.0,4.0,0.0,904.0,True,Democratic Republic of the Congo,Centre-Forward,Newcastle United
388171,Anthony Ralston,Premiership,False,20.0,0.0,0.0,3.0,0.0,1186.0,True,Scotland,Right-Back,Celtic FC
388171,Anthony Ralston,Europa League,False,5.0,0.0,0.0,0.0,0.0,172.0,True,Scotland,Right-Back,Celtic FC
388171,Anthony Ralston,Scottish Premiership Top Six Split,False,4.0,0.0,0.0,1.0,0.0,114.0,True,Scotland,Right-Back,Celtic FC
388171,Anthony Ralston,SFA Cup,False,2.0,1.0,0.0,0.0,0.0,210.0,True,Scotland,Right-Back,Celtic FC
388171,Anthony Ralston,League Cup,False,2.0,0.0,0.0,1.0,0.0,193.0,True,Scotland,Right-Back,Celtic FC
388171,Anthony Ralston,Champions League Qu.,False,2.0,0.0,0.0,0.0,0.0,161.0,True,Scotland,Right-Back,Celtic FC
388171,Anthony Ralston,TOTAL,True,35.0,1.0,0.0,5.0,0.0,2036.0,True,Scotland,Right-Back,Celtic FC
388198,Nico Schlotterbeck,Bundesliga,False,28.0,5.0,2.0,8.0,0.0,2520.0,True,Germany,Centre-Back,Borussia Dortmund
388198,Nico Schlotterbeck,UEFA Champions League,False,7.0,0.0,0.0,0.0,0.0,560.0,True,Germany,Centre-Back,Borussia Dortmund
388198,Nico Schlotterbeck,DFB-Pokal,False,2.0,0.0,0.0,0.0,0.0,210.0,True,Germany,Centre-Back,Borussia Dortmund
388198,Nico Schlotterbeck,TOTAL,True,37.0,5.0,2.0,8.0,0.0,3290.0,True,Germany,Centre-Back,Borussia Dortmund
389399,Gustavo Velázquez,Primera División Apertura,False,11.0,0.0,0.0,2.0,0.0,990.0,True,Paraguay,Centre-Back,Club Cerro Porteño
389399,Gustavo Velázquez,Libertadores,False,6.0,0.0,0.0,1.0,0.0,539.0,True,Paraguay,Centre-Back,Club Cerro Porteño
389399,Gustavo Velázquez,TOTAL,True,17.0,0.0,0.0,3.0,0.0,1529.0,True,Paraguay,Centre-Back,Club Cerro Porteño
390814,Trevor Doornbusch,KNVB Beker,False,1.0,2.0,0.0,0.0,0.0,56.0,True,Curaçao,Goalkeeper,VVV-Venlo
390814,Trevor Doornbusch,Keuken Kampioen Divisie,False,0.0,0.0,0.0,0.0,0.0,0.0,True,Curaçao,Goalkeeper,VVV-Venlo
390814,Trevor Doornbusch,TOTAL,True,1.0,2.0,0.0,0.0,0.0,56.0,True,Curaçao,Goalkeeper,VVV-Venlo
392757,Marc Guéhi,Premier League,False,35.0,3.0,4.0,6.0,0.0,3150.0,True,England,Centre-Back,Manchester City
392757,Marc Guéhi,Conference League,False,6.0,0.0,1.0,2.0,0.0,431.0,True,England,Centre-Back,Manchester City
392757,Marc Guéhi,FA Cup,False,4.0,1.0,0.0,1.0,0.0,295.0,True,England,Centre-Back,Manchester City
392757,Marc Guéhi,EFL Cup,False,3.0,1.0,0.0,0.0,0.0,241.0,True,England,Centre-Back,Manchester City
392757,Marc Guéhi,UEFA Champions League,False,2.0,0.0,0.0,0.0,0.0,135.0,True,England,Centre-Back,Manchester City
392757,Marc Guéhi,UECL Qualifying,False,2.0,0.0,0.0,0.0,0.0,180.0,True,England,Centre-Back,Manchester City
392757,Marc Guéhi,Community Shield,False,1.0,0.0,0.0,0.0,0.0,90.0,True,England,Centre-Back,Manchester City
392757,Marc Guéhi,TOTAL,True,53.0,5.0,5.0,9.0,0.0,4522.0,True,England,Centre-Back,Manchester City
393241,Godfried Roemeratoe,Keuken Kampioen Divisie,False,32.0,0.0,1.0,6.0,0.0,2283.0,True,Curaçao,Defensive Midfield,RKC Waalwijk
393241,Godfried Roemeratoe,Keuken Kampioen Play-Offs,False,3.0,0.0,0.0,1.0,0.0,131.0,True,Curaçao,Defensive Midfield,RKC Waalwijk
393241,Godfried Roemeratoe,KNVB Beker,False,2.0,0.0,1.0,0.0,0.0,147.0,True,Curaçao,Defensive Midfield,RKC Waalwijk
393241,Godfried Roemeratoe,TOTAL,True,37.0,0.0,2.0,7.0,0.0,2561.0,True,Curaçao,Defensive Midfield,RKC Waalwijk
393999,Florian Wiegele,Chance Liga,False,16.0,14.0,7.0,0.0,0.0,1425.0,True,Austria,Goalkeeper,FC Viktoria Plzen
393999,Florian Wiegele,Europa League,False,6.0,4.0,3.0,1.0,0.0,570.0,True,Austria,Goalkeeper,FC Viktoria Plzen
393999,Florian Wiegele,Chance Liga Champion Gr.,False,4.0,1.0,3.0,0.0,0.0,360.0,True,Austria,Goalkeeper,FC Viktoria Plzen
393999,Florian Wiegele,MOL Cup,False,3.0,4.0,1.0,0.0,0.0,270.0,True,Austria,Goalkeeper,FC Viktoria Plzen
393999,Florian Wiegele,Champions League Qu.,False,2.0,4.0,0.0,0.0,0.0,180.0,True,Austria,Goalkeeper,FC Viktoria Plzen
393999,Florian Wiegele,TOTAL,True,31.0,27.0,14.0,1.0,0.0,2805.0,True,Austria,Goalkeeper,FC Viktoria Plzen
395685,Gédéon Kalulu,Cyprus League,False,17.0,0.0,1.0,4.0,0.0,1197.0,True,Democratic Republic of the Congo,Right-Back,Aris Limassol
395685,Gédéon Kalulu,Kypello Kyprou,False,2.0,0.0,0.0,0.0,0.0,180.0,True,Democratic Republic of the Congo,Right-Back,Aris Limassol
395685,Gédéon Kalulu,Ligue 1,False,0.0,0.0,0.0,0.0,0.0,0.0,True,Democratic Republic of the Congo,Right-Back,Aris Limassol
395685,Gédéon Kalulu,TOTAL,True,19.0,0.0,1.0,4.0,0.0,1377.0,True,Democratic Republic of the Congo,Right-Back,Aris Limassol
395693,Houssem Aouar,Saudi Pro League,False,23.0,8.0,3.0,3.0,0.0,1904.0,True,Algeria,Attacking Midfield,Al-Ittihad Club
395693,Houssem Aouar,AFC Champions League,False,8.0,6.0,1.0,0.0,0.0,658.0,True,Algeria,Attacking Midfield,Al-Ittihad Club
395693,Houssem Aouar,King's Cup,False,3.0,1.0,0.0,1.0,0.0,217.0,True,Algeria,Attacking Midfield,Al-Ittihad Club
395693,Houssem Aouar,Saudi Super Cup,False,1.0,0.0,0.0,0.0,0.0,82.0,True,Algeria,Attacking Midfield,Al-Ittihad Club
395693,Houssem Aouar,TOTAL,True,35.0,15.0,4.0,4.0,0.0,2861.0,True,Algeria,Attacking Midfield,Al-Ittihad Club
395695,Elisha Owusu,Ligue 1,False,29.0,0.0,0.0,7.0,0.0,2349.0,True,Ghana,Defensive Midfield,AJ Auxerre
395695,Elisha Owusu,Coupe de France,False,0.0,0.0,0.0,0.0,0.0,0.0,True,Ghana,Defensive Midfield,AJ Auxerre
395695,Elisha Owusu,TOTAL,True,29.0,0.0,0.0,7.0,0.0,2349.0,True,Ghana,Defensive Midfield,AJ Auxerre
395928,Marco Pašalić,MLS,False,10.0,2.0,0.0,3.0,0.0,644.0,True,Croatia,Right Winger,Orlando City SC
395928,Marco Pašalić,US Open Cup,False,1.0,0.0,0.0,0.0,0.0,6.0,True,Croatia,Right Winger,Orlando City SC
395928,Marco Pašalić,TOTAL,True,11.0,2.0,0.0,3.0,0.0,650.0,True,Croatia,Right Winger,Orlando City SC
397171,Gideon Mensah,Ligue 1,False,30.0,0.0,1.0,8.0,0.0,2334.0,True,Ghana,Left-Back,AJ Auxerre
397171,Gideon Mensah,Coupe de France,False,1.0,0.0,0.0,0.0,0.0,90.0,True,Ghana,Left-Back,AJ Auxerre
397171,Gideon Mensah,TOTAL,True,31.0,0.0,1.0,8.0,0.0,2424.0,True,Ghana,Left-Back,AJ Auxerre
398048,Márcio Rosa,efbet Liga,False,19.0,27.0,4.0,4.0,0.0,1710.0,True,Cape Verde,Goalkeeper,Montana
398048,Márcio Rosa,Bulgarian Cup,False,1.0,1.0,0.0,0.0,0.0,90.0,True,Cape Verde,Goalkeeper,Montana
398048,Márcio Rosa,TOTAL,True,20.0,28.0,4.0,4.0,0.0,1800.0,True,Cape Verde,Goalkeeper,Montana
398073,Achraf Hakimi,Ligue 1,False,18.0,2.0,2.0,3.0,0.0,1374.0,True,Morocco,Right-Back,Paris Saint-Germain
398073,Achraf Hakimi,UEFA Champions League,False,13.0,1.0,7.0,2.0,0.0,1155.0,True,Morocco,Right-Back,Paris Saint-Germain
398073,Achraf Hakimi,UEFA Super Cup,False,1.0,0.0,0.0,0.0,0.0,90.0,True,Morocco,Right-Back,Paris Saint-Germain
398073,Achraf Hakimi,Coupe de France,False,0.0,0.0,0.0,0.0,0.0,0.0,True,Morocco,Right-Back,Paris Saint-Germain
398073,Achraf Hakimi,Trophée des Champions,False,0.0,0.0,0.0,0.0,0.0,0.0,True,Morocco,Right-Back,Paris Saint-Germain
398073,Achraf Hakimi,FIFA Intercontinental Cup,False,0.0,0.0,0.0,0.0,0.0,0.0,True,Morocco,Right-Back,Paris Saint-Germain
398073,Achraf Hakimi,TOTAL,True,32.0,3.0,9.0,5.0,0.0,2619.0,True,Morocco,Right-Back,Paris Saint-Germain
399068,Nkosinathi Sibisi,Betway Premiership,False,23.0,0.0,0.0,3.0,0.0,1963.0,True,South Africa,Centre-Back,Orlando Pirates
399068,Nkosinathi Sibisi,Nedbank Cup,False,2.0,0.0,0.0,0.0,0.0,200.0,True,South Africa,Centre-Back,Orlando Pirates
399068,Nkosinathi Sibisi,Carling Knockout,False,2.0,0.0,0.0,0.0,0.0,105.0,True,South Africa,Centre-Back,Orlando Pirates
399068,Nkosinathi Sibisi,MTN8,False,2.0,0.0,0.0,0.0,0.0,105.0,True,South Africa,Centre-Back,Orlando Pirates
399068,Nkosinathi Sibisi,CAF-Champions League,False,1.0,0.0,0.0,0.0,0.0,90.0,True,South Africa,Centre-Back,Orlando Pirates
399068,Nkosinathi Sibisi,TOTAL,True,30.0,0.0,0.0,3.0,0.0,2463.0,True,South Africa,Centre-Back,Orlando Pirates
399162,Cammy Devlin,Premiership,False,25.0,1.0,0.0,5.0,0.0,2232.0,True,Australia,Central Midfield,Heart of Midlothian FC
399162,Cammy Devlin,League Cup,False,5.0,0.0,1.0,0.0,0.0,385.0,True,Australia,Central Midfield,Heart of Midlothian FC
399162,Cammy Devlin,Scottish Premiership Top Six Split,False,3.0,1.0,0.0,1.0,0.0,160.0,True,Australia,Central Midfield,Heart of Midlothian FC
399162,Cammy Devlin,SFA Cup,False,0.0,0.0,0.0,0.0,0.0,0.0,True,Australia,Central Midfield,Heart of Midlothian FC
399162,Cammy Devlin,TOTAL,True,33.0,2.0,1.0,6.0,0.0,2777.0,True,Australia,Central Midfield,Heart of Midlothian FC
400797,Callum McCowatt,Superliga,False,22.0,8.0,2.0,1.0,0.0,1683.0,True,New Zealand,Attacking Midfield,Silkeborg IF
400797,Callum McCowatt,Superliga Relegation round,False,10.0,3.0,3.0,3.0,0.0,816.0,True,New Zealand,Attacking Midfield,Silkeborg IF
400797,Callum McCowatt,UECL Qualifying,False,4.0,1.0,0.0,0.0,0.0,353.0,True,New Zealand,Attacking Midfield,Silkeborg IF
400797,Callum McCowatt,Oddset Pokalen,False,1.0,0.0,0.0,0.0,0.0,17.0,True,New Zealand,Attacking Midfield,Silkeborg IF
400797,Callum McCowatt,TOTAL,True,37.0,12.0,5.0,4.0,0.0,2869.0,True,New Zealand,Attacking Midfield,Silkeborg IF
400960,Alan Franco,Série A,False,15.0,0.0,1.0,3.0,0.0,1305.0,True,Ecuador,Central Midfield,Clube Atlético Mineiro
400960,Alan Franco,Campeonato Mineiro,False,10.0,0.0,1.0,2.0,0.0,811.0,True,Ecuador,Central Midfield,Clube Atlético Mineiro
400960,Alan Franco,Copa Sudamericana,False,4.0,0.0,0.0,1.0,0.0,250.0,True,Ecuador,Central Midfield,Clube Atlético Mineiro
400960,Alan Franco,Copa do Brasil,False,2.0,0.0,0.0,1.0,0.0,180.0,True,Ecuador,Central Midfield,Clube Atlético Mineiro
400960,Alan Franco,TOTAL,True,31.0,0.0,2.0,7.0,0.0,2546.0,True,Ecuador,Central Midfield,Clube Atlético Mineiro
401029,Roshon van Eijma,Keuken Kampioen Divisie,False,27.0,0.0,0.0,3.0,0.0,2047.0,True,Curaçao,Centre-Back,RKC Waalwijk
401029,Roshon van Eijma,Keuken Kampioen Play-Offs,False,3.0,0.0,0.0,0.0,0.0,218.0,True,Curaçao,Centre-Back,RKC Waalwijk
401029,Roshon van Eijma,KNVB Beker,False,1.0,0.0,0.0,0.0,0.0,9.0,True,Curaçao,Centre-Back,RKC Waalwijk
401029,Roshon van Eijma,TOTAL,True,31.0,0.0,0.0,3.0,0.0,2274.0,True,Curaçao,Centre-Back,RKC Waalwijk
401054,Aymen Hussein,Iraq Stars League,False,18.0,9.0,1.0,3.0,0.0,901.0,True,Iraq,Centre-Forward,Al-Karma
401054,Aymen Hussein,Iraq FA Cup,False,0.0,0.0,0.0,0.0,0.0,0.0,True,Iraq,Centre-Forward,Al-Karma
401054,Aymen Hussein,TOTAL,True,18.0,9.0,1.0,3.0,0.0,901.0,True,Iraq,Centre-Forward,Al-Karma
401086,Mahmoud Al-Mardi,Jordanian Pro League,False,11.0,2.0,5.0,1.0,0.0,834.0,True,Jordan,Left Winger,Al-Hussein SC (Irbid)
401086,Mahmoud Al-Mardi,UAE Pro League,False,8.0,1.0,1.0,0.0,0.0,451.0,True,Jordan,Left Winger,Al-Hussein SC (Irbid)
401086,Mahmoud Al-Mardi,AFC Champions League Two,False,3.0,0.0,1.0,2.0,0.0,264.0,True,Jordan,Left Winger,Al-Hussein SC (Irbid)
401086,Mahmoud Al-Mardi,UAE League Cup,False,1.0,0.0,0.0,0.0,0.0,58.0,True,Jordan,Left Winger,Al-Hussein SC (Irbid)
401086,Mahmoud Al-Mardi,UAE President's Cup,False,0.0,0.0,0.0,0.0,0.0,0.0,True,Jordan,Left Winger,Al-Hussein SC (Irbid)
401086,Mahmoud Al-Mardi,TOTAL,True,23.0,3.0,7.0,3.0,0.0,1607.0,True,Jordan,Left Winger,Al-Hussein SC (Irbid)
401356,Edson Álvarez,Süper Lig,False,12.0,0.0,1.0,4.0,0.0,768.0,True,Mexico,Defensive Midfield,Fenerbahce
401356,Edson Álvarez,Europa League,False,5.0,0.0,0.0,2.0,0.0,313.0,True,Mexico,Defensive Midfield,Fenerbahce
401356,Edson Álvarez,Türkiye Kupasi,False,1.0,0.0,0.0,0.0,0.0,45.0,True,Mexico,Defensive Midfield,Fenerbahce
401356,Edson Álvarez,TFF Süper Kupa,False,0.0,0.0,0.0,0.0,0.0,0.0,True,Mexico,Defensive Midfield,Fenerbahce
401356,Edson Álvarez,Champions League Qu.,False,0.0,0.0,0.0,0.0,0.0,0.0,True,Mexico,Defensive Midfield,Fenerbahce
401356,Edson Álvarez,Premier League,False,0.0,0.0,0.0,0.0,0.0,0.0,True,Mexico,Defensive Midfield,Fenerbahce
401356,Edson Álvarez,TOTAL,True,18.0,0.0,1.0,6.0,0.0,1126.0,True,Mexico,Defensive Midfield,Fenerbahce
401578,Exequiel Palacios,Bundesliga,False,18.0,0.0,1.0,3.0,0.0,1097.0,True,Argentina,Central Midfield,Bayer 04 Leverkusen
401578,Exequiel Palacios,UEFA Champions League,False,5.0,0.0,0.0,2.0,0.0,335.0,True,Argentina,Central Midfield,Bayer 04 Leverkusen
401578,Exequiel Palacios,DFB-Pokal,False,2.0,0.0,0.0,0.0,0.0,148.0,True,Argentina,Central Midfield,Bayer 04 Leverkusen
401578,Exequiel Palacios,TOTAL,True,25.0,0.0,1.0,5.0,0.0,1580.0,True,Argentina,Central Midfield,Bayer 04 Leverkusen
401736,Yaya Sithole,Liga Portugal,False,26.0,1.0,0.0,6.0,0.0,1542.0,True,South Africa,Central Midfield,CD Tondela
401736,Yaya Sithole,Taça de Portugal,False,2.0,1.0,0.0,1.0,0.0,117.0,True,South Africa,Central Midfield,CD Tondela
401736,Yaya Sithole,Allianz Cup,False,0.0,0.0,0.0,0.0,0.0,0.0,True,South Africa,Central Midfield,CD Tondela
401736,Yaya Sithole,TOTAL,True,28.0,2.0,0.0,7.0,0.0,1659.0,True,South Africa,Central Midfield,CD Tondela
402627,José Canale,Torneo Apertura,False,12.0,0.0,0.0,1.0,0.0,1080.0,True,Paraguay,Centre-Back,CA Lanús
402627,José Canale,Libertadores,False,6.0,0.0,0.0,2.0,0.0,532.0,True,Paraguay,Centre-Back,CA Lanús
402627,José Canale,Recopa Sudamericana,False,2.0,1.0,0.0,0.0,0.0,210.0,True,Paraguay,Centre-Back,CA Lanús
402627,José Canale,Copa Argentina,False,1.0,0.0,0.0,0.0,0.0,90.0,True,Paraguay,Centre-Back,CA Lanús
402627,José Canale,Playoff Torneo Apertura,False,1.0,0.0,0.0,0.0,0.0,90.0,True,Paraguay,Centre-Back,CA Lanús
402627,José Canale,TOTAL,True,22.0,1.0,0.0,3.0,0.0,2002.0,True,Paraguay,Centre-Back,CA Lanús
402733,Gonzalo Montiel,Torneo Apertura,False,14.0,4.0,1.0,4.0,0.0,1260.0,True,Argentina,Right-Back,CA River Plate
402733,Gonzalo Montiel,Copa Sudamericana,False,2.0,0.0,0.0,0.0,0.0,135.0,True,Argentina,Right-Back,CA River Plate
402733,Gonzalo Montiel,Playoff Torneo Apertura,False,2.0,0.0,0.0,0.0,0.0,165.0,True,Argentina,Right-Back,CA River Plate
402733,Gonzalo Montiel,Copa Argentina,False,1.0,0.0,0.0,0.0,0.0,90.0,True,Argentina,Right-Back,CA River Plate
402733,Gonzalo Montiel,TOTAL,True,19.0,4.0,1.0,4.0,0.0,1650.0,True,Argentina,Right-Back,CA River Plate
402979,Orlando Mosquera,Saudi Pro League,False,32.0,50.0,7.0,0.0,0.0,2880.0,True,Panama,Goalkeeper,Al-Fayha FC
402979,Orlando Mosquera,King's Cup,False,1.0,0.0,0.0,0.0,0.0,120.0,True,Panama,Goalkeeper,Al-Fayha FC
402979,Orlando Mosquera,TOTAL,True,33.0,50.0,7.0,0.0,0.0,3000.0,True,Panama,Goalkeeper,Al-Fayha FC
403808,Andrés Andrade,Bundesliga,False,30.0,1.0,3.0,1.0,0.0,2697.0,True,Panama,Centre-Back,LASK
403808,Andrés Andrade,ÖFB-Cup,False,6.0,2.0,0.0,0.0,0.0,600.0,True,Panama,Centre-Back,LASK
403808,Andrés Andrade,TOTAL,True,36.0,3.0,3.0,1.0,0.0,3297.0,True,Panama,Centre-Back,LASK
403809,Jiovany Ramos,Liga FUTVE Apertura,False,8.0,0.0,0.0,2.0,0.0,714.0,True,Panama,Centre-Back,Academia Puerto Cabello
403809,Jiovany Ramos,Copa Sudamericana,False,7.0,1.0,0.0,1.0,0.0,623.0,True,Panama,Centre-Back,Academia Puerto Cabello
403809,Jiovany Ramos,Apertura. Fase Final,False,2.0,0.0,0.0,1.0,0.0,180.0,True,Panama,Centre-Back,Academia Puerto Cabello
403809,Jiovany Ramos,TOTAL,True,17.0,1.0,0.0,4.0,0.0,1517.0,True,Panama,Centre-Back,Academia Puerto Cabello
404950,Nicolas Seiwald,Bundesliga,False,33.0,0.0,2.0,2.0,0.0,2704.0,True,Austria,Defensive Midfield,RB Leipzig
404950,Nicolas Seiwald,DFB-Pokal,False,4.0,0.0,0.0,1.0,0.0,342.0,True,Austria,Defensive Midfield,RB Leipzig
404950,Nicolas Seiwald,TOTAL,True,37.0,0.0,2.0,3.0,0.0,3046.0,True,Austria,Defensive Midfield,RB Leipzig
405385,Yukinari Sugawara,Bundesliga,False,31.0,0.0,6.0,2.0,0.0,2434.0,True,Japan,Right-Back,SV Werder Bremen
405385,Yukinari Sugawara,Championship,False,2.0,0.0,0.0,0.0,0.0,67.0,True,Japan,Right-Back,SV Werder Bremen
405385,Yukinari Sugawara,EFL Cup,False,1.0,0.0,0.0,0.0,0.0,90.0,True,Japan,Right-Back,SV Werder Bremen
405385,Yukinari Sugawara,TOTAL,True,34.0,0.0,6.0,2.0,0.0,2591.0,True,Japan,Right-Back,SV Werder Bremen
405389,Ayumu Seko,Ligue 1,False,30.0,0.0,0.0,6.0,0.0,2625.0,True,Japan,Centre-Back,Le Havre AC
405389,Ayumu Seko,Coupe de France,False,0.0,0.0,0.0,0.0,0.0,0.0,True,Japan,Centre-Back,Le Havre AC
405389,Ayumu Seko,TOTAL,True,30.0,0.0,0.0,6.0,0.0,2625.0,True,Japan,Centre-Back,Le Havre AC
405397,Keito Nakamura,Ligue 2,False,29.0,14.0,2.0,2.0,0.0,2357.0,True,Japan,Left Winger,Stade Reims
405397,Keito Nakamura,Coupe de France,False,3.0,0.0,1.0,0.0,0.0,134.0,True,Japan,Left Winger,Stade Reims
405397,Keito Nakamura,TOTAL,True,32.0,14.0,3.0,2.0,0.0,2491.0,True,Japan,Left Winger,Stade Reims
405398,Takefusa Kubo,LaLiga,False,24.0,2.0,4.0,2.0,0.0,1509.0,True,Japan,Right Winger,Real Sociedad
405398,Takefusa Kubo,Copa del Rey,False,3.0,0.0,0.0,1.0,0.0,237.0,True,Japan,Right Winger,Real Sociedad
405398,Takefusa Kubo,TOTAL,True,27.0,2.0,4.0,3.0,0.0,1746.0,True,Japan,Right Winger,Real Sociedad
405855,Mojmír Chytil,Chance Liga,False,24.0,11.0,1.0,0.0,0.0,1273.0,True,Czech Republic,Centre-Forward,SK Slavia Prague
405855,Mojmír Chytil,UEFA Champions League,False,6.0,0.0,0.0,1.0,0.0,143.0,True,Czech Republic,Centre-Forward,SK Slavia Prague
405855,Mojmír Chytil,Chance Liga Champion Gr.,False,5.0,2.0,0.0,0.0,0.0,229.0,True,Czech Republic,Centre-Forward,SK Slavia Prague
405855,Mojmír Chytil,MOL Cup,False,2.0,1.0,0.0,0.0,0.0,150.0,True,Czech Republic,Centre-Forward,SK Slavia Prague
405855,Mojmír Chytil,TOTAL,True,37.0,14.0,1.0,1.0,0.0,1795.0,True,Czech Republic,Centre-Forward,SK Slavia Prague
406625,Lautaro Martínez,Serie A,False,30.0,17.0,6.0,4.0,0.0,2178.0,True,Argentina,Centre-Forward,Inter Milan
406625,Lautaro Martínez,UEFA Champions League,False,8.0,4.0,0.0,2.0,0.0,459.0,True,Argentina,Centre-Forward,Inter Milan
406625,Lautaro Martínez,Italy Cup,False,2.0,1.0,0.0,0.0,0.0,111.0,True,Argentina,Centre-Forward,Inter Milan
406625,Lautaro Martínez,Supercoppa Italiana,False,1.0,0.0,0.0,0.0,0.0,19.0,True,Argentina,Centre-Forward,Inter Milan
406625,Lautaro Martínez,TOTAL,True,41.0,22.0,6.0,6.0,0.0,2767.0,True,Argentina,Centre-Forward,Inter Milan
406640,Felix Nmecha,Bundesliga,False,29.0,2.0,3.0,0.0,0.0,2190.0,True,Germany,Central Midfield,Borussia Dortmund
406640,Felix Nmecha,UEFA Champions League,False,10.0,3.0,0.0,0.0,0.0,753.0,True,Germany,Central Midfield,Borussia Dortmund
406640,Felix Nmecha,DFB-Pokal,False,3.0,0.0,0.0,0.0,0.0,193.0,True,Germany,Central Midfield,Borussia Dortmund
406640,Felix Nmecha,TOTAL,True,42.0,5.0,3.0,0.0,0.0,3136.0,True,Germany,Central Midfield,Borussia Dortmund
408563,Jerome Opoku,Süper Lig,False,32.0,0.0,2.0,10.0,0.0,2741.0,True,Ghana,Centre-Back,Basaksehir FK
408563,Jerome Opoku,Türkiye Kupasi,False,2.0,1.0,0.0,0.0,0.0,180.0,True,Ghana,Centre-Back,Basaksehir FK
408563,Jerome Opoku,UECL Qualifying,False,2.0,0.0,0.0,0.0,0.0,135.0,True,Ghana,Centre-Back,Basaksehir FK
408563,Jerome Opoku,TOTAL,True,36.0,1.0,2.0,10.0,0.0,3056.0,True,Ghana,Centre-Back,Basaksehir FK
410225,Ismaïla Sarr,Premier League,False,28.0,9.0,1.0,2.0,0.0,2177.0,True,Senegal,Right Winger,Crystal Palace
410225,Ismaïla Sarr,Conference League,False,13.0,9.0,0.0,2.0,0.0,1103.0,True,Senegal,Right Winger,Crystal Palace
410225,Ismaïla Sarr,UECL Qualifying,False,2.0,0.0,0.0,0.0,0.0,180.0,True,Senegal,Right Winger,Crystal Palace
410225,Ismaïla Sarr,EFL Cup,False,1.0,2.0,0.0,0.0,0.0,62.0,True,Senegal,Right Winger,Crystal Palace
410225,Ismaïla Sarr,Community Shield,False,1.0,1.0,1.0,0.0,0.0,90.0,True,Senegal,Right Winger,Crystal Palace
410225,Ismaïla Sarr,FA Cup,False,0.0,0.0,0.0,0.0,0.0,0.0,True,Senegal,Right Winger,Crystal Palace
410225,Ismaïla Sarr,TOTAL,True,45.0,21.0,2.0,4.0,0.0,3612.0,True,Senegal,Right Winger,Crystal Palace
411295,Raphinha,LaLiga,False,22.0,13.0,3.0,5.0,0.0,1389.0,True,Brazil,Left Winger,FC Barcelona
411295,Raphinha,UEFA Champions League,False,7.0,3.0,3.0,0.0,0.0,544.0,True,Brazil,Left Winger,FC Barcelona
411295,Raphinha,Supercopa,False,2.0,4.0,1.0,0.0,0.0,148.0,True,Brazil,Left Winger,FC Barcelona
411295,Raphinha,Copa del Rey,False,2.0,1.0,1.0,0.0,0.0,113.0,True,Brazil,Left Winger,FC Barcelona
411295,Raphinha,TOTAL,True,33.0,21.0,8.0,5.0,0.0,2194.0,True,Brazil,Left Winger,FC Barcelona
411975,Jules Koundé,LaLiga,False,30.0,1.0,3.0,6.0,0.0,2261.0,True,France,Right-Back,FC Barcelona
411975,Jules Koundé,UEFA Champions League,False,10.0,2.0,1.0,1.0,0.0,868.0,True,France,Right-Back,FC Barcelona
411975,Jules Koundé,Copa del Rey,False,5.0,0.0,0.0,0.0,0.0,220.0,True,France,Right-Back,FC Barcelona
411975,Jules Koundé,Supercopa,False,2.0,0.0,0.0,0.0,0.0,180.0,True,France,Right-Back,FC Barcelona
411975,Jules Koundé,TOTAL,True,47.0,3.0,4.0,7.0,0.0,3529.0,True,France,Right-Back,FC Barcelona
412669,Francisco Trincão,Liga Portugal,False,34.0,7.0,13.0,1.0,0.0,2857.0,True,Portugal,Attacking Midfield,Sporting CP
412669,Francisco Trincão,UEFA Champions League,False,11.0,4.0,3.0,0.0,0.0,957.0,True,Portugal,Attacking Midfield,Sporting CP
412669,Francisco Trincão,Taça de Portugal,False,7.0,2.0,1.0,0.0,0.0,609.0,True,Portugal,Attacking Midfield,Sporting CP
412669,Francisco Trincão,Allianz Cup,False,1.0,0.0,1.0,0.0,0.0,90.0,True,Portugal,Attacking Midfield,Sporting CP
412669,Francisco Trincão,Portuguese Supercup,False,1.0,0.0,0.0,0.0,0.0,90.0,True,Portugal,Attacking Midfield,Sporting CP
412669,Francisco Trincão,TOTAL,True,54.0,13.0,18.0,1.0,0.0,4603.0,True,Portugal,Attacking Midfield,Sporting CP
412937,Shurandy Sambo,Eredivisie,False,25.0,0.0,2.0,6.0,0.0,1627.0,True,Curaçao,Right-Back,Sparta Rotterdam
412937,Shurandy Sambo,KNVB Beker,False,2.0,0.0,0.0,0.0,0.0,127.0,True,Curaçao,Right-Back,Sparta Rotterdam
412937,Shurandy Sambo,TOTAL,True,27.0,0.0,2.0,6.0,0.0,1754.0,True,Curaçao,Right-Back,Sparta Rotterdam
413112,Aurélien Tchouaméni,LaLiga,False,33.0,1.0,0.0,8.0,0.0,2623.0,True,France,Defensive Midfield,Real Madrid
413112,Aurélien Tchouaméni,UEFA Champions League,False,13.0,1.0,1.0,3.0,0.0,1125.0,True,France,Defensive Midfield,Real Madrid
413112,Aurélien Tchouaméni,Supercopa,False,2.0,0.0,0.0,0.0,0.0,180.0,True,France,Defensive Midfield,Real Madrid
413112,Aurélien Tchouaméni,Copa del Rey,False,1.0,0.0,1.0,0.0,0.0,13.0,True,France,Defensive Midfield,Real Madrid
413112,Aurélien Tchouaméni,TOTAL,True,49.0,2.0,2.0,11.0,0.0,3941.0,True,France,Defensive Midfield,Real Madrid
413268,Kevin Yakob,Superliga,False,17.0,3.0,3.0,1.0,0.0,841.0,True,Iraq,Central Midfield,Aarhus GF
413268,Kevin Yakob,Superliga Championship round,False,9.0,1.0,0.0,1.0,0.0,605.0,True,Iraq,Central Midfield,Aarhus GF
413268,Kevin Yakob,Oddset Pokalen,False,6.0,0.0,0.0,0.0,0.0,408.0,True,Iraq,Central Midfield,Aarhus GF
413268,Kevin Yakob,Future Cup,False,1.0,0.0,0.0,0.0,0.0,45.0,True,Iraq,Central Midfield,Aarhus GF
413268,Kevin Yakob,TOTAL,True,33.0,4.0,3.0,2.0,0.0,1899.0,True,Iraq,Central Midfield,Aarhus GF
413403,Ezri Konsa,Premier League,False,34.0,0.0,0.0,0.0,0.0,3036.0,True,England,Centre-Back,Aston Villa
413403,Ezri Konsa,Europa League,False,12.0,2.0,1.0,1.0,0.0,954.0,True,England,Centre-Back,Aston Villa
413403,Ezri Konsa,FA Cup,False,1.0,0.0,0.0,0.0,0.0,90.0,True,England,Centre-Back,Aston Villa
413403,Ezri Konsa,EFL Cup,False,1.0,0.0,0.0,0.0,0.0,90.0,True,England,Centre-Back,Aston Villa
413403,Ezri Konsa,TOTAL,True,48.0,2.0,1.0,1.0,0.0,4170.0,True,England,Centre-Back,Aston Villa
413565,Jhon Lucumí,Serie A,False,29.0,1.0,0.0,5.0,0.0,2287.0,True,Colombia,Centre-Back,Bologna FC 1909
413565,Jhon Lucumí,Europa League,False,10.0,0.0,1.0,3.0,0.0,930.0,True,Colombia,Centre-Back,Bologna FC 1909
413565,Jhon Lucumí,Italy Cup,False,2.0,0.0,0.0,0.0,0.0,170.0,True,Colombia,Centre-Back,Bologna FC 1909
413565,Jhon Lucumí,Supercoppa Italiana,False,2.0,0.0,0.0,0.0,0.0,180.0,True,Colombia,Centre-Back,Bologna FC 1909
413565,Jhon Lucumí,TOTAL,True,43.0,1.0,1.0,8.0,0.0,3567.0,True,Colombia,Centre-Back,Bologna FC 1909
41384,Marko Arnautovic,Super liga Srbije,False,13.0,5.0,8.0,0.0,0.0,793.0,True,Austria,Centre-Forward,Red Star Belgrade
41384,Marko Arnautovic,Europa League,False,10.0,2.0,1.0,2.0,0.0,665.0,True,Austria,Centre-Forward,Red Star Belgrade
41384,Marko Arnautovic,Super liga Championship round,False,3.0,2.0,0.0,0.0,0.0,200.0,True,Austria,Centre-Forward,Red Star Belgrade
41384,Marko Arnautovic,Kup Srbije,False,3.0,1.0,0.0,0.0,0.0,207.0,True,Austria,Centre-Forward,Red Star Belgrade
41384,Marko Arnautovic,Champions League Qu.,False,3.0,0.0,0.0,0.0,0.0,63.0,True,Austria,Centre-Forward,Red Star Belgrade
41384,Marko Arnautovic,TOTAL,True,32.0,10.0,9.0,2.0,0.0,1928.0,True,Austria,Centre-Forward,Red Star Belgrade
415381,Mats Wieffer,Premier League,False,26.0,2.0,3.0,8.0,0.0,1908.0,True,Netherlands,Right-Back,Brighton & Hove Albion
415381,Mats Wieffer,FA Cup,False,1.0,0.0,0.0,0.0,0.0,9.0,True,Netherlands,Right-Back,Brighton & Hove Albion
415381,Mats Wieffer,EFL Cup,False,1.0,0.0,0.0,0.0,0.0,23.0,True,Netherlands,Right-Back,Brighton & Hove Albion
415381,Mats Wieffer,TOTAL,True,28.0,2.0,3.0,8.0,0.0,1940.0,True,Netherlands,Right-Back,Brighton & Hove Albion
415521,Keisuke Osako,J1 Special Season,False,16.0,17.0,4.0,0.0,0.0,1440.0,True,Japan,Goalkeeper,Sanfrecce Hiroshima
415521,Keisuke Osako,AFC Champions League,False,9.0,9.0,3.0,0.0,0.0,810.0,True,Japan,Goalkeeper,Sanfrecce Hiroshima
415521,Keisuke Osako,TOTAL,True,25.0,26.0,7.0,0.0,0.0,2250.0,True,Japan,Goalkeeper,Sanfrecce Hiroshima
416090,Julián Quiñones,Saudi Pro League,False,31.0,33.0,4.0,3.0,0.0,2724.0,True,Mexico,Centre-Forward,Al-Qadsiah FC
416090,Julián Quiñones,King's Cup,False,3.0,4.0,0.0,0.0,0.0,250.0,True,Mexico,Centre-Forward,Al-Qadsiah FC
416090,Julián Quiñones,Saudi Super Cup,False,1.0,0.0,0.0,0.0,0.0,67.0,True,Mexico,Centre-Forward,Al-Qadsiah FC
416090,Julián Quiñones,TOTAL,True,35.0,37.0,4.0,3.0,0.0,3041.0,True,Mexico,Centre-Forward,Al-Qadsiah FC
416660,Ramiz Zerrouki,Eredivisie,False,32.0,3.0,2.0,2.0,0.0,2667.0,True,Algeria,Defensive Midfield,FC Twente Enschede
416660,Ramiz Zerrouki,KNVB Beker,False,3.0,0.0,3.0,1.0,0.0,269.0,True,Algeria,Defensive Midfield,FC Twente Enschede
416660,Ramiz Zerrouki,TOTAL,True,35.0,3.0,5.0,3.0,0.0,2936.0,True,Algeria,Defensive Midfield,FC Twente Enschede
417348,Richie Laryea,MLS,False,9.0,2.0,1.0,2.0,0.0,810.0,True,Canada,Right-Back,Toronto FC
417348,Richie Laryea,Canadian Championship,False,0.0,0.0,0.0,0.0,0.0,0.0,True,Canada,Right-Back,Toronto FC
417348,Richie Laryea,TOTAL,True,9.0,2.0,1.0,2.0,0.0,810.0,True,Canada,Right-Back,Toronto FC
418560,Erling Haaland,Premier League,False,35.0,27.0,8.0,2.0,0.0,2959.0,True,Norway,Centre-Forward,Manchester City
418560,Erling Haaland,UEFA Champions League,False,10.0,8.0,0.0,0.0,0.0,755.0,True,Norway,Centre-Forward,Manchester City
418560,Erling Haaland,FA Cup,False,4.0,3.0,1.0,0.0,0.0,231.0,True,Norway,Centre-Forward,Manchester City
418560,Erling Haaland,EFL Cup,False,3.0,0.0,0.0,0.0,0.0,199.0,True,Norway,Centre-Forward,Manchester City
418560,Erling Haaland,TOTAL,True,52.0,38.0,9.0,2.0,0.0,4144.0,True,Norway,Centre-Forward,Manchester City
418651,Yahia Fofana,Süper Lig,False,27.0,42.0,6.0,2.0,0.0,2430.0,True,Ivory Coast,Goalkeeper,Caykur Rizespor
418651,Yahia Fofana,National 2 - Grp. B,False,1.0,2.0,0.0,0.0,0.0,90.0,True,Ivory Coast,Goalkeeper,Caykur Rizespor
418651,Yahia Fofana,Türkiye Kupasi,False,0.0,0.0,0.0,0.0,0.0,0.0,True,Ivory Coast,Goalkeeper,Caykur Rizespor
418651,Yahia Fofana,Ligue 1,False,0.0,0.0,0.0,0.0,0.0,0.0,True,Ivory Coast,Goalkeeper,Caykur Rizespor
418651,Yahia Fofana,TOTAL,True,28.0,44.0,6.0,2.0,0.0,2520.0,True,Ivory Coast,Goalkeeper,Caykur Rizespor
418659,Amine Gouiri,Ligue 1,False,22.0,8.0,3.0,1.0,0.0,1331.0,True,Algeria,Centre-Forward,Olympique Marseille
418659,Amine Gouiri,UEFA Champions League,False,3.0,0.0,0.0,1.0,0.0,165.0,True,Algeria,Centre-Forward,Olympique Marseille
418659,Amine Gouiri,Coupe de France,False,2.0,3.0,2.0,0.0,0.0,142.0,True,Algeria,Centre-Forward,Olympique Marseille
418659,Amine Gouiri,Trophée des Champions,False,1.0,0.0,0.0,0.0,0.0,67.0,True,Algeria,Centre-Forward,Olympique Marseille
418659,Amine Gouiri,TOTAL,True,28.0,11.0,5.0,2.0,0.0,1705.0,True,Algeria,Centre-Forward,Olympique Marseille
419247,Cristian Martínez,Ligat ha'Al,False,25.0,4.0,0.0,4.0,0.0,1966.0,True,Panama,Defensive Midfield,Ironi Kiryat Shmona
419247,Cristian Martínez,Ligat ha'Al - Relegation round,False,6.0,0.0,1.0,0.0,0.0,471.0,True,Panama,Defensive Midfield,Ironi Kiryat Shmona
419247,Cristian Martínez,Gvia haMedina,False,2.0,0.0,0.0,0.0,0.0,180.0,True,Panama,Defensive Midfield,Ironi Kiryat Shmona
419247,Cristian Martínez,TOTAL,True,33.0,4.0,1.0,4.0,0.0,2617.0,True,Panama,Defensive Midfield,Ironi Kiryat Shmona
420002,Jean-Philippe Mateta,Premier League,False,32.0,12.0,0.0,2.0,0.0,2223.0,True,France,Centre-Forward,Crystal Palace
420002,Jean-Philippe Mateta,Conference League,False,12.0,2.0,3.0,1.0,0.0,682.0,True,France,Centre-Forward,Crystal Palace
420002,Jean-Philippe Mateta,EFL Cup,False,3.0,0.0,0.0,0.0,0.0,225.0,True,France,Centre-Forward,Crystal Palace
420002,Jean-Philippe Mateta,UECL Qualifying,False,2.0,1.0,0.0,1.0,0.0,180.0,True,France,Centre-Forward,Crystal Palace
420002,Jean-Philippe Mateta,Community Shield,False,1.0,1.0,0.0,0.0,0.0,90.0,True,France,Centre-Forward,Crystal Palace
420002,Jean-Philippe Mateta,FA Cup,False,0.0,0.0,0.0,0.0,0.0,0.0,True,France,Centre-Forward,Crystal Palace
420002,Jean-Philippe Mateta,TOTAL,True,50.0,16.0,3.0,4.0,0.0,3400.0,True,France,Centre-Forward,Crystal Palace
420210,Lutsharel Geertruida,Premier League,False,28.0,0.0,0.0,2.0,0.0,1685.0,True,Netherlands,Right-Back,Sunderland AFC
420210,Lutsharel Geertruida,FA Cup,False,2.0,0.0,0.0,0.0,0.0,180.0,True,Netherlands,Right-Back,Sunderland AFC
420210,Lutsharel Geertruida,Premier League Int. Cup U21,False,1.0,0.0,0.0,0.0,0.0,45.0,True,Netherlands,Right-Back,Sunderland AFC
420210,Lutsharel Geertruida,Bundesliga,False,0.0,0.0,0.0,0.0,0.0,0.0,True,Netherlands,Right-Back,Sunderland AFC
420210,Lutsharel Geertruida,DFB-Pokal,False,0.0,0.0,0.0,0.0,0.0,0.0,True,Netherlands,Right-Back,Sunderland AFC
420210,Lutsharel Geertruida,TOTAL,True,31.0,0.0,0.0,2.0,0.0,1910.0,True,Netherlands,Right-Back,Sunderland AFC
420213,Quinten Timber,Eredivisie,False,17.0,2.0,4.0,1.0,0.0,1317.0,True,Netherlands,Central Midfield,Olympique Marseille
420213,Quinten Timber,Ligue 1,False,15.0,0.0,0.0,5.0,0.0,1112.0,True,Netherlands,Central Midfield,Olympique Marseille
420213,Quinten Timber,Europa League,False,4.0,1.0,0.0,1.0,0.0,239.0,True,Netherlands,Central Midfield,Olympique Marseille
420213,Quinten Timber,Champions League Qu.,False,2.0,1.0,0.0,0.0,0.0,151.0,True,Netherlands,Central Midfield,Olympique Marseille
420213,Quinten Timber,Coupe de France,False,1.0,0.0,0.0,0.0,0.0,70.0,True,Netherlands,Central Midfield,Olympique Marseille
420213,Quinten Timber,KNVB Beker,False,1.0,0.0,0.0,0.0,0.0,90.0,True,Netherlands,Central Midfield,Olympique Marseille
420213,Quinten Timber,UEFA Champions League,False,0.0,0.0,0.0,0.0,0.0,0.0,True,Netherlands,Central Midfield,Olympique Marseille
420213,Quinten Timber,TOTAL,True,40.0,4.0,4.0,7.0,0.0,2979.0,True,Netherlands,Central Midfield,Olympique Marseille
420808,George Hirst,Championship,False,42.0,11.0,4.0,5.0,0.0,2111.0,True,Scotland,Centre-Forward,Ipswich Town
420808,George Hirst,FA Cup,False,1.0,0.0,0.0,0.0,0.0,90.0,True,Scotland,Centre-Forward,Ipswich Town
420808,George Hirst,EFL Cup,False,1.0,0.0,0.0,0.0,0.0,19.0,True,Scotland,Centre-Forward,Ipswich Town
420808,George Hirst,TOTAL,True,44.0,11.0,4.0,5.0,0.0,2220.0,True,Scotland,Centre-Forward,Ipswich Town
420931,Daizen Maeda,Premiership,False,31.0,7.0,5.0,3.0,0.0,2386.0,True,Japan,Left Winger,Celtic FC
420931,Daizen Maeda,Europa League,False,9.0,0.0,3.0,2.0,0.0,612.0,True,Japan,Left Winger,Celtic FC
420931,Daizen Maeda,Scottish Premiership Top Six Split,False,5.0,7.0,1.0,3.0,0.0,450.0,True,Japan,Left Winger,Celtic FC
420931,Daizen Maeda,League Cup,False,4.0,1.0,0.0,1.0,0.0,294.0,True,Japan,Left Winger,Celtic FC
420931,Daizen Maeda,SFA Cup,False,3.0,2.0,1.0,0.0,0.0,289.0,True,Japan,Left Winger,Celtic FC
420931,Daizen Maeda,Champions League Qu.,False,2.0,0.0,0.0,0.0,0.0,210.0,True,Japan,Left Winger,Celtic FC
420931,Daizen Maeda,TOTAL,True,54.0,17.0,10.0,9.0,0.0,4241.0,True,Japan,Left Winger,Celtic FC
422051,Nikola Katic,2. Bundesliga,False,26.0,1.0,3.0,5.0,1.0,2268.0,True,Bosnia and Herzegovina,Centre-Back,FC Schalke 04
422051,Nikola Katic,DFB-Pokal,False,2.0,0.0,1.0,1.0,0.0,183.0,True,Bosnia and Herzegovina,Centre-Back,FC Schalke 04
422051,Nikola Katic,TOTAL,True,28.0,1.0,4.0,6.0,1.0,2451.0,True,Bosnia and Herzegovina,Centre-Back,FC Schalke 04
422355,Jens Petter Hauge,UEFA Champions League,False,12.0,6.0,2.0,0.0,0.0,988.0,True,Norway,Left Winger,FK Bodø/Glimt
422355,Jens Petter Hauge,Eliteserien,False,10.0,1.0,1.0,1.0,0.0,784.0,True,Norway,Left Winger,FK Bodø/Glimt
422355,Jens Petter Hauge,NM-Cup,False,5.0,1.0,2.0,0.0,0.0,471.0,True,Norway,Left Winger,FK Bodø/Glimt
422355,Jens Petter Hauge,Champions League Qu.,False,2.0,0.0,4.0,0.0,0.0,130.0,True,Norway,Left Winger,FK Bodø/Glimt
422355,Jens Petter Hauge,TOTAL,True,29.0,8.0,9.0,1.0,0.0,2373.0,True,Norway,Left Winger,FK Bodø/Glimt
422763,Nicolas Raskin,Premiership,False,31.0,5.0,7.0,7.0,0.0,2620.0,True,Belgium,Defensive Midfield,Rangers FC
422763,Nicolas Raskin,Europa League,False,8.0,0.0,1.0,1.0,0.0,691.0,True,Belgium,Defensive Midfield,Rangers FC
422763,Nicolas Raskin,Champions League Qu.,False,6.0,0.0,1.0,2.0,0.0,431.0,True,Belgium,Defensive Midfield,Rangers FC
422763,Nicolas Raskin,Scottish Premiership Top Six Split,False,2.0,1.0,0.0,0.0,0.0,165.0,True,Belgium,Defensive Midfield,Rangers FC
422763,Nicolas Raskin,League Cup,False,2.0,1.0,0.0,1.0,0.0,177.0,True,Belgium,Defensive Midfield,Rangers FC
422763,Nicolas Raskin,SFA Cup,False,1.0,0.0,0.0,0.0,0.0,120.0,True,Belgium,Defensive Midfield,Rangers FC
422763,Nicolas Raskin,TOTAL,True,50.0,7.0,9.0,11.0,0.0,4204.0,True,Belgium,Defensive Midfield,Rangers FC
422850,Ghislain Konan,Liga Portugal,False,30.0,0.0,0.0,5.0,0.0,2661.0,True,Ivory Coast,Left-Back,Gil Vicente FC
422850,Ghislain Konan,Taça de Portugal,False,1.0,0.0,0.0,0.0,0.0,45.0,True,Ivory Coast,Left-Back,Gil Vicente FC
422850,Ghislain Konan,TOTAL,True,31.0,0.0,0.0,5.0,0.0,2706.0,True,Ivory Coast,Left-Back,Gil Vicente FC
423678,Meschack Elia,Süper Lig,False,22.0,3.0,0.0,1.0,0.0,813.0,True,Democratic Republic of the Congo,Centre-Forward,Alanyaspor
423678,Meschack Elia,Türkiye Kupasi,False,3.0,0.0,1.0,0.0,0.0,176.0,True,Democratic Republic of the Congo,Centre-Forward,Alanyaspor
423678,Meschack Elia,Super League,False,0.0,0.0,0.0,0.0,0.0,0.0,True,Democratic Republic of the Congo,Centre-Forward,Alanyaspor
423678,Meschack Elia,Europa League Qualifying,False,0.0,0.0,0.0,0.0,0.0,0.0,True,Democratic Republic of the Congo,Centre-Forward,Alanyaspor
423678,Meschack Elia,Swiss Cup,False,0.0,0.0,0.0,0.0,0.0,0.0,True,Democratic Republic of the Congo,Centre-Forward,Alanyaspor
423678,Meschack Elia,TOTAL,True,25.0,3.0,1.0,1.0,0.0,989.0,True,Democratic Republic of the Congo,Centre-Forward,Alanyaspor
424015,Nathan Patterson,Premier League,False,7.0,0.0,0.0,0.0,0.0,240.0,True,Scotland,Right-Back,Everton FC
424015,Nathan Patterson,FA Cup,False,1.0,0.0,0.0,0.0,0.0,116.0,True,Scotland,Right-Back,Everton FC
424015,Nathan Patterson,EFL Trophy,False,1.0,0.0,0.0,1.0,0.0,90.0,True,Scotland,Right-Back,Everton FC
424015,Nathan Patterson,EFL Cup,False,0.0,0.0,0.0,0.0,0.0,0.0,True,Scotland,Right-Back,Everton FC
424015,Nathan Patterson,TOTAL,True,9.0,0.0,0.0,1.0,0.0,446.0,True,Scotland,Right-Back,Everton FC
424042,Nahuel Molina,LaLiga,False,26.0,2.0,2.0,4.0,0.0,1321.0,True,Argentina,Right-Back,Atlético de Madrid
424042,Nahuel Molina,UEFA Champions League,False,13.0,0.0,0.0,1.0,0.0,697.0,True,Argentina,Right-Back,Atlético de Madrid
424042,Nahuel Molina,Copa del Rey,False,6.0,0.0,2.0,0.0,0.0,372.0,True,Argentina,Right-Back,Atlético de Madrid
424042,Nahuel Molina,Supercopa,False,1.0,0.0,0.0,0.0,0.0,10.0,True,Argentina,Right-Back,Atlético de Madrid
424042,Nahuel Molina,TOTAL,True,46.0,2.0,4.0,5.0,0.0,2400.0,True,Argentina,Right-Back,Atlético de Madrid
424204,Alphonso Davies,Bundesliga,False,13.0,1.0,3.0,1.0,0.0,523.0,True,Canada,Left-Back,Bayern Munich
424204,Alphonso Davies,UEFA Champions League,False,8.0,0.0,2.0,0.0,0.0,212.0,True,Canada,Left-Back,Bayern Munich
424204,Alphonso Davies,DFB-Pokal,False,2.0,0.0,0.0,0.0,0.0,106.0,True,Canada,Left-Back,Bayern Munich
424204,Alphonso Davies,DFL-Supercup,False,0.0,0.0,0.0,0.0,0.0,0.0,True,Canada,Left-Back,Bayern Munich
424204,Alphonso Davies,TOTAL,True,23.0,1.0,5.0,1.0,0.0,841.0,True,Canada,Left-Back,Bayern Munich
42460,Ivan Perišić,Eredivisie,False,30.0,7.0,12.0,5.0,0.0,2219.0,True,Croatia,Left Winger,PSV Eindhoven
42460,Ivan Perišić,UEFA Champions League,False,8.0,1.0,2.0,2.0,0.0,537.0,True,Croatia,Left Winger,PSV Eindhoven
42460,Ivan Perišić,KNVB Beker,False,4.0,2.0,1.0,0.0,0.0,214.0,True,Croatia,Left Winger,PSV Eindhoven
42460,Ivan Perišić,Johan Cruijff Schaal,False,1.0,0.0,1.0,0.0,0.0,90.0,True,Croatia,Left Winger,PSV Eindhoven
42460,Ivan Perišić,TOTAL,True,43.0,10.0,16.0,7.0,0.0,3060.0,True,Croatia,Left Winger,PSV Eindhoven
424689,Alexis Vega,Liga MX Apertura,False,13.0,4.0,9.0,3.0,0.0,935.0,True,Mexico,Left Winger,Deportivo Toluca
424689,Alexis Vega,Liga MX Clausura,False,8.0,0.0,2.0,1.0,0.0,554.0,True,Mexico,Left Winger,Deportivo Toluca
424689,Alexis Vega,CONCACAF Champions Cup,False,4.0,0.0,1.0,0.0,0.0,136.0,True,Mexico,Left Winger,Deportivo Toluca
424689,Alexis Vega,Liguilla Apertura,False,1.0,0.0,0.0,0.0,0.0,40.0,True,Mexico,Left Winger,Deportivo Toluca
424689,Alexis Vega,Liguilla Clausura,False,0.0,0.0,0.0,0.0,0.0,0.0,True,Mexico,Left Winger,Deportivo Toluca
424689,Alexis Vega,TOTAL,True,26.0,4.0,12.0,4.0,0.0,1665.0,True,Mexico,Left Winger,Deportivo Toluca
424784,Luis Suárez,Liga Portugal,False,32.0,28.0,7.0,7.0,0.0,2699.0,True,Colombia,Centre-Forward,Sporting CP
424784,Luis Suárez,UEFA Champions League,False,12.0,5.0,2.0,2.0,0.0,956.0,True,Colombia,Centre-Forward,Sporting CP
424784,Luis Suárez,Taça de Portugal,False,7.0,4.0,0.0,2.0,0.0,606.0,True,Colombia,Centre-Forward,Sporting CP
424784,Luis Suárez,Allianz Cup,False,1.0,1.0,0.0,0.0,0.0,90.0,True,Colombia,Centre-Forward,Sporting CP
424784,Luis Suárez,Portuguese Supercup,False,1.0,0.0,0.0,1.0,0.0,22.0,True,Colombia,Centre-Forward,Sporting CP
424784,Luis Suárez,TOTAL,True,53.0,38.0,9.0,12.0,0.0,4373.0,True,Colombia,Centre-Forward,Sporting CP
425028,José Luis Rodríguez,Liga MX Apertura,False,17.0,1.0,3.0,4.0,0.0,1288.0,True,Panama,Left Winger,FC Juárez
425028,José Luis Rodríguez,Liga MX Clausura,False,16.0,2.0,4.0,2.0,0.0,1336.0,True,Panama,Left Winger,FC Juárez
425028,José Luis Rodríguez,Liguilla Apertura,False,4.0,1.0,2.0,0.0,0.0,309.0,True,Panama,Left Winger,FC Juárez
425028,José Luis Rodríguez,TOTAL,True,37.0,4.0,9.0,6.0,0.0,2933.0,True,Panama,Left Winger,FC Juárez
428563,Lewis Ferguson,Serie A,False,27.0,1.0,0.0,5.0,1.0,1596.0,True,Scotland,Central Midfield,Bologna FC 1909
428563,Lewis Ferguson,Europa League,False,14.0,0.0,0.0,2.0,0.0,1065.0,True,Scotland,Central Midfield,Bologna FC 1909
428563,Lewis Ferguson,Italy Cup,False,2.0,0.0,0.0,0.0,0.0,180.0,True,Scotland,Central Midfield,Bologna FC 1909
428563,Lewis Ferguson,Supercoppa Italiana,False,2.0,0.0,0.0,0.0,0.0,84.0,True,Scotland,Central Midfield,Bologna FC 1909
428563,Lewis Ferguson,TOTAL,True,45.0,1.0,0.0,7.0,1.0,2925.0,True,Scotland,Central Midfield,Bologna FC 1909
429915,Maxim De Cuyper,Premier League,False,30.0,2.0,3.0,2.0,0.0,1414.0,True,Belgium,Left-Back,Brighton & Hove Albion
429915,Maxim De Cuyper,EFL Cup,False,1.0,0.0,0.0,0.0,0.0,67.0,True,Belgium,Left-Back,Brighton & Hove Albion
429915,Maxim De Cuyper,FA Cup,False,0.0,0.0,0.0,0.0,0.0,0.0,True,Belgium,Left-Back,Brighton & Hove Albion
429915,Maxim De Cuyper,TOTAL,True,31.0,2.0,3.0,2.0,0.0,1481.0,True,Belgium,Left-Back,Brighton & Hove Albion
429983,Jørgen Strand Larsen,Premier League,False,36.0,4.0,1.0,4.0,0.0,2315.0,True,Norway,Centre-Forward,Crystal Palace
429983,Jørgen Strand Larsen,Conference League,False,8.0,1.0,1.0,3.0,0.0,465.0,True,Norway,Centre-Forward,Crystal Palace
429983,Jørgen Strand Larsen,EFL Cup,False,3.0,2.0,0.0,0.0,0.0,107.0,True,Norway,Centre-Forward,Crystal Palace
429983,Jørgen Strand Larsen,FA Cup,False,1.0,3.0,1.0,0.0,0.0,74.0,True,Norway,Centre-Forward,Crystal Palace
429983,Jørgen Strand Larsen,TOTAL,True,48.0,10.0,3.0,7.0,0.0,2961.0,True,Norway,Centre-Forward,Crystal Palace
432298,Zion Suzuki,Serie A,False,20.0,28.0,5.0,1.0,0.0,1800.0,True,Japan,Goalkeeper,Parma Calcio 1913
432298,Zion Suzuki,Italy Cup,False,2.0,2.0,1.0,0.0,0.0,180.0,True,Japan,Goalkeeper,Parma Calcio 1913
432298,Zion Suzuki,TOTAL,True,22.0,30.0,6.0,1.0,0.0,1980.0,True,Japan,Goalkeeper,Parma Calcio 1913
432758,Toni Fruk,SuperSport HNL,False,31.0,12.0,3.0,2.0,0.0,2132.0,True,Croatia,Attacking Midfield,HNK Rijeka
432758,Toni Fruk,Conference League,False,10.0,5.0,0.0,1.0,0.0,849.0,True,Croatia,Attacking Midfield,HNK Rijeka
432758,Toni Fruk,Hrvatski nogometni kup,False,4.0,1.0,0.0,1.0,0.0,316.0,True,Croatia,Attacking Midfield,HNK Rijeka
432758,Toni Fruk,Europa League Qualifying,False,3.0,1.0,0.0,0.0,0.0,259.0,True,Croatia,Attacking Midfield,HNK Rijeka
432758,Toni Fruk,Champions League Qu.,False,2.0,0.0,0.0,0.0,0.0,180.0,True,Croatia,Attacking Midfield,HNK Rijeka
432758,Toni Fruk,TOTAL,True,50.0,19.0,3.0,4.0,0.0,3736.0,True,Croatia,Attacking Midfield,HNK Rijeka
432852,Deroy Duarte,efbet Liga,False,33.0,2.0,2.0,3.0,0.0,2368.0,True,Cape Verde,Central Midfield,Ludogorets Razgrad
432852,Deroy Duarte,Europa League,False,9.0,0.0,0.0,0.0,0.0,781.0,True,Cape Verde,Central Midfield,Ludogorets Razgrad
432852,Deroy Duarte,Bulgarian Cup,False,5.0,0.0,0.0,0.0,0.0,381.0,True,Cape Verde,Central Midfield,Ludogorets Razgrad
432852,Deroy Duarte,Champions League Qu.,False,5.0,0.0,0.0,1.0,0.0,158.0,True,Cape Verde,Central Midfield,Ludogorets Razgrad
432852,Deroy Duarte,Europa League Qualifying,False,2.0,1.0,1.0,0.0,0.0,134.0,True,Cape Verde,Central Midfield,Ludogorets Razgrad
432852,Deroy Duarte,UECL Playoffs Efbet Liga,False,1.0,0.0,0.0,0.0,0.0,98.0,True,Cape Verde,Central Midfield,Ludogorets Razgrad
432852,Deroy Duarte,Bulgarian Super Cup,False,1.0,0.0,0.0,1.0,0.0,90.0,True,Cape Verde,Central Midfield,Ludogorets Razgrad
432852,Deroy Duarte,TOTAL,True,56.0,3.0,3.0,5.0,0.0,4010.0,True,Cape Verde,Central Midfield,Ludogorets Razgrad
433177,Bukayo Saka,Premier League,False,31.0,7.0,7.0,2.0,0.0,2226.0,True,England,Right Winger,Arsenal FC
433177,Bukayo Saka,UEFA Champions League,False,11.0,3.0,2.0,1.0,0.0,687.0,True,England,Right Winger,Arsenal FC
433177,Bukayo Saka,EFL Cup,False,5.0,1.0,0.0,0.0,0.0,285.0,True,England,Right Winger,Arsenal FC
433177,Bukayo Saka,FA Cup,False,2.0,0.0,0.0,0.0,0.0,58.0,True,England,Right Winger,Arsenal FC
433177,Bukayo Saka,TOTAL,True,49.0,11.0,9.0,3.0,0.0,3256.0,True,England,Right Winger,Arsenal FC
433933,Kevin Felida,Keuken Kampioen Divisie,False,34.0,4.0,3.0,4.0,0.0,2928.0,True,Curaçao,Defensive Midfield,FC Den Bosch
433933,Kevin Felida,KNVB Beker,False,3.0,0.0,0.0,0.0,0.0,300.0,True,Curaçao,Defensive Midfield,FC Den Bosch
433933,Kevin Felida,Keuken Kampioen Play-Offs,False,2.0,0.0,0.0,0.0,0.0,154.0,True,Curaçao,Defensive Midfield,FC Den Bosch
433933,Kevin Felida,TOTAL,True,39.0,4.0,3.0,4.0,0.0,3382.0,True,Curaçao,Defensive Midfield,FC Den Bosch
434116,Alexander Prass,Bundesliga,False,32.0,3.0,2.0,4.0,0.0,1298.0,True,Austria,Left Midfield,TSG 1899 Hoffenheim
434116,Alexander Prass,DFB-Pokal,False,2.0,0.0,0.0,0.0,0.0,119.0,True,Austria,Left Midfield,TSG 1899 Hoffenheim
434116,Alexander Prass,TOTAL,True,34.0,3.0,2.0,4.0,0.0,1417.0,True,Austria,Left Midfield,TSG 1899 Hoffenheim
434224,Maxence Lacroix,Premier League,False,35.0,1.0,2.0,4.0,0.0,3087.0,True,France,Centre-Back,Crystal Palace
434224,Maxence Lacroix,Conference League,False,14.0,2.0,1.0,2.0,0.0,1215.0,True,France,Centre-Back,Crystal Palace
434224,Maxence Lacroix,EFL Cup,False,3.0,0.0,0.0,0.0,0.0,270.0,True,France,Centre-Back,Crystal Palace
434224,Maxence Lacroix,UECL Qualifying,False,2.0,0.0,0.0,0.0,0.0,180.0,True,France,Centre-Back,Crystal Palace
434224,Maxence Lacroix,Community Shield,False,1.0,0.0,0.0,0.0,0.0,90.0,True,France,Centre-Back,Crystal Palace
434224,Maxence Lacroix,FA Cup,False,0.0,0.0,0.0,0.0,0.0,0.0,True,France,Centre-Back,Crystal Palace
434224,Maxence Lacroix,TOTAL,True,55.0,3.0,3.0,6.0,0.0,4842.0,True,France,Centre-Back,Crystal Palace
434675,Cody Gakpo,Premier League,False,36.0,7.0,5.0,3.0,0.0,2749.0,True,Netherlands,Left Winger,Liverpool FC
434675,Cody Gakpo,UEFA Champions League,False,11.0,2.0,1.0,0.0,0.0,470.0,True,Netherlands,Left Winger,Liverpool FC
434675,Cody Gakpo,FA Cup,False,4.0,0.0,0.0,0.0,0.0,287.0,True,Netherlands,Left Winger,Liverpool FC
434675,Cody Gakpo,Community Shield,False,1.0,0.0,0.0,0.0,0.0,90.0,True,Netherlands,Left Winger,Liverpool FC
434675,Cody Gakpo,EFL Cup,False,0.0,0.0,0.0,0.0,0.0,0.0,True,Netherlands,Left Winger,Liverpool FC
434675,Cody Gakpo,TOTAL,True,52.0,9.0,6.0,3.0,0.0,3596.0,True,Netherlands,Left Winger,Liverpool FC
435338,Gabriel,Premier League,False,32.0,3.0,4.0,4.0,0.0,2751.0,True,Brazil,Centre-Back,Arsenal FC
435338,Gabriel,UEFA Champions League,False,12.0,1.0,1.0,1.0,0.0,1002.0,True,Brazil,Centre-Back,Arsenal FC
435338,Gabriel,EFL Cup,False,5.0,0.0,0.0,0.0,0.0,309.0,True,Brazil,Centre-Back,Arsenal FC
435338,Gabriel,FA Cup,False,2.0,0.0,0.0,0.0,0.0,148.0,True,Brazil,Centre-Back,Arsenal FC
435338,Gabriel,TOTAL,True,51.0,4.0,5.0,5.0,0.0,4210.0,True,Brazil,Centre-Back,Arsenal FC
435772,Charles De Ketelaere,Serie A,False,31.0,3.0,5.0,4.0,0.0,2190.0,True,Belgium,Attacking Midfield,Atalanta BC
435772,Charles De Ketelaere,UEFA Champions League,False,8.0,2.0,2.0,0.0,0.0,585.0,True,Belgium,Attacking Midfield,Atalanta BC
435772,Charles De Ketelaere,Italy Cup,False,3.0,0.0,0.0,0.0,0.0,264.0,True,Belgium,Attacking Midfield,Atalanta BC
435772,Charles De Ketelaere,TOTAL,True,42.0,5.0,7.0,4.0,0.0,3039.0,True,Belgium,Attacking Midfield,Atalanta BC
436372,Teboho Mokoena,Betway Premiership,False,23.0,4.0,2.0,5.0,1.0,1618.0,True,South Africa,Defensive Midfield,Mamelodi Sundowns FC
436372,Teboho Mokoena,CAF-Champions League,False,14.0,2.0,0.0,2.0,0.0,1228.0,True,South Africa,Defensive Midfield,Mamelodi Sundowns FC
436372,Teboho Mokoena,MTN8,False,3.0,1.0,0.0,1.0,0.0,270.0,True,South Africa,Defensive Midfield,Mamelodi Sundowns FC
436372,Teboho Mokoena,Carling Knockout,False,1.0,0.0,0.0,1.0,0.0,59.0,True,South Africa,Defensive Midfield,Mamelodi Sundowns FC
436372,Teboho Mokoena,Nedbank Cup,False,0.0,0.0,0.0,0.0,0.0,0.0,True,South Africa,Defensive Midfield,Mamelodi Sundowns FC
436372,Teboho Mokoena,TOTAL,True,41.0,7.0,2.0,9.0,1.0,3175.0,True,South Africa,Defensive Midfield,Mamelodi Sundowns FC
437903,Abdullah Al-Khaibari,Saudi Pro League,False,32.0,0.0,1.0,5.0,0.0,1679.0,True,Saudi Arabia,Defensive Midfield,Al-Nassr FC
437903,Abdullah Al-Khaibari,AFC Champions League Two,False,9.0,1.0,0.0,0.0,0.0,462.0,True,Saudi Arabia,Defensive Midfield,Al-Nassr FC
437903,Abdullah Al-Khaibari,King's Cup,False,2.0,0.0,0.0,1.0,0.0,130.0,True,Saudi Arabia,Defensive Midfield,Al-Nassr FC
437903,Abdullah Al-Khaibari,Saudi Super Cup,False,2.0,0.0,0.0,0.0,0.0,180.0,True,Saudi Arabia,Defensive Midfield,Al-Nassr FC
437903,Abdullah Al-Khaibari,TOTAL,True,45.0,1.0,1.0,6.0,0.0,2451.0,True,Saudi Arabia,Defensive Midfield,Al-Nassr FC
437982,Oussama Benbout,Ligue 1,False,14.0,10.0,5.0,1.0,0.0,1260.0,True,Algeria,Goalkeeper,USM Alger
437982,Oussama Benbout,CAF Confederation Cup,False,13.0,7.0,8.0,1.0,0.0,1170.0,True,Algeria,Goalkeeper,USM Alger
437982,Oussama Benbout,Coupe d'Algerie,False,4.0,2.0,2.0,0.0,0.0,390.0,True,Algeria,Goalkeeper,USM Alger
437982,Oussama Benbout,Supercoupe d'Algérie,False,1.0,1.0,0.0,0.0,0.0,90.0,True,Algeria,Goalkeeper,USM Alger
437982,Oussama Benbout,TOTAL,True,32.0,20.0,15.0,2.0,0.0,2910.0,True,Algeria,Goalkeeper,USM Alger
438961,Michael Svoboda,Serie B,False,29.0,3.0,2.0,7.0,0.0,2527.0,True,Austria,Centre-Back,Venezia FC
438961,Michael Svoboda,Italy Cup,False,1.0,0.0,0.0,0.0,0.0,15.0,True,Austria,Centre-Back,Venezia FC
438961,Michael Svoboda,TOTAL,True,30.0,3.0,2.0,7.0,0.0,2542.0,True,Austria,Centre-Back,Venezia FC
439750,Dayne St. Clair,MLS,False,14.0,28.0,2.0,3.0,0.0,1260.0,True,Canada,Goalkeeper,Inter Miami CF
439750,Dayne St. Clair,CONCACAF Champions Cup,False,2.0,1.0,1.0,0.0,0.0,180.0,True,Canada,Goalkeeper,Inter Miami CF
439750,Dayne St. Clair,TOTAL,True,16.0,29.0,3.0,3.0,0.0,1440.0,True,Canada,Goalkeeper,Inter Miami CF
439914,John Yeboah,Serie B,False,34.0,10.0,10.0,2.0,0.0,2620.0,True,Ecuador,Second Striker,Venezia FC
439914,John Yeboah,Italy Cup,False,2.0,2.0,1.0,0.0,0.0,97.0,True,Ecuador,Second Striker,Venezia FC
439914,John Yeboah,TOTAL,True,36.0,12.0,11.0,2.0,0.0,2717.0,True,Ecuador,Second Striker,Venezia FC
440383,César Blackman,Niké Liga,False,18.0,2.0,5.0,2.0,0.0,1369.0,True,Panama,Right-Back,Slovan Bratislava
440383,César Blackman,Niké Liga - Championship Group,False,9.0,0.0,2.0,2.0,0.0,808.0,True,Panama,Right-Back,Slovan Bratislava
440383,César Blackman,Conference League,False,6.0,1.0,0.0,2.0,0.0,520.0,True,Panama,Right-Back,Slovan Bratislava
440383,César Blackman,Champions League Qu.,False,4.0,0.0,0.0,1.0,0.0,361.0,True,Panama,Right-Back,Slovan Bratislava
440383,César Blackman,Europa League Qualifying,False,2.0,0.0,0.0,0.0,0.0,160.0,True,Panama,Right-Back,Slovan Bratislava
440383,César Blackman,Slovnaft Cup,False,1.0,0.0,0.0,0.0,0.0,90.0,True,Panama,Right-Back,Slovan Bratislava
440383,César Blackman,TOTAL,True,40.0,3.0,7.0,7.0,0.0,3308.0,True,Panama,Right-Back,Slovan Bratislava
441738,Joel Waterman,MLS,False,10.0,0.0,0.0,2.0,0.0,643.0,True,Canada,Centre-Back,Chicago Fire FC
441738,Joel Waterman,US Open Cup,False,2.0,0.0,0.0,2.0,0.0,180.0,True,Canada,Centre-Back,Chicago Fire FC
441738,Joel Waterman,TOTAL,True,12.0,0.0,0.0,4.0,0.0,823.0,True,Canada,Centre-Back,Chicago Fire FC
442531,Edouard Mendy,Saudi Pro League,False,26.0,18.0,14.0,2.0,0.0,2340.0,True,Senegal,Goalkeeper,Al-Ahli SFC
442531,Edouard Mendy,AFC Champions League,False,9.0,7.0,4.0,4.0,0.0,870.0,True,Senegal,Goalkeeper,Al-Ahli SFC
442531,Edouard Mendy,King's Cup,False,3.0,4.0,1.0,1.0,0.0,330.0,True,Senegal,Goalkeeper,Al-Ahli SFC
442531,Edouard Mendy,Saudi Super Cup,False,2.0,3.0,0.0,0.0,0.0,180.0,True,Senegal,Goalkeeper,Al-Ahli SFC
442531,Edouard Mendy,FIFA Intercontinental Cup,False,1.0,3.0,0.0,0.0,0.0,90.0,True,Senegal,Goalkeeper,Al-Ahli SFC
442531,Edouard Mendy,TOTAL,True,41.0,35.0,19.0,7.0,0.0,3810.0,True,Senegal,Goalkeeper,Al-Ahli SFC
443379,Jorge Gutiérrez,Liga FUTVE Apertura,False,10.0,0.0,0.0,0.0,0.0,900.0,True,Panama,Left-Back,Deportivo La Guaira
443379,Jorge Gutiérrez,Libertadores,False,6.0,0.0,1.0,1.0,0.0,537.0,True,Panama,Left-Back,Deportivo La Guaira
443379,Jorge Gutiérrez,Apertura. Fase Final,False,2.0,0.0,0.0,0.0,0.0,180.0,True,Panama,Left-Back,Deportivo La Guaira
443379,Jorge Gutiérrez,TOTAL,True,18.0,0.0,1.0,1.0,0.0,1617.0,True,Panama,Left-Back,Deportivo La Guaira
443710,Angelo Stiller,Bundesliga,False,34.0,2.0,6.0,1.0,0.0,2746.0,True,Germany,Defensive Midfield,VfB Stuttgart
443710,Angelo Stiller,Europa League,False,11.0,0.0,3.0,2.0,0.0,854.0,True,Germany,Defensive Midfield,VfB Stuttgart
443710,Angelo Stiller,DFB-Pokal,False,6.0,0.0,1.0,0.0,0.0,562.0,True,Germany,Defensive Midfield,VfB Stuttgart
443710,Angelo Stiller,DFL-Supercup,False,1.0,0.0,0.0,0.0,0.0,87.0,True,Germany,Defensive Midfield,VfB Stuttgart
443710,Angelo Stiller,TOTAL,True,52.0,2.0,10.0,3.0,0.0,4249.0,True,Germany,Defensive Midfield,VfB Stuttgart
443937,Alaa Hejji,Saudi Pro League,False,24.0,3.0,1.0,1.0,0.0,1343.0,True,Saudi Arabia,Central Midfield,NEOM SC
443937,Alaa Hejji,King's Cup,False,0.0,0.0,0.0,0.0,0.0,0.0,True,Saudi Arabia,Central Midfield,NEOM SC
443937,Alaa Hejji,TOTAL,True,24.0,3.0,1.0,1.0,0.0,1343.0,True,Saudi Arabia,Central Midfield,NEOM SC
444523,Lucas Paquetá,Premier League,False,18.0,4.0,1.0,5.0,1.0,1522.0,True,Brazil,Attacking Midfield,CR Flamengo
444523,Lucas Paquetá,Série A,False,12.0,3.0,0.0,2.0,0.0,819.0,True,Brazil,Attacking Midfield,CR Flamengo
444523,Lucas Paquetá,Campeonato Carioca,False,5.0,3.0,0.0,0.0,0.0,306.0,True,Brazil,Attacking Midfield,CR Flamengo
444523,Lucas Paquetá,Libertadores,False,4.0,2.0,0.0,0.0,0.0,212.0,True,Brazil,Attacking Midfield,CR Flamengo
444523,Lucas Paquetá,Recopa Sudamericana,False,2.0,0.0,0.0,1.0,0.0,146.0,True,Brazil,Attacking Midfield,CR Flamengo
444523,Lucas Paquetá,EFL Cup,False,1.0,1.0,0.0,0.0,0.0,90.0,True,Brazil,Attacking Midfield,CR Flamengo
444523,Lucas Paquetá,Supercopa Rei,False,1.0,0.0,0.0,0.0,0.0,32.0,True,Brazil,Attacking Midfield,CR Flamengo
444523,Lucas Paquetá,Copa do Brasil,False,0.0,0.0,0.0,0.0,0.0,0.0,True,Brazil,Attacking Midfield,CR Flamengo
444523,Lucas Paquetá,FA Cup,False,0.0,0.0,0.0,0.0,0.0,0.0,True,Brazil,Attacking Midfield,CR Flamengo
444523,Lucas Paquetá,TOTAL,True,43.0,13.0,1.0,8.0,1.0,3127.0,True,Brazil,Attacking Midfield,CR Flamengo
445939,Omar Marmoush,Premier League,False,21.0,3.0,3.0,3.0,0.0,699.0,True,Egypt,Centre-Forward,Manchester City
445939,Omar Marmoush,UEFA Champions League,False,8.0,0.0,0.0,0.0,0.0,222.0,True,Egypt,Centre-Forward,Manchester City
445939,Omar Marmoush,FA Cup,False,5.0,2.0,0.0,0.0,0.0,292.0,True,Egypt,Centre-Forward,Manchester City
445939,Omar Marmoush,EFL Cup,False,2.0,3.0,0.0,0.0,0.0,180.0,True,Egypt,Centre-Forward,Manchester City
445939,Omar Marmoush,TOTAL,True,36.0,8.0,3.0,3.0,0.0,1393.0,True,Egypt,Centre-Forward,Manchester City
447995,Ross Stewart,Championship,False,25.0,8.0,2.0,2.0,0.0,979.0,True,Scotland,Centre-Forward,Southampton FC
447995,Ross Stewart,FA Cup,False,4.0,2.0,0.0,0.0,0.0,166.0,True,Scotland,Centre-Forward,Southampton FC
447995,Ross Stewart,Championship Play-Offs,False,2.0,1.0,0.0,0.0,0.0,114.0,True,Scotland,Centre-Forward,Southampton FC
447995,Ross Stewart,EFL Cup,False,2.0,0.0,1.0,0.0,0.0,74.0,True,Scotland,Centre-Forward,Southampton FC
447995,Ross Stewart,TOTAL,True,33.0,11.0,3.0,2.0,0.0,1333.0,True,Scotland,Centre-Forward,Southampton FC
448466,Jovane Cabral,Liga Portugal,False,27.0,7.0,1.0,5.0,0.0,1679.0,True,Cape Verde,Left Winger,CF Estrela Amadora
448466,Jovane Cabral,Taça de Portugal,False,0.0,0.0,0.0,0.0,0.0,0.0,True,Cape Verde,Left Winger,CF Estrela Amadora
448466,Jovane Cabral,TOTAL,True,27.0,7.0,1.0,5.0,0.0,1679.0,True,Cape Verde,Left Winger,CF Estrela Amadora
448632,Yehvann Diouf,Ligue 1,False,26.0,45.0,5.0,1.0,0.0,2340.0,True,Senegal,Goalkeeper,OGC Nice
448632,Yehvann Diouf,Europa League,False,6.0,13.0,0.0,0.0,0.0,540.0,True,Senegal,Goalkeeper,OGC Nice
448632,Yehvann Diouf,L1/L2 Playoffs,False,2.0,1.0,1.0,0.0,0.0,180.0,True,Senegal,Goalkeeper,OGC Nice
448632,Yehvann Diouf,Coupe de France,False,2.0,2.0,0.0,1.0,0.0,180.0,True,Senegal,Goalkeeper,OGC Nice
448632,Yehvann Diouf,Champions League Qu.,False,2.0,4.0,0.0,0.0,0.0,180.0,True,Senegal,Goalkeeper,OGC Nice
448632,Yehvann Diouf,TOTAL,True,38.0,65.0,6.0,2.0,0.0,3420.0,True,Senegal,Goalkeeper,OGC Nice
450050,Jean-Ricner Bellegarde,Premier League,False,26.0,1.0,1.0,5.0,0.0,1250.0,True,Haiti,Central Midfield,Wolverhampton Wanderers
450050,Jean-Ricner Bellegarde,EFL Cup,False,3.0,0.0,0.0,0.0,0.0,172.0,True,Haiti,Central Midfield,Wolverhampton Wanderers
450050,Jean-Ricner Bellegarde,FA Cup,False,2.0,0.0,0.0,0.0,0.0,91.0,True,Haiti,Central Midfield,Wolverhampton Wanderers
450050,Jean-Ricner Bellegarde,TOTAL,True,31.0,1.0,1.0,5.0,0.0,1513.0,True,Haiti,Central Midfield,Wolverhampton Wanderers
450233,Moisés Ramírez,Super League 1,False,20.0,31.0,4.0,6.0,0.0,1800.0,True,Ecuador,Goalkeeper,AE Kifisia
450233,Moisés Ramírez,Super League Play-out,False,8.0,6.0,4.0,2.0,0.0,720.0,True,Ecuador,Goalkeeper,AE Kifisia
450233,Moisés Ramírez,Kypello Elladas,False,2.0,3.0,0.0,0.0,0.0,180.0,True,Ecuador,Goalkeeper,AE Kifisia
450233,Moisés Ramírez,TOTAL,True,30.0,40.0,8.0,8.0,0.0,2700.0,True,Ecuador,Goalkeeper,AE Kifisia
450241,Angelo Preciado,Chance Liga,False,14.0,0.0,3.0,4.0,0.0,964.0,True,Ecuador,Right-Back,Clube Atlético Mineiro
450241,Angelo Preciado,Série A,False,7.0,0.0,0.0,1.0,0.0,376.0,True,Ecuador,Right-Back,Clube Atlético Mineiro
450241,Angelo Preciado,Campeonato Mineiro,False,6.0,0.0,0.0,0.0,0.0,287.0,True,Ecuador,Right-Back,Clube Atlético Mineiro
450241,Angelo Preciado,UECL Qualifying,False,5.0,0.0,3.0,0.0,0.0,337.0,True,Ecuador,Right-Back,Clube Atlético Mineiro
450241,Angelo Preciado,Conference League,False,4.0,1.0,1.0,2.0,0.0,284.0,True,Ecuador,Right-Back,Clube Atlético Mineiro
450241,Angelo Preciado,Copa Sudamericana,False,2.0,0.0,0.0,0.0,1.0,148.0,True,Ecuador,Right-Back,Clube Atlético Mineiro
450241,Angelo Preciado,Copa do Brasil,False,1.0,0.0,0.0,1.0,0.0,90.0,True,Ecuador,Right-Back,Clube Atlético Mineiro
450241,Angelo Preciado,MOL Cup,False,0.0,0.0,0.0,0.0,0.0,0.0,True,Ecuador,Right-Back,Clube Atlético Mineiro
450241,Angelo Preciado,TOTAL,True,39.0,1.0,7.0,8.0,1.0,2486.0,True,Ecuador,Right-Back,Clube Atlético Mineiro
450806,Khuliso Mudau,Betway Premiership,False,21.0,0.0,2.0,8.0,0.0,1527.0,True,South Africa,Right-Back,Mamelodi Sundowns FC
450806,Khuliso Mudau,CAF-Champions League,False,14.0,1.0,1.0,2.0,0.0,1239.0,True,South Africa,Right-Back,Mamelodi Sundowns FC
450806,Khuliso Mudau,Carling Knockout,False,1.0,0.0,0.0,0.0,0.0,99.0,True,South Africa,Right-Back,Mamelodi Sundowns FC
450806,Khuliso Mudau,Nedbank Cup,False,0.0,0.0,0.0,0.0,0.0,0.0,True,South Africa,Right-Back,Mamelodi Sundowns FC
450806,Khuliso Mudau,TOTAL,True,36.0,1.0,3.0,10.0,0.0,2865.0,True,South Africa,Right-Back,Mamelodi Sundowns FC
451747,Brandon Thomas-Asante,Championship,False,32.0,13.0,4.0,0.0,0.0,1865.0,True,Ghana,Centre-Forward,Coventry City
451747,Brandon Thomas-Asante,EFL Cup,False,2.0,0.0,0.0,0.0,0.0,105.0,True,Ghana,Centre-Forward,Coventry City
451747,Brandon Thomas-Asante,FA Cup,False,0.0,0.0,0.0,0.0,0.0,0.0,True,Ghana,Centre-Forward,Coventry City
451747,Brandon Thomas-Asante,TOTAL,True,34.0,13.0,4.0,0.0,0.0,1970.0,True,Ghana,Centre-Forward,Coventry City
451801,Abdul Mumin,LaLiga,False,3.0,0.0,0.0,0.0,0.0,78.0,True,Ghana,Centre-Back,Rayo Vallecano
451801,Abdul Mumin,Conference League,False,0.0,0.0,0.0,0.0,0.0,0.0,True,Ghana,Centre-Back,Rayo Vallecano
451801,Abdul Mumin,Copa del Rey,False,0.0,0.0,0.0,0.0,0.0,0.0,True,Ghana,Centre-Back,Rayo Vallecano
451801,Abdul Mumin,UECL Qualifying,False,0.0,0.0,0.0,0.0,0.0,0.0,True,Ghana,Centre-Back,Rayo Vallecano
451801,Abdul Mumin,TOTAL,True,3.0,0.0,0.0,0.0,0.0,78.0,True,Ghana,Centre-Back,Rayo Vallecano
452483,David Affengruber,LaLiga,False,36.0,1.0,1.0,7.0,0.0,2953.0,True,Austria,Centre-Back,Elche CF
452483,David Affengruber,Copa del Rey,False,3.0,0.0,1.0,0.0,0.0,143.0,True,Austria,Centre-Back,Elche CF
452483,David Affengruber,TOTAL,True,39.0,1.0,2.0,7.0,0.0,3096.0,True,Austria,Centre-Back,Elche CF
453370,Sipho Chaine,Betway Premiership,False,30.0,12.0,21.0,0.0,0.0,2700.0,True,South Africa,Goalkeeper,Orlando Pirates
453370,Sipho Chaine,Carling Knockout,False,4.0,1.0,3.0,1.0,0.0,390.0,True,South Africa,Goalkeeper,Orlando Pirates
453370,Sipho Chaine,MTN8,False,4.0,2.0,2.0,1.0,0.0,390.0,True,South Africa,Goalkeeper,Orlando Pirates
453370,Sipho Chaine,CAF-Champions League,False,3.0,0.0,2.0,0.0,0.0,231.0,True,South Africa,Goalkeeper,Orlando Pirates
453370,Sipho Chaine,Nedbank Cup,False,1.0,0.0,0.0,0.0,0.0,120.0,True,South Africa,Goalkeeper,Orlando Pirates
453370,Sipho Chaine,TOTAL,True,42.0,15.0,28.0,2.0,0.0,3831.0,True,South Africa,Goalkeeper,Orlando Pirates
455425,Nando Pijnaker,A-League Men,False,13.0,0.0,0.0,0.0,0.0,719.0,True,New Zealand,Centre-Back,Auckland FC
455425,Nando Pijnaker,A-League Fin.,False,4.0,0.0,0.0,1.0,0.0,249.0,True,New Zealand,Centre-Back,Auckland FC
455425,Nando Pijnaker,OFC Pro League,False,0.0,0.0,0.0,0.0,0.0,0.0,True,New Zealand,Centre-Back,Auckland FC
455425,Nando Pijnaker,TOTAL,True,17.0,0.0,0.0,1.0,0.0,968.0,True,New Zealand,Centre-Back,Auckland FC
455661,Nick Woltemade,Premier League,False,33.0,8.0,3.0,0.0,0.0,1914.0,True,Germany,Centre-Forward,Newcastle United
455661,Nick Woltemade,UEFA Champions League,False,10.0,1.0,1.0,0.0,0.0,654.0,True,Germany,Centre-Forward,Newcastle United
455661,Nick Woltemade,EFL Cup,False,5.0,1.0,0.0,1.0,0.0,176.0,True,Germany,Centre-Forward,Newcastle United
455661,Nick Woltemade,FA Cup,False,3.0,1.0,1.0,0.0,0.0,282.0,True,Germany,Centre-Forward,Newcastle United
455661,Nick Woltemade,DFB-Pokal,False,1.0,1.0,0.0,0.0,0.0,49.0,True,Germany,Centre-Forward,Newcastle United
455661,Nick Woltemade,Bundesliga,False,1.0,0.0,0.0,0.0,0.0,90.0,True,Germany,Centre-Forward,Newcastle United
455661,Nick Woltemade,DFL-Supercup,False,1.0,0.0,0.0,0.0,0.0,90.0,True,Germany,Centre-Forward,Newcastle United
455661,Nick Woltemade,TOTAL,True,54.0,12.0,5.0,1.0,0.0,3255.0,True,Germany,Centre-Forward,Newcastle United
457738,Jovo Lukić,SuperLiga,False,25.0,15.0,2.0,5.0,0.0,1969.0,True,Bosnia and Herzegovina,Centre-Forward,FC Universitatea Cluj
457738,Jovo Lukić,SuperLiga - Championship group,False,7.0,3.0,0.0,3.0,0.0,536.0,True,Bosnia and Herzegovina,Centre-Forward,FC Universitatea Cluj
457738,Jovo Lukić,Romanian Cup,False,5.0,1.0,1.0,1.0,0.0,448.0,True,Bosnia and Herzegovina,Centre-Forward,FC Universitatea Cluj
457738,Jovo Lukić,UECL Qualifying,False,2.0,1.0,0.0,0.0,0.0,130.0,True,Bosnia and Herzegovina,Centre-Forward,FC Universitatea Cluj
457738,Jovo Lukić,TOTAL,True,39.0,20.0,3.0,9.0,0.0,3083.0,True,Bosnia and Herzegovina,Centre-Forward,FC Universitatea Cluj
459463,Cucho Hernández,LaLiga,False,32.0,11.0,3.0,5.0,0.0,2595.0,True,Colombia,Centre-Forward,Real Betis Balompié
459463,Cucho Hernández,Europa League,False,7.0,3.0,0.0,0.0,0.0,448.0,True,Colombia,Centre-Forward,Real Betis Balompié
459463,Cucho Hernández,Copa del Rey,False,1.0,1.0,0.0,1.0,0.0,87.0,True,Colombia,Centre-Forward,Real Betis Balompié
459463,Cucho Hernández,TOTAL,True,40.0,15.0,3.0,6.0,0.0,3130.0,True,Colombia,Centre-Forward,Real Betis Balompié
460939,Tijjani Reijnders,Premier League,False,28.0,5.0,2.0,2.0,0.0,1636.0,True,Netherlands,Central Midfield,Manchester City
460939,Tijjani Reijnders,UEFA Champions League,False,10.0,0.0,3.0,0.0,0.0,579.0,True,Netherlands,Central Midfield,Manchester City
460939,Tijjani Reijnders,FA Cup,False,5.0,1.0,2.0,0.0,0.0,374.0,True,Netherlands,Central Midfield,Manchester City
460939,Tijjani Reijnders,EFL Cup,False,4.0,1.0,1.0,0.0,0.0,221.0,True,Netherlands,Central Midfield,Manchester City
460939,Tijjani Reijnders,TOTAL,True,47.0,7.0,8.0,2.0,0.0,2810.0,True,Netherlands,Central Midfield,Manchester City
462250,João Félix,Saudi Pro League,False,33.0,20.0,14.0,7.0,0.0,2912.0,True,Portugal,Second Striker,Al-Nassr FC
462250,João Félix,AFC Champions League Two,False,10.0,4.0,4.0,0.0,0.0,595.0,True,Portugal,Second Striker,Al-Nassr FC
462250,João Félix,King's Cup,False,2.0,1.0,1.0,0.0,0.0,94.0,True,Portugal,Second Striker,Al-Nassr FC
462250,João Félix,Saudi Super Cup,False,2.0,1.0,0.0,0.0,0.0,180.0,True,Portugal,Second Striker,Al-Nassr FC
462250,João Félix,TOTAL,True,47.0,26.0,19.0,7.0,0.0,3781.0,True,Portugal,Second Striker,Al-Nassr FC
46413,Ante Budimir,LaLiga,False,37.0,17.0,0.0,3.0,0.0,2953.0,True,Croatia,Centre-Forward,CA Osasuna
46413,Ante Budimir,Copa del Rey,False,3.0,2.0,0.0,1.0,0.0,60.0,True,Croatia,Centre-Forward,CA Osasuna
46413,Ante Budimir,TOTAL,True,40.0,19.0,0.0,4.0,0.0,3013.0,True,Croatia,Centre-Forward,CA Osasuna
464469,Torbjørn Heggem,Serie A,False,27.0,0.0,0.0,0.0,0.0,2113.0,True,Norway,Centre-Back,Bologna FC 1909
464469,Torbjørn Heggem,Europa League,False,8.0,0.0,0.0,1.0,0.0,488.0,True,Norway,Centre-Back,Bologna FC 1909
464469,Torbjørn Heggem,Supercoppa Italiana,False,2.0,0.0,0.0,1.0,0.0,180.0,True,Norway,Centre-Back,Bologna FC 1909
464469,Torbjørn Heggem,Italy Cup,False,1.0,0.0,0.0,0.0,0.0,90.0,True,Norway,Centre-Back,Bologna FC 1909
464469,Torbjørn Heggem,Championship,False,1.0,0.0,0.0,0.0,0.0,90.0,True,Norway,Centre-Back,Bologna FC 1909
464469,Torbjørn Heggem,EFL Cup,False,0.0,0.0,0.0,0.0,0.0,0.0,True,Norway,Centre-Back,Bologna FC 1909
464469,Torbjørn Heggem,TOTAL,True,39.0,0.0,0.0,2.0,0.0,2961.0,True,Norway,Centre-Back,Bologna FC 1909
46580,Andrej Kramaric,Bundesliga,False,34.0,14.0,6.0,2.0,0.0,2223.0,True,Croatia,Attacking Midfield,TSG 1899 Hoffenheim
46580,Andrej Kramaric,DFB-Pokal,False,2.0,1.0,2.0,1.0,0.0,199.0,True,Croatia,Attacking Midfield,TSG 1899 Hoffenheim
46580,Andrej Kramaric,TOTAL,True,36.0,15.0,8.0,3.0,0.0,2422.0,True,Croatia,Attacking Midfield,TSG 1899 Hoffenheim
465966,Ahmed Fatouh,Premier League,False,12.0,1.0,2.0,1.0,0.0,557.0,True,Egypt,Left-Back,Zamalek SC
465966,Ahmed Fatouh,CAF Confederation Cup,False,10.0,0.0,2.0,2.0,0.0,790.0,True,Egypt,Left-Back,Zamalek SC
465966,Ahmed Fatouh,Championship Playoff,False,5.0,0.0,1.0,1.0,0.0,331.0,True,Egypt,Left-Back,Zamalek SC
465966,Ahmed Fatouh,Egyptian Super Cup,False,2.0,0.0,0.0,0.0,0.0,180.0,True,Egypt,Left-Back,Zamalek SC
465966,Ahmed Fatouh,TOTAL,True,29.0,1.0,5.0,4.0,0.0,1858.0,True,Egypt,Left-Back,Zamalek SC
467623,Lyle Foster,Premier League,False,26.0,3.0,2.0,4.0,0.0,1372.0,True,South Africa,Centre-Forward,Burnley FC
467623,Lyle Foster,FA Cup,False,1.0,0.0,1.0,0.0,0.0,90.0,True,South Africa,Centre-Forward,Burnley FC
467623,Lyle Foster,EFL Cup,False,0.0,0.0,0.0,0.0,0.0,0.0,True,South Africa,Centre-Forward,Burnley FC
467623,Lyle Foster,TOTAL,True,27.0,3.0,3.0,4.0,0.0,1462.0,True,South Africa,Centre-Forward,Burnley FC
468174,Félix Torres,Série A,False,12.0,1.0,0.0,3.0,0.0,948.0,True,Ecuador,Centre-Back,Sport Club Internacional
468174,Félix Torres,Campeonato Gaúcho,False,5.0,1.0,0.0,0.0,0.0,369.0,True,Ecuador,Centre-Back,Sport Club Internacional
468174,Félix Torres,Copa do Brasil,False,2.0,0.0,0.0,0.0,0.0,180.0,True,Ecuador,Centre-Back,Sport Club Internacional
468174,Félix Torres,Recopa Gáucha,False,0.0,0.0,0.0,0.0,0.0,0.0,True,Ecuador,Centre-Back,Sport Club Internacional
468174,Félix Torres,Campeonato Paulista,False,0.0,0.0,0.0,0.0,0.0,0.0,True,Ecuador,Centre-Back,Sport Club Internacional
468174,Félix Torres,TOTAL,True,19.0,2.0,0.0,3.0,0.0,1497.0,True,Ecuador,Centre-Back,Sport Club Internacional
469211,Liberato Cacace,Championship,False,12.0,0.0,0.0,0.0,0.0,722.0,True,New Zealand,Left-Back,Wrexham AFC
469211,Liberato Cacace,FA Cup,False,1.0,1.0,0.0,0.0,0.0,60.0,True,New Zealand,Left-Back,Wrexham AFC
469211,Liberato Cacace,EFL Cup,False,0.0,0.0,0.0,0.0,0.0,0.0,True,New Zealand,Left-Back,Wrexham AFC
469211,Liberato Cacace,TOTAL,True,13.0,1.0,0.0,0.0,0.0,782.0,True,New Zealand,Left-Back,Wrexham AFC
469781,Marcos Senesi,Premier League,False,37.0,0.0,5.0,8.0,0.0,3290.0,True,Argentina,Centre-Back,AFC Bournemouth
469781,Marcos Senesi,FA Cup,False,1.0,0.0,0.0,0.0,0.0,30.0,True,Argentina,Centre-Back,AFC Bournemouth
469781,Marcos Senesi,EFL Cup,False,1.0,0.0,0.0,0.0,0.0,45.0,True,Argentina,Centre-Back,AFC Bournemouth
469781,Marcos Senesi,TOTAL,True,39.0,0.0,5.0,8.0,0.0,3365.0,True,Argentina,Centre-Back,AFC Bournemouth
469976,Christopher Operi,Süper Lig,False,22.0,0.0,4.0,3.0,0.0,1824.0,True,Ivory Coast,Left-Back,Basaksehir FK
469976,Christopher Operi,UECL Qualifying,False,6.0,2.0,2.0,0.0,1.0,530.0,True,Ivory Coast,Left-Back,Basaksehir FK
469976,Christopher Operi,Türkiye Kupasi,False,3.0,0.0,0.0,0.0,0.0,238.0,True,Ivory Coast,Left-Back,Basaksehir FK
469976,Christopher Operi,TOTAL,True,31.0,2.0,6.0,3.0,1.0,2592.0,True,Ivory Coast,Left-Back,Basaksehir FK
472423,Reece James,Premier League,False,29.0,2.0,5.0,4.0,0.0,1960.0,True,England,Right-Back,Chelsea FC
472423,Reece James,UEFA Champions League,False,8.0,0.0,2.0,1.0,0.0,564.0,True,England,Right-Back,Chelsea FC
472423,Reece James,FA Cup,False,2.0,0.0,0.0,0.0,0.0,143.0,True,England,Right-Back,Chelsea FC
472423,Reece James,EFL Cup,False,0.0,0.0,0.0,0.0,0.0,0.0,True,England,Right-Back,Chelsea FC
472423,Reece James,TOTAL,True,39.0,2.0,7.0,5.0,0.0,2667.0,True,England,Right-Back,Chelsea FC
473169,Brian Brobbey,Premier League,False,31.0,7.0,1.0,6.0,0.0,1934.0,True,Netherlands,Centre-Forward,Sunderland AFC
473169,Brian Brobbey,Premier League Int. Cup U21,False,1.0,1.0,0.0,0.0,0.0,61.0,True,Netherlands,Centre-Forward,Sunderland AFC
473169,Brian Brobbey,FA Cup,False,1.0,0.0,0.0,0.0,0.0,34.0,True,Netherlands,Centre-Forward,Sunderland AFC
473169,Brian Brobbey,Eredivisie,False,0.0,0.0,0.0,0.0,0.0,0.0,True,Netherlands,Centre-Forward,Sunderland AFC
473169,Brian Brobbey,TOTAL,True,33.0,8.0,1.0,6.0,0.0,2029.0,True,Netherlands,Centre-Forward,Sunderland AFC
474701,Crysencio Summerville,Premier League,False,31.0,5.0,4.0,6.0,0.0,2484.0,True,Netherlands,Left Winger,West Ham United
474701,Crysencio Summerville,FA Cup,False,3.0,2.0,1.0,1.0,0.0,231.0,True,Netherlands,Left Winger,West Ham United
474701,Crysencio Summerville,EFL Cup,False,0.0,0.0,0.0,0.0,0.0,0.0,True,Netherlands,Left Winger,West Ham United
474701,Crysencio Summerville,TOTAL,True,34.0,7.0,5.0,7.0,0.0,2715.0,True,Netherlands,Left Winger,West Ham United
474800,Facundo Medina,Ligue 1,False,17.0,0.0,1.0,7.0,0.0,1366.0,True,Argentina,Centre-Back,Olympique Marseille
474800,Facundo Medina,Coupe de France,False,4.0,0.0,0.0,0.0,0.0,253.0,True,Argentina,Centre-Back,Olympique Marseille
474800,Facundo Medina,UEFA Champions League,False,4.0,0.0,0.0,1.0,0.0,306.0,True,Argentina,Centre-Back,Olympique Marseille
474800,Facundo Medina,Trophée des Champions,False,1.0,0.0,0.0,1.0,0.0,90.0,True,Argentina,Centre-Back,Olympique Marseille
474800,Facundo Medina,TOTAL,True,26.0,0.0,1.0,9.0,0.0,2015.0,True,Argentina,Centre-Back,Olympique Marseille
475959,Josko Gvardiol,Premier League,False,18.0,2.0,2.0,2.0,0.0,1374.0,True,Croatia,Centre-Back,Manchester City
475959,Josko Gvardiol,UEFA Champions League,False,5.0,0.0,2.0,0.0,0.0,440.0,True,Croatia,Centre-Back,Manchester City
475959,Josko Gvardiol,EFL Cup,False,2.0,0.0,1.0,0.0,0.0,52.0,True,Croatia,Centre-Back,Manchester City
475959,Josko Gvardiol,FA Cup,False,0.0,0.0,0.0,0.0,0.0,0.0,True,Croatia,Centre-Back,Manchester City
475959,Josko Gvardiol,TOTAL,True,25.0,2.0,5.0,2.0,0.0,1866.0,True,Croatia,Centre-Back,Manchester City
477758,Aaron Wan-Bissaka,Premier League,False,25.0,0.0,3.0,4.0,0.0,2084.0,True,Democratic Republic of the Congo,Right-Back,West Ham United
477758,Aaron Wan-Bissaka,FA Cup,False,2.0,0.0,0.0,1.0,0.0,120.0,True,Democratic Republic of the Congo,Right-Back,West Ham United
477758,Aaron Wan-Bissaka,EFL Cup,False,0.0,0.0,0.0,0.0,0.0,0.0,True,Democratic Republic of the Congo,Right-Back,West Ham United
477758,Aaron Wan-Bissaka,TOTAL,True,27.0,0.0,3.0,5.0,0.0,2204.0,True,Democratic Republic of the Congo,Right-Back,West Ham United
478192,Mehdi Ghayedi,UAE Pro League,False,20.0,4.0,6.0,1.0,0.0,1308.0,True,Iran,Left Winger,Al-Nasr SC (UAE)
478192,Mehdi Ghayedi,UAE League Cup,False,5.0,2.0,0.0,0.0,0.0,275.0,True,Iran,Left Winger,Al-Nasr SC (UAE)
478192,Mehdi Ghayedi,UAE President's Cup,False,0.0,0.0,0.0,0.0,0.0,0.0,True,Iran,Left Winger,Al-Nasr SC (UAE)
478192,Mehdi Ghayedi,TOTAL,True,25.0,6.0,6.0,1.0,0.0,1583.0,True,Iran,Left Winger,Al-Nasr SC (UAE)
478573,Ryan Gravenberch,Premier League,False,36.0,5.0,3.0,5.0,0.0,2996.0,True,Netherlands,Defensive Midfield,Liverpool FC
478573,Ryan Gravenberch,UEFA Champions League,False,11.0,1.0,2.0,2.0,0.0,961.0,True,Netherlands,Defensive Midfield,Liverpool FC
478573,Ryan Gravenberch,FA Cup,False,3.0,0.0,1.0,1.0,0.0,174.0,True,Netherlands,Defensive Midfield,Liverpool FC
478573,Ryan Gravenberch,EFL Cup,False,0.0,0.0,0.0,0.0,0.0,0.0,True,Netherlands,Defensive Midfield,Liverpool FC
478573,Ryan Gravenberch,Community Shield,False,0.0,0.0,0.0,0.0,0.0,0.0,True,Netherlands,Defensive Midfield,Liverpool FC
478573,Ryan Gravenberch,TOTAL,True,50.0,6.0,6.0,8.0,0.0,4131.0,True,Netherlands,Defensive Midfield,Liverpool FC
479682,Mohanad Lasheen,Premier League,False,18.0,0.0,2.0,0.0,0.0,1540.0,True,Egypt,Defensive Midfield,Pyramids FC
479682,Mohanad Lasheen,CAF-Champions League,False,10.0,0.0,0.0,0.0,0.0,779.0,True,Egypt,Defensive Midfield,Pyramids FC
479682,Mohanad Lasheen,Championship Playoff,False,6.0,0.0,0.0,0.0,0.0,540.0,True,Egypt,Defensive Midfield,Pyramids FC
479682,Mohanad Lasheen,Egypt Cup,False,3.0,0.0,1.0,1.0,0.0,270.0,True,Egypt,Defensive Midfield,Pyramids FC
479682,Mohanad Lasheen,FIFA Intercontinental Cup,False,3.0,0.0,0.0,0.0,0.0,270.0,True,Egypt,Defensive Midfield,Pyramids FC
479682,Mohanad Lasheen,Egyptian Super Cup,False,1.0,0.0,0.0,1.0,0.0,90.0,True,Egypt,Defensive Midfield,Pyramids FC
479682,Mohanad Lasheen,CAF-Supercup,False,1.0,0.0,0.0,0.0,0.0,90.0,True,Egypt,Defensive Midfield,Pyramids FC
479682,Mohanad Lasheen,Egyptian League Cup,False,0.0,0.0,0.0,0.0,0.0,0.0,True,Egypt,Defensive Midfield,Pyramids FC
479682,Mohanad Lasheen,TOTAL,True,42.0,0.0,3.0,2.0,0.0,3579.0,True,Egypt,Defensive Midfield,Pyramids FC
479683,Nabil Dunga,Saudi Pro League,False,12.0,0.0,0.0,3.0,0.0,914.0,True,Egypt,Defensive Midfield,Al-Najma SC
479683,Nabil Dunga,Premier League,False,11.0,0.0,1.0,5.0,0.0,765.0,True,Egypt,Defensive Midfield,Al-Najma SC
479683,Nabil Dunga,CAF Confederation Cup,False,2.0,0.0,0.0,2.0,0.0,114.0,True,Egypt,Defensive Midfield,Al-Najma SC
479683,Nabil Dunga,Egyptian League Cup,False,0.0,0.0,0.0,0.0,0.0,0.0,True,Egypt,Defensive Midfield,Al-Najma SC
479683,Nabil Dunga,Egypt Cup,False,0.0,0.0,0.0,0.0,0.0,0.0,True,Egypt,Defensive Midfield,Al-Najma SC
479683,Nabil Dunga,Egyptian Super Cup,False,0.0,0.0,0.0,0.0,0.0,0.0,True,Egypt,Defensive Midfield,Al-Najma SC
479683,Nabil Dunga,TOTAL,True,25.0,0.0,1.0,10.0,0.0,1793.0,True,Egypt,Defensive Midfield,Al-Najma SC
479999,Eberechi Eze,Premier League,False,33.0,7.0,2.0,1.0,0.0,1900.0,True,England,Attacking Midfield,Arsenal FC
479999,Eberechi Eze,UEFA Champions League,False,13.0,1.0,2.0,0.0,0.0,772.0,True,England,Attacking Midfield,Arsenal FC
479999,Eberechi Eze,EFL Cup,False,4.0,1.0,0.0,0.0,0.0,321.0,True,England,Attacking Midfield,Arsenal FC
479999,Eberechi Eze,FA Cup,False,3.0,1.0,2.0,1.0,0.0,208.0,True,England,Attacking Midfield,Arsenal FC
479999,Eberechi Eze,Community Shield,False,1.0,0.0,0.0,0.0,0.0,90.0,True,England,Attacking Midfield,Arsenal FC
479999,Eberechi Eze,UECL Qualifying,False,0.0,0.0,0.0,0.0,0.0,0.0,True,England,Attacking Midfield,Arsenal FC
479999,Eberechi Eze,TOTAL,True,54.0,10.0,6.0,2.0,0.0,3291.0,True,England,Attacking Midfield,Arsenal FC
480692,Luis Díaz,Bundesliga,False,32.0,15.0,17.0,5.0,1.0,2451.0,True,Colombia,Left Winger,Bayern Munich
480692,Luis Díaz,UEFA Champions League,False,12.0,7.0,4.0,2.0,0.0,981.0,True,Colombia,Left Winger,Bayern Munich
480692,Luis Díaz,DFB-Pokal,False,6.0,3.0,2.0,1.0,0.0,538.0,True,Colombia,Left Winger,Bayern Munich
480692,Luis Díaz,DFL-Supercup,False,1.0,1.0,0.0,0.0,0.0,90.0,True,Colombia,Left Winger,Bayern Munich
480692,Luis Díaz,TOTAL,True,51.0,26.0,23.0,8.0,1.0,4060.0,True,Colombia,Left Winger,Bayern Munich
480705,Cherif Ndiaye,Süper Lig,False,23.0,7.0,3.0,2.0,1.0,1422.0,True,Senegal,Centre-Forward,Samsunspor
480705,Cherif Ndiaye,Champions League Qu.,False,5.0,2.0,2.0,0.0,0.0,370.0,True,Senegal,Centre-Forward,Samsunspor
480705,Cherif Ndiaye,Conference League,False,4.0,2.0,0.0,0.0,0.0,245.0,True,Senegal,Centre-Forward,Samsunspor
480705,Cherif Ndiaye,Super liga Srbije,False,3.0,1.0,0.0,0.0,0.0,111.0,True,Senegal,Centre-Forward,Samsunspor
480705,Cherif Ndiaye,Türkiye Kupasi,False,2.0,1.0,0.0,0.0,1.0,136.0,True,Senegal,Centre-Forward,Samsunspor
480705,Cherif Ndiaye,TFF Süper Kupa,False,0.0,0.0,0.0,0.0,0.0,0.0,True,Senegal,Centre-Forward,Samsunspor
480705,Cherif Ndiaye,TOTAL,True,37.0,13.0,5.0,2.0,2.0,2284.0,True,Senegal,Centre-Forward,Samsunspor
480762,Lisandro Martínez,Premier League,False,18.0,0.0,0.0,0.0,0.0,1231.0,True,Argentina,Centre-Back,Manchester United
480762,Lisandro Martínez,FA Cup,False,1.0,0.0,0.0,0.0,0.0,79.0,True,Argentina,Centre-Back,Manchester United
480762,Lisandro Martínez,EFL Cup,False,0.0,0.0,0.0,0.0,0.0,0.0,True,Argentina,Centre-Back,Manchester United
480762,Lisandro Martínez,TOTAL,True,19.0,0.0,0.0,0.0,0.0,1310.0,True,Argentina,Centre-Back,Manchester United
482204,Callan Elliot,A-League Men,False,23.0,0.0,1.0,1.0,0.0,1407.0,True,New Zealand,Right-Back,Auckland FC
482204,Callan Elliot,A-League Fin.,False,4.0,0.0,0.0,1.0,0.0,337.0,True,New Zealand,Right-Back,Auckland FC
482204,Callan Elliot,OFC Pro League,False,0.0,0.0,0.0,0.0,0.0,0.0,True,New Zealand,Right-Back,Auckland FC
482204,Callan Elliot,TOTAL,True,27.0,0.0,1.0,2.0,0.0,1744.0,True,New Zealand,Right-Back,Auckland FC
483046,Josip Stanisic,Bundesliga,False,26.0,2.0,4.0,1.0,0.0,1855.0,True,Croatia,Right-Back,Bayern Munich
483046,Josip Stanisic,UEFA Champions League,False,10.0,1.0,1.0,2.0,0.0,769.0,True,Croatia,Right-Back,Bayern Munich
483046,Josip Stanisic,DFB-Pokal,False,6.0,0.0,2.0,1.0,0.0,439.0,True,Croatia,Right-Back,Bayern Munich
483046,Josip Stanisic,DFL-Supercup,False,1.0,0.0,0.0,0.0,0.0,90.0,True,Croatia,Right-Back,Bayern Munich
483046,Josip Stanisic,TOTAL,True,43.0,3.0,7.0,4.0,0.0,3153.0,True,Croatia,Right-Back,Bayern Munich
483348,Djed Spence,Premier League,False,30.0,0.0,0.0,4.0,0.0,2056.0,True,England,Left-Back,Tottenham Hotspur
483348,Djed Spence,UEFA Champions League,False,10.0,0.0,0.0,1.0,0.0,706.0,True,England,Left-Back,Tottenham Hotspur
483348,Djed Spence,EFL Cup,False,2.0,0.0,0.0,0.0,0.0,165.0,True,England,Left-Back,Tottenham Hotspur
483348,Djed Spence,FA Cup,False,1.0,0.0,0.0,0.0,0.0,7.0,True,England,Left-Back,Tottenham Hotspur
483348,Djed Spence,UEFA Super Cup,False,1.0,0.0,0.0,0.0,0.0,90.0,True,England,Left-Back,Tottenham Hotspur
483348,Djed Spence,TOTAL,True,44.0,0.0,0.0,5.0,0.0,3024.0,True,England,Left-Back,Tottenham Hotspur
484988,Logan Costa,LaLiga,False,2.0,0.0,0.0,0.0,0.0,28.0,True,Cape Verde,Centre-Back,Villarreal CF
484988,Logan Costa,UEFA Champions League,False,0.0,0.0,0.0,0.0,0.0,0.0,True,Cape Verde,Centre-Back,Villarreal CF
484988,Logan Costa,Copa del Rey,False,0.0,0.0,0.0,0.0,0.0,0.0,True,Cape Verde,Centre-Back,Villarreal CF
484988,Logan Costa,TOTAL,True,2.0,0.0,0.0,0.0,0.0,28.0,True,Cape Verde,Centre-Back,Villarreal CF
485582,Sontje Hansen,Championship,False,17.0,1.0,0.0,1.0,0.0,491.0,True,Curaçao,Right Winger,Middlesbrough FC
485582,Sontje Hansen,Championship Play-Offs,False,2.0,0.0,0.0,0.0,0.0,15.0,True,Curaçao,Right Winger,Middlesbrough FC
485582,Sontje Hansen,Premier League 2,False,2.0,0.0,0.0,0.0,0.0,180.0,True,Curaçao,Right Winger,Middlesbrough FC
485582,Sontje Hansen,FA Cup,False,1.0,0.0,0.0,0.0,0.0,4.0,True,Curaçao,Right Winger,Middlesbrough FC
485582,Sontje Hansen,Eredivisie,False,0.0,0.0,0.0,0.0,0.0,0.0,True,Curaçao,Right Winger,Middlesbrough FC
485582,Sontje Hansen,TOTAL,True,22.0,1.0,0.0,1.0,0.0,690.0,True,Curaçao,Right Winger,Middlesbrough FC
485584,Anass Salah-Eddine,Eredivisie,False,17.0,0.0,1.0,3.0,0.0,1092.0,True,Morocco,Left-Back,PSV Eindhoven
485584,Anass Salah-Eddine,UEFA Champions League,False,7.0,0.0,0.0,0.0,0.0,511.0,True,Morocco,Left-Back,PSV Eindhoven
485584,Anass Salah-Eddine,KNVB Beker,False,1.0,0.0,0.0,0.0,0.0,27.0,True,Morocco,Left-Back,PSV Eindhoven
485584,Anass Salah-Eddine,Serie A,False,0.0,0.0,0.0,0.0,0.0,0.0,True,Morocco,Left-Back,PSV Eindhoven
485584,Anass Salah-Eddine,TOTAL,True,25.0,0.0,1.0,3.0,0.0,1630.0,True,Morocco,Left-Back,PSV Eindhoven
485672,Elijah Just,Premiership,False,30.0,7.0,8.0,2.0,0.0,2294.0,True,New Zealand,Right Winger,Motherwell FC
485672,Elijah Just,League Cup,False,6.0,0.0,0.0,0.0,0.0,410.0,True,New Zealand,Right Winger,Motherwell FC
485672,Elijah Just,Scottish Premiership Top Six Split,False,5.0,0.0,0.0,2.0,0.0,409.0,True,New Zealand,Right Winger,Motherwell FC
485672,Elijah Just,SFA Cup,False,2.0,0.0,0.0,0.0,0.0,102.0,True,New Zealand,Right Winger,Motherwell FC
485672,Elijah Just,TOTAL,True,43.0,7.0,8.0,4.0,0.0,3215.0,True,New Zealand,Right Winger,Motherwell FC
485706,Amadou Onana,Premier League,False,25.0,2.0,0.0,3.0,0.0,1764.0,True,Belgium,Defensive Midfield,Aston Villa
485706,Amadou Onana,Europa League,False,12.0,0.0,0.0,1.0,0.0,783.0,True,Belgium,Defensive Midfield,Aston Villa
485706,Amadou Onana,FA Cup,False,1.0,0.0,0.0,0.0,0.0,90.0,True,Belgium,Defensive Midfield,Aston Villa
485706,Amadou Onana,EFL Cup,False,0.0,0.0,0.0,0.0,0.0,0.0,True,Belgium,Defensive Midfield,Aston Villa
485706,Amadou Onana,TOTAL,True,38.0,2.0,0.0,4.0,0.0,2637.0,True,Belgium,Defensive Midfield,Aston Villa
485963,Pape Gueye,LaLiga,False,30.0,5.0,2.0,8.0,0.0,2143.0,True,Senegal,Central Midfield,Villarreal CF
485963,Pape Gueye,UEFA Champions League,False,7.0,0.0,0.0,3.0,0.0,526.0,True,Senegal,Central Midfield,Villarreal CF
485963,Pape Gueye,Copa del Rey,False,2.0,0.0,0.0,1.0,0.0,165.0,True,Senegal,Central Midfield,Villarreal CF
485963,Pape Gueye,TOTAL,True,39.0,5.0,2.0,12.0,0.0,2834.0,True,Senegal,Central Midfield,Villarreal CF
486031,Nico González,LaLiga,False,24.0,5.0,0.0,4.0,0.0,1454.0,True,Argentina,Left Winger,Atlético de Madrid
486031,Nico González,UEFA Champions League,False,11.0,0.0,0.0,0.0,0.0,394.0,True,Argentina,Left Winger,Atlético de Madrid
486031,Nico González,Copa del Rey,False,2.0,0.0,0.0,0.0,0.0,66.0,True,Argentina,Left Winger,Atlético de Madrid
486031,Nico González,Serie A,False,2.0,0.0,0.0,0.0,0.0,17.0,True,Argentina,Left Winger,Atlético de Madrid
486031,Nico González,Supercopa,False,0.0,0.0,0.0,0.0,0.0,0.0,True,Argentina,Left Winger,Atlético de Madrid
486031,Nico González,TOTAL,True,39.0,5.0,0.0,4.0,0.0,1931.0,True,Argentina,Left Winger,Atlético de Madrid
486049,Jérémy Doku,Premier League,False,30.0,5.0,7.0,0.0,0.0,1786.0,True,Belgium,Left Winger,Manchester City
486049,Jérémy Doku,UEFA Champions League,False,9.0,1.0,3.0,0.0,0.0,630.0,True,Belgium,Left Winger,Manchester City
486049,Jérémy Doku,FA Cup,False,5.0,1.0,4.0,0.0,0.0,289.0,True,Belgium,Left Winger,Manchester City
486049,Jérémy Doku,EFL Cup,False,3.0,1.0,0.0,0.0,0.0,257.0,True,Belgium,Left Winger,Manchester City
486049,Jérémy Doku,TOTAL,True,47.0,8.0,14.0,0.0,0.0,2962.0,True,Belgium,Left Winger,Manchester City
486477,Edo Kayembe,Championship,False,37.0,4.0,1.0,4.0,0.0,2497.0,True,Democratic Republic of the Congo,Central Midfield,Watford FC
486477,Edo Kayembe,EFL Cup,False,1.0,0.0,0.0,1.0,0.0,90.0,True,Democratic Republic of the Congo,Central Midfield,Watford FC
486477,Edo Kayembe,FA Cup,False,0.0,0.0,0.0,0.0,0.0,0.0,True,Democratic Republic of the Congo,Central Midfield,Watford FC
486477,Edo Kayembe,TOTAL,True,38.0,4.0,1.0,5.0,0.0,2587.0,True,Democratic Republic of the Congo,Central Midfield,Watford FC
487417,Liam Millar,Championship,False,33.0,3.0,5.0,3.0,0.0,1848.0,True,Canada,Left Winger,Hull City
487417,Liam Millar,Championship Play-Offs,False,3.0,0.0,0.0,0.0,0.0,210.0,True,Canada,Left Winger,Hull City
487417,Liam Millar,FA Cup,False,2.0,0.0,0.0,0.0,0.0,154.0,True,Canada,Left Winger,Hull City
487417,Liam Millar,EFL Cup,False,0.0,0.0,0.0,0.0,0.0,0.0,True,Canada,Left Winger,Hull City
487417,Liam Millar,TOTAL,True,38.0,3.0,5.0,3.0,0.0,2212.0,True,Canada,Left Winger,Hull City
487465,Pedro Neto,Premier League,False,34.0,5.0,6.0,2.0,1.0,2643.0,True,Portugal,Right Winger,Chelsea FC
487465,Pedro Neto,UEFA Champions League,False,8.0,0.0,1.0,1.0,0.0,614.0,True,Portugal,Right Winger,Chelsea FC
487465,Pedro Neto,FA Cup,False,6.0,4.0,2.0,2.0,0.0,362.0,True,Portugal,Right Winger,Chelsea FC
487465,Pedro Neto,EFL Cup,False,4.0,1.0,1.0,1.0,0.0,148.0,True,Portugal,Right Winger,Chelsea FC
487465,Pedro Neto,TOTAL,True,52.0,10.0,10.0,6.0,1.0,3767.0,True,Portugal,Right Winger,Chelsea FC
487469,Vitinha,Ligue 1,False,29.0,1.0,7.0,2.0,0.0,2121.0,True,Portugal,Defensive Midfield,Paris Saint-Germain
487469,Vitinha,UEFA Champions League,False,17.0,6.0,1.0,0.0,0.0,1545.0,True,Portugal,Defensive Midfield,Paris Saint-Germain
487469,Vitinha,Trophée des Champions,False,1.0,0.0,1.0,0.0,0.0,90.0,True,Portugal,Defensive Midfield,Paris Saint-Germain
487469,Vitinha,UEFA Super Cup,False,1.0,0.0,1.0,0.0,0.0,90.0,True,Portugal,Defensive Midfield,Paris Saint-Germain
487469,Vitinha,Coupe de France,False,1.0,0.0,0.0,0.0,0.0,90.0,True,Portugal,Defensive Midfield,Paris Saint-Germain
487469,Vitinha,FIFA Intercontinental Cup,False,1.0,0.0,0.0,1.0,0.0,120.0,True,Portugal,Defensive Midfield,Paris Saint-Germain
487469,Vitinha,TOTAL,True,50.0,7.0,10.0,3.0,0.0,4056.0,True,Portugal,Defensive Midfield,Paris Saint-Germain
487474,Francisco Conceição,Serie A,False,31.0,3.0,5.0,3.0,0.0,2098.0,True,Portugal,Right Winger,Juventus FC
487474,Francisco Conceição,UEFA Champions League,False,9.0,1.0,0.0,1.0,0.0,500.0,True,Portugal,Right Winger,Juventus FC
487474,Francisco Conceição,Italy Cup,False,2.0,0.0,0.0,0.0,0.0,96.0,True,Portugal,Right Winger,Juventus FC
487474,Francisco Conceição,TOTAL,True,42.0,4.0,5.0,4.0,0.0,2694.0,True,Portugal,Right Winger,Juventus FC
489359,Ao Tanaka,Premier League,False,28.0,2.0,0.0,1.0,0.0,1318.0,True,Japan,Central Midfield,Leeds United
489359,Ao Tanaka,FA Cup,False,5.0,2.0,0.0,1.0,0.0,381.0,True,Japan,Central Midfield,Leeds United
489359,Ao Tanaka,EFL Cup,False,0.0,0.0,0.0,0.0,0.0,0.0,True,Japan,Central Midfield,Leeds United
489359,Ao Tanaka,TOTAL,True,33.0,4.0,0.0,2.0,0.0,1699.0,True,Japan,Central Midfield,Leeds United
490369,Josué Duverger,OL RP/Saar,False,22.0,38.0,3.0,0.0,0.0,1980.0,True,Haiti,Goalkeeper,FC Cosmos Koblenz
490369,Josué Duverger,Rheinlandpokal,False,1.0,4.0,0.0,0.0,0.0,90.0,True,Haiti,Goalkeeper,FC Cosmos Koblenz
490369,Josué Duverger,TOTAL,True,23.0,42.0,3.0,0.0,0.0,2070.0,True,Haiti,Goalkeeper,FC Cosmos Koblenz
490384,Koni De Winter,Serie A,False,26.0,1.0,1.0,1.0,0.0,1798.0,True,Belgium,Centre-Back,AC Milan
490384,Koni De Winter,Italy Cup,False,2.0,0.0,0.0,1.0,0.0,180.0,True,Belgium,Centre-Back,AC Milan
490384,Koni De Winter,Supercoppa Italiana,False,1.0,0.0,0.0,0.0,0.0,69.0,True,Belgium,Centre-Back,AC Milan
490384,Koni De Winter,TOTAL,True,29.0,1.0,1.0,2.0,0.0,2047.0,True,Belgium,Centre-Back,AC Milan
490426,Krépin Diatta,Ligue 1,False,18.0,0.0,1.0,2.0,0.0,1011.0,True,Senegal,Right Midfield,AS Monaco
490426,Krépin Diatta,UEFA Champions League,False,3.0,0.0,1.0,1.0,0.0,179.0,True,Senegal,Right Midfield,AS Monaco
490426,Krépin Diatta,Coupe de France,False,1.0,0.0,0.0,0.0,0.0,45.0,True,Senegal,Right Midfield,AS Monaco
490426,Krépin Diatta,TOTAL,True,22.0,0.0,2.0,3.0,0.0,1235.0,True,Senegal,Right Midfield,AS Monaco
491553,Jáminton Campaz,Torneo Apertura,False,11.0,1.0,4.0,0.0,0.0,731.0,True,Colombia,Left Winger,CA Rosario Central
491553,Jáminton Campaz,Libertadores,False,6.0,0.0,1.0,1.0,0.0,405.0,True,Colombia,Left Winger,CA Rosario Central
491553,Jáminton Campaz,Playoff Torneo Apertura,False,1.0,0.0,0.0,0.0,0.0,19.0,True,Colombia,Left Winger,CA Rosario Central
491553,Jáminton Campaz,Copa Argentina,False,0.0,0.0,0.0,0.0,0.0,0.0,True,Colombia,Left Winger,CA Rosario Central
491553,Jáminton Campaz,TOTAL,True,18.0,1.0,5.0,1.0,0.0,1155.0,True,Colombia,Left Winger,CA Rosario Central
491596,Braian Ojeda,MLS,False,15.0,0.0,1.0,1.0,0.0,1337.0,True,Paraguay,Defensive Midfield,Orlando City SC
491596,Braian Ojeda,US Open Cup,False,3.0,0.0,3.0,0.0,0.0,215.0,True,Paraguay,Defensive Midfield,Orlando City SC
491596,Braian Ojeda,TOTAL,True,18.0,0.0,4.0,1.0,0.0,1552.0,True,Paraguay,Defensive Midfield,Orlando City SC
491616,Jackson Porozo,Liga MX Apertura,False,17.0,2.0,0.0,5.0,0.0,1530.0,True,Ecuador,Centre-Back,Club Tijuana
491616,Jackson Porozo,Liga MX Clausura,False,16.0,0.0,0.0,2.0,0.0,1409.0,True,Ecuador,Centre-Back,Club Tijuana
491616,Jackson Porozo,Liguilla Apertura,False,2.0,0.0,0.0,2.0,0.0,180.0,True,Ecuador,Centre-Back,Club Tijuana
491616,Jackson Porozo,Ligue 2,False,0.0,0.0,0.0,0.0,0.0,0.0,True,Ecuador,Centre-Back,Club Tijuana
491616,Jackson Porozo,TOTAL,True,35.0,2.0,0.0,9.0,0.0,3119.0,True,Ecuador,Centre-Back,Club Tijuana
492955,Frantzdy Pierrot,Süper Lig,False,10.0,0.0,0.0,0.0,0.0,115.0,True,Haiti,Centre-Forward,Caykur Rizespor
492955,Frantzdy Pierrot,Super League 1,False,9.0,2.0,1.0,2.0,0.0,537.0,True,Haiti,Centre-Forward,Caykur Rizespor
492955,Frantzdy Pierrot,UECL Qualifying,False,6.0,0.0,0.0,1.0,0.0,337.0,True,Haiti,Centre-Forward,Caykur Rizespor
492955,Frantzdy Pierrot,Kypello Elladas,False,3.0,2.0,0.0,0.0,0.0,243.0,True,Haiti,Centre-Forward,Caykur Rizespor
492955,Frantzdy Pierrot,Conference League,False,3.0,0.0,0.0,0.0,0.0,140.0,True,Haiti,Centre-Forward,Caykur Rizespor
492955,Frantzdy Pierrot,Türkiye Kupasi,False,1.0,0.0,0.0,0.0,0.0,67.0,True,Haiti,Centre-Forward,Caykur Rizespor
492955,Frantzdy Pierrot,TOTAL,True,32.0,4.0,1.0,3.0,0.0,1439.0,True,Haiti,Centre-Forward,Caykur Rizespor
493003,Daniel Muñoz,Premier League,False,29.0,4.0,3.0,7.0,0.0,2404.0,True,Colombia,Right-Back,Crystal Palace
493003,Daniel Muñoz,Conference League,False,12.0,1.0,1.0,0.0,0.0,1043.0,True,Colombia,Right-Back,Crystal Palace
493003,Daniel Muñoz,EFL Cup,False,2.0,0.0,0.0,0.0,0.0,164.0,True,Colombia,Right-Back,Crystal Palace
493003,Daniel Muñoz,UECL Qualifying,False,2.0,0.0,0.0,0.0,0.0,180.0,True,Colombia,Right-Back,Crystal Palace
493003,Daniel Muñoz,Community Shield,False,1.0,0.0,0.0,0.0,0.0,90.0,True,Colombia,Right-Back,Crystal Palace
493003,Daniel Muñoz,FA Cup,False,0.0,0.0,0.0,0.0,0.0,0.0,True,Colombia,Right-Back,Crystal Palace
493003,Daniel Muñoz,TOTAL,True,46.0,5.0,4.0,7.0,0.0,3881.0,True,Colombia,Right-Back,Crystal Palace
493758,David Doudera,Chance Liga,False,20.0,1.0,4.0,6.0,0.0,1357.0,True,Czech Republic,Right Midfield,SK Slavia Prague
493758,David Doudera,UEFA Champions League,False,7.0,0.0,1.0,1.0,0.0,439.0,True,Czech Republic,Right Midfield,SK Slavia Prague
493758,David Doudera,Chance Liga Champion Gr.,False,2.0,0.0,0.0,0.0,0.0,144.0,True,Czech Republic,Right Midfield,SK Slavia Prague
493758,David Doudera,MOL Cup,False,0.0,0.0,0.0,0.0,0.0,0.0,True,Czech Republic,Right Midfield,SK Slavia Prague
493758,David Doudera,TOTAL,True,29.0,1.0,5.0,7.0,0.0,1940.0,True,Czech Republic,Right Midfield,SK Slavia Prague
494237,Wilson Isidor,Premier League,False,32.0,6.0,0.0,2.0,0.0,1159.0,True,Haiti,Centre-Forward,Sunderland AFC
494237,Wilson Isidor,FA Cup,False,3.0,0.0,0.0,1.0,0.0,101.0,True,Haiti,Centre-Forward,Sunderland AFC
494237,Wilson Isidor,EFL Cup,False,1.0,0.0,0.0,0.0,0.0,78.0,True,Haiti,Centre-Forward,Sunderland AFC
494237,Wilson Isidor,TOTAL,True,36.0,6.0,0.0,3.0,0.0,1338.0,True,Haiti,Centre-Forward,Sunderland AFC
495320,Martin Zlomislic,SuperSport HNL,False,33.0,36.0,11.0,1.0,0.0,2970.0,True,Bosnia and Herzegovina,Goalkeeper,HNK Rijeka
495320,Martin Zlomislic,Conference League,False,10.0,6.0,5.0,0.0,0.0,900.0,True,Bosnia and Herzegovina,Goalkeeper,HNK Rijeka
495320,Martin Zlomislic,Hrvatski nogometni kup,False,4.0,5.0,1.0,0.0,0.0,329.0,True,Bosnia and Herzegovina,Goalkeeper,HNK Rijeka
495320,Martin Zlomislic,Europa League Qualifying,False,4.0,8.0,1.0,0.0,0.0,360.0,True,Bosnia and Herzegovina,Goalkeeper,HNK Rijeka
495320,Martin Zlomislic,Champions League Qu.,False,2.0,3.0,1.0,0.0,0.0,210.0,True,Bosnia and Herzegovina,Goalkeeper,HNK Rijeka
495320,Martin Zlomislic,TOTAL,True,53.0,58.0,19.0,1.0,0.0,4769.0,True,Bosnia and Herzegovina,Goalkeeper,HNK Rijeka
495666,William Saliba,Premier League,False,31.0,1.0,0.0,2.0,0.0,2615.0,True,France,Centre-Back,Arsenal FC
495666,William Saliba,UEFA Champions League,False,12.0,0.0,0.0,1.0,0.0,1110.0,True,France,Centre-Back,Arsenal FC
495666,William Saliba,EFL Cup,False,5.0,0.0,1.0,0.0,0.0,450.0,True,France,Centre-Back,Arsenal FC
495666,William Saliba,FA Cup,False,2.0,0.0,0.0,0.0,0.0,79.0,True,France,Centre-Back,Arsenal FC
495666,William Saliba,TOTAL,True,50.0,1.0,1.0,3.0,0.0,4254.0,True,France,Centre-Back,Arsenal FC
500053,Pavel Sulc,Ligue 1,False,27.0,11.0,3.0,3.0,0.0,1569.0,True,Czech Republic,Attacking Midfield,Olympique Lyon
500053,Pavel Sulc,Europa League,False,8.0,1.0,3.0,1.0,0.0,477.0,True,Czech Republic,Attacking Midfield,Olympique Lyon
500053,Pavel Sulc,Coupe de France,False,3.0,2.0,1.0,1.0,0.0,217.0,True,Czech Republic,Attacking Midfield,Olympique Lyon
500053,Pavel Sulc,Chance Liga,False,2.0,1.0,3.0,0.0,0.0,161.0,True,Czech Republic,Attacking Midfield,Olympique Lyon
500053,Pavel Sulc,Champions League Qu.,False,2.0,0.0,0.0,0.0,0.0,180.0,True,Czech Republic,Attacking Midfield,Olympique Lyon
500053,Pavel Sulc,TOTAL,True,42.0,15.0,10.0,5.0,0.0,2604.0,True,Czech Republic,Attacking Midfield,Olympique Lyon
500054,David Jurásek,Chance Liga,False,11.0,0.0,2.0,0.0,0.0,984.0,True,Czech Republic,Left-Back,SK Slavia Prague
500054,David Jurásek,Süper Lig,False,10.0,0.0,0.0,0.0,0.0,637.0,True,Czech Republic,Left-Back,SK Slavia Prague
500054,David Jurásek,Chance Liga Champion Gr.,False,5.0,1.0,4.0,0.0,0.0,363.0,True,Czech Republic,Left-Back,SK Slavia Prague
500054,David Jurásek,UECL Qualifying,False,4.0,0.0,0.0,0.0,0.0,234.0,True,Czech Republic,Left-Back,SK Slavia Prague
500054,David Jurásek,Europa League Qualifying,False,2.0,0.0,0.0,0.0,0.0,93.0,True,Czech Republic,Left-Back,SK Slavia Prague
500054,David Jurásek,MOL Cup,False,1.0,0.0,0.0,0.0,0.0,120.0,True,Czech Republic,Left-Back,SK Slavia Prague
500054,David Jurásek,Türkiye Kupasi,False,1.0,0.0,0.0,0.0,0.0,71.0,True,Czech Republic,Left-Back,SK Slavia Prague
500054,David Jurásek,UEFA Champions League,False,0.0,0.0,0.0,0.0,0.0,0.0,True,Czech Republic,Left-Back,SK Slavia Prague
500054,David Jurásek,Taça de Portugal,False,0.0,0.0,0.0,0.0,0.0,0.0,True,Czech Republic,Left-Back,SK Slavia Prague
500054,David Jurásek,TOTAL,True,34.0,1.0,6.0,0.0,0.0,2502.0,True,Czech Republic,Left-Back,SK Slavia Prague
500689,Evann Guessand,Premier League,False,21.0,1.0,1.0,0.0,0.0,916.0,True,Ivory Coast,Right Winger,Crystal Palace
500689,Evann Guessand,Europa League,False,7.0,2.0,0.0,1.0,0.0,539.0,True,Ivory Coast,Right Winger,Crystal Palace
500689,Evann Guessand,Conference League,False,6.0,1.0,0.0,0.0,0.0,335.0,True,Ivory Coast,Right Winger,Crystal Palace
500689,Evann Guessand,EFL Cup,False,1.0,0.0,0.0,1.0,0.0,80.0,True,Ivory Coast,Right Winger,Crystal Palace
500689,Evann Guessand,FA Cup,False,0.0,0.0,0.0,0.0,0.0,0.0,True,Ivory Coast,Right Winger,Crystal Palace
500689,Evann Guessand,Champions League Qu.,False,0.0,0.0,0.0,0.0,0.0,0.0,True,Ivory Coast,Right Winger,Crystal Palace
500689,Evann Guessand,TOTAL,True,35.0,4.0,1.0,2.0,0.0,1870.0,True,Ivory Coast,Right Winger,Crystal Palace
50200,Kosta Barbarouses,A-League Men,False,22.0,4.0,1.0,1.0,0.0,1334.0,True,New Zealand,Centre-Forward,Western Sydney Wanderers
50200,Kosta Barbarouses,TOTAL,True,22.0,4.0,1.0,1.0,0.0,1334.0,True,New Zealand,Centre-Forward,Western Sydney Wanderers
502722,Luka Sucic,LaLiga,False,22.0,3.0,1.0,1.0,0.0,1019.0,True,Croatia,Central Midfield,Real Sociedad
502722,Luka Sucic,Copa del Rey,False,6.0,1.0,2.0,0.0,0.0,332.0,True,Croatia,Central Midfield,Real Sociedad
502722,Luka Sucic,TOTAL,True,28.0,4.0,3.0,1.0,0.0,1351.0,True,Croatia,Central Midfield,Real Sociedad
503733,Anthony Gordon,Premier League,False,26.0,6.0,2.0,3.0,0.0,1814.0,True,England,Left Winger,Newcastle United
503733,Anthony Gordon,UEFA Champions League,False,12.0,10.0,2.0,1.0,0.0,771.0,True,England,Left Winger,Newcastle United
503733,Anthony Gordon,EFL Cup,False,5.0,0.0,0.0,0.0,0.0,188.0,True,England,Left Winger,Newcastle United
503733,Anthony Gordon,FA Cup,False,3.0,1.0,1.0,0.0,0.0,96.0,True,England,Left Winger,Newcastle United
503733,Anthony Gordon,TOTAL,True,46.0,17.0,5.0,4.0,0.0,2869.0,True,England,Left Winger,Newcastle United
503743,Morgan Rogers,Premier League,False,37.0,10.0,7.0,7.0,0.0,3285.0,True,England,Attacking Midfield,Aston Villa
503743,Morgan Rogers,Europa League,False,15.0,3.0,5.0,2.0,0.0,1089.0,True,England,Attacking Midfield,Aston Villa
503743,Morgan Rogers,FA Cup,False,2.0,1.0,0.0,0.0,0.0,167.0,True,England,Attacking Midfield,Aston Villa
503743,Morgan Rogers,EFL Cup,False,1.0,0.0,0.0,0.0,0.0,23.0,True,England,Attacking Midfield,Aston Villa
503743,Morgan Rogers,TOTAL,True,55.0,14.0,12.0,9.0,0.0,4564.0,True,England,Attacking Midfield,Aston Villa
503883,Senne Lammens,Premier League,False,32.0,39.0,8.0,0.0,0.0,2880.0,True,Belgium,Goalkeeper,Manchester United
503883,Senne Lammens,Jupiler Pro League,False,4.0,4.0,0.0,0.0,0.0,360.0,True,Belgium,Goalkeeper,Manchester United
503883,Senne Lammens,FA Cup,False,1.0,2.0,0.0,0.0,0.0,90.0,True,Belgium,Goalkeeper,Manchester United
503883,Senne Lammens,TOTAL,True,37.0,45.0,8.0,0.0,0.0,3330.0,True,Belgium,Goalkeeper,Manchester United
503987,Noni Madueke,Premier League,False,26.0,3.0,1.0,0.0,0.0,1217.0,True,England,Right Winger,Arsenal FC
503987,Noni Madueke,UEFA Champions League,False,10.0,3.0,1.0,1.0,0.0,609.0,True,England,Right Winger,Arsenal FC
503987,Noni Madueke,FA Cup,False,4.0,2.0,2.0,0.0,0.0,271.0,True,England,Right Winger,Arsenal FC
503987,Noni Madueke,EFL Cup,False,3.0,0.0,0.0,0.0,0.0,160.0,True,England,Right Winger,Arsenal FC
503987,Noni Madueke,TOTAL,True,43.0,8.0,4.0,1.0,0.0,2257.0,True,England,Right Winger,Arsenal FC
504087,Tomás Araújo,Liga Portugal,False,23.0,1.0,2.0,3.0,0.0,1684.0,True,Portugal,Centre-Back,SL Benfica
504087,Tomás Araújo,UEFA Champions League,False,9.0,0.0,0.0,0.0,0.0,656.0,True,Portugal,Centre-Back,SL Benfica
504087,Tomás Araújo,Taça de Portugal,False,4.0,0.0,0.0,1.0,0.0,315.0,True,Portugal,Centre-Back,SL Benfica
504087,Tomás Araújo,Allianz Cup,False,2.0,0.0,0.0,0.0,0.0,95.0,True,Portugal,Centre-Back,SL Benfica
504087,Tomás Araújo,Liga Portugal 2,False,1.0,0.0,0.0,1.0,0.0,45.0,True,Portugal,Centre-Back,SL Benfica
504087,Tomás Araújo,Champions League Qu.,False,0.0,0.0,0.0,0.0,0.0,0.0,True,Portugal,Centre-Back,SL Benfica
504087,Tomás Araújo,Portuguese Supercup,False,0.0,0.0,0.0,0.0,0.0,0.0,True,Portugal,Centre-Back,SL Benfica
504087,Tomás Araújo,TOTAL,True,39.0,1.0,2.0,5.0,0.0,2795.0,True,Portugal,Centre-Back,SL Benfica
509894,Abdulelah Al-Amri,Saudi Pro League,False,25.0,2.0,3.0,2.0,0.0,1789.0,True,Saudi Arabia,Centre-Back,Al-Nassr FC
509894,Abdulelah Al-Amri,AFC Champions League Two,False,9.0,2.0,0.0,1.0,0.0,810.0,True,Saudi Arabia,Centre-Back,Al-Nassr FC
509894,Abdulelah Al-Amri,King's Cup,False,2.0,0.0,0.0,0.0,0.0,131.0,True,Saudi Arabia,Centre-Back,Al-Nassr FC
509894,Abdulelah Al-Amri,Saudi Super Cup,False,0.0,0.0,0.0,0.0,0.0,0.0,True,Saudi Arabia,Centre-Back,Al-Nassr FC
509894,Abdulelah Al-Amri,TOTAL,True,36.0,4.0,3.0,3.0,0.0,2730.0,True,Saudi Arabia,Centre-Back,Al-Nassr FC
509897,Hassan Tambakti,Saudi Pro League,False,29.0,1.0,1.0,5.0,0.0,2351.0,True,Saudi Arabia,Centre-Back,Al-Hilal SFC
509897,Hassan Tambakti,AFC Champions League,False,4.0,0.0,0.0,0.0,0.0,345.0,True,Saudi Arabia,Centre-Back,Al-Hilal SFC
509897,Hassan Tambakti,King's Cup,False,3.0,1.0,0.0,0.0,0.0,223.0,True,Saudi Arabia,Centre-Back,Al-Hilal SFC
509897,Hassan Tambakti,TOTAL,True,36.0,2.0,1.0,5.0,0.0,2919.0,True,Saudi Arabia,Centre-Back,Al-Hilal SFC
509911,Nasser Al-Dawsari,Saudi Pro League,False,27.0,0.0,1.0,2.0,0.0,1621.0,True,Saudi Arabia,Central Midfield,Al-Hilal SFC
509911,Nasser Al-Dawsari,AFC Champions League,False,7.0,0.0,1.0,1.0,0.0,210.0,True,Saudi Arabia,Central Midfield,Al-Hilal SFC
509911,Nasser Al-Dawsari,King's Cup,False,3.0,1.0,0.0,1.0,0.0,246.0,True,Saudi Arabia,Central Midfield,Al-Hilal SFC
509911,Nasser Al-Dawsari,TOTAL,True,37.0,1.0,2.0,4.0,0.0,2077.0,True,Saudi Arabia,Central Midfield,Al-Hilal SFC
51035,Johny Placide,Ligue 2,False,24.0,24.0,8.0,2.0,0.0,2160.0,True,Haiti,Goalkeeper,SC Bastia
51035,Johny Placide,Coupe de France,False,0.0,0.0,0.0,0.0,0.0,0.0,True,Haiti,Goalkeeper,SC Bastia
51035,Johny Placide,TOTAL,True,24.0,24.0,8.0,2.0,0.0,2160.0,True,Haiti,Goalkeeper,SC Bastia
512913,Stephen Eustaquio,MLS,False,10.0,1.0,1.0,0.0,0.0,602.0,True,Canada,Central Midfield,Los Angeles FC
512913,Stephen Eustaquio,Liga Portugal,False,8.0,0.0,0.0,0.0,0.0,182.0,True,Canada,Central Midfield,Los Angeles FC
512913,Stephen Eustaquio,CONCACAF Champions Cup,False,4.0,0.0,0.0,0.0,0.0,148.0,True,Canada,Central Midfield,Los Angeles FC
512913,Stephen Eustaquio,Europa League,False,4.0,0.0,0.0,1.0,0.0,201.0,True,Canada,Central Midfield,Los Angeles FC
512913,Stephen Eustaquio,Taça de Portugal,False,3.0,0.0,0.0,0.0,0.0,108.0,True,Canada,Central Midfield,Los Angeles FC
512913,Stephen Eustaquio,Allianz Cup,False,1.0,0.0,0.0,0.0,0.0,90.0,True,Canada,Central Midfield,Los Angeles FC
512913,Stephen Eustaquio,TOTAL,True,30.0,1.0,1.0,1.0,0.0,1331.0,True,Canada,Central Midfield,Los Angeles FC
51471,Mateo Kovacic,Premier League,False,6.0,0.0,1.0,0.0,0.0,126.0,True,Croatia,Central Midfield,Manchester City
51471,Mateo Kovacic,FA Cup,False,2.0,0.0,0.0,0.0,0.0,83.0,True,Croatia,Central Midfield,Manchester City
51471,Mateo Kovacic,UEFA Champions League,False,1.0,0.0,0.0,0.0,0.0,33.0,True,Croatia,Central Midfield,Manchester City
51471,Mateo Kovacic,EFL Cup,False,0.0,0.0,0.0,0.0,0.0,0.0,True,Croatia,Central Midfield,Manchester City
51471,Mateo Kovacic,TOTAL,True,9.0,0.0,1.0,0.0,0.0,242.0,True,Croatia,Central Midfield,Manchester City
516716,Bremer,Serie A,False,26.0,4.0,3.0,5.0,0.0,2175.0,True,Brazil,Centre-Back,Juventus FC
516716,Bremer,UEFA Champions League,False,4.0,0.0,0.0,0.0,0.0,304.0,True,Brazil,Centre-Back,Juventus FC
516716,Bremer,Italy Cup,False,1.0,0.0,0.0,0.0,0.0,90.0,True,Brazil,Centre-Back,Juventus FC
516716,Bremer,TOTAL,True,31.0,4.0,3.0,5.0,0.0,2569.0,True,Brazil,Centre-Back,Juventus FC
517894,Matheus Cunha,Premier League,False,33.0,10.0,4.0,4.0,0.0,2503.0,True,Brazil,Centre-Forward,Manchester United
517894,Matheus Cunha,FA Cup,False,1.0,0.0,0.0,0.0,0.0,90.0,True,Brazil,Centre-Forward,Manchester United
517894,Matheus Cunha,EFL Cup,False,1.0,0.0,0.0,0.0,0.0,90.0,True,Brazil,Centre-Forward,Manchester United
517894,Matheus Cunha,TOTAL,True,35.0,10.0,4.0,4.0,0.0,2683.0,True,Brazil,Centre-Forward,Manchester United
518505,Jamie Leweling,Bundesliga,False,32.0,7.0,9.0,4.0,0.0,2379.0,True,Germany,Right Winger,VfB Stuttgart
518505,Jamie Leweling,Europa League,False,11.0,3.0,1.0,0.0,0.0,644.0,True,Germany,Right Winger,VfB Stuttgart
518505,Jamie Leweling,DFB-Pokal,False,6.0,0.0,2.0,2.0,0.0,424.0,True,Germany,Right Winger,VfB Stuttgart
518505,Jamie Leweling,DFL-Supercup,False,1.0,1.0,0.0,0.0,0.0,90.0,True,Germany,Right Winger,VfB Stuttgart
518505,Jamie Leweling,TOTAL,True,50.0,11.0,12.0,6.0,0.0,3537.0,True,Germany,Right Winger,VfB Stuttgart
518804,Youssef Belammari,Botola Pro Inwi,False,7.0,0.0,0.0,2.0,0.0,630.0,True,Morocco,Left-Back,Al Ahly FC
518804,Youssef Belammari,Premier League,False,6.0,0.0,0.0,0.0,0.0,471.0,True,Morocco,Left-Back,Al Ahly FC
518804,Youssef Belammari,Championship Playoff,False,3.0,0.0,0.0,0.0,0.0,245.0,True,Morocco,Left-Back,Al Ahly FC
518804,Youssef Belammari,CAF-Champions League,False,3.0,0.0,0.0,1.0,0.0,195.0,True,Morocco,Left-Back,Al Ahly FC
518804,Youssef Belammari,TOTAL,True,19.0,0.0,0.0,3.0,0.0,1541.0,True,Morocco,Left-Back,Al Ahly FC
519184,Amar Dedić,Liga Portugal,False,24.0,1.0,5.0,3.0,1.0,1903.0,True,Bosnia and Herzegovina,Right-Back,SL Benfica
519184,Amar Dedić,UEFA Champions League,False,10.0,0.0,0.0,1.0,0.0,804.0,True,Bosnia and Herzegovina,Right-Back,SL Benfica
519184,Amar Dedić,Champions League Qu.,False,4.0,0.0,0.0,0.0,0.0,360.0,True,Bosnia and Herzegovina,Right-Back,SL Benfica
519184,Amar Dedić,Taça de Portugal,False,3.0,0.0,0.0,2.0,0.0,270.0,True,Bosnia and Herzegovina,Right-Back,SL Benfica
519184,Amar Dedić,Allianz Cup,False,1.0,0.0,0.0,0.0,0.0,90.0,True,Bosnia and Herzegovina,Right-Back,SL Benfica
519184,Amar Dedić,Portuguese Supercup,False,1.0,0.0,0.0,1.0,0.0,88.0,True,Bosnia and Herzegovina,Right-Back,SL Benfica
519184,Amar Dedić,TOTAL,True,43.0,1.0,5.0,7.0,1.0,3515.0,True,Bosnia and Herzegovina,Right-Back,SL Benfica
520624,Bruno Guimarães,Premier League,False,29.0,9.0,6.0,6.0,0.0,2460.0,True,Brazil,Central Midfield,Newcastle United
520624,Bruno Guimarães,UEFA Champions League,False,7.0,0.0,0.0,1.0,0.0,544.0,True,Brazil,Central Midfield,Newcastle United
520624,Bruno Guimarães,EFL Cup,False,4.0,0.0,2.0,1.0,0.0,277.0,True,Brazil,Central Midfield,Newcastle United
520624,Bruno Guimarães,FA Cup,False,1.0,0.0,0.0,1.0,0.0,41.0,True,Brazil,Central Midfield,Newcastle United
520624,Bruno Guimarães,TOTAL,True,41.0,9.0,8.0,9.0,0.0,3322.0,True,Brazil,Central Midfield,Newcastle United
521127,Ayoub El Kaabi,Super League 1,False,22.0,17.0,1.0,2.0,0.0,1682.0,True,Morocco,Centre-Forward,Olympiacos Piraeus
521127,Ayoub El Kaabi,UEFA Champions League,False,10.0,2.0,1.0,1.0,0.0,724.0,True,Morocco,Centre-Forward,Olympiacos Piraeus
521127,Ayoub El Kaabi,Super League Play-off,False,6.0,1.0,0.0,0.0,0.0,428.0,True,Morocco,Centre-Forward,Olympiacos Piraeus
521127,Ayoub El Kaabi,Kypello Elladas,False,2.0,1.0,0.0,0.0,0.0,23.0,True,Morocco,Centre-Forward,Olympiacos Piraeus
521127,Ayoub El Kaabi,Super Cup,False,0.0,0.0,0.0,0.0,0.0,0.0,True,Morocco,Centre-Forward,Olympiacos Piraeus
521127,Ayoub El Kaabi,TOTAL,True,40.0,21.0,2.0,3.0,0.0,2857.0,True,Morocco,Centre-Forward,Olympiacos Piraeus
521964,Malick Thiaw,Premier League,False,35.0,4.0,0.0,4.0,0.0,2964.0,True,Germany,Centre-Back,Newcastle United
521964,Malick Thiaw,UEFA Champions League,False,11.0,1.0,0.0,3.0,0.0,927.0,True,Germany,Centre-Back,Newcastle United
521964,Malick Thiaw,EFL Cup,False,5.0,0.0,1.0,1.0,0.0,450.0,True,Germany,Centre-Back,Newcastle United
521964,Malick Thiaw,FA Cup,False,3.0,0.0,0.0,1.0,0.0,300.0,True,Germany,Centre-Back,Newcastle United
521964,Malick Thiaw,TOTAL,True,54.0,5.0,1.0,9.0,0.0,4641.0,True,Germany,Centre-Back,Newcastle United
522223,Connor Metcalfe,Bundesliga,False,25.0,0.0,2.0,2.0,0.0,576.0,True,Australia,Central Midfield,FC St. Pauli
522223,Connor Metcalfe,DFB-Pokal,False,3.0,0.0,0.0,0.0,0.0,112.0,True,Australia,Central Midfield,FC St. Pauli
522223,Connor Metcalfe,TOTAL,True,28.0,0.0,2.0,2.0,0.0,688.0,True,Australia,Central Midfield,FC St. Pauli
524481,Roger Ibañez,Saudi Pro League,False,28.0,2.0,3.0,3.0,1.0,2426.0,True,Brazil,Centre-Back,Al-Ahli SFC
524481,Roger Ibañez,AFC Champions League,False,11.0,1.0,0.0,2.0,0.0,1005.0,True,Brazil,Centre-Back,Al-Ahli SFC
524481,Roger Ibañez,King's Cup,False,4.0,0.0,1.0,2.0,0.0,420.0,True,Brazil,Centre-Back,Al-Ahli SFC
524481,Roger Ibañez,Saudi Super Cup,False,2.0,1.0,0.0,0.0,0.0,180.0,True,Brazil,Centre-Back,Al-Ahli SFC
524481,Roger Ibañez,FIFA Intercontinental Cup,False,1.0,0.0,0.0,0.0,0.0,90.0,True,Brazil,Centre-Back,Al-Ahli SFC
524481,Roger Ibañez,TOTAL,True,46.0,4.0,4.0,7.0,1.0,4121.0,True,Brazil,Centre-Back,Al-Ahli SFC
525578,Pathé Ciss,LaLiga,False,29.0,2.0,1.0,9.0,0.0,1994.0,True,Senegal,Central Midfield,Rayo Vallecano
525578,Pathé Ciss,Conference League,False,12.0,0.0,1.0,5.0,0.0,957.0,True,Senegal,Central Midfield,Rayo Vallecano
525578,Pathé Ciss,Copa del Rey,False,2.0,0.0,1.0,0.0,0.0,168.0,True,Senegal,Central Midfield,Rayo Vallecano
525578,Pathé Ciss,UECL Qualifying,False,0.0,0.0,0.0,0.0,0.0,0.0,True,Senegal,Central Midfield,Rayo Vallecano
525578,Pathé Ciss,TOTAL,True,43.0,2.0,3.0,14.0,0.0,3119.0,True,Senegal,Central Midfield,Rayo Vallecano
527092,Ali Nemati,Persian Gulf League,False,20.0,0.0,0.0,7.0,0.0,1728.0,True,Iran,Centre-Back,Foolad FC
527092,Ali Nemati,Hazfi Cup,False,2.0,0.0,0.0,0.0,0.0,180.0,True,Iran,Centre-Back,Foolad FC
527092,Ali Nemati,TOTAL,True,22.0,0.0,0.0,7.0,0.0,1908.0,True,Iran,Centre-Back,Foolad FC
530527,Merchas Doski,Chance Liga,False,26.0,1.0,1.0,6.0,0.0,1682.0,True,Iraq,Left-Back,FC Viktoria Plzen
530527,Merchas Doski,Europa League,False,7.0,0.0,2.0,3.0,0.0,597.0,True,Iraq,Left-Back,FC Viktoria Plzen
530527,Merchas Doski,Chance Liga Champion Gr.,False,4.0,0.0,0.0,0.0,0.0,360.0,True,Iraq,Left-Back,FC Viktoria Plzen
530527,Merchas Doski,MOL Cup,False,3.0,0.0,0.0,0.0,0.0,209.0,True,Iraq,Left-Back,FC Viktoria Plzen
530527,Merchas Doski,Champions League Qu.,False,2.0,0.0,1.0,0.0,0.0,22.0,True,Iraq,Left-Back,FC Viktoria Plzen
530527,Merchas Doski,TOTAL,True,42.0,1.0,4.0,9.0,0.0,2870.0,True,Iraq,Left-Back,FC Viktoria Plzen
531450,Willy Semedo,Cyprus League,False,28.0,17.0,9.0,5.0,0.0,2212.0,True,Cape Verde,Left Winger,Omonia Nicosia
531450,Willy Semedo,Conference League,False,8.0,1.0,0.0,1.0,0.0,539.0,True,Cape Verde,Left Winger,Omonia Nicosia
531450,Willy Semedo,UECL Qualifying,False,6.0,4.0,1.0,1.0,0.0,483.0,True,Cape Verde,Left Winger,Omonia Nicosia
531450,Willy Semedo,Kypello Kyprou,False,1.0,0.0,1.0,0.0,0.0,54.0,True,Cape Verde,Left Winger,Omonia Nicosia
531450,Willy Semedo,TOTAL,True,43.0,22.0,11.0,7.0,0.0,3288.0,True,Cape Verde,Left Winger,Omonia Nicosia
532096,CJ dos Santos,MLS,False,2.0,5.0,0.0,0.0,0.0,180.0,True,Cape Verde,Goalkeeper,San Diego FC
532096,CJ dos Santos,CONCACAF Champions Cup,False,0.0,0.0,0.0,0.0,0.0,0.0,True,Cape Verde,Goalkeeper,San Diego FC
532096,CJ dos Santos,TOTAL,True,2.0,5.0,0.0,0.0,0.0,180.0,True,Cape Verde,Goalkeeper,San Diego FC
532937,Johan Vásquez,Serie A,False,36.0,1.0,0.0,2.0,0.0,3217.0,True,Mexico,Centre-Back,Genoa CFC
532937,Johan Vásquez,Italy Cup,False,3.0,0.0,0.0,0.0,0.0,270.0,True,Mexico,Centre-Back,Genoa CFC
532937,Johan Vásquez,TOTAL,True,39.0,1.0,0.0,2.0,0.0,3487.0,True,Mexico,Centre-Back,Genoa CFC
532938,Luis Romo,Liga MX Apertura,False,16.0,1.0,1.0,2.0,0.0,1423.0,True,Mexico,Centre-Back,Deportivo Guadalajara
532938,Luis Romo,Liga MX Clausura,False,10.0,0.0,1.0,5.0,0.0,850.0,True,Mexico,Centre-Back,Deportivo Guadalajara
532938,Luis Romo,Liguilla Apertura,False,2.0,0.0,0.0,0.0,0.0,180.0,True,Mexico,Centre-Back,Deportivo Guadalajara
532938,Luis Romo,Liguilla Clausura,False,0.0,0.0,0.0,0.0,0.0,0.0,True,Mexico,Centre-Back,Deportivo Guadalajara
532938,Luis Romo,TOTAL,True,28.0,1.0,2.0,7.0,0.0,2453.0,True,Mexico,Centre-Back,Deportivo Guadalajara
533295,Patrick Wimmer,Bundesliga,False,25.0,4.0,3.0,4.0,0.0,1634.0,True,Austria,Right Winger,VfL Wolfsburg
533295,Patrick Wimmer,DFB-Pokal,False,2.0,0.0,3.0,1.0,0.0,135.0,True,Austria,Right Winger,VfL Wolfsburg
533295,Patrick Wimmer,Bundesliga Playoffs,False,0.0,0.0,0.0,0.0,0.0,0.0,True,Austria,Right Winger,VfL Wolfsburg
533295,Patrick Wimmer,TOTAL,True,27.0,4.0,6.0,5.0,0.0,1769.0,True,Austria,Right Winger,VfL Wolfsburg
533738,Jonathan David,Serie A,False,35.0,6.0,4.0,0.0,0.0,1784.0,True,Canada,Centre-Forward,Juventus FC
533738,Jonathan David,UEFA Champions League,False,9.0,2.0,1.0,0.0,0.0,397.0,True,Canada,Centre-Forward,Juventus FC
533738,Jonathan David,Italy Cup,False,2.0,0.0,0.0,0.0,0.0,148.0,True,Canada,Centre-Forward,Juventus FC
533738,Jonathan David,TOTAL,True,46.0,8.0,5.0,0.0,0.0,2329.0,True,Canada,Centre-Forward,Juventus FC
534033,Alexis Mac Allister,Premier League,False,37.0,2.0,4.0,7.0,0.0,2663.0,True,Argentina,Central Midfield,Liverpool FC
534033,Alexis Mac Allister,UEFA Champions League,False,12.0,3.0,1.0,3.0,0.0,853.0,True,Argentina,Central Midfield,Liverpool FC
534033,Alexis Mac Allister,FA Cup,False,4.0,0.0,2.0,0.0,0.0,283.0,True,Argentina,Central Midfield,Liverpool FC
534033,Alexis Mac Allister,EFL Cup,False,1.0,0.0,0.0,0.0,0.0,67.0,True,Argentina,Central Midfield,Liverpool FC
534033,Alexis Mac Allister,Community Shield,False,1.0,0.0,0.0,0.0,0.0,19.0,True,Argentina,Central Midfield,Liverpool FC
534033,Alexis Mac Allister,TOTAL,True,55.0,5.0,7.0,10.0,0.0,3885.0,True,Argentina,Central Midfield,Liverpool FC
534398,Melvin Mastil,Challenge League,False,32.0,50.0,6.0,0.0,0.0,2880.0,True,Algeria,Goalkeeper,FC Stade Nyonnais
534398,Melvin Mastil,Swiss Cup,False,2.0,2.0,0.0,0.0,0.0,240.0,True,Algeria,Goalkeeper,FC Stade Nyonnais
534398,Melvin Mastil,TOTAL,True,34.0,52.0,6.0,0.0,0.0,3120.0,True,Algeria,Goalkeeper,FC Stade Nyonnais
536520,Ruben Providence,Keuken Kampioen Divisie,False,25.0,1.0,2.0,0.0,0.0,1028.0,True,Haiti,Left Winger,Almere City FC
536520,Ruben Providence,Keuken Kampioen Play-Offs,False,3.0,0.0,0.0,0.0,0.0,27.0,True,Haiti,Left Winger,Almere City FC
536520,Ruben Providence,KNVB Beker,False,2.0,0.0,0.0,0.0,0.0,63.0,True,Haiti,Left Winger,Almere City FC
536520,Ruben Providence,TOTAL,True,30.0,1.0,2.0,0.0,0.0,1118.0,True,Haiti,Left Winger,Almere City FC
536835,Amad Diallo,Premier League,False,32.0,2.0,4.0,2.0,0.0,2346.0,True,Ivory Coast,Right Winger,Manchester United
536835,Amad Diallo,EFL Cup,False,1.0,0.0,0.0,0.0,0.0,82.0,True,Ivory Coast,Right Winger,Manchester United
536835,Amad Diallo,FA Cup,False,0.0,0.0,0.0,0.0,0.0,0.0,True,Ivory Coast,Right Winger,Manchester United
536835,Amad Diallo,TOTAL,True,33.0,2.0,4.0,2.0,0.0,2428.0,True,Ivory Coast,Right Winger,Manchester United
538006,Kwasi Sibo,LaLiga,False,26.0,0.0,0.0,3.0,0.0,1686.0,True,Ghana,Central Midfield,Real Oviedo
538006,Kwasi Sibo,Copa del Rey,False,1.0,0.0,0.0,0.0,0.0,120.0,True,Ghana,Central Midfield,Real Oviedo
538006,Kwasi Sibo,TOTAL,True,27.0,0.0,0.0,3.0,0.0,1806.0,True,Ghana,Central Midfield,Real Oviedo
538958,Jearl Margaritha,Challenger Pro League,False,32.0,7.0,12.0,1.0,0.0,2382.0,True,Curaçao,Left Winger,SK Beveren
538958,Jearl Margaritha,Croky Cup,False,1.0,0.0,0.0,0.0,0.0,75.0,True,Curaçao,Left Winger,SK Beveren
538958,Jearl Margaritha,TOTAL,True,33.0,7.0,12.0,1.0,0.0,2457.0,True,Curaçao,Left Winger,SK Beveren
539502,Ben Waine,League One,False,27.0,3.0,1.0,2.0,0.0,1133.0,True,New Zealand,Centre-Forward,Port Vale FC
539502,Ben Waine,FA Cup,False,5.0,3.0,0.0,1.0,0.0,424.0,True,New Zealand,Centre-Forward,Port Vale FC
539502,Ben Waine,EFL Trophy,False,4.0,2.0,0.0,0.0,0.0,288.0,True,New Zealand,Centre-Forward,Port Vale FC
539502,Ben Waine,EFL Cup,False,1.0,0.0,0.0,0.0,0.0,90.0,True,New Zealand,Centre-Forward,Port Vale FC
539502,Ben Waine,TOTAL,True,37.0,8.0,1.0,3.0,0.0,1935.0,True,New Zealand,Centre-Forward,Port Vale FC
539961,Yazan Al-Arab,K League 1,False,12.0,1.0,1.0,2.0,0.0,855.0,True,Jordan,Centre-Back,FC Seoul
539961,Yazan Al-Arab,AFC Champions League,False,5.0,0.0,0.0,1.0,0.0,360.0,True,Jordan,Centre-Back,FC Seoul
539961,Yazan Al-Arab,TOTAL,True,17.0,1.0,1.0,3.0,0.0,1215.0,True,Jordan,Centre-Back,FC Seoul
540315,César Huerta,Jupiler Pro League,False,7.0,1.0,0.0,4.0,0.0,387.0,True,Mexico,Left Winger,RSC Anderlecht
540315,César Huerta,Jupiler Pro League Champions' Play-Offs,False,4.0,0.0,0.0,0.0,0.0,156.0,True,Mexico,Left Winger,RSC Anderlecht
540315,César Huerta,UECL Qualifying,False,4.0,0.0,0.0,1.0,0.0,207.0,True,Mexico,Left Winger,RSC Anderlecht
540315,César Huerta,Croky Cup,False,2.0,1.0,0.0,0.0,0.0,82.0,True,Mexico,Left Winger,RSC Anderlecht
540315,César Huerta,Europa League Qualifying,False,0.0,0.0,0.0,0.0,0.0,0.0,True,Mexico,Left Winger,RSC Anderlecht
540315,César Huerta,TOTAL,True,17.0,2.0,0.0,5.0,0.0,832.0,True,Mexico,Left Winger,RSC Anderlecht
541420,Timothy Fayulu,Conference League,False,5.0,5.0,1.0,0.0,0.0,450.0,True,Democratic Republic of the Congo,Goalkeeper,FC Noah Yerevan
541420,Timothy Fayulu,Premier League,False,4.0,6.0,1.0,0.0,0.0,360.0,True,Democratic Republic of the Congo,Goalkeeper,FC Noah Yerevan
541420,Timothy Fayulu,Armenian Independence Cup,False,1.0,1.0,0.0,0.0,0.0,90.0,True,Democratic Republic of the Congo,Goalkeeper,FC Noah Yerevan
541420,Timothy Fayulu,Armenian Supercup,False,0.0,0.0,0.0,0.0,0.0,0.0,True,Democratic Republic of the Congo,Goalkeeper,FC Noah Yerevan
541420,Timothy Fayulu,Super League,False,0.0,0.0,0.0,0.0,0.0,0.0,True,Democratic Republic of the Congo,Goalkeeper,FC Noah Yerevan
541420,Timothy Fayulu,Swiss Cup,False,0.0,0.0,0.0,0.0,0.0,0.0,True,Democratic Republic of the Congo,Goalkeeper,FC Noah Yerevan
541420,Timothy Fayulu,TOTAL,True,10.0,12.0,2.0,0.0,0.0,900.0,True,Democratic Republic of the Congo,Goalkeeper,FC Noah Yerevan
542380,Amirhossein Hosseinzadeh,Persian Gulf League,False,22.0,10.0,5.0,1.0,0.0,1978.0,True,Iran,Centre-Forward,Tractor FC
542380,Amirhossein Hosseinzadeh,AFC Champions League,False,9.0,2.0,2.0,0.0,0.0,810.0,True,Iran,Centre-Forward,Tractor FC
542380,Amirhossein Hosseinzadeh,Iran Super Cup,False,1.0,1.0,0.0,0.0,0.0,90.0,True,Iran,Centre-Forward,Tractor FC
542380,Amirhossein Hosseinzadeh,Hazfi Cup,False,1.0,0.0,0.0,1.0,0.0,120.0,True,Iran,Centre-Forward,Tractor FC
542380,Amirhossein Hosseinzadeh,TOTAL,True,33.0,13.0,7.0,2.0,0.0,2998.0,True,Iran,Centre-Forward,Tractor FC
54381,Tommy Smith,National League,False,17.0,0.0,1.0,2.0,0.0,1217.0,True,New Zealand,Centre-Back,Braintree Town
54381,Tommy Smith,National League Cup,False,3.0,0.0,0.0,0.0,0.0,159.0,True,New Zealand,Centre-Back,Braintree Town
54381,Tommy Smith,FA Cup,False,1.0,0.0,0.0,0.0,0.0,22.0,True,New Zealand,Centre-Back,Braintree Town
54381,Tommy Smith,TOTAL,True,21.0,0.0,1.0,2.0,0.0,1398.0,True,New Zealand,Centre-Back,Braintree Town
544149,David Zima,Chance Liga,False,22.0,0.0,2.0,2.0,0.0,1680.0,True,Czech Republic,Centre-Back,SK Slavia Prague
544149,David Zima,UEFA Champions League,False,8.0,0.0,0.0,2.0,0.0,690.0,True,Czech Republic,Centre-Back,SK Slavia Prague
544149,David Zima,Chance Liga Champion Gr.,False,2.0,1.0,1.0,0.0,0.0,180.0,True,Czech Republic,Centre-Back,SK Slavia Prague
544149,David Zima,MOL Cup,False,1.0,0.0,0.0,0.0,0.0,46.0,True,Czech Republic,Centre-Back,SK Slavia Prague
544149,David Zima,TOTAL,True,33.0,1.0,3.0,4.0,0.0,2596.0,True,Czech Republic,Centre-Back,SK Slavia Prague
544586,Kevin Pina,Premier Liga,False,27.0,1.0,0.0,5.0,0.0,1195.0,True,Cape Verde,Defensive Midfield,FC Krasnodar
544586,Kevin Pina,Russian Cup,False,12.0,1.0,0.0,4.0,0.0,827.0,True,Cape Verde,Defensive Midfield,FC Krasnodar
544586,Kevin Pina,Russian Super Cup,False,1.0,0.0,0.0,0.0,0.0,24.0,True,Cape Verde,Defensive Midfield,FC Krasnodar
544586,Kevin Pina,TOTAL,True,40.0,2.0,0.0,9.0,0.0,2046.0,True,Cape Verde,Defensive Midfield,FC Krasnodar
545810,Jacob Italiano,Bundesliga,False,24.0,4.0,2.0,1.0,0.0,2067.0,True,Australia,Right-Back,Grazer AK 1902
545810,Jacob Italiano,ÖFB-Cup,False,1.0,0.0,0.0,0.0,0.0,90.0,True,Australia,Right-Back,Grazer AK 1902
545810,Jacob Italiano,TOTAL,True,25.0,4.0,2.0,1.0,0.0,2157.0,True,Australia,Right-Back,Grazer AK 1902
546803,José Fajardo,LigaPro Serie A,False,15.0,3.0,1.0,3.0,0.0,927.0,True,Panama,Centre-Forward,CD Universidad Católica
546803,José Fajardo,Libertadores,False,2.0,2.0,0.0,1.0,0.0,164.0,True,Panama,Centre-Forward,CD Universidad Católica
546803,José Fajardo,Supercopa Ecuador,False,1.0,0.0,0.0,1.0,0.0,66.0,True,Panama,Centre-Forward,CD Universidad Católica
546803,José Fajardo,Copa Ecuador,False,0.0,0.0,0.0,0.0,0.0,0.0,True,Panama,Centre-Forward,CD Universidad Católica
546803,José Fajardo,TOTAL,True,18.0,5.0,1.0,5.0,0.0,1157.0,True,Panama,Centre-Forward,CD Universidad Católica
54781,Nicolás Otamendi,Liga Portugal,False,30.0,2.0,3.0,7.0,0.0,2605.0,True,Argentina,Centre-Back,SL Benfica
54781,Nicolás Otamendi,UEFA Champions League,False,10.0,0.0,1.0,3.0,0.0,900.0,True,Argentina,Centre-Back,SL Benfica
54781,Nicolás Otamendi,Champions League Qu.,False,4.0,0.0,0.0,0.0,0.0,360.0,True,Argentina,Centre-Back,SL Benfica
54781,Nicolás Otamendi,Allianz Cup,False,2.0,1.0,0.0,0.0,1.0,179.0,True,Argentina,Centre-Back,SL Benfica
54781,Nicolás Otamendi,Taça de Portugal,False,2.0,0.0,0.0,1.0,0.0,180.0,True,Argentina,Centre-Back,SL Benfica
54781,Nicolás Otamendi,Portuguese Supercup,False,1.0,0.0,0.0,1.0,0.0,90.0,True,Argentina,Centre-Back,SL Benfica
54781,Nicolás Otamendi,TOTAL,True,49.0,3.0,4.0,12.0,1.0,4314.0,True,Argentina,Centre-Back,SL Benfica
548193,Zeno Debast,Liga Portugal,False,17.0,0.0,2.0,2.0,0.0,1177.0,True,Belgium,Centre-Back,Sporting CP
548193,Zeno Debast,UEFA Champions League,False,4.0,0.0,0.0,1.0,0.0,179.0,True,Belgium,Centre-Back,Sporting CP
548193,Zeno Debast,Taça de Portugal,False,2.0,0.0,0.0,0.0,0.0,126.0,True,Belgium,Centre-Back,Sporting CP
548193,Zeno Debast,Portuguese Supercup,False,1.0,0.0,0.0,0.0,0.0,21.0,True,Belgium,Centre-Back,Sporting CP
548193,Zeno Debast,Allianz Cup,False,0.0,0.0,0.0,0.0,0.0,0.0,True,Belgium,Centre-Back,Sporting CP
548193,Zeno Debast,TOTAL,True,24.0,0.0,2.0,3.0,0.0,1503.0,True,Belgium,Centre-Back,Sporting CP
548254,Nathan Ngoy,Ligue 1,False,29.0,1.0,2.0,10.0,0.0,2404.0,True,Belgium,Centre-Back,LOSC Lille
548254,Nathan Ngoy,Europa League,False,8.0,1.0,0.0,2.0,0.0,610.0,True,Belgium,Centre-Back,LOSC Lille
548254,Nathan Ngoy,Coupe de France,False,1.0,1.0,0.0,0.0,0.0,90.0,True,Belgium,Centre-Back,LOSC Lille
548254,Nathan Ngoy,TOTAL,True,38.0,3.0,2.0,12.0,0.0,3104.0,True,Belgium,Centre-Back,LOSC Lille
549006,Gonçalo Inácio,Liga Portugal,False,29.0,2.0,3.0,4.0,0.0,2506.0,True,Portugal,Centre-Back,Sporting CP
549006,Gonçalo Inácio,UEFA Champions League,False,11.0,1.0,0.0,0.0,0.0,956.0,True,Portugal,Centre-Back,Sporting CP
549006,Gonçalo Inácio,Taça de Portugal,False,5.0,0.0,0.0,1.0,0.0,455.0,True,Portugal,Centre-Back,Sporting CP
549006,Gonçalo Inácio,Portuguese Supercup,False,1.0,0.0,0.0,0.0,0.0,90.0,True,Portugal,Centre-Back,Sporting CP
549006,Gonçalo Inácio,Allianz Cup,False,0.0,0.0,0.0,0.0,0.0,0.0,True,Portugal,Centre-Back,Sporting CP
549006,Gonçalo Inácio,TOTAL,True,46.0,3.0,3.0,5.0,0.0,4007.0,True,Portugal,Centre-Back,Sporting CP
549378,Sander Tangvik,UECL Qualifying,False,6.0,5.0,4.0,0.0,0.0,540.0,True,Norway,Goalkeeper,Hamburger SV
549378,Sander Tangvik,Bundesliga,False,1.0,1.0,0.0,0.0,0.0,90.0,True,Norway,Goalkeeper,Hamburger SV
549378,Sander Tangvik,NM-Cup,False,1.0,1.0,0.0,0.0,0.0,120.0,True,Norway,Goalkeeper,Hamburger SV
549378,Sander Tangvik,TOTAL,True,8.0,7.0,4.0,0.0,0.0,750.0,True,Norway,Goalkeeper,Hamburger SV
550550,Gonçalo Ramos,Ligue 1,False,30.0,6.0,1.0,2.0,1.0,1309.0,True,Portugal,Centre-Forward,Paris Saint-Germain
550550,Gonçalo Ramos,UEFA Champions League,False,11.0,2.0,0.0,0.0,0.0,201.0,True,Portugal,Centre-Forward,Paris Saint-Germain
550550,Gonçalo Ramos,Coupe de France,False,2.0,2.0,1.0,0.0,0.0,180.0,True,Portugal,Centre-Forward,Paris Saint-Germain
550550,Gonçalo Ramos,Trophée des Champions,False,1.0,1.0,0.0,0.0,0.0,1.0,True,Portugal,Centre-Forward,Paris Saint-Germain
550550,Gonçalo Ramos,UEFA Super Cup,False,1.0,1.0,0.0,0.0,0.0,13.0,True,Portugal,Centre-Forward,Paris Saint-Germain
550550,Gonçalo Ramos,FIFA Intercontinental Cup,False,0.0,0.0,0.0,0.0,0.0,0.0,True,Portugal,Centre-Forward,Paris Saint-Germain
550550,Gonçalo Ramos,TOTAL,True,45.0,12.0,2.0,2.0,1.0,1704.0,True,Portugal,Centre-Forward,Paris Saint-Germain
550580,Shuto Machino,Bundesliga,False,32.0,3.0,1.0,2.0,0.0,1063.0,True,Japan,Centre-Forward,Borussia Mönchengladbach
550580,Shuto Machino,DFB-Pokal,False,2.0,1.0,0.0,0.0,0.0,163.0,True,Japan,Centre-Forward,Borussia Mönchengladbach
550580,Shuto Machino,TOTAL,True,34.0,4.0,1.0,2.0,0.0,1226.0,True,Japan,Centre-Forward,Borussia Mönchengladbach
550829,Matej Kovar,Eredivisie,False,31.0,41.0,7.0,0.0,0.0,2790.0,True,Czech Republic,Goalkeeper,PSV Eindhoven
550829,Matej Kovar,UEFA Champions League,False,8.0,16.0,0.0,0.0,0.0,720.0,True,Czech Republic,Goalkeeper,PSV Eindhoven
550829,Matej Kovar,KNVB Beker,False,4.0,5.0,1.0,0.0,0.0,360.0,True,Czech Republic,Goalkeeper,PSV Eindhoven
550829,Matej Kovar,Johan Cruijff Schaal,False,1.0,1.0,0.0,0.0,0.0,90.0,True,Czech Republic,Goalkeeper,PSV Eindhoven
550829,Matej Kovar,TOTAL,True,44.0,63.0,8.0,0.0,0.0,3960.0,True,Czech Republic,Goalkeeper,PSV Eindhoven
55089,Oliver Baumann,Bundesliga,False,34.0,52.0,7.0,3.0,0.0,3060.0,True,Germany,Goalkeeper,TSG 1899 Hoffenheim
55089,Oliver Baumann,DFB-Pokal,False,2.0,2.0,1.0,0.0,0.0,210.0,True,Germany,Goalkeeper,TSG 1899 Hoffenheim
55089,Oliver Baumann,TOTAL,True,36.0,54.0,8.0,3.0,0.0,3270.0,True,Germany,Goalkeeper,TSG 1899 Hoffenheim
551505,Mousa Tamari,Ligue 1,False,33.0,6.0,9.0,4.0,0.0,2228.0,True,Jordan,Right Winger,Stade Rennais FC
551505,Mousa Tamari,Coupe de France,False,3.0,1.0,2.0,0.0,0.0,265.0,True,Jordan,Right Winger,Stade Rennais FC
551505,Mousa Tamari,TOTAL,True,36.0,7.0,11.0,4.0,0.0,2493.0,True,Jordan,Right Winger,Stade Rennais FC
552057,Adam Hlozek,Bundesliga,False,5.0,0.0,0.0,0.0,0.0,37.0,True,Czech Republic,Centre-Forward,TSG 1899 Hoffenheim
552057,Adam Hlozek,3. Liga,False,1.0,0.0,0.0,0.0,0.0,31.0,True,Czech Republic,Centre-Forward,TSG 1899 Hoffenheim
552057,Adam Hlozek,DFB-Pokal,False,0.0,0.0,0.0,0.0,0.0,0.0,True,Czech Republic,Centre-Forward,TSG 1899 Hoffenheim
552057,Adam Hlozek,TOTAL,True,6.0,0.0,0.0,0.0,0.0,68.0,True,Czech Republic,Centre-Forward,TSG 1899 Hoffenheim
552955,Santiago Gimenez,Serie A,False,16.0,0.0,2.0,2.0,0.0,896.0,True,Mexico,Centre-Forward,AC Milan
552955,Santiago Gimenez,Italy Cup,False,2.0,1.0,1.0,0.0,0.0,141.0,True,Mexico,Centre-Forward,AC Milan
552955,Santiago Gimenez,Supercoppa Italiana,False,0.0,0.0,0.0,0.0,0.0,0.0,True,Mexico,Centre-Forward,AC Milan
552955,Santiago Gimenez,TOTAL,True,18.0,1.0,3.0,2.0,0.0,1037.0,True,Mexico,Centre-Forward,AC Milan
555209,Bradley Cross,Betway Premiership,False,22.0,0.0,1.0,2.0,0.0,1722.0,True,South Africa,Left-Back,Kaizer Chiefs
555209,Bradley Cross,CAF Confederation Cup,False,5.0,0.0,0.0,0.0,0.0,366.0,True,South Africa,Left-Back,Kaizer Chiefs
555209,Bradley Cross,Carling Knockout,False,1.0,0.0,0.0,0.0,0.0,120.0,True,South Africa,Left-Back,Kaizer Chiefs
555209,Bradley Cross,Nedbank Cup,False,0.0,0.0,0.0,0.0,0.0,0.0,True,South Africa,Left-Back,Kaizer Chiefs
555209,Bradley Cross,TOTAL,True,28.0,0.0,1.0,2.0,0.0,2208.0,True,South Africa,Left-Back,Kaizer Chiefs
556713,Homam Al-Amin,LaLiga2,False,14.0,0.0,0.0,2.0,0.0,683.0,True,Qatar,Left-Back,Cultural Leonesa
556713,Homam Al-Amin,Stars League,False,9.0,0.0,0.0,1.0,0.0,448.0,True,Qatar,Left-Back,Cultural Leonesa
556713,Homam Al-Amin,AFC Champions League,False,6.0,0.0,0.0,1.0,0.0,303.0,True,Qatar,Left-Back,Cultural Leonesa
556713,Homam Al-Amin,QSL Cup,False,1.0,0.0,0.0,0.0,0.0,90.0,True,Qatar,Left-Back,Cultural Leonesa
556713,Homam Al-Amin,AFC CL Elite Qualif.,False,1.0,0.0,0.0,0.0,0.0,90.0,True,Qatar,Left-Back,Cultural Leonesa
556713,Homam Al-Amin,TOTAL,True,31.0,0.0,0.0,4.0,0.0,1614.0,True,Qatar,Left-Back,Cultural Leonesa
557459,Micky van de Ven,Premier League,False,35.0,4.0,1.0,9.0,0.0,3043.0,True,Netherlands,Centre-Back,Tottenham Hotspur
557459,Micky van de Ven,UEFA Champions League,False,8.0,2.0,0.0,3.0,0.0,720.0,True,Netherlands,Centre-Back,Tottenham Hotspur
557459,Micky van de Ven,UEFA Super Cup,False,1.0,1.0,0.0,0.0,0.0,90.0,True,Netherlands,Centre-Back,Tottenham Hotspur
557459,Micky van de Ven,FA Cup,False,1.0,0.0,0.0,0.0,0.0,90.0,True,Netherlands,Centre-Back,Tottenham Hotspur
557459,Micky van de Ven,EFL Cup,False,0.0,0.0,0.0,0.0,0.0,0.0,True,Netherlands,Centre-Back,Tottenham Hotspur
557459,Micky van de Ven,TOTAL,True,45.0,7.0,1.0,12.0,0.0,3943.0,True,Netherlands,Centre-Back,Tottenham Hotspur
557614,Nathanaël Mbuku,Ligue 2,False,30.0,4.0,6.0,5.0,0.0,2192.0,True,Democratic Republic of the Congo,Left Winger,Montpellier HSC
557614,Nathanaël Mbuku,Coupe de France,False,2.0,0.0,0.0,0.0,0.0,102.0,True,Democratic Republic of the Congo,Left Winger,Montpellier HSC
557614,Nathanaël Mbuku,TOTAL,True,32.0,4.0,6.0,5.0,0.0,2294.0,True,Democratic Republic of the Congo,Left Winger,Montpellier HSC
560423,Meshaal Barsham,Stars League,False,20.0,26.0,6.0,1.0,0.0,1800.0,True,Qatar,Goalkeeper,Al-Sadd SC
560423,Meshaal Barsham,AFC Champions League,False,10.0,22.0,1.0,0.0,0.0,960.0,True,Qatar,Goalkeeper,Al-Sadd SC
560423,Meshaal Barsham,Amir Cup,False,3.0,9.0,0.0,0.0,0.0,270.0,True,Qatar,Goalkeeper,Al-Sadd SC
560423,Meshaal Barsham,QSL Cup,False,0.0,0.0,0.0,0.0,0.0,0.0,True,Qatar,Goalkeeper,Al-Sadd SC
560423,Meshaal Barsham,TOTAL,True,33.0,57.0,7.0,1.0,0.0,3030.0,True,Qatar,Goalkeeper,Al-Sadd SC
560593,Hicham Boudaoui,Ligue 1,False,25.0,1.0,2.0,5.0,0.0,1694.0,True,Algeria,Central Midfield,OGC Nice
560593,Hicham Boudaoui,Europa League,False,3.0,0.0,0.0,0.0,0.0,105.0,True,Algeria,Central Midfield,OGC Nice
560593,Hicham Boudaoui,Coupe de France,False,2.0,0.0,0.0,1.0,0.0,180.0,True,Algeria,Central Midfield,OGC Nice
560593,Hicham Boudaoui,L1/L2 Playoffs,False,1.0,0.0,0.0,0.0,0.0,11.0,True,Algeria,Central Midfield,OGC Nice
560593,Hicham Boudaoui,Champions League Qu.,False,1.0,0.0,0.0,0.0,0.0,90.0,True,Algeria,Central Midfield,OGC Nice
560593,Hicham Boudaoui,TOTAL,True,32.0,1.0,2.0,6.0,0.0,2080.0,True,Algeria,Central Midfield,OGC Nice
560952,Ahmed Basil Fadhil,Iraq Stars League,False,27.0,23.0,12.0,2.0,0.0,2371.0,True,Iraq,Goalkeeper,Al-Shorta SC
560952,Ahmed Basil Fadhil,AFC Champions League,False,5.0,13.0,0.0,0.0,0.0,450.0,True,Iraq,Goalkeeper,Al-Shorta SC
560952,Ahmed Basil Fadhil,TOTAL,True,32.0,36.0,12.0,2.0,0.0,2821.0,True,Iraq,Goalkeeper,Al-Shorta SC
560957,Ibrahim Bayesh,Saudi Pro League,False,12.0,1.0,0.0,3.0,1.0,1026.0,True,Iraq,Right Winger,Al-Dhafra FC
560957,Ibrahim Bayesh,UAE Pro League,False,9.0,0.0,0.0,1.0,0.0,592.0,True,Iraq,Right Winger,Al-Dhafra FC
560957,Ibrahim Bayesh,King's Cup,False,1.0,0.0,0.0,1.0,0.0,63.0,True,Iraq,Right Winger,Al-Dhafra FC
560957,Ibrahim Bayesh,TOTAL,True,22.0,1.0,0.0,5.0,1.0,1681.0,True,Iraq,Right Winger,Al-Dhafra FC
561481,Saed Al-Rousan,Jordanian Pro League,False,22.0,2.0,1.0,7.0,0.0,1749.0,True,Jordan,Centre-Back,Al-Hussein SC (Irbid)
561481,Saed Al-Rousan,AFC Champions League Two,False,7.0,0.0,0.0,1.0,0.0,630.0,True,Jordan,Centre-Back,Al-Hussein SC (Irbid)
561481,Saed Al-Rousan,TOTAL,True,29.0,2.0,1.0,8.0,0.0,2379.0,True,Jordan,Centre-Back,Al-Hussein SC (Irbid)
561485,Noor Al-Rawabdeh,Super League,False,20.0,2.0,3.0,2.0,0.0,1342.0,True,Jordan,Central Midfield,Selangor FC
561485,Noor Al-Rawabdeh,ASEAN Club Championship,False,7.0,0.0,0.0,0.0,0.0,619.0,True,Jordan,Central Midfield,Selangor FC
561485,Noor Al-Rawabdeh,AFC Champions League Two,False,5.0,0.0,0.0,0.0,0.0,394.0,True,Jordan,Central Midfield,Selangor FC
561485,Noor Al-Rawabdeh,Malaysia FA Cup,False,4.0,0.0,3.0,1.0,0.0,274.0,True,Jordan,Central Midfield,Selangor FC
561485,Noor Al-Rawabdeh,Piala Malaysia,False,4.0,0.0,0.0,1.0,0.0,250.0,True,Jordan,Central Midfield,Selangor FC
561485,Noor Al-Rawabdeh,TOTAL,True,40.0,2.0,6.0,4.0,0.0,2879.0,True,Jordan,Central Midfield,Selangor FC
564785,Kristian Thorstvedt,Serie A,False,32.0,4.0,4.0,9.0,0.0,2458.0,True,Norway,Central Midfield,US Sassuolo
564785,Kristian Thorstvedt,Italy Cup,False,1.0,0.0,0.0,0.0,0.0,21.0,True,Norway,Central Midfield,US Sassuolo
564785,Kristian Thorstvedt,TOTAL,True,33.0,4.0,4.0,9.0,0.0,2479.0,True,Norway,Central Midfield,US Sassuolo
565093,Bart Verbruggen,Premier League,False,38.0,46.0,10.0,3.0,0.0,3420.0,True,Netherlands,Goalkeeper,Brighton & Hove Albion
565093,Bart Verbruggen,FA Cup,False,0.0,0.0,0.0,0.0,0.0,0.0,True,Netherlands,Goalkeeper,Brighton & Hove Albion
565093,Bart Verbruggen,EFL Cup,False,0.0,0.0,0.0,0.0,0.0,0.0,True,Netherlands,Goalkeeper,Brighton & Hove Albion
565093,Bart Verbruggen,TOTAL,True,38.0,46.0,10.0,3.0,0.0,3420.0,True,Netherlands,Goalkeeper,Brighton & Hove Albion
566025,Mohamed Abdelmonem,L1/L2 Playoffs,False,0.0,0.0,0.0,0.0,0.0,0.0,True,Egypt,Centre-Back,OGC Nice
566025,Mohamed Abdelmonem,Coupe de France,False,0.0,0.0,0.0,0.0,0.0,0.0,True,Egypt,Centre-Back,OGC Nice
566025,Mohamed Abdelmonem,Ligue 1,False,0.0,0.0,0.0,0.0,0.0,0.0,True,Egypt,Centre-Back,OGC Nice
566025,Mohamed Abdelmonem,Europa League,False,0.0,0.0,0.0,0.0,0.0,0.0,True,Egypt,Centre-Back,OGC Nice
566025,Mohamed Abdelmonem,Champions League Qu.,False,0.0,0.0,0.0,0.0,0.0,0.0,True,Egypt,Centre-Back,OGC Nice
566025,Mohamed Abdelmonem,TOTAL,True,0.0,0.0,0.0,0.0,0.0,0.0,True,Egypt,Centre-Back,OGC Nice
566723,Michael Olise,Bundesliga,False,32.0,15.0,21.0,8.0,0.0,2320.0,True,France,Right Winger,Bayern Munich
566723,Michael Olise,UEFA Champions League,False,13.0,5.0,7.0,3.0,0.0,1082.0,True,France,Right Winger,Bayern Munich
566723,Michael Olise,DFB-Pokal,False,6.0,2.0,3.0,0.0,0.0,523.0,True,France,Right Winger,Bayern Munich
566723,Michael Olise,DFL-Supercup,False,1.0,0.0,0.0,1.0,0.0,90.0,True,France,Right Winger,Bayern Munich
566723,Michael Olise,TOTAL,True,52.0,22.0,31.0,12.0,0.0,4015.0,True,France,Right Winger,Bayern Munich
566799,James Trafford,FA Cup,False,6.0,3.0,3.0,0.0,0.0,540.0,True,England,Goalkeeper,Manchester City
566799,James Trafford,EFL Cup,False,6.0,2.0,4.0,0.0,0.0,540.0,True,England,Goalkeeper,Manchester City
566799,James Trafford,Premier League,False,4.0,6.0,1.0,0.0,0.0,360.0,True,England,Goalkeeper,Manchester City
566799,James Trafford,UEFA Champions League,False,1.0,2.0,0.0,0.0,0.0,90.0,True,England,Goalkeeper,Manchester City
566799,James Trafford,TOTAL,True,17.0,13.0,8.0,0.0,0.0,1530.0,True,England,Goalkeeper,Manchester City
567576,Elliot Anderson,Premier League,False,38.0,4.0,4.0,8.0,0.0,3335.0,True,England,Central Midfield,Nottingham Forest
567576,Elliot Anderson,Europa League,False,12.0,0.0,1.0,3.0,0.0,833.0,True,England,Central Midfield,Nottingham Forest
567576,Elliot Anderson,FA Cup,False,0.0,0.0,0.0,0.0,0.0,0.0,True,England,Central Midfield,Nottingham Forest
567576,Elliot Anderson,EFL Cup,False,0.0,0.0,0.0,0.0,0.0,0.0,True,England,Central Midfield,Nottingham Forest
567576,Elliot Anderson,TOTAL,True,50.0,4.0,5.0,11.0,0.0,4168.0,True,England,Central Midfield,Nottingham Forest
568693,Pape Matar Sarr,Premier League,False,26.0,2.0,4.0,3.0,0.0,1389.0,True,Senegal,Central Midfield,Tottenham Hotspur
568693,Pape Matar Sarr,UEFA Champions League,False,9.0,0.0,0.0,0.0,0.0,643.0,True,Senegal,Central Midfield,Tottenham Hotspur
568693,Pape Matar Sarr,EFL Cup,False,1.0,0.0,0.0,0.0,0.0,90.0,True,Senegal,Central Midfield,Tottenham Hotspur
568693,Pape Matar Sarr,UEFA Super Cup,False,1.0,0.0,0.0,0.0,0.0,90.0,True,Senegal,Central Midfield,Tottenham Hotspur
568693,Pape Matar Sarr,FA Cup,False,0.0,0.0,0.0,0.0,0.0,0.0,True,Senegal,Central Midfield,Tottenham Hotspur
568693,Pape Matar Sarr,TOTAL,True,37.0,2.0,4.0,3.0,0.0,2212.0,True,Senegal,Central Midfield,Tottenham Hotspur
569205,Tomás Rodríguez,Primera División Clausura,False,18.0,5.0,0.0,2.0,0.0,1220.0,True,Panama,Centre-Forward,Deportivo Saprissa
569205,Tomás Rodríguez,Clausura Play-Off,False,4.0,1.0,0.0,1.0,0.0,336.0,True,Panama,Centre-Forward,Deportivo Saprissa
569205,Tomás Rodríguez,Copa de Costa Rica,False,3.0,1.0,1.0,1.0,0.0,47.0,True,Panama,Centre-Forward,Deportivo Saprissa
569205,Tomás Rodríguez,TOTAL,True,25.0,7.0,1.0,4.0,0.0,1603.0,True,Panama,Centre-Forward,Deportivo Saprissa
572519,Ar'jany Martha,League One,False,41.0,1.0,2.0,7.0,0.0,2579.0,True,Curaçao,Right Winger,Rotherham United
572519,Ar'jany Martha,EFL Trophy,False,3.0,0.0,1.0,0.0,0.0,184.0,True,Curaçao,Right Winger,Rotherham United
572519,Ar'jany Martha,EFL Cup,False,2.0,1.0,0.0,1.0,0.0,180.0,True,Curaçao,Right Winger,Rotherham United
572519,Ar'jany Martha,FA Cup,False,1.0,0.0,0.0,0.0,0.0,120.0,True,Curaçao,Right Winger,Rotherham United
572519,Ar'jany Martha,TOTAL,True,47.0,2.0,3.0,8.0,0.0,3063.0,True,Curaçao,Right Winger,Rotherham United
576024,Julián Alvarez,LaLiga,False,29.0,8.0,4.0,2.0,0.0,1903.0,True,Argentina,Centre-Forward,Atlético de Madrid
576024,Julián Alvarez,UEFA Champions League,False,15.0,10.0,4.0,0.0,0.0,1241.0,True,Argentina,Centre-Forward,Atlético de Madrid
576024,Julián Alvarez,Copa del Rey,False,4.0,2.0,1.0,0.0,0.0,315.0,True,Argentina,Centre-Forward,Atlético de Madrid
576024,Julián Alvarez,Supercopa,False,1.0,0.0,0.0,0.0,0.0,90.0,True,Argentina,Centre-Forward,Atlético de Madrid
576024,Julián Alvarez,TOTAL,True,49.0,20.0,9.0,2.0,0.0,3549.0,True,Argentina,Centre-Forward,Atlético de Madrid
576028,Thiago Almada,LaLiga,False,27.0,3.0,1.0,2.0,0.0,1312.0,True,Argentina,Left Winger,Atlético de Madrid
576028,Thiago Almada,UEFA Champions League,False,7.0,0.0,0.0,2.0,0.0,172.0,True,Argentina,Left Winger,Atlético de Madrid
576028,Thiago Almada,Copa del Rey,False,5.0,1.0,1.0,0.0,0.0,204.0,True,Argentina,Left Winger,Atlético de Madrid
576028,Thiago Almada,Supercopa,False,1.0,0.0,0.0,0.0,0.0,16.0,True,Argentina,Left Winger,Atlético de Madrid
576028,Thiago Almada,TOTAL,True,40.0,4.0,2.0,4.0,0.0,1704.0,True,Argentina,Left Winger,Atlético de Madrid
576099,Joseph Anang,Premier Division,False,19.0,17.0,6.0,1.0,0.0,1710.0,True,Ghana,Goalkeeper,St. Patrick's Athletic
576099,Joseph Anang,UECL Qualifying,False,6.0,9.0,3.0,0.0,0.0,570.0,True,Ghana,Goalkeeper,St. Patrick's Athletic
576099,Joseph Anang,Leinster Senior Cup,False,0.0,0.0,0.0,0.0,0.0,0.0,True,Ghana,Goalkeeper,St. Patrick's Athletic
576099,Joseph Anang,TOTAL,True,25.0,26.0,9.0,1.0,0.0,2280.0,True,Ghana,Goalkeeper,St. Patrick's Athletic
576265,Ali Yousif,Iraq Stars League,False,20.0,3.0,1.0,2.0,0.0,760.0,True,Iraq,Centre-Forward,Al-Talaba SC
576265,Ali Yousif,AFC Champions League Two,False,0.0,0.0,0.0,0.0,0.0,0.0,True,Iraq,Centre-Forward,Al-Talaba SC
576265,Ali Yousif,TOTAL,True,20.0,3.0,1.0,2.0,0.0,760.0,True,Iraq,Centre-Forward,Al-Talaba SC
576314,Jan Paul van Hecke,Premier League,False,36.0,3.0,3.0,9.0,0.0,3211.0,True,Netherlands,Centre-Back,Brighton & Hove Albion
576314,Jan Paul van Hecke,FA Cup,False,2.0,0.0,0.0,1.0,0.0,85.0,True,Netherlands,Centre-Back,Brighton & Hove Albion
576314,Jan Paul van Hecke,EFL Cup,False,2.0,0.0,0.0,0.0,0.0,115.0,True,Netherlands,Centre-Back,Brighton & Hove Albion
576314,Jan Paul van Hecke,TOTAL,True,40.0,3.0,3.0,10.0,0.0,3411.0,True,Netherlands,Centre-Back,Brighton & Hove Albion
578391,Rayan Aït-Nouri,Premier League,False,17.0,0.0,2.0,2.0,0.0,976.0,True,Algeria,Left-Back,Manchester City
578391,Rayan Aït-Nouri,UEFA Champions League,False,6.0,0.0,0.0,1.0,0.0,339.0,True,Algeria,Left-Back,Manchester City
578391,Rayan Aït-Nouri,EFL Cup,False,3.0,0.0,2.0,1.0,0.0,155.0,True,Algeria,Left-Back,Manchester City
578391,Rayan Aït-Nouri,FA Cup,False,2.0,0.0,1.0,0.0,0.0,135.0,True,Algeria,Left-Back,Manchester City
578391,Rayan Aït-Nouri,TOTAL,True,28.0,0.0,5.0,4.0,0.0,1605.0,True,Algeria,Left-Back,Manchester City
578392,Maximilian Beier,Bundesliga,False,32.0,9.0,9.0,3.0,0.0,2037.0,True,Germany,Centre-Forward,Borussia Dortmund
578392,Maximilian Beier,UEFA Champions League,False,9.0,1.0,1.0,1.0,0.0,528.0,True,Germany,Centre-Forward,Borussia Dortmund
578392,Maximilian Beier,DFB-Pokal,False,3.0,0.0,0.0,0.0,0.0,171.0,True,Germany,Centre-Forward,Borussia Dortmund
578392,Maximilian Beier,TOTAL,True,44.0,10.0,10.0,4.0,0.0,2736.0,True,Germany,Centre-Forward,Borussia Dortmund
579263,Augustine Boakye,Ligue 2,False,31.0,5.0,9.0,11.0,0.0,2477.0,True,Ghana,Attacking Midfield,AS Saint-Étienne
579263,Augustine Boakye,Coupe de France,False,3.0,1.0,0.0,0.0,0.0,225.0,True,Ghana,Attacking Midfield,AS Saint-Étienne
579263,Augustine Boakye,L1/L2 Playoffs,False,2.0,0.0,0.0,0.0,0.0,180.0,True,Ghana,Attacking Midfield,AS Saint-Étienne
579263,Augustine Boakye,TOTAL,True,36.0,6.0,9.0,11.0,0.0,2882.0,True,Ghana,Attacking Midfield,AS Saint-Étienne
579294,Aimar Sher,Eliteserien,False,9.0,1.0,1.0,1.0,0.0,807.0,True,Iraq,Central Midfield,Sarpsborg 08 FF
579294,Aimar Sher,NM-Cup,False,2.0,0.0,0.0,1.0,0.0,104.0,True,Iraq,Central Midfield,Sarpsborg 08 FF
579294,Aimar Sher,TOTAL,True,11.0,1.0,1.0,2.0,0.0,911.0,True,Iraq,Central Midfield,Sarpsborg 08 FF
580195,Jamal Musiala,Bundesliga,False,15.0,3.0,4.0,1.0,0.0,679.0,True,Germany,Attacking Midfield,Bayern Munich
580195,Jamal Musiala,UEFA Champions League,False,6.0,2.0,1.0,1.0,0.0,314.0,True,Germany,Attacking Midfield,Bayern Munich
580195,Jamal Musiala,DFB-Pokal,False,3.0,0.0,1.0,0.0,0.0,181.0,True,Germany,Attacking Midfield,Bayern Munich
580195,Jamal Musiala,DFL-Supercup,False,0.0,0.0,0.0,0.0,0.0,0.0,True,Germany,Attacking Midfield,Bayern Munich
580195,Jamal Musiala,TOTAL,True,24.0,5.0,6.0,2.0,0.0,1174.0,True,Germany,Attacking Midfield,Bayern Munich
580451,Martin Baturina,Serie A,False,29.0,6.0,3.0,0.0,0.0,1569.0,True,Croatia,Attacking Midfield,Como 1907
580451,Martin Baturina,Italy Cup,False,5.0,2.0,1.0,1.0,0.0,266.0,True,Croatia,Attacking Midfield,Como 1907
580451,Martin Baturina,TOTAL,True,34.0,8.0,4.0,1.0,0.0,1835.0,True,Croatia,Attacking Midfield,Como 1907
581678,Jude Bellingham,LaLiga,False,28.0,6.0,4.0,3.0,0.0,1918.0,True,England,Attacking Midfield,Real Madrid
581678,Jude Bellingham,UEFA Champions League,False,9.0,2.0,1.0,2.0,0.0,607.0,True,England,Attacking Midfield,Real Madrid
581678,Jude Bellingham,Supercopa,False,2.0,0.0,0.0,0.0,0.0,180.0,True,England,Attacking Midfield,Real Madrid
581678,Jude Bellingham,Copa del Rey,False,1.0,0.0,0.0,1.0,0.0,13.0,True,England,Attacking Midfield,Real Madrid
581678,Jude Bellingham,TOTAL,True,40.0,8.0,5.0,6.0,0.0,2718.0,True,England,Attacking Midfield,Real Madrid
583255,Antoine Semenyo,Premier League,False,37.0,17.0,4.0,7.0,0.0,3205.0,True,Ghana,Right Winger,Manchester City
583255,Antoine Semenyo,FA Cup,False,5.0,3.0,2.0,0.0,0.0,267.0,True,Ghana,Right Winger,Manchester City
583255,Antoine Semenyo,EFL Cup,False,4.0,1.0,0.0,0.0,0.0,296.0,True,Ghana,Right Winger,Manchester City
583255,Antoine Semenyo,UEFA Champions League,False,2.0,0.0,0.0,0.0,0.0,102.0,True,Ghana,Right Winger,Manchester City
583255,Antoine Semenyo,TOTAL,True,48.0,21.0,6.0,7.0,0.0,3870.0,True,Ghana,Right Winger,Manchester City
583404,Marcus Pedersen,Serie A,False,29.0,1.0,3.0,3.0,0.0,2135.0,True,Norway,Right-Back,Torino FC
583404,Marcus Pedersen,Italy Cup,False,3.0,0.0,1.0,0.0,0.0,203.0,True,Norway,Right-Back,Torino FC
583404,Marcus Pedersen,TOTAL,True,32.0,1.0,4.0,3.0,0.0,2338.0,True,Norway,Right-Back,Torino FC
585325,Hussein Ali,Ekstraklasa,False,16.0,2.0,0.0,5.0,1.0,515.0,True,Iraq,Right-Back,Pogon Szczecin
585325,Hussein Ali,STS Polish Cup,False,0.0,0.0,0.0,0.0,0.0,0.0,True,Iraq,Right-Back,Pogon Szczecin
585325,Hussein Ali,TOTAL,True,16.0,2.0,0.0,5.0,1.0,515.0,True,Iraq,Right-Back,Pogon Szczecin
585747,Juan Portilla,Série A,False,15.0,0.0,0.0,3.0,0.0,799.0,True,Colombia,Central Midfield,Club Athletico Paranaense
585747,Juan Portilla,Copa do Brasil,False,2.0,0.0,0.0,1.0,0.0,112.0,True,Colombia,Central Midfield,Club Athletico Paranaense
585747,Juan Portilla,Campeonato Paranaense,False,2.0,0.0,0.0,0.0,0.0,110.0,True,Colombia,Central Midfield,Club Athletico Paranaense
585747,Juan Portilla,TOTAL,True,19.0,0.0,0.0,4.0,0.0,1021.0,True,Colombia,Central Midfield,Club Athletico Paranaense
588989,Jhon Arias,Premier League,False,23.0,1.0,0.0,1.0,0.0,1124.0,True,Colombia,Right Winger,Sociedade Esportiva Palmeiras
588989,Jhon Arias,Série A,False,13.0,3.0,0.0,4.0,0.0,1016.0,True,Colombia,Right Winger,Sociedade Esportiva Palmeiras
588989,Jhon Arias,Libertadores,False,6.0,3.0,1.0,0.0,0.0,505.0,True,Colombia,Right Winger,Sociedade Esportiva Palmeiras
588989,Jhon Arias,Campeonato Paulista,False,4.0,0.0,1.0,1.0,0.0,146.0,True,Colombia,Right Winger,Sociedade Esportiva Palmeiras
588989,Jhon Arias,Copa do Brasil,False,2.0,0.0,0.0,0.0,0.0,35.0,True,Colombia,Right Winger,Sociedade Esportiva Palmeiras
588989,Jhon Arias,EFL Cup,False,2.0,0.0,0.0,0.0,0.0,171.0,True,Colombia,Right Winger,Sociedade Esportiva Palmeiras
588989,Jhon Arias,FA Cup,False,1.0,1.0,1.0,0.0,0.0,84.0,True,Colombia,Right Winger,Sociedade Esportiva Palmeiras
588989,Jhon Arias,TOTAL,True,51.0,8.0,3.0,6.0,0.0,3081.0,True,Colombia,Right Winger,Sociedade Esportiva Palmeiras
589006,Mathieu Choinière,MLS,False,15.0,2.0,1.0,0.0,0.0,751.0,True,Canada,Central Midfield,Los Angeles FC
589006,Mathieu Choinière,CONCACAF Champions Cup,False,8.0,0.0,2.0,0.0,0.0,614.0,True,Canada,Central Midfield,Los Angeles FC
589006,Mathieu Choinière,Super League,False,0.0,0.0,0.0,0.0,0.0,0.0,True,Canada,Central Midfield,Los Angeles FC
589006,Mathieu Choinière,TOTAL,True,23.0,2.0,3.0,0.0,0.0,1365.0,True,Canada,Central Midfield,Los Angeles FC
589099,Yusuf Abdurisag,Stars League,False,18.0,4.0,2.0,3.0,0.0,1031.0,True,Qatar,Right Winger,Al-Wakrah SC
589099,Yusuf Abdurisag,Amir Cup,False,3.0,0.0,0.0,0.0,0.0,254.0,True,Qatar,Right Winger,Al-Wakrah SC
589099,Yusuf Abdurisag,QSL Cup,False,2.0,0.0,0.0,0.0,0.0,135.0,True,Qatar,Right Winger,Al-Wakrah SC
589099,Yusuf Abdurisag,TOTAL,True,23.0,4.0,2.0,3.0,0.0,1420.0,True,Qatar,Right Winger,Al-Wakrah SC
589128,Ayase Ueda,Eredivisie,False,31.0,25.0,2.0,2.0,0.0,2534.0,True,Japan,Centre-Forward,Feyenoord Rotterdam
589128,Ayase Ueda,Europa League,False,6.0,1.0,0.0,0.0,0.0,435.0,True,Japan,Centre-Forward,Feyenoord Rotterdam
589128,Ayase Ueda,Champions League Qu.,False,2.0,0.0,0.0,0.0,0.0,167.0,True,Japan,Centre-Forward,Feyenoord Rotterdam
589128,Ayase Ueda,KNVB Beker,False,1.0,0.0,0.0,0.0,0.0,90.0,True,Japan,Centre-Forward,Feyenoord Rotterdam
589128,Ayase Ueda,TOTAL,True,40.0,26.0,2.0,2.0,0.0,3226.0,True,Japan,Centre-Forward,Feyenoord Rotterdam
589646,Mohanad Ali,UAE Pro League,False,20.0,6.0,1.0,3.0,0.0,1334.0,True,Iraq,Centre-Forward,Dibba SCC
589646,Mohanad Ali,UAE President's Cup,False,1.0,1.0,0.0,0.0,0.0,88.0,True,Iraq,Centre-Forward,Dibba SCC
589646,Mohanad Ali,UAE League Cup,False,0.0,0.0,0.0,0.0,0.0,0.0,True,Iraq,Centre-Forward,Dibba SCC
589646,Mohanad Ali,TOTAL,True,21.0,7.0,1.0,3.0,0.0,1422.0,True,Iraq,Centre-Forward,Dibba SCC
59016,David Alaba,LaLiga,False,11.0,0.0,0.0,1.0,0.0,421.0,True,Austria,Centre-Back,Real Madrid
59016,David Alaba,UEFA Champions League,False,3.0,0.0,0.0,0.0,0.0,115.0,True,Austria,Centre-Back,Real Madrid
59016,David Alaba,Copa del Rey,False,1.0,0.0,0.0,0.0,0.0,25.0,True,Austria,Centre-Back,Real Madrid
59016,David Alaba,Supercopa,False,1.0,0.0,0.0,0.0,0.0,14.0,True,Austria,Centre-Back,Real Madrid
59016,David Alaba,TOTAL,True,16.0,0.0,0.0,1.0,0.0,575.0,True,Austria,Centre-Back,Real Madrid
591949,Aaron Hickey,Premier League,False,21.0,0.0,0.0,1.0,0.0,686.0,True,Scotland,Right-Back,Brentford FC
591949,Aaron Hickey,EFL Cup,False,3.0,1.0,0.0,0.0,0.0,152.0,True,Scotland,Right-Back,Brentford FC
591949,Aaron Hickey,FA Cup,False,2.0,0.0,0.0,0.0,0.0,180.0,True,Scotland,Right-Back,Brentford FC
591949,Aaron Hickey,TOTAL,True,26.0,1.0,0.0,1.0,0.0,1018.0,True,Scotland,Right-Back,Brentford FC
592396,Mohamed Amine Tougai,Ligue 1,False,15.0,2.0,0.0,3.0,0.0,1229.0,True,Algeria,Centre-Back,Esperance Tunis
592396,Mohamed Amine Tougai,CAF-Champions League,False,7.0,2.0,0.0,1.0,0.0,630.0,True,Algeria,Centre-Back,Esperance Tunis
592396,Mohamed Amine Tougai,Tunisian Cup,False,0.0,0.0,0.0,0.0,0.0,0.0,True,Algeria,Centre-Back,Esperance Tunis
592396,Mohamed Amine Tougai,TOTAL,True,22.0,4.0,0.0,4.0,0.0,1859.0,True,Algeria,Centre-Back,Esperance Tunis
592735,Gonzalo Plata,Série A,False,10.0,2.0,2.0,1.0,0.0,561.0,True,Ecuador,Right Winger,CR Flamengo
592735,Gonzalo Plata,Campeonato Carioca,False,6.0,0.0,0.0,1.0,0.0,320.0,True,Ecuador,Right Winger,CR Flamengo
592735,Gonzalo Plata,Libertadores,False,4.0,0.0,1.0,0.0,0.0,227.0,True,Ecuador,Right Winger,CR Flamengo
592735,Gonzalo Plata,FIFA Intercontinental Cup,False,3.0,0.0,0.0,1.0,0.0,243.0,True,Ecuador,Right Winger,CR Flamengo
592735,Gonzalo Plata,Copa do Brasil,False,1.0,0.0,0.0,0.0,0.0,18.0,True,Ecuador,Right Winger,CR Flamengo
592735,Gonzalo Plata,Recopa Sudamericana,False,1.0,0.0,0.0,0.0,0.0,64.0,True,Ecuador,Right Winger,CR Flamengo
592735,Gonzalo Plata,Supercopa Rei,False,1.0,0.0,0.0,0.0,0.0,81.0,True,Ecuador,Right Winger,CR Flamengo
592735,Gonzalo Plata,TOTAL,True,26.0,2.0,3.0,3.0,0.0,1514.0,True,Ecuador,Right Winger,CR Flamengo
593482,Azzedine Ounahi,LaLiga,False,24.0,5.0,3.0,6.0,0.0,1766.0,True,Morocco,Central Midfield,Girona FC
593482,Azzedine Ounahi,Copa del Rey,False,0.0,0.0,0.0,0.0,0.0,0.0,True,Morocco,Central Midfield,Girona FC
593482,Azzedine Ounahi,Ligue 1,False,0.0,0.0,0.0,0.0,0.0,0.0,True,Morocco,Central Midfield,Girona FC
593482,Azzedine Ounahi,TOTAL,True,24.0,5.0,3.0,6.0,0.0,1766.0,True,Morocco,Central Midfield,Girona FC
594273,Jeremy Antonisse,Super League 1,False,22.0,1.0,2.0,5.0,0.0,1567.0,True,Curaçao,Left Winger,AE Kifisia
594273,Jeremy Antonisse,Super League Play-out,False,6.0,0.0,0.0,2.0,0.0,436.0,True,Curaçao,Left Winger,AE Kifisia
594273,Jeremy Antonisse,Kypello Elladas,False,4.0,0.0,0.0,1.0,0.0,192.0,True,Curaçao,Left Winger,AE Kifisia
594273,Jeremy Antonisse,TOTAL,True,32.0,1.0,2.0,8.0,0.0,2195.0,True,Curaçao,Left Winger,AE Kifisia
598145,Jordy Alcívar,LigaPro Serie A,False,7.0,0.0,1.0,1.0,0.0,421.0,True,Ecuador,Defensive Midfield,Independiente del Valle
598145,Jordy Alcívar,Libertadores,False,6.0,1.0,1.0,0.0,0.0,504.0,True,Ecuador,Defensive Midfield,Independiente del Valle
598145,Jordy Alcívar,Supercopa Ecuador,False,1.0,0.0,0.0,0.0,0.0,90.0,True,Ecuador,Defensive Midfield,Independiente del Valle
598145,Jordy Alcívar,Copa Ecuador,False,0.0,0.0,0.0,0.0,0.0,0.0,True,Ecuador,Defensive Midfield,Independiente del Valle
598145,Jordy Alcívar,TOTAL,True,14.0,1.0,2.0,1.0,0.0,1015.0,True,Ecuador,Defensive Midfield,Independiente del Valle
598506,Soufiane Rahimi,UAE Pro League,False,16.0,9.0,2.0,1.0,0.0,1350.0,True,Morocco,Centre-Forward,Al-Ain FC
598506,Soufiane Rahimi,UAE League Cup,False,4.0,2.0,1.0,0.0,0.0,299.0,True,Morocco,Centre-Forward,Al-Ain FC
598506,Soufiane Rahimi,UAE President's Cup,False,3.0,4.0,0.0,2.0,0.0,279.0,True,Morocco,Centre-Forward,Al-Ain FC
598506,Soufiane Rahimi,TOTAL,True,23.0,15.0,3.0,3.0,0.0,1928.0,True,Morocco,Centre-Forward,Al-Ain FC
598577,Florian Wirtz,Premier League,False,33.0,5.0,4.0,1.0,0.0,2390.0,True,Germany,Attacking Midfield,Liverpool FC
598577,Florian Wirtz,UEFA Champions League,False,11.0,1.0,4.0,0.0,0.0,840.0,True,Germany,Attacking Midfield,Liverpool FC
598577,Florian Wirtz,FA Cup,False,4.0,1.0,1.0,0.0,0.0,190.0,True,Germany,Attacking Midfield,Liverpool FC
598577,Florian Wirtz,Community Shield,False,1.0,0.0,1.0,1.0,0.0,84.0,True,Germany,Attacking Midfield,Liverpool FC
598577,Florian Wirtz,EFL Cup,False,0.0,0.0,0.0,0.0,0.0,0.0,True,Germany,Attacking Midfield,Liverpool FC
598577,Florian Wirtz,TOTAL,True,49.0,7.0,10.0,2.0,0.0,3504.0,True,Germany,Attacking Midfield,Liverpool FC
598791,Tsuyoshi Watanabe,Eredivisie,False,30.0,2.0,0.0,1.0,0.0,2637.0,True,Japan,Centre-Back,Feyenoord Rotterdam
598791,Tsuyoshi Watanabe,Europa League,False,6.0,1.0,0.0,0.0,0.0,413.0,True,Japan,Centre-Back,Feyenoord Rotterdam
598791,Tsuyoshi Watanabe,Champions League Qu.,False,2.0,2.0,0.0,0.0,0.0,180.0,True,Japan,Centre-Back,Feyenoord Rotterdam
598791,Tsuyoshi Watanabe,KNVB Beker,False,1.0,0.0,0.0,0.0,0.0,90.0,True,Japan,Centre-Back,Feyenoord Rotterdam
598791,Tsuyoshi Watanabe,TOTAL,True,39.0,5.0,0.0,1.0,0.0,3320.0,True,Japan,Centre-Back,Feyenoord Rotterdam
601883,Matheus Nunes,Premier League,False,34.0,1.0,7.0,5.0,0.0,2865.0,True,Portugal,Right-Back,Manchester City
601883,Matheus Nunes,UEFA Champions League,False,6.0,0.0,0.0,0.0,0.0,434.0,True,Portugal,Right-Back,Manchester City
601883,Matheus Nunes,EFL Cup,False,5.0,0.0,1.0,3.0,0.0,356.0,True,Portugal,Right-Back,Manchester City
601883,Matheus Nunes,FA Cup,False,4.0,0.0,1.0,0.0,0.0,360.0,True,Portugal,Right-Back,Manchester City
601883,Matheus Nunes,TOTAL,True,49.0,1.0,9.0,8.0,0.0,4015.0,True,Portugal,Right-Back,Manchester City
602324,Érik Lira,Liga MX Clausura,False,17.0,0.0,0.0,4.0,0.0,1285.0,True,Mexico,Defensive Midfield,CD Cruz Azul
602324,Érik Lira,Liga MX Apertura,False,16.0,0.0,0.0,3.0,0.0,1358.0,True,Mexico,Defensive Midfield,CD Cruz Azul
602324,Érik Lira,CONCACAF Champions Cup,False,6.0,1.0,0.0,0.0,0.0,487.0,True,Mexico,Defensive Midfield,CD Cruz Azul
602324,Érik Lira,Liguilla Apertura,False,4.0,0.0,0.0,1.0,0.0,360.0,True,Mexico,Defensive Midfield,CD Cruz Azul
602324,Érik Lira,FIFA Intercontinental Cup,False,1.0,0.0,0.0,0.0,0.0,90.0,True,Mexico,Defensive Midfield,CD Cruz Azul
602324,Érik Lira,Liguilla Clausura,False,0.0,0.0,0.0,0.0,0.0,0.0,True,Mexico,Defensive Midfield,CD Cruz Azul
602324,Érik Lira,TOTAL,True,44.0,1.0,0.0,8.0,0.0,3580.0,True,Mexico,Defensive Midfield,CD Cruz Azul
603149,Mohammad Mohebi,Premier Liga,False,28.0,3.0,3.0,3.0,0.0,1612.0,True,Iran,Left Winger,FC Rostov
603149,Mohammad Mohebi,Russian Cup,False,3.0,0.0,0.0,2.0,1.0,159.0,True,Iran,Left Winger,FC Rostov
603149,Mohammad Mohebi,TOTAL,True,31.0,3.0,3.0,5.0,1.0,1771.0,True,Iran,Left Winger,FC Rostov
604008,Emam Ashour,Premier League,False,7.0,2.0,3.0,0.0,0.0,531.0,True,Egypt,Central Midfield,Al Ahly FC
604008,Emam Ashour,Championship Playoff,False,6.0,0.0,2.0,0.0,0.0,444.0,True,Egypt,Central Midfield,Al Ahly FC
604008,Emam Ashour,CAF-Champions League,False,6.0,0.0,1.0,0.0,0.0,296.0,True,Egypt,Central Midfield,Al Ahly FC
604008,Emam Ashour,Egyptian League Cup,False,0.0,0.0,0.0,0.0,0.0,0.0,True,Egypt,Central Midfield,Al Ahly FC
604008,Emam Ashour,Egypt Cup,False,0.0,0.0,0.0,0.0,0.0,0.0,True,Egypt,Central Midfield,Al Ahly FC
604008,Emam Ashour,Egyptian Super Cup,False,0.0,0.0,0.0,0.0,0.0,0.0,True,Egypt,Central Midfield,Al Ahly FC
604008,Emam Ashour,TOTAL,True,19.0,2.0,6.0,0.0,0.0,1271.0,True,Egypt,Central Midfield,Al Ahly FC
605268,Igor Matanovic,Bundesliga,False,31.0,11.0,2.0,0.0,0.0,1563.0,True,Croatia,Centre-Forward,SC Freiburg
605268,Igor Matanovic,Europa League,False,15.0,3.0,1.0,2.0,0.0,812.0,True,Croatia,Centre-Forward,SC Freiburg
605268,Igor Matanovic,DFB-Pokal,False,4.0,1.0,1.0,2.0,0.0,261.0,True,Croatia,Centre-Forward,SC Freiburg
605268,Igor Matanovic,TOTAL,True,50.0,15.0,4.0,4.0,0.0,2636.0,True,Croatia,Centre-Forward,SC Freiburg
607223,Rayan Cherki,Premier League,False,33.0,4.0,12.0,1.0,0.0,1786.0,True,France,Attacking Midfield,Manchester City
607223,Rayan Cherki,UEFA Champions League,False,8.0,3.0,0.0,1.0,0.0,394.0,True,France,Attacking Midfield,Manchester City
607223,Rayan Cherki,FA Cup,False,6.0,0.0,2.0,0.0,0.0,397.0,True,France,Attacking Midfield,Manchester City
607223,Rayan Cherki,EFL Cup,False,5.0,3.0,1.0,0.0,0.0,277.0,True,France,Attacking Midfield,Manchester City
607223,Rayan Cherki,TOTAL,True,52.0,10.0,15.0,2.0,0.0,2854.0,True,France,Attacking Midfield,Manchester City
607854,Éderson,Serie A,False,30.0,2.0,1.0,3.0,0.0,2235.0,True,Brazil,Central Midfield,Atalanta BC
607854,Éderson,UEFA Champions League,False,9.0,1.0,1.0,1.0,0.0,724.0,True,Brazil,Central Midfield,Atalanta BC
607854,Éderson,Italy Cup,False,2.0,0.0,0.0,0.0,0.0,210.0,True,Brazil,Central Midfield,Atalanta BC
607854,Éderson,TOTAL,True,41.0,3.0,2.0,4.0,0.0,3169.0,True,Brazil,Central Midfield,Atalanta BC
609255,Willer Ditta,Liga MX Apertura,False,17.0,0.0,0.0,3.0,0.0,1463.0,True,Colombia,Centre-Back,CD Cruz Azul
609255,Willer Ditta,Liga MX Clausura,False,16.0,0.0,2.0,6.0,0.0,1440.0,True,Colombia,Centre-Back,CD Cruz Azul
609255,Willer Ditta,Liguilla Clausura,False,6.0,0.0,0.0,0.0,0.0,540.0,True,Colombia,Centre-Back,CD Cruz Azul
609255,Willer Ditta,CONCACAF Champions Cup,False,5.0,0.0,0.0,2.0,0.0,405.0,True,Colombia,Centre-Back,CD Cruz Azul
609255,Willer Ditta,Liguilla Apertura,False,4.0,0.0,0.0,1.0,0.0,360.0,True,Colombia,Centre-Back,CD Cruz Azul
609255,Willer Ditta,FIFA Intercontinental Cup,False,1.0,0.0,0.0,1.0,0.0,90.0,True,Colombia,Centre-Back,CD Cruz Azul
609255,Willer Ditta,TOTAL,True,49.0,0.0,2.0,13.0,0.0,4298.0,True,Colombia,Centre-Back,CD Cruz Azul
609691,Wilguens Paugain,Jupiler Pro League,False,19.0,1.0,0.0,1.0,0.0,1011.0,True,Haiti,Right-Back,Zulte Waregem
609691,Wilguens Paugain,JPL Relegation Play-Offs,False,5.0,0.0,0.0,0.0,0.0,269.0,True,Haiti,Right-Back,Zulte Waregem
609691,Wilguens Paugain,Croky Cup,False,1.0,0.0,0.0,0.0,0.0,63.0,True,Haiti,Right-Back,Zulte Waregem
609691,Wilguens Paugain,2de Nationale VV A,False,1.0,0.0,0.0,0.0,0.0,45.0,True,Haiti,Right-Back,Zulte Waregem
609691,Wilguens Paugain,TOTAL,True,26.0,1.0,0.0,1.0,0.0,1388.0,True,Haiti,Right-Back,Zulte Waregem
610581,Ali Al-Hamadi,League One,False,13.0,1.0,1.0,1.0,0.0,413.0,True,Iraq,Centre-Forward,Luton Town
610581,Ali Al-Hamadi,FA Cup,False,1.0,0.0,0.0,0.0,0.0,28.0,True,Iraq,Centre-Forward,Luton Town
610581,Ali Al-Hamadi,Championship,False,1.0,0.0,0.0,0.0,0.0,11.0,True,Iraq,Centre-Forward,Luton Town
610581,Ali Al-Hamadi,EFL Cup,False,1.0,0.0,0.0,0.0,0.0,90.0,True,Iraq,Centre-Forward,Luton Town
610581,Ali Al-Hamadi,EFL Trophy,False,0.0,0.0,0.0,0.0,0.0,0.0,True,Iraq,Centre-Forward,Luton Town
610581,Ali Al-Hamadi,TOTAL,True,16.0,1.0,1.0,1.0,0.0,542.0,True,Iraq,Centre-Forward,Luton Town
611049,Lukas Cerv,Chance Liga,False,29.0,1.0,2.0,3.0,0.0,2388.0,True,Czech Republic,Central Midfield,FC Viktoria Plzen
611049,Lukas Cerv,Europa League,False,10.0,1.0,1.0,1.0,0.0,875.0,True,Czech Republic,Central Midfield,FC Viktoria Plzen
611049,Lukas Cerv,Champions League Qu.,False,4.0,0.0,0.0,1.0,0.0,360.0,True,Czech Republic,Central Midfield,FC Viktoria Plzen
611049,Lukas Cerv,MOL Cup,False,3.0,1.0,0.0,0.0,0.0,90.0,True,Czech Republic,Central Midfield,FC Viktoria Plzen
611049,Lukas Cerv,Chance Liga Champion Gr.,False,3.0,0.0,1.0,1.0,0.0,270.0,True,Czech Republic,Central Midfield,FC Viktoria Plzen
611049,Lukas Cerv,TOTAL,True,49.0,3.0,4.0,6.0,0.0,3983.0,True,Czech Republic,Central Midfield,FC Viktoria Plzen
611855,Sidny Lopes Cabral,Liga Portugal,False,23.0,6.0,6.0,4.0,0.0,1680.0,True,Cape Verde,Left-Back,SL Benfica
611855,Sidny Lopes Cabral,UEFA Champions League,False,2.0,0.0,0.0,0.0,0.0,11.0,True,Cape Verde,Left-Back,SL Benfica
611855,Sidny Lopes Cabral,Taça de Portugal,False,2.0,0.0,0.0,1.0,0.0,116.0,True,Cape Verde,Left-Back,SL Benfica
611855,Sidny Lopes Cabral,Allianz Cup,False,1.0,0.0,0.0,0.0,0.0,26.0,True,Cape Verde,Left-Back,SL Benfica
611855,Sidny Lopes Cabral,TOTAL,True,28.0,6.0,6.0,5.0,0.0,1833.0,True,Cape Verde,Left-Back,SL Benfica
616341,Nuno Mendes,Ligue 1,False,20.0,4.0,5.0,1.0,0.0,1250.0,True,Portugal,Left-Back,Paris Saint-Germain
616341,Nuno Mendes,UEFA Champions League,False,17.0,2.0,2.0,4.0,0.0,1403.0,True,Portugal,Left-Back,Paris Saint-Germain
616341,Nuno Mendes,Coupe de France,False,1.0,0.0,0.0,0.0,0.0,26.0,True,Portugal,Left-Back,Paris Saint-Germain
616341,Nuno Mendes,Trophée des Champions,False,1.0,0.0,0.0,0.0,0.0,90.0,True,Portugal,Left-Back,Paris Saint-Germain
616341,Nuno Mendes,FIFA Intercontinental Cup,False,1.0,0.0,0.0,0.0,0.0,120.0,True,Portugal,Left-Back,Paris Saint-Germain
616341,Nuno Mendes,UEFA Super Cup,False,1.0,0.0,0.0,0.0,0.0,90.0,True,Portugal,Left-Back,Paris Saint-Germain
616341,Nuno Mendes,TOTAL,True,41.0,6.0,7.0,5.0,0.0,2979.0,True,Portugal,Left-Back,Paris Saint-Germain
61651,Jordan Henderson,Premier League,False,32.0,1.0,3.0,6.0,0.0,1921.0,True,England,Defensive Midfield,Brentford FC
61651,Jordan Henderson,FA Cup,False,2.0,0.0,0.0,0.0,0.0,165.0,True,England,Defensive Midfield,Brentford FC
61651,Jordan Henderson,EFL Cup,False,0.0,0.0,0.0,0.0,0.0,0.0,True,England,Defensive Midfield,Brentford FC
61651,Jordan Henderson,TOTAL,True,34.0,1.0,3.0,6.0,0.0,2086.0,True,England,Defensive Midfield,Brentford FC
617009,Alex Paulsen,Ekstraklasa,False,24.0,41.0,2.0,2.0,0.0,2160.0,True,New Zealand,Goalkeeper,Lechia Gdansk
617009,Alex Paulsen,STS Polish Cup,False,3.0,4.0,1.0,0.0,0.0,300.0,True,New Zealand,Goalkeeper,Lechia Gdansk
617009,Alex Paulsen,Premier League,False,0.0,0.0,0.0,0.0,0.0,0.0,True,New Zealand,Goalkeeper,Lechia Gdansk
617009,Alex Paulsen,TOTAL,True,27.0,45.0,3.0,2.0,0.0,2460.0,True,New Zealand,Goalkeeper,Lechia Gdansk
617018,Marko Stamenić,Championship,False,36.0,3.0,2.0,12.0,0.0,2500.0,True,New Zealand,Central Midfield,Swansea City
617018,Marko Stamenić,EFL Cup,False,1.0,0.0,1.0,0.0,0.0,62.0,True,New Zealand,Central Midfield,Swansea City
617018,Marko Stamenić,FA Cup,False,1.0,0.0,0.0,1.0,0.0,82.0,True,New Zealand,Central Midfield,Swansea City
617018,Marko Stamenić,Premier League,False,0.0,0.0,0.0,0.0,0.0,0.0,True,New Zealand,Central Midfield,Swansea City
617018,Marko Stamenić,TOTAL,True,38.0,3.0,3.0,13.0,0.0,2644.0,True,New Zealand,Central Midfield,Swansea City
617021,Ben Old,Ligue 2,False,30.0,1.0,2.0,1.0,0.0,1879.0,True,New Zealand,Left-Back,AS Saint-Étienne
617021,Ben Old,Coupe de France,False,2.0,4.0,1.0,1.0,0.0,180.0,True,New Zealand,Left-Back,AS Saint-Étienne
617021,Ben Old,L1/L2 Playoffs,False,1.0,0.0,0.0,0.0,0.0,90.0,True,New Zealand,Left-Back,AS Saint-Étienne
617021,Ben Old,National 2 - Grp. G,False,1.0,0.0,0.0,0.0,0.0,90.0,True,New Zealand,Left-Back,AS Saint-Étienne
617021,Ben Old,TOTAL,True,34.0,5.0,3.0,2.0,0.0,2239.0,True,New Zealand,Left-Back,AS Saint-Étienne
620164,Haissem Hassan,LaLiga,False,37.0,0.0,3.0,1.0,0.0,1943.0,True,Egypt,Right Winger,Real Oviedo
620164,Haissem Hassan,Copa del Rey,False,1.0,0.0,0.0,0.0,0.0,81.0,True,Egypt,Right Winger,Real Oviedo
620164,Haissem Hassan,TOTAL,True,38.0,0.0,3.0,1.0,0.0,2024.0,True,Egypt,Right Winger,Real Oviedo
620217,Robin Hranac,Bundesliga,False,29.0,1.0,0.0,5.0,0.0,2251.0,True,Czech Republic,Centre-Back,TSG 1899 Hoffenheim
620217,Robin Hranac,DFB-Pokal,False,2.0,0.0,0.0,1.0,0.0,172.0,True,Czech Republic,Centre-Back,TSG 1899 Hoffenheim
620217,Robin Hranac,TOTAL,True,31.0,1.0,0.0,6.0,0.0,2423.0,True,Czech Republic,Centre-Back,TSG 1899 Hoffenheim
620307,Yannick Semedo,Liga Portugal 2,False,29.0,0.0,3.0,5.0,0.0,2011.0,True,Cape Verde,Central Midfield,SC Farense
620307,Yannick Semedo,Liga Portugal 2 - Play-Off,False,2.0,0.0,0.0,1.0,0.0,137.0,True,Cape Verde,Central Midfield,SC Farense
620307,Yannick Semedo,Taça de Portugal,False,0.0,0.0,0.0,0.0,0.0,0.0,True,Cape Verde,Central Midfield,SC Farense
620307,Yannick Semedo,TOTAL,True,31.0,0.0,3.0,6.0,0.0,2148.0,True,Cape Verde,Central Midfield,SC Farense
620322,Malo Gusto,Premier League,False,34.0,2.0,3.0,3.0,1.0,2268.0,True,France,Right-Back,Chelsea FC
620322,Malo Gusto,UEFA Champions League,False,7.0,1.0,1.0,1.0,0.0,476.0,True,France,Right-Back,Chelsea FC
620322,Malo Gusto,FA Cup,False,4.0,0.0,1.0,0.0,0.0,300.0,True,France,Right-Back,Chelsea FC
620322,Malo Gusto,EFL Cup,False,4.0,0.0,0.0,1.0,0.0,261.0,True,France,Right-Back,Chelsea FC
620322,Malo Gusto,TOTAL,True,49.0,3.0,5.0,5.0,1.0,3305.0,True,France,Right-Back,Chelsea FC
620560,Ivan Basic,Premier Liga,False,10.0,1.0,2.0,2.0,0.0,890.0,True,Bosnia and Herzegovina,Central Midfield,FC Astana
620560,Ivan Basic,UECL Qualifying,False,4.0,2.0,1.0,2.0,0.0,360.0,True,Bosnia and Herzegovina,Central Midfield,FC Astana
620560,Ivan Basic,Kazakhstan Cup,False,0.0,0.0,0.0,0.0,0.0,0.0,True,Bosnia and Herzegovina,Central Midfield,FC Astana
620560,Ivan Basic,TOTAL,True,14.0,3.0,3.0,4.0,0.0,1250.0,True,Bosnia and Herzegovina,Central Midfield,FC Astana
623570,Iliman Ndiaye,Premier League,False,32.0,6.0,3.0,2.0,0.0,2789.0,True,Senegal,Right Winger,Everton FC
623570,Iliman Ndiaye,EFL Cup,False,2.0,0.0,0.0,0.0,0.0,44.0,True,Senegal,Right Winger,Everton FC
623570,Iliman Ndiaye,FA Cup,False,0.0,0.0,0.0,0.0,0.0,0.0,True,Senegal,Right Winger,Everton FC
623570,Iliman Ndiaye,TOTAL,True,34.0,6.0,3.0,2.0,0.0,2833.0,True,Senegal,Right Winger,Everton FC
623965,João Paulo,SuperLiga,False,26.0,1.0,3.0,3.0,0.0,2003.0,True,Cape Verde,Defensive Midfield,FCSB
623965,João Paulo,SuperLiga - Relegation group,False,8.0,1.0,0.0,0.0,0.0,598.0,True,Cape Verde,Defensive Midfield,FCSB
623965,João Paulo,Romanian Cup,False,3.0,0.0,0.0,1.0,0.0,241.0,True,Cape Verde,Defensive Midfield,FCSB
623965,João Paulo,Playoff Conference League,False,2.0,1.0,0.0,0.0,0.0,201.0,True,Cape Verde,Defensive Midfield,FCSB
623965,João Paulo,Super Liga,False,0.0,0.0,0.0,0.0,0.0,0.0,True,Cape Verde,Defensive Midfield,FCSB
623965,João Paulo,TOTAL,True,39.0,3.0,3.0,4.0,0.0,3043.0,True,Cape Verde,Defensive Midfield,FCSB
624690,Manu Koné,Serie A,False,29.0,2.0,3.0,2.0,0.0,2459.0,True,France,Central Midfield,AS Roma
624690,Manu Koné,Europa League,False,7.0,0.0,0.0,1.0,0.0,266.0,True,France,Central Midfield,AS Roma
624690,Manu Koné,Italy Cup,False,1.0,0.0,0.0,0.0,0.0,33.0,True,France,Central Midfield,AS Roma
624690,Manu Koné,TOTAL,True,37.0,2.0,3.0,3.0,0.0,2758.0,True,France,Central Midfield,AS Roma
624913,Parfait Guiagon,Jupiler Pro League,False,26.0,8.0,5.0,5.0,0.0,2084.0,True,Ivory Coast,Left Winger,Royal Charleroi SC
624913,Parfait Guiagon,JPL Europe Play-Offs,False,7.0,1.0,0.0,1.0,0.0,474.0,True,Ivory Coast,Left Winger,Royal Charleroi SC
624913,Parfait Guiagon,Croky Cup,False,5.0,3.0,0.0,0.0,0.0,431.0,True,Ivory Coast,Left Winger,Royal Charleroi SC
624913,Parfait Guiagon,UECL Qualifying,False,2.0,0.0,0.0,2.0,0.0,194.0,True,Ivory Coast,Left Winger,Royal Charleroi SC
624913,Parfait Guiagon,TOTAL,True,40.0,12.0,5.0,8.0,0.0,3183.0,True,Ivory Coast,Left Winger,Royal Charleroi SC
625142,Zineddine Belaid,Ligue 1,False,22.0,1.0,0.0,3.0,0.0,1967.0,True,Algeria,Centre-Back,JS Kabylie
625142,Zineddine Belaid,CAF-Champions League,False,10.0,0.0,0.0,0.0,0.0,855.0,True,Algeria,Centre-Back,JS Kabylie
625142,Zineddine Belaid,Coupe d'Algerie,False,1.0,0.0,0.0,0.0,0.0,90.0,True,Algeria,Centre-Back,JS Kabylie
625142,Zineddine Belaid,Jupiler Pro League,False,0.0,0.0,0.0,0.0,0.0,0.0,True,Algeria,Centre-Back,JS Kabylie
625142,Zineddine Belaid,TOTAL,True,33.0,1.0,0.0,3.0,0.0,2912.0,True,Algeria,Centre-Back,JS Kabylie
626764,Livano Comenencia,Super League,False,24.0,0.0,0.0,3.0,1.0,1523.0,True,Curaçao,Right-Back,FC Zürich
626764,Livano Comenencia,Swiss Cup,False,1.0,0.0,0.0,0.0,0.0,120.0,True,Curaçao,Right-Back,FC Zürich
626764,Livano Comenencia,TOTAL,True,25.0,0.0,0.0,3.0,1.0,1643.0,True,Curaçao,Right-Back,FC Zürich
628806,Carlos Harvey,MLS,False,4.0,0.0,0.0,0.0,0.0,97.0,True,Panama,Defensive Midfield,Minnesota United FC
628806,Carlos Harvey,MLS Next Pro,False,1.0,0.0,0.0,1.0,0.0,45.0,True,Panama,Defensive Midfield,Minnesota United FC
628806,Carlos Harvey,US Open Cup,False,1.0,0.0,0.0,0.0,0.0,120.0,True,Panama,Defensive Midfield,Minnesota United FC
628806,Carlos Harvey,TOTAL,True,6.0,0.0,0.0,1.0,0.0,262.0,True,Panama,Defensive Midfield,Minnesota United FC
628834,Danley Jean Jacques,MLS,False,14.0,2.0,0.0,5.0,0.0,1151.0,True,Haiti,Defensive Midfield,Philadelphia Union
628834,Danley Jean Jacques,CONCACAF Champions Cup,False,3.0,0.0,0.0,0.0,0.0,144.0,True,Haiti,Defensive Midfield,Philadelphia Union
628834,Danley Jean Jacques,TOTAL,True,17.0,2.0,0.0,5.0,0.0,1295.0,True,Haiti,Defensive Midfield,Philadelphia Union
629773,Lukas Hornicek,Liga Portugal,False,33.0,33.0,12.0,3.0,0.0,2960.0,True,Czech Republic,Goalkeeper,SC Braga
629773,Lukas Hornicek,Europa League,False,14.0,14.0,7.0,0.0,0.0,1260.0,True,Czech Republic,Goalkeeper,SC Braga
629773,Lukas Hornicek,Europa League Qualifying,False,5.0,1.0,4.0,0.0,0.0,480.0,True,Czech Republic,Goalkeeper,SC Braga
629773,Lukas Hornicek,Allianz Cup,False,3.0,3.0,1.0,1.0,0.0,270.0,True,Czech Republic,Goalkeeper,SC Braga
629773,Lukas Hornicek,Taça de Portugal,False,0.0,0.0,0.0,0.0,0.0,0.0,True,Czech Republic,Goalkeeper,SC Braga
629773,Lukas Hornicek,TOTAL,True,55.0,51.0,24.0,4.0,0.0,4970.0,True,Czech Republic,Goalkeeper,SC Braga
631922,Firas Al-Buraikan,Saudi Pro League,False,34.0,5.0,1.0,1.0,0.0,1729.0,True,Saudi Arabia,Centre-Forward,Al-Ahli SFC
631922,Firas Al-Buraikan,AFC Champions League,False,11.0,2.0,0.0,0.0,0.0,534.0,True,Saudi Arabia,Centre-Forward,Al-Ahli SFC
631922,Firas Al-Buraikan,King's Cup,False,3.0,1.0,0.0,0.0,0.0,135.0,True,Saudi Arabia,Centre-Forward,Al-Ahli SFC
631922,Firas Al-Buraikan,Saudi Super Cup,False,2.0,0.0,0.0,0.0,0.0,156.0,True,Saudi Arabia,Centre-Forward,Al-Ahli SFC
631922,Firas Al-Buraikan,FIFA Intercontinental Cup,False,1.0,0.0,0.0,0.0,0.0,22.0,True,Saudi Arabia,Centre-Forward,Al-Ahli SFC
631922,Firas Al-Buraikan,TOTAL,True,51.0,8.0,1.0,1.0,0.0,2576.0,True,Saudi Arabia,Centre-Forward,Al-Ahli SFC
631923,Khalid Al-Ghannam,Saudi Pro League,False,32.0,13.0,7.0,4.0,0.0,2175.0,True,Saudi Arabia,Left Winger,Al-Ettifaq FC
631923,Khalid Al-Ghannam,King's Cup,False,1.0,0.0,0.0,0.0,0.0,86.0,True,Saudi Arabia,Left Winger,Al-Ettifaq FC
631923,Khalid Al-Ghannam,TOTAL,True,33.0,13.0,7.0,4.0,0.0,2261.0,True,Saudi Arabia,Left Winger,Al-Ettifaq FC
631927,Saud Abdulhamid,Ligue 1,False,25.0,2.0,5.0,4.0,0.0,1345.0,True,Saudi Arabia,Right-Back,RC Lens
631927,Saud Abdulhamid,Coupe de France,False,6.0,1.0,3.0,1.0,0.0,493.0,True,Saudi Arabia,Right-Back,RC Lens
631927,Saud Abdulhamid,TOTAL,True,31.0,3.0,8.0,5.0,0.0,1838.0,True,Saudi Arabia,Right-Back,RC Lens
632349,Jarell Quansah,Bundesliga,False,28.0,4.0,0.0,9.0,0.0,2302.0,True,England,Centre-Back,Bayer 04 Leverkusen
632349,Jarell Quansah,UEFA Champions League,False,11.0,0.0,0.0,0.0,0.0,990.0,True,England,Centre-Back,Bayer 04 Leverkusen
632349,Jarell Quansah,DFB-Pokal,False,5.0,1.0,0.0,0.0,0.0,414.0,True,England,Centre-Back,Bayer 04 Leverkusen
632349,Jarell Quansah,TOTAL,True,44.0,5.0,0.0,9.0,0.0,3706.0,True,England,Centre-Back,Bayer 04 Leverkusen
632912,Salah Zakaria,Stars League,False,14.0,17.0,3.0,1.0,0.0,1205.0,True,Qatar,Goalkeeper,Al-Duhail SC
632912,Salah Zakaria,AFC Champions League,False,4.0,7.0,0.0,2.0,0.0,390.0,True,Qatar,Goalkeeper,Al-Duhail SC
632912,Salah Zakaria,Amir Cup,False,3.0,4.0,2.0,0.0,0.0,270.0,True,Qatar,Goalkeeper,Al-Duhail SC
632912,Salah Zakaria,AFC CL Elite Qualif.,False,1.0,2.0,0.0,0.0,0.0,90.0,True,Qatar,Goalkeeper,Al-Duhail SC
632912,Salah Zakaria,QSL Cup,False,0.0,0.0,0.0,0.0,0.0,0.0,True,Qatar,Goalkeeper,Al-Duhail SC
632912,Salah Zakaria,TOTAL,True,22.0,30.0,5.0,3.0,0.0,1955.0,True,Qatar,Goalkeeper,Al-Duhail SC
635445,Jayden Nelson,MLS,False,10.0,2.0,0.0,2.0,0.0,455.0,True,Canada,Left Winger,Austin FC
635445,Jayden Nelson,US Open Cup,False,1.0,0.0,0.0,0.0,0.0,64.0,True,Canada,Left Winger,Austin FC
635445,Jayden Nelson,TOTAL,True,11.0,2.0,0.0,2.0,0.0,519.0,True,Canada,Left Winger,Austin FC
637446,Alistair Johnston,Scottish Premiership Top Six Split,False,5.0,0.0,1.0,2.0,0.0,323.0,True,Canada,Right-Back,Celtic FC
637446,Alistair Johnston,Premiership,False,2.0,0.0,0.0,0.0,0.0,178.0,True,Canada,Right-Back,Celtic FC
637446,Alistair Johnston,League Cup,False,1.0,1.0,0.0,0.0,0.0,90.0,True,Canada,Right-Back,Celtic FC
637446,Alistair Johnston,SFA Cup,False,1.0,0.0,1.0,0.0,0.0,90.0,True,Canada,Right-Back,Celtic FC
637446,Alistair Johnston,Europa League,False,1.0,0.0,0.0,0.0,0.0,26.0,True,Canada,Right-Back,Celtic FC
637446,Alistair Johnston,Champions League Qu.,False,1.0,0.0,0.0,0.0,0.0,35.0,True,Canada,Right-Back,Celtic FC
637446,Alistair Johnston,TOTAL,True,11.0,1.0,2.0,2.0,0.0,742.0,True,Canada,Right-Back,Celtic FC
637632,Jacob Shaffelburg,MLS,False,6.0,0.0,2.0,0.0,0.0,224.0,True,Canada,Left Winger,Los Angeles FC
637632,Jacob Shaffelburg,CONCACAF Champions Cup,False,4.0,0.0,0.0,1.0,0.0,178.0,True,Canada,Left Winger,Los Angeles FC
637632,Jacob Shaffelburg,TOTAL,True,10.0,0.0,2.0,1.0,0.0,402.0,True,Canada,Left Winger,Los Angeles FC
638793,Tajon Buchanan,LaLiga,False,34.0,7.0,1.0,8.0,0.0,1821.0,True,Canada,Right Winger,Villarreal CF
638793,Tajon Buchanan,UEFA Champions League,False,7.0,0.0,0.0,0.0,0.0,430.0,True,Canada,Right Winger,Villarreal CF
638793,Tajon Buchanan,Copa del Rey,False,2.0,0.0,0.0,1.0,0.0,80.0,True,Canada,Right Winger,Villarreal CF
638793,Tajon Buchanan,TOTAL,True,43.0,7.0,1.0,9.0,0.0,2331.0,True,Canada,Right Winger,Villarreal CF
638990,Amar Memić,Chance Liga,False,27.0,3.0,8.0,3.0,0.0,2091.0,True,Bosnia and Herzegovina,Right Midfield,FC Viktoria Plzen
638990,Amar Memić,Europa League,False,10.0,0.0,1.0,1.0,0.0,903.0,True,Bosnia and Herzegovina,Right Midfield,FC Viktoria Plzen
638990,Amar Memić,Champions League Qu.,False,4.0,0.0,1.0,0.0,0.0,251.0,True,Bosnia and Herzegovina,Right Midfield,FC Viktoria Plzen
638990,Amar Memić,Chance Liga Champion Gr.,False,3.0,0.0,0.0,1.0,0.0,254.0,True,Bosnia and Herzegovina,Right Midfield,FC Viktoria Plzen
638990,Amar Memić,MOL Cup,False,0.0,0.0,0.0,0.0,0.0,0.0,True,Bosnia and Herzegovina,Right Midfield,FC Viktoria Plzen
638990,Amar Memić,TOTAL,True,44.0,3.0,10.0,5.0,0.0,3499.0,True,Bosnia and Herzegovina,Right Midfield,FC Viktoria Plzen
643259,Orlando Gill,Torneo Apertura,False,14.0,11.0,9.0,0.0,0.0,1260.0,True,Paraguay,Goalkeeper,CA San Lorenzo de Almagro
643259,Orlando Gill,Copa Sudamericana,False,6.0,5.0,2.0,1.0,0.0,540.0,True,Paraguay,Goalkeeper,CA San Lorenzo de Almagro
643259,Orlando Gill,Playoff Torneo Apertura,False,1.0,2.0,0.0,0.0,0.0,120.0,True,Paraguay,Goalkeeper,CA San Lorenzo de Almagro
643259,Orlando Gill,Copa Argentina,False,1.0,0.0,1.0,0.0,0.0,90.0,True,Paraguay,Goalkeeper,CA San Lorenzo de Almagro
643259,Orlando Gill,TOTAL,True,22.0,18.0,12.0,1.0,0.0,2010.0,True,Paraguay,Goalkeeper,CA San Lorenzo de Almagro
643574,Kaishu Sano,Bundesliga,False,34.0,1.0,3.0,1.0,0.0,3060.0,True,Japan,Defensive Midfield,1.FSV Mainz 05
643574,Kaishu Sano,Conference League,False,10.0,1.0,2.0,0.0,0.0,744.0,True,Japan,Defensive Midfield,1.FSV Mainz 05
643574,Kaishu Sano,DFB-Pokal,False,2.0,0.0,0.0,0.0,0.0,180.0,True,Japan,Defensive Midfield,1.FSV Mainz 05
643574,Kaishu Sano,UECL Qualifying,False,2.0,0.0,0.0,0.0,0.0,180.0,True,Japan,Defensive Midfield,1.FSV Mainz 05
643574,Kaishu Sano,TOTAL,True,48.0,2.0,5.0,1.0,0.0,4164.0,True,Japan,Defensive Midfield,1.FSV Mainz 05
644771,Odilon Kossounou,Serie A,False,19.0,1.0,0.0,1.0,0.0,985.0,True,Ivory Coast,Centre-Back,Atalanta BC
644771,Odilon Kossounou,UEFA Champions League,False,10.0,0.0,0.0,2.0,0.0,812.0,True,Ivory Coast,Centre-Back,Atalanta BC
644771,Odilon Kossounou,Italy Cup,False,3.0,0.0,0.0,0.0,0.0,89.0,True,Ivory Coast,Centre-Back,Atalanta BC
644771,Odilon Kossounou,TOTAL,True,32.0,1.0,0.0,3.0,0.0,1886.0,True,Ivory Coast,Centre-Back,Atalanta BC
646108,Louicius Deedson,MLS,False,7.0,1.0,0.0,0.0,0.0,253.0,True,Haiti,Right Winger,FC Dallas
646108,Louicius Deedson,Superliga,False,0.0,0.0,0.0,0.0,0.0,0.0,True,Haiti,Right Winger,FC Dallas
646108,Louicius Deedson,TOTAL,True,7.0,1.0,0.0,0.0,0.0,253.0,True,Haiti,Right Winger,FC Dallas
646991,Robin Roefs,Premier League,False,35.0,46.0,10.0,4.0,0.0,3150.0,True,Netherlands,Goalkeeper,Sunderland AFC
646991,Robin Roefs,FA Cup,False,2.0,1.0,1.0,0.0,0.0,210.0,True,Netherlands,Goalkeeper,Sunderland AFC
646991,Robin Roefs,EFL Cup,False,0.0,0.0,0.0,0.0,0.0,0.0,True,Netherlands,Goalkeeper,Sunderland AFC
646991,Robin Roefs,TOTAL,True,37.0,47.0,11.0,4.0,0.0,3360.0,True,Netherlands,Goalkeeper,Sunderland AFC
647384,Thelo Aasgaard,Premiership,False,28.0,5.0,3.0,4.0,0.0,1515.0,True,Norway,Attacking Midfield,Rangers FC
647384,Thelo Aasgaard,Europa League,False,8.0,0.0,1.0,0.0,0.0,417.0,True,Norway,Attacking Midfield,Rangers FC
647384,Thelo Aasgaard,Scottish Premiership Top Six Split,False,5.0,2.0,0.0,0.0,0.0,292.0,True,Norway,Attacking Midfield,Rangers FC
647384,Thelo Aasgaard,League Cup,False,3.0,0.0,0.0,0.0,0.0,149.0,True,Norway,Attacking Midfield,Rangers FC
647384,Thelo Aasgaard,SFA Cup,False,2.0,1.0,1.0,0.0,0.0,55.0,True,Norway,Attacking Midfield,Rangers FC
647384,Thelo Aasgaard,Champions League Qu.,False,2.0,0.0,0.0,1.0,0.0,74.0,True,Norway,Attacking Midfield,Rangers FC
647384,Thelo Aasgaard,TOTAL,True,48.0,8.0,5.0,5.0,0.0,2502.0,True,Norway,Attacking Midfield,Rangers FC
648195,Enzo Fernández,Premier League,False,36.0,10.0,4.0,10.0,0.0,3121.0,True,Argentina,Central Midfield,Chelsea FC
648195,Enzo Fernández,UEFA Champions League,False,10.0,3.0,2.0,2.0,0.0,748.0,True,Argentina,Central Midfield,Chelsea FC
648195,Enzo Fernández,FA Cup,False,4.0,2.0,1.0,1.0,0.0,231.0,True,Argentina,Central Midfield,Chelsea FC
648195,Enzo Fernández,EFL Cup,False,4.0,0.0,0.0,1.0,0.0,279.0,True,Argentina,Central Midfield,Chelsea FC
648195,Enzo Fernández,TOTAL,True,54.0,15.0,7.0,14.0,0.0,4379.0,True,Argentina,Central Midfield,Chelsea FC
648779,Wilfried Singo,Süper Lig,False,19.0,2.0,2.0,3.0,0.0,949.0,True,Ivory Coast,Right-Back,Galatasaray
648779,Wilfried Singo,UEFA Champions League,False,7.0,0.0,1.0,0.0,0.0,480.0,True,Ivory Coast,Right-Back,Galatasaray
648779,Wilfried Singo,Türkiye Kupasi,False,3.0,0.0,0.0,0.0,0.0,128.0,True,Ivory Coast,Right-Back,Galatasaray
648779,Wilfried Singo,TFF Süper Kupa,False,0.0,0.0,0.0,0.0,0.0,0.0,True,Ivory Coast,Right-Back,Galatasaray
648779,Wilfried Singo,Ligue 1,False,0.0,0.0,0.0,0.0,0.0,0.0,True,Ivory Coast,Right-Back,Galatasaray
648779,Wilfried Singo,TOTAL,True,29.0,2.0,3.0,3.0,0.0,1557.0,True,Ivory Coast,Right-Back,Galatasaray
651269,Armin Gigovic,Super League,False,31.0,1.0,5.0,3.0,1.0,2117.0,True,Bosnia and Herzegovina,Central Midfield,BSC Young Boys
651269,Armin Gigovic,Europa League,False,6.0,1.0,0.0,0.0,0.0,329.0,True,Bosnia and Herzegovina,Central Midfield,BSC Young Boys
651269,Armin Gigovic,Europa League Qualifying,False,2.0,2.0,0.0,0.0,0.0,168.0,True,Bosnia and Herzegovina,Central Midfield,BSC Young Boys
651269,Armin Gigovic,Swiss Cup,False,2.0,0.0,0.0,0.0,0.0,122.0,True,Bosnia and Herzegovina,Central Midfield,BSC Young Boys
651269,Armin Gigovic,2. Bundesliga,False,1.0,1.0,0.0,0.0,0.0,87.0,True,Bosnia and Herzegovina,Central Midfield,BSC Young Boys
651269,Armin Gigovic,TOTAL,True,42.0,5.0,5.0,3.0,1.0,2823.0,True,Bosnia and Herzegovina,Central Midfield,BSC Young Boys
652060,Denis Visinsky,Chance Liga,False,23.0,6.0,2.0,6.0,0.0,1369.0,True,Czech Republic,Attacking Midfield,FC Viktoria Plzen
652060,Denis Visinsky,Europa League,False,10.0,1.0,0.0,1.0,0.0,458.0,True,Czech Republic,Attacking Midfield,FC Viktoria Plzen
652060,Denis Visinsky,Chance Liga Champion Gr.,False,4.0,2.0,1.0,0.0,0.0,299.0,True,Czech Republic,Attacking Midfield,FC Viktoria Plzen
652060,Denis Visinsky,MOL Cup,False,2.0,0.0,0.0,0.0,0.0,156.0,True,Czech Republic,Attacking Midfield,FC Viktoria Plzen
652060,Denis Visinsky,Champions League Qu.,False,2.0,0.0,0.0,0.0,0.0,34.0,True,Czech Republic,Attacking Midfield,FC Viktoria Plzen
652060,Denis Visinsky,TOTAL,True,41.0,9.0,3.0,7.0,0.0,2316.0,True,Czech Republic,Attacking Midfield,FC Viktoria Plzen
654982,Bilal El Khannouss,Bundesliga,False,25.0,4.0,5.0,6.0,0.0,1635.0,True,Morocco,Attacking Midfield,VfB Stuttgart
654982,Bilal El Khannouss,Europa League,False,11.0,5.0,0.0,4.0,0.0,641.0,True,Morocco,Attacking Midfield,VfB Stuttgart
654982,Bilal El Khannouss,DFB-Pokal,False,5.0,0.0,2.0,1.0,0.0,302.0,True,Morocco,Attacking Midfield,VfB Stuttgart
654982,Bilal El Khannouss,Championship,False,2.0,0.0,2.0,0.0,0.0,135.0,True,Morocco,Attacking Midfield,VfB Stuttgart
654982,Bilal El Khannouss,EFL Cup,False,1.0,0.0,0.0,0.0,0.0,7.0,True,Morocco,Attacking Midfield,VfB Stuttgart
654982,Bilal El Khannouss,TOTAL,True,44.0,9.0,9.0,11.0,0.0,2720.0,True,Morocco,Attacking Midfield,VfB Stuttgart
655006,Diego Moreira,Ligue 1,False,27.0,4.0,7.0,4.0,0.0,2045.0,True,Belgium,Left Midfield,RC Strasbourg Alsace
655006,Diego Moreira,Conference League,False,10.0,0.0,1.0,4.0,0.0,514.0,True,Belgium,Left Midfield,RC Strasbourg Alsace
655006,Diego Moreira,Coupe de France,False,4.0,1.0,0.0,1.0,0.0,285.0,True,Belgium,Left Midfield,RC Strasbourg Alsace
655006,Diego Moreira,UECL Qualifying,False,1.0,0.0,1.0,1.0,0.0,88.0,True,Belgium,Left Midfield,RC Strasbourg Alsace
655006,Diego Moreira,TOTAL,True,42.0,5.0,9.0,10.0,0.0,2932.0,True,Belgium,Left Midfield,RC Strasbourg Alsace
655488,Gabriel Martinelli,Premier League,False,30.0,1.0,4.0,3.0,0.0,1073.0,True,Brazil,Left Winger,Arsenal FC
655488,Gabriel Martinelli,UEFA Champions League,False,14.0,6.0,2.0,1.0,0.0,698.0,True,Brazil,Left Winger,Arsenal FC
655488,Gabriel Martinelli,EFL Cup,False,5.0,0.0,0.0,0.0,0.0,261.0,True,Brazil,Left Winger,Arsenal FC
655488,Gabriel Martinelli,FA Cup,False,4.0,4.0,1.0,1.0,0.0,352.0,True,Brazil,Left Winger,Arsenal FC
655488,Gabriel Martinelli,TOTAL,True,53.0,11.0,7.0,5.0,0.0,2384.0,True,Brazil,Left Winger,Arsenal FC
657430,Samú Costa,LaLiga,False,34.0,7.0,2.0,11.0,0.0,2707.0,True,Portugal,Defensive Midfield,RCD Mallorca
657430,Samú Costa,Copa del Rey,False,2.0,0.0,0.0,0.0,0.0,103.0,True,Portugal,Defensive Midfield,RCD Mallorca
657430,Samú Costa,TOTAL,True,36.0,7.0,2.0,11.0,0.0,2810.0,True,Portugal,Defensive Midfield,RCD Mallorca
658052,Mohammad Abualnadi,Super League,False,18.0,0.0,2.0,1.0,0.0,1169.0,True,Jordan,Centre-Back,Selangor FC
658052,Mohammad Abualnadi,ASEAN Club Championship,False,7.0,0.0,0.0,0.0,0.0,618.0,True,Jordan,Centre-Back,Selangor FC
658052,Mohammad Abualnadi,AFC Champions League Two,False,6.0,0.0,0.0,1.0,0.0,464.0,True,Jordan,Centre-Back,Selangor FC
658052,Mohammad Abualnadi,Piala Malaysia,False,5.0,0.0,1.0,1.0,0.0,274.0,True,Jordan,Centre-Back,Selangor FC
658052,Mohammad Abualnadi,Malaysia FA Cup,False,2.0,0.0,0.0,0.0,0.0,95.0,True,Jordan,Centre-Back,Selangor FC
658052,Mohammad Abualnadi,TOTAL,True,38.0,0.0,3.0,3.0,0.0,2620.0,True,Jordan,Centre-Back,Selangor FC
658536,Simon Adingra,Ligue 1,False,14.0,3.0,2.0,0.0,0.0,862.0,True,Ivory Coast,Left Winger,AS Monaco
658536,Simon Adingra,Premier League,False,14.0,1.0,1.0,2.0,0.0,658.0,True,Ivory Coast,Left Winger,AS Monaco
658536,Simon Adingra,UEFA Champions League,False,2.0,0.0,0.0,0.0,0.0,86.0,True,Ivory Coast,Left Winger,AS Monaco
658536,Simon Adingra,Coupe de France,False,1.0,0.0,0.0,0.0,0.0,45.0,True,Ivory Coast,Left Winger,AS Monaco
658536,Simon Adingra,FA Cup,False,1.0,0.0,0.0,0.0,0.0,71.0,True,Ivory Coast,Left Winger,AS Monaco
658536,Simon Adingra,EFL Cup,False,0.0,0.0,0.0,0.0,0.0,0.0,True,Ivory Coast,Left Winger,AS Monaco
658536,Simon Adingra,TOTAL,True,32.0,4.0,3.0,2.0,0.0,1722.0,True,Ivory Coast,Left Winger,AS Monaco
658805,Abdallah Al-Fakhouri,Jordanian Pro League,False,20.0,18.0,7.0,4.0,0.0,1728.0,True,Jordan,Goalkeeper,Al-Wehdat SC
658805,Abdallah Al-Fakhouri,AFC Champions League Two,False,5.0,9.0,0.0,0.0,0.0,389.0,True,Jordan,Goalkeeper,Al-Wehdat SC
658805,Abdallah Al-Fakhouri,TOTAL,True,25.0,27.0,7.0,4.0,0.0,2117.0,True,Jordan,Goalkeeper,Al-Wehdat SC
658807,Saleem Obaid,Jordanian Pro League,False,22.0,2.0,1.0,4.0,0.0,1771.0,True,Jordan,Centre-Back,Al-Hussein SC (Irbid)
658807,Saleem Obaid,AFC Champions League Two,False,6.0,0.0,0.0,0.0,0.0,501.0,True,Jordan,Centre-Back,Al-Hussein SC (Irbid)
658807,Saleem Obaid,TOTAL,True,28.0,2.0,1.0,4.0,0.0,2272.0,True,Jordan,Centre-Back,Al-Hussein SC (Irbid)
659459,Carney Chukwuemeka,Bundesliga,False,28.0,2.0,0.0,2.0,0.0,907.0,True,Austria,Central Midfield,Borussia Dortmund
659459,Carney Chukwuemeka,UEFA Champions League,False,8.0,1.0,2.0,0.0,0.0,221.0,True,Austria,Central Midfield,Borussia Dortmund
659459,Carney Chukwuemeka,DFB-Pokal,False,2.0,0.0,0.0,0.0,0.0,96.0,True,Austria,Central Midfield,Borussia Dortmund
659459,Carney Chukwuemeka,Premier League,False,0.0,0.0,0.0,0.0,0.0,0.0,True,Austria,Central Midfield,Borussia Dortmund
659459,Carney Chukwuemeka,TOTAL,True,38.0,3.0,2.0,2.0,0.0,1224.0,True,Austria,Central Midfield,Borussia Dortmund
659542,Elye Wahi,Ligue 1,False,14.0,5.0,1.0,5.0,0.0,929.0,True,Ivory Coast,Centre-Forward,OGC Nice
659542,Elye Wahi,Bundesliga,False,10.0,0.0,1.0,1.0,0.0,320.0,True,Ivory Coast,Centre-Forward,OGC Nice
659542,Elye Wahi,Coupe de France,False,4.0,2.0,1.0,0.0,0.0,313.0,True,Ivory Coast,Centre-Forward,OGC Nice
659542,Elye Wahi,UEFA Champions League,False,3.0,0.0,1.0,0.0,0.0,52.0,True,Ivory Coast,Centre-Forward,OGC Nice
659542,Elye Wahi,L1/L2 Playoffs,False,1.0,2.0,0.0,1.0,0.0,90.0,True,Ivory Coast,Centre-Forward,OGC Nice
659542,Elye Wahi,DFB-Pokal,False,1.0,1.0,1.0,0.0,0.0,28.0,True,Ivory Coast,Centre-Forward,OGC Nice
659542,Elye Wahi,Europa League,False,0.0,0.0,0.0,0.0,0.0,0.0,True,Ivory Coast,Centre-Forward,OGC Nice
659542,Elye Wahi,TOTAL,True,33.0,10.0,5.0,7.0,0.0,1732.0,True,Ivory Coast,Centre-Forward,OGC Nice
659806,Pedro Vite,Liga MX Clausura,False,17.0,1.0,0.0,2.0,0.0,1405.0,True,Ecuador,Central Midfield,UNAM Pumas
659806,Pedro Vite,Liga MX Apertura,False,14.0,1.0,0.0,1.0,0.0,907.0,True,Ecuador,Central Midfield,UNAM Pumas
659806,Pedro Vite,Liguilla Clausura,False,6.0,0.0,1.0,1.0,0.0,540.0,True,Ecuador,Central Midfield,UNAM Pumas
659806,Pedro Vite,CONCACAF Champions Cup,False,2.0,1.0,0.0,0.0,0.0,173.0,True,Ecuador,Central Midfield,UNAM Pumas
659806,Pedro Vite,Liguilla Apertura,False,1.0,1.0,0.0,0.0,0.0,45.0,True,Ecuador,Central Midfield,UNAM Pumas
659806,Pedro Vite,TOTAL,True,40.0,4.0,1.0,4.0,0.0,3070.0,True,Ecuador,Central Midfield,UNAM Pumas
659813,Piero Hincapié,Premier League,False,25.0,1.0,2.0,2.0,0.0,1792.0,True,Ecuador,Centre-Back,Arsenal FC
659813,Piero Hincapié,UEFA Champions League,False,10.0,0.0,0.0,0.0,0.0,694.0,True,Ecuador,Centre-Back,Arsenal FC
659813,Piero Hincapié,EFL Cup,False,3.0,0.0,0.0,1.0,0.0,225.0,True,Ecuador,Centre-Back,Arsenal FC
659813,Piero Hincapié,FA Cup,False,1.0,0.0,0.0,0.0,0.0,52.0,True,Ecuador,Centre-Back,Arsenal FC
659813,Piero Hincapié,Bundesliga,False,1.0,0.0,0.0,0.0,0.0,90.0,True,Ecuador,Centre-Back,Arsenal FC
659813,Piero Hincapié,DFB-Pokal,False,1.0,0.0,0.0,0.0,0.0,65.0,True,Ecuador,Centre-Back,Arsenal FC
659813,Piero Hincapié,TOTAL,True,41.0,1.0,2.0,3.0,0.0,2918.0,True,Ecuador,Centre-Back,Arsenal FC
660867,Julio Enciso,Ligue 1,False,27.0,3.0,6.0,2.0,0.0,1893.0,True,Paraguay,Attacking Midfield,RC Strasbourg Alsace
660867,Julio Enciso,Conference League,False,10.0,3.0,3.0,0.0,0.0,690.0,True,Paraguay,Attacking Midfield,RC Strasbourg Alsace
660867,Julio Enciso,Coupe de France,False,5.0,6.0,0.0,0.0,0.0,384.0,True,Paraguay,Attacking Midfield,RC Strasbourg Alsace
660867,Julio Enciso,Premier League,False,0.0,0.0,0.0,0.0,0.0,0.0,True,Paraguay,Attacking Midfield,RC Strasbourg Alsace
660867,Julio Enciso,EFL Cup,False,0.0,0.0,0.0,0.0,0.0,0.0,True,Paraguay,Attacking Midfield,RC Strasbourg Alsace
660867,Julio Enciso,TOTAL,True,42.0,12.0,9.0,2.0,0.0,2967.0,True,Paraguay,Attacking Midfield,RC Strasbourg Alsace
661171,Willian Pacho,Ligue 1,False,23.0,0.0,0.0,0.0,0.0,1915.0,True,Ecuador,Centre-Back,Paris Saint-Germain
661171,Willian Pacho,UEFA Champions League,False,17.0,2.0,1.0,0.0,0.0,1560.0,True,Ecuador,Centre-Back,Paris Saint-Germain
661171,Willian Pacho,Coupe de France,False,1.0,0.0,0.0,0.0,0.0,64.0,True,Ecuador,Centre-Back,Paris Saint-Germain
661171,Willian Pacho,Trophée des Champions,False,1.0,0.0,0.0,0.0,0.0,90.0,True,Ecuador,Centre-Back,Paris Saint-Germain
661171,Willian Pacho,FIFA Intercontinental Cup,False,1.0,0.0,0.0,1.0,0.0,120.0,True,Ecuador,Centre-Back,Paris Saint-Germain
661171,Willian Pacho,UEFA Super Cup,False,1.0,0.0,0.0,1.0,0.0,90.0,True,Ecuador,Centre-Back,Paris Saint-Germain
661171,Willian Pacho,TOTAL,True,44.0,2.0,1.0,2.0,0.0,3839.0,True,Ecuador,Centre-Back,Paris Saint-Germain
661207,Oscar Bobb,Premier League,False,23.0,0.0,1.0,1.0,0.0,1037.0,True,Norway,Right Winger,Fulham FC
661207,Oscar Bobb,UEFA Champions League,False,3.0,0.0,0.0,0.0,0.0,73.0,True,Norway,Right Winger,Fulham FC
661207,Oscar Bobb,EFL Cup,False,3.0,0.0,0.0,0.0,0.0,199.0,True,Norway,Right Winger,Fulham FC
661207,Oscar Bobb,FA Cup,False,2.0,0.0,0.0,0.0,0.0,176.0,True,Norway,Right Winger,Fulham FC
661207,Oscar Bobb,TOTAL,True,31.0,0.0,1.0,1.0,0.0,1485.0,True,Norway,Right Winger,Fulham FC
661269,Matías Galarza,MLS,False,10.0,0.0,0.0,2.0,0.0,667.0,True,Paraguay,Central Midfield,Atlanta United FC
661269,Matías Galarza,US Open Cup,False,3.0,0.0,0.0,0.0,0.0,180.0,True,Paraguay,Central Midfield,Atlanta United FC
661269,Matías Galarza,Torneo Apertura,False,0.0,0.0,0.0,0.0,0.0,0.0,True,Paraguay,Central Midfield,Atlanta United FC
661269,Matías Galarza,Copa Argentina,False,0.0,0.0,0.0,0.0,0.0,0.0,True,Paraguay,Central Midfield,Atlanta United FC
661269,Matías Galarza,TOTAL,True,13.0,0.0,0.0,2.0,0.0,847.0,True,Paraguay,Central Midfield,Atlanta United FC
661427,David Møller Wolfe,Premier League,False,22.0,0.0,2.0,1.0,0.0,1048.0,True,Norway,Left-Back,Wolverhampton Wanderers
661427,David Møller Wolfe,FA Cup,False,3.0,0.0,1.0,0.0,0.0,182.0,True,Norway,Left-Back,Wolverhampton Wanderers
661427,David Møller Wolfe,EFL Cup,False,1.0,2.0,0.0,0.0,0.0,90.0,True,Norway,Left-Back,Wolverhampton Wanderers
661427,David Møller Wolfe,UECL Qualifying,False,0.0,0.0,0.0,0.0,0.0,0.0,True,Norway,Left-Back,Wolverhampton Wanderers
661427,David Møller Wolfe,TOTAL,True,26.0,2.0,3.0,1.0,0.0,1320.0,True,Norway,Left-Back,Wolverhampton Wanderers
661455,Oufa Shobeir,CAF-Champions League,False,9.0,6.0,4.0,1.0,0.0,731.0,True,Egypt,Goalkeeper,Al Ahly FC
661455,Oufa Shobeir,Championship Playoff,False,6.0,5.0,3.0,2.0,0.0,540.0,True,Egypt,Goalkeeper,Al Ahly FC
661455,Oufa Shobeir,Premier League,False,5.0,6.0,1.0,0.0,0.0,450.0,True,Egypt,Goalkeeper,Al Ahly FC
661455,Oufa Shobeir,Egyptian League Cup,False,0.0,0.0,0.0,0.0,0.0,0.0,True,Egypt,Goalkeeper,Al Ahly FC
661455,Oufa Shobeir,Egypt Cup,False,0.0,0.0,0.0,0.0,0.0,0.0,True,Egypt,Goalkeeper,Al Ahly FC
661455,Oufa Shobeir,Egyptian Super Cup,False,0.0,0.0,0.0,0.0,0.0,0.0,True,Egypt,Goalkeeper,Al Ahly FC
661455,Oufa Shobeir,TOTAL,True,20.0,17.0,8.0,3.0,0.0,1721.0,True,Egypt,Goalkeeper,Al Ahly FC
662119,Kelvin Pires,Veikkausliiga,False,7.0,1.0,0.0,4.0,0.0,630.0,True,Cape Verde,Centre-Back,SJK Seinäjoki
662119,Kelvin Pires,Liigacup,False,5.0,0.0,0.0,3.0,0.0,330.0,True,Cape Verde,Centre-Back,SJK Seinäjoki
662119,Kelvin Pires,Suomen Cup,False,0.0,0.0,0.0,0.0,0.0,0.0,True,Cape Verde,Centre-Back,SJK Seinäjoki
662119,Kelvin Pires,UECL Qualifying,False,0.0,0.0,0.0,0.0,0.0,0.0,True,Cape Verde,Centre-Back,SJK Seinäjoki
662119,Kelvin Pires,TOTAL,True,12.0,1.0,0.0,7.0,0.0,960.0,True,Cape Verde,Centre-Back,SJK Seinäjoki
663153,Marko Farji,Serie B,False,2.0,0.0,0.0,0.0,0.0,21.0,True,Iraq,Left Winger,Venezia FC
663153,Marko Farji,NM-Cup,False,1.0,0.0,0.0,0.0,0.0,74.0,True,Iraq,Left Winger,Venezia FC
663153,Marko Farji,TOTAL,True,3.0,0.0,0.0,0.0,0.0,95.0,True,Iraq,Left Winger,Venezia FC
663961,Tyrick Bodak,Eredivisie,False,0.0,0.0,0.0,0.0,0.0,0.0,True,Curaçao,Goalkeeper,SC Telstar
663961,Tyrick Bodak,KNVB Beker,False,0.0,0.0,0.0,0.0,0.0,0.0,True,Curaçao,Goalkeeper,SC Telstar
663961,Tyrick Bodak,TOTAL,True,0.0,0.0,0.0,0.0,0.0,0.0,True,Curaçao,Goalkeeper,SC Telstar
664057,Ali Olwan,Iraq Stars League,False,11.0,5.0,1.0,1.0,0.0,905.0,True,Jordan,Centre-Forward,Al-Sailiya SC
664057,Ali Olwan,Stars League,False,2.0,0.0,0.0,0.0,0.0,126.0,True,Jordan,Centre-Forward,Al-Sailiya SC
664057,Ali Olwan,Amir Cup,False,0.0,0.0,0.0,0.0,0.0,0.0,True,Jordan,Centre-Forward,Al-Sailiya SC
664057,Ali Olwan,QSL Cup,False,0.0,0.0,0.0,0.0,0.0,0.0,True,Jordan,Centre-Forward,Al-Sailiya SC
664057,Ali Olwan,Iraq FA Cup,False,0.0,0.0,0.0,0.0,0.0,0.0,True,Jordan,Centre-Forward,Al-Sailiya SC
664057,Ali Olwan,TOTAL,True,13.0,5.0,1.0,1.0,0.0,1031.0,True,Jordan,Centre-Forward,Al-Sailiya SC
668167,Samir Chergui,Ligue 1,False,15.0,1.0,0.0,1.0,0.0,1155.0,True,Algeria,Centre-Back,Paris FC
668167,Samir Chergui,Coupe de France,False,0.0,0.0,0.0,0.0,0.0,0.0,True,Algeria,Centre-Back,Paris FC
668167,Samir Chergui,TOTAL,True,15.0,1.0,0.0,1.0,0.0,1155.0,True,Algeria,Centre-Back,Paris FC
668207,Petar Sučić,Serie A,False,34.0,2.0,2.0,5.0,0.0,1764.0,True,Croatia,Central Midfield,Inter Milan
668207,Petar Sučić,UEFA Champions League,False,10.0,1.0,0.0,0.0,0.0,480.0,True,Croatia,Central Midfield,Inter Milan
668207,Petar Sučić,Italy Cup,False,5.0,1.0,2.0,1.0,0.0,301.0,True,Croatia,Central Midfield,Inter Milan
668207,Petar Sučić,Supercoppa Italiana,False,1.0,0.0,0.0,0.0,0.0,4.0,True,Croatia,Central Midfield,Inter Milan
668207,Petar Sučić,TOTAL,True,50.0,4.0,4.0,6.0,0.0,2549.0,True,Croatia,Central Midfield,Inter Milan
668606,Yuito Suzuki,Bundesliga,False,25.0,4.0,3.0,3.0,0.0,1637.0,True,Japan,Second Striker,SC Freiburg
668606,Yuito Suzuki,Europa League,False,11.0,4.0,3.0,1.0,0.0,892.0,True,Japan,Second Striker,SC Freiburg
668606,Yuito Suzuki,DFB-Pokal,False,5.0,1.0,1.0,0.0,0.0,422.0,True,Japan,Second Striker,SC Freiburg
668606,Yuito Suzuki,TOTAL,True,41.0,9.0,7.0,4.0,0.0,2951.0,True,Japan,Second Striker,SC Freiburg
669629,Mahmoud Abunada,Stars League,False,20.0,27.0,5.0,2.0,0.0,1800.0,True,Qatar,Goalkeeper,Al-Rayyan SC
669629,Mahmoud Abunada,Amir Cup,False,2.0,3.0,1.0,0.0,0.0,180.0,True,Qatar,Goalkeeper,Al-Rayyan SC
669629,Mahmoud Abunada,QSL Cup,False,1.0,0.0,1.0,0.0,0.0,90.0,True,Qatar,Goalkeeper,Al-Rayyan SC
669629,Mahmoud Abunada,TOTAL,True,23.0,30.0,7.0,2.0,0.0,2070.0,True,Qatar,Goalkeeper,Al-Rayyan SC
670103,Andreas Schjelderup,Liga Portugal,False,28.0,7.0,6.0,2.0,0.0,1733.0,True,Norway,Left Winger,SL Benfica
670103,Andreas Schjelderup,UEFA Champions League,False,7.0,2.0,0.0,0.0,0.0,422.0,True,Norway,Left Winger,SL Benfica
670103,Andreas Schjelderup,Taça de Portugal,False,4.0,0.0,0.0,0.0,0.0,188.0,True,Norway,Left Winger,SL Benfica
670103,Andreas Schjelderup,Champions League Qu.,False,3.0,1.0,1.0,1.0,0.0,143.0,True,Norway,Left Winger,SL Benfica
670103,Andreas Schjelderup,Allianz Cup,False,1.0,0.0,0.0,0.0,0.0,64.0,True,Norway,Left Winger,SL Benfica
670103,Andreas Schjelderup,Portuguese Supercup,False,0.0,0.0,0.0,0.0,0.0,0.0,True,Norway,Left Winger,SL Benfica
670103,Andreas Schjelderup,TOTAL,True,43.0,10.0,7.0,3.0,0.0,2550.0,True,Norway,Left Winger,SL Benfica
670659,Ahmed Al-Ganehi,Stars League,False,11.0,2.0,3.0,4.0,0.0,902.0,True,Qatar,Right Winger,Al-Gharafa SC
670659,Ahmed Al-Ganehi,Amir Cup,False,3.0,1.0,1.0,1.0,0.0,262.0,True,Qatar,Right Winger,Al-Gharafa SC
670659,Ahmed Al-Ganehi,AFC Champions League,False,3.0,0.0,0.0,0.0,0.0,195.0,True,Qatar,Right Winger,Al-Gharafa SC
670659,Ahmed Al-Ganehi,QSL Cup,False,0.0,0.0,0.0,0.0,0.0,0.0,True,Qatar,Right Winger,Al-Gharafa SC
670659,Ahmed Al-Ganehi,TOTAL,True,17.0,3.0,4.0,5.0,0.0,1359.0,True,Qatar,Right Winger,Al-Gharafa SC
670681,João Neves,Ligue 1,False,21.0,5.0,1.0,0.0,0.0,1286.0,True,Portugal,Central Midfield,Paris Saint-Germain
670681,João Neves,UEFA Champions League,False,14.0,2.0,3.0,1.0,0.0,1144.0,True,Portugal,Central Midfield,Paris Saint-Germain
670681,João Neves,Coupe de France,False,1.0,0.0,0.0,0.0,0.0,61.0,True,Portugal,Central Midfield,Paris Saint-Germain
670681,João Neves,Trophée des Champions,False,1.0,0.0,0.0,0.0,0.0,90.0,True,Portugal,Central Midfield,Paris Saint-Germain
670681,João Neves,FIFA Intercontinental Cup,False,1.0,0.0,0.0,0.0,0.0,120.0,True,Portugal,Central Midfield,Paris Saint-Germain
670681,João Neves,UEFA Super Cup,False,0.0,0.0,0.0,0.0,0.0,0.0,True,Portugal,Central Midfield,Paris Saint-Germain
670681,João Neves,TOTAL,True,38.0,7.0,4.0,1.0,0.0,2701.0,True,Portugal,Central Midfield,Paris Saint-Germain
672391,Ali Majrashi,Saudi Pro League,False,27.0,1.0,4.0,5.0,1.0,2171.0,True,Saudi Arabia,Right-Back,Al-Ahli SFC
672391,Ali Majrashi,AFC Champions League,False,9.0,0.0,1.0,1.0,0.0,621.0,True,Saudi Arabia,Right-Back,Al-Ahli SFC
672391,Ali Majrashi,King's Cup,False,4.0,0.0,0.0,1.0,0.0,280.0,True,Saudi Arabia,Right-Back,Al-Ahli SFC
672391,Ali Majrashi,Saudi Super Cup,False,2.0,0.0,0.0,0.0,0.0,114.0,True,Saudi Arabia,Right-Back,Al-Ahli SFC
672391,Ali Majrashi,FIFA Intercontinental Cup,False,1.0,0.0,0.0,0.0,0.0,22.0,True,Saudi Arabia,Right-Back,Al-Ahli SFC
672391,Ali Majrashi,TOTAL,True,43.0,1.0,5.0,7.0,1.0,3208.0,True,Saudi Arabia,Right-Back,Al-Ahli SFC
673381,Oswin Appollis,Betway Premiership,False,30.0,9.0,6.0,0.0,0.0,2170.0,True,South Africa,Left Winger,Orlando Pirates
673381,Oswin Appollis,MTN8,False,4.0,1.0,2.0,0.0,0.0,233.0,True,South Africa,Left Winger,Orlando Pirates
673381,Oswin Appollis,Carling Knockout,False,4.0,0.0,1.0,0.0,0.0,348.0,True,South Africa,Left Winger,Orlando Pirates
673381,Oswin Appollis,CAF-Champions League,False,3.0,2.0,0.0,0.0,0.0,270.0,True,South Africa,Left Winger,Orlando Pirates
673381,Oswin Appollis,Nedbank Cup,False,2.0,0.0,0.0,0.0,0.0,119.0,True,South Africa,Left Winger,Orlando Pirates
673381,Oswin Appollis,TOTAL,True,43.0,12.0,9.0,0.0,0.0,3140.0,True,South Africa,Left Winger,Orlando Pirates
675178,Isidro Pitta,Série A,False,17.0,5.0,2.0,2.0,0.0,1144.0,True,Paraguay,Centre-Forward,Red Bull Bragantino
675178,Isidro Pitta,Copa Sudamericana,False,6.0,3.0,1.0,1.0,0.0,319.0,True,Paraguay,Centre-Forward,Red Bull Bragantino
675178,Isidro Pitta,Campeonato Paulista,False,3.0,1.0,1.0,1.0,0.0,185.0,True,Paraguay,Centre-Forward,Red Bull Bragantino
675178,Isidro Pitta,Copa do Brasil,False,2.0,0.0,1.0,0.0,0.0,180.0,True,Paraguay,Centre-Forward,Red Bull Bragantino
675178,Isidro Pitta,TOTAL,True,28.0,9.0,5.0,4.0,0.0,1828.0,True,Paraguay,Centre-Forward,Red Bull Bragantino
676411,Dailon Livramento,Liga Portugal,False,24.0,0.0,1.0,2.0,0.0,940.0,True,Cape Verde,Centre-Forward,Casa Pia AC
676411,Dailon Livramento,Liga Portugal - Play-Off,False,2.0,0.0,0.0,0.0,0.0,98.0,True,Cape Verde,Centre-Forward,Casa Pia AC
676411,Dailon Livramento,Taça de Portugal,False,2.0,0.0,0.0,0.0,0.0,109.0,True,Cape Verde,Centre-Forward,Casa Pia AC
676411,Dailon Livramento,Italy Cup,False,1.0,0.0,0.0,0.0,0.0,27.0,True,Cape Verde,Centre-Forward,Casa Pia AC
676411,Dailon Livramento,Serie A,False,0.0,0.0,0.0,0.0,0.0,0.0,True,Cape Verde,Centre-Forward,Casa Pia AC
676411,Dailon Livramento,TOTAL,True,29.0,0.0,1.0,2.0,0.0,1174.0,True,Cape Verde,Centre-Forward,Casa Pia AC
677278,Ibrahim Adel,Superliga Championship round,False,10.0,3.0,1.0,2.0,0.0,603.0,True,Egypt,Left Winger,FC Nordsjaelland
677278,Ibrahim Adel,UAE Pro League,False,8.0,0.0,0.0,1.0,0.0,578.0,True,Egypt,Left Winger,FC Nordsjaelland
677278,Ibrahim Adel,UAE League Cup,False,3.0,0.0,0.0,0.0,0.0,253.0,True,Egypt,Left Winger,FC Nordsjaelland
677278,Ibrahim Adel,Future Cup,False,1.0,0.0,0.0,0.0,0.0,45.0,True,Egypt,Left Winger,FC Nordsjaelland
677278,Ibrahim Adel,Superliga,False,1.0,0.0,0.0,0.0,0.0,27.0,True,Egypt,Left Winger,FC Nordsjaelland
677278,Ibrahim Adel,UAE President's Cup,False,0.0,0.0,0.0,0.0,0.0,0.0,True,Egypt,Left Winger,FC Nordsjaelland
677278,Ibrahim Adel,TOTAL,True,23.0,3.0,1.0,3.0,0.0,1506.0,True,Egypt,Left Winger,FC Nordsjaelland
677509,Jesse Randall,A-League Men,False,26.0,9.0,6.0,2.0,0.0,2123.0,True,New Zealand,Left Winger,Auckland FC
677509,Jesse Randall,A-League Fin.,False,4.0,0.0,2.0,0.0,0.0,354.0,True,New Zealand,Left Winger,Auckland FC
677509,Jesse Randall,OFC Pro League,False,0.0,0.0,0.0,0.0,0.0,0.0,True,New Zealand,Left Winger,Auckland FC
677509,Jesse Randall,TOTAL,True,30.0,9.0,8.0,2.0,0.0,2477.0,True,New Zealand,Left Winger,Auckland FC
677986,Mohammad Abu Zrayq,Botola Pro Inwi,False,11.0,2.0,2.0,1.0,0.0,616.0,True,Jordan,Right Winger,Raja Club Athletic
677986,Mohammad Abu Zrayq,Jordanian Pro League,False,10.0,4.0,1.0,2.0,0.0,828.0,True,Jordan,Right Winger,Raja Club Athletic
677986,Mohammad Abu Zrayq,Coupe du Trône Marocaine,False,0.0,0.0,0.0,0.0,0.0,0.0,True,Jordan,Right Winger,Raja Club Athletic
677986,Mohammad Abu Zrayq,TOTAL,True,21.0,6.0,3.0,3.0,0.0,1444.0,True,Jordan,Right Winger,Raja Club Athletic
678439,Mauricio,Série A,False,15.0,1.0,1.0,1.0,0.0,943.0,True,Paraguay,Attacking Midfield,Sociedade Esportiva Palmeiras
678439,Mauricio,Campeonato Paulista,False,9.0,2.0,1.0,2.0,0.0,710.0,True,Paraguay,Attacking Midfield,Sociedade Esportiva Palmeiras
678439,Mauricio,Libertadores,False,4.0,0.0,0.0,0.0,0.0,107.0,True,Paraguay,Attacking Midfield,Sociedade Esportiva Palmeiras
678439,Mauricio,Copa do Brasil,False,2.0,1.0,0.0,0.0,0.0,137.0,True,Paraguay,Attacking Midfield,Sociedade Esportiva Palmeiras
678439,Mauricio,TOTAL,True,30.0,4.0,2.0,3.0,0.0,1897.0,True,Paraguay,Attacking Midfield,Sociedade Esportiva Palmeiras
679423,Tarik Muharemović,Serie A,False,32.0,2.0,2.0,7.0,0.0,2835.0,True,Bosnia and Herzegovina,Centre-Back,US Sassuolo
679423,Tarik Muharemović,Italy Cup,False,1.0,0.0,0.0,0.0,0.0,90.0,True,Bosnia and Herzegovina,Centre-Back,US Sassuolo
679423,Tarik Muharemović,TOTAL,True,33.0,2.0,2.0,7.0,0.0,2925.0,True,Bosnia and Herzegovina,Centre-Back,US Sassuolo
679709,Steve Kapuadi,Ekstraklasa,False,27.0,1.0,0.0,3.0,0.0,2309.0,True,Democratic Republic of the Congo,Centre-Back,Widzew Lodz
679709,Steve Kapuadi,Europa League Qualifying,False,6.0,0.0,0.0,0.0,0.0,540.0,True,Democratic Republic of the Congo,Centre-Back,Widzew Lodz
679709,Steve Kapuadi,Conference League,False,4.0,0.0,0.0,0.0,0.0,360.0,True,Democratic Republic of the Congo,Centre-Back,Widzew Lodz
679709,Steve Kapuadi,STS Polish Cup,False,2.0,0.0,0.0,1.0,0.0,240.0,True,Democratic Republic of the Congo,Centre-Back,Widzew Lodz
679709,Steve Kapuadi,UECL Qualifying,False,2.0,0.0,0.0,0.0,0.0,210.0,True,Democratic Republic of the Congo,Centre-Back,Widzew Lodz
679709,Steve Kapuadi,Superpuchar,False,1.0,0.0,0.0,0.0,0.0,90.0,True,Democratic Republic of the Congo,Centre-Back,Widzew Lodz
679709,Steve Kapuadi,TOTAL,True,42.0,1.0,0.0,4.0,0.0,3749.0,True,Democratic Republic of the Congo,Centre-Back,Widzew Lodz
680218,Matthieu Epolo,Jupiler Pro League,False,21.0,27.0,6.0,1.0,0.0,1890.0,True,Democratic Republic of the Congo,Goalkeeper,Standard Liège
680218,Matthieu Epolo,JPL Europe Play-Offs,False,8.0,8.0,2.0,0.0,0.0,720.0,True,Democratic Republic of the Congo,Goalkeeper,Standard Liège
680218,Matthieu Epolo,Croky Cup,False,2.0,4.0,0.0,0.0,0.0,180.0,True,Democratic Republic of the Congo,Goalkeeper,Standard Liège
680218,Matthieu Epolo,TOTAL,True,31.0,39.0,8.0,1.0,0.0,2790.0,True,Democratic Republic of the Congo,Goalkeeper,Standard Liège
68290,Neymar,Série A,False,8.0,4.0,2.0,5.0,0.0,686.0,True,Brazil,Attacking Midfield,Santos FC
68290,Neymar,Copa Sudamericana,False,3.0,2.0,0.0,1.0,0.0,270.0,True,Brazil,Attacking Midfield,Santos FC
68290,Neymar,Copa do Brasil,False,2.0,0.0,1.0,1.0,0.0,174.0,True,Brazil,Attacking Midfield,Santos FC
68290,Neymar,Campeonato Paulista,False,2.0,0.0,1.0,0.0,0.0,135.0,True,Brazil,Attacking Midfield,Santos FC
68290,Neymar,TOTAL,True,15.0,6.0,4.0,7.0,0.0,1265.0,True,Brazil,Attacking Midfield,Santos FC
683271,Tomoki Hayakawa,J1 Special Season,False,17.0,9.0,10.0,0.0,0.0,1530.0,True,Japan,Goalkeeper,Kashima Antlers
683271,Tomoki Hayakawa,TOTAL,True,17.0,9.0,10.0,0.0,0.0,1530.0,True,Japan,Goalkeeper,Kashima Antlers
683895,Emmanuel Agbadou,Premier League,False,14.0,0.0,0.0,1.0,0.0,1101.0,True,Ivory Coast,Centre-Back,Besiktas JK
683895,Emmanuel Agbadou,Süper Lig,False,13.0,1.0,1.0,4.0,0.0,1090.0,True,Ivory Coast,Centre-Back,Besiktas JK
683895,Emmanuel Agbadou,EFL Cup,False,3.0,0.0,2.0,1.0,0.0,183.0,True,Ivory Coast,Centre-Back,Besiktas JK
683895,Emmanuel Agbadou,Türkiye Kupasi,False,3.0,0.0,1.0,2.0,0.0,270.0,True,Ivory Coast,Centre-Back,Besiktas JK
683895,Emmanuel Agbadou,FA Cup,False,0.0,0.0,0.0,0.0,0.0,0.0,True,Ivory Coast,Centre-Back,Besiktas JK
683895,Emmanuel Agbadou,TOTAL,True,33.0,1.0,4.0,8.0,0.0,2644.0,True,Ivory Coast,Centre-Back,Besiktas JK
684159,Kevin Rodríguez,Jupiler Pro League,False,21.0,8.0,1.0,1.0,0.0,1164.0,True,Ecuador,Centre-Forward,Union Saint-Gilloise
684159,Kevin Rodríguez,Jupiler Pro League Champions' Play-Offs,False,10.0,2.0,1.0,1.0,0.0,662.0,True,Ecuador,Centre-Forward,Union Saint-Gilloise
684159,Kevin Rodríguez,UEFA Champions League,False,6.0,0.0,1.0,0.0,0.0,378.0,True,Ecuador,Centre-Forward,Union Saint-Gilloise
684159,Kevin Rodríguez,Croky Cup,False,4.0,4.0,1.0,0.0,0.0,241.0,True,Ecuador,Centre-Forward,Union Saint-Gilloise
684159,Kevin Rodríguez,Volkswagen Supercup,False,1.0,0.0,1.0,0.0,0.0,77.0,True,Ecuador,Centre-Forward,Union Saint-Gilloise
684159,Kevin Rodríguez,TOTAL,True,42.0,14.0,5.0,2.0,0.0,2522.0,True,Ecuador,Centre-Forward,Union Saint-Gilloise
684307,Youssef Amyn,Cyprus League,False,14.0,2.0,2.0,2.0,0.0,670.0,True,Iraq,Left Winger,AEK Larnaca
684307,Youssef Amyn,Europa League Qualifying,False,2.0,0.0,0.0,0.0,0.0,25.0,True,Iraq,Left Winger,AEK Larnaca
684307,Youssef Amyn,Kypello Kyprou,False,1.0,0.0,0.0,0.0,0.0,15.0,True,Iraq,Left Winger,AEK Larnaca
684307,Youssef Amyn,Conference League,False,0.0,0.0,0.0,0.0,0.0,0.0,True,Iraq,Left Winger,AEK Larnaca
684307,Youssef Amyn,Cypriot Super Cup,False,0.0,0.0,0.0,0.0,0.0,0.0,True,Iraq,Left Winger,AEK Larnaca
684307,Youssef Amyn,TOTAL,True,17.0,2.0,2.0,2.0,0.0,710.0,True,Iraq,Left Winger,AEK Larnaca
68626,Abdullah Al-Hamdan,Saudi Pro League,False,25.0,3.0,2.0,0.0,0.0,316.0,True,Saudi Arabia,Centre-Forward,Al-Nassr FC
68626,Abdullah Al-Hamdan,AFC Champions League Two,False,5.0,2.0,1.0,0.0,0.0,225.0,True,Saudi Arabia,Centre-Forward,Al-Nassr FC
68626,Abdullah Al-Hamdan,AFC Champions League,False,3.0,0.0,0.0,0.0,0.0,250.0,True,Saudi Arabia,Centre-Forward,Al-Nassr FC
68626,Abdullah Al-Hamdan,King's Cup,False,2.0,1.0,0.0,1.0,0.0,144.0,True,Saudi Arabia,Centre-Forward,Al-Nassr FC
68626,Abdullah Al-Hamdan,TOTAL,True,35.0,6.0,3.0,1.0,0.0,935.0,True,Saudi Arabia,Centre-Forward,Al-Nassr FC
686845,Zidane Iqbal,Keuken Kampioen Divisie,False,11.0,0.0,1.0,2.0,0.0,506.0,True,Iraq,Central Midfield,FC Utrecht U21
686845,Zidane Iqbal,Eredivisie,False,5.0,0.0,0.0,1.0,0.0,255.0,True,Iraq,Central Midfield,FC Utrecht U21
686845,Zidane Iqbal,Europa League,False,2.0,0.0,0.0,0.0,0.0,103.0,True,Iraq,Central Midfield,FC Utrecht U21
686845,Zidane Iqbal,Play-Offs Conference League,False,0.0,0.0,0.0,0.0,0.0,0.0,True,Iraq,Central Midfield,FC Utrecht U21
686845,Zidane Iqbal,KNVB Beker,False,0.0,0.0,0.0,0.0,0.0,0.0,True,Iraq,Central Midfield,FC Utrecht U21
686845,Zidane Iqbal,Europa League Qualifying,False,0.0,0.0,0.0,0.0,0.0,0.0,True,Iraq,Central Midfield,FC Utrecht U21
686845,Zidane Iqbal,TOTAL,True,18.0,0.0,1.0,3.0,0.0,864.0,True,Iraq,Central Midfield,FC Utrecht U21
687558,Israel Reyes,Liga MX Apertura,False,16.0,0.0,1.0,0.0,0.0,1311.0,True,Mexico,Right-Back,CF América
687558,Israel Reyes,Liga MX Clausura,False,15.0,0.0,1.0,2.0,0.0,1350.0,True,Mexico,Right-Back,CF América
687558,Israel Reyes,CONCACAF Champions Cup,False,5.0,0.0,0.0,0.0,0.0,450.0,True,Mexico,Right-Back,CF América
687558,Israel Reyes,Liguilla Apertura,False,2.0,0.0,0.0,1.0,0.0,180.0,True,Mexico,Right-Back,CF América
687558,Israel Reyes,Liguilla Clausura,False,0.0,0.0,0.0,0.0,0.0,0.0,True,Mexico,Right-Back,CF América
687558,Israel Reyes,TOTAL,True,38.0,0.0,2.0,3.0,0.0,3291.0,True,Mexico,Right-Back,CF América
687626,Moisés Caicedo,Premier League,False,33.0,3.0,1.0,11.0,0.0,2802.0,True,Ecuador,Defensive Midfield,Chelsea FC
687626,Moisés Caicedo,UEFA Champions League,False,10.0,2.0,0.0,1.0,0.0,851.0,True,Ecuador,Defensive Midfield,Chelsea FC
687626,Moisés Caicedo,FA Cup,False,4.0,0.0,0.0,2.0,0.0,331.0,True,Ecuador,Defensive Midfield,Chelsea FC
687626,Moisés Caicedo,EFL Cup,False,3.0,0.0,0.0,2.0,0.0,185.0,True,Ecuador,Defensive Midfield,Chelsea FC
687626,Moisés Caicedo,TOTAL,True,50.0,5.0,1.0,16.0,0.0,4169.0,True,Ecuador,Defensive Midfield,Chelsea FC
689637,Chadi Riad,Premier League,False,9.0,0.0,1.0,2.0,0.0,554.0,True,Morocco,Centre-Back,Crystal Palace
689637,Chadi Riad,Conference League,False,3.0,0.0,0.0,2.0,0.0,226.0,True,Morocco,Centre-Back,Crystal Palace
689637,Chadi Riad,Premier League 2,False,2.0,1.0,0.0,0.0,0.0,117.0,True,Morocco,Centre-Back,Crystal Palace
689637,Chadi Riad,FA Cup,False,0.0,0.0,0.0,0.0,0.0,0.0,True,Morocco,Centre-Back,Crystal Palace
689637,Chadi Riad,EFL Cup,False,0.0,0.0,0.0,0.0,0.0,0.0,True,Morocco,Centre-Back,Crystal Palace
689637,Chadi Riad,UECL Qualifying,False,0.0,0.0,0.0,0.0,0.0,0.0,True,Morocco,Centre-Back,Crystal Palace
689637,Chadi Riad,Community Shield,False,0.0,0.0,0.0,0.0,0.0,0.0,True,Morocco,Centre-Back,Crystal Palace
689637,Chadi Riad,TOTAL,True,14.0,1.0,1.0,4.0,0.0,897.0,True,Morocco,Centre-Back,Crystal Palace
691326,Kai Trewin,MLS,False,15.0,0.0,0.0,3.0,0.0,1256.0,True,Australia,Defensive Midfield,New York City FC
691326,Kai Trewin,A-League Men,False,13.0,0.0,0.0,0.0,0.0,1104.0,True,Australia,Defensive Midfield,New York City FC
691326,Kai Trewin,AFC Champions League,False,6.0,0.0,0.0,0.0,0.0,540.0,True,Australia,Defensive Midfield,New York City FC
691326,Kai Trewin,US Open Cup,False,3.0,1.0,0.0,1.0,0.0,267.0,True,Australia,Defensive Midfield,New York City FC
691326,Kai Trewin,TOTAL,True,37.0,1.0,0.0,4.0,0.0,3167.0,True,Australia,Defensive Midfield,New York City FC
691892,Nathaniel Brown,Bundesliga,False,33.0,4.0,4.0,3.0,0.0,2658.0,True,Germany,Left-Back,Eintracht Frankfurt
691892,Nathaniel Brown,UEFA Champions League,False,8.0,0.0,2.0,1.0,0.0,683.0,True,Germany,Left-Back,Eintracht Frankfurt
691892,Nathaniel Brown,DFB-Pokal,False,1.0,0.0,0.0,0.0,0.0,120.0,True,Germany,Left-Back,Eintracht Frankfurt
691892,Nathaniel Brown,TOTAL,True,42.0,4.0,6.0,4.0,0.0,3461.0,True,Germany,Left-Back,Eintracht Frankfurt
69400,Weverton,Série A,False,17.0,20.0,5.0,1.0,0.0,1530.0,True,Brazil,Goalkeeper,Grêmio Foot-Ball Porto Alegrense
69400,Weverton,Campeonato Gaúcho,False,7.0,7.0,3.0,1.0,0.0,630.0,True,Brazil,Goalkeeper,Grêmio Foot-Ball Porto Alegrense
69400,Weverton,Copa Sudamericana,False,6.0,3.0,4.0,0.0,0.0,540.0,True,Brazil,Goalkeeper,Grêmio Foot-Ball Porto Alegrense
69400,Weverton,Copa do Brasil,False,2.0,0.0,2.0,0.0,0.0,180.0,True,Brazil,Goalkeeper,Grêmio Foot-Ball Porto Alegrense
69400,Weverton,Campeonato Paulista,False,0.0,0.0,0.0,0.0,0.0,0.0,True,Brazil,Goalkeeper,Grêmio Foot-Ball Porto Alegrense
69400,Weverton,TOTAL,True,32.0,30.0,14.0,2.0,0.0,2880.0,True,Brazil,Goalkeeper,Grêmio Foot-Ball Porto Alegrense
697155,Saleh Hardani,Persian Gulf League,False,18.0,0.0,2.0,7.0,0.0,1506.0,True,Iran,Right-Back,Esteghlal FC
697155,Saleh Hardani,AFC Champions League Two,False,6.0,0.0,1.0,0.0,0.0,538.0,True,Iran,Right-Back,Esteghlal FC
697155,Saleh Hardani,Hazfi Cup,False,1.0,0.0,0.0,0.0,0.0,90.0,True,Iran,Right-Back,Esteghlal FC
697155,Saleh Hardani,Iran Super Cup,False,0.0,0.0,0.0,0.0,0.0,0.0,True,Iran,Right-Back,Esteghlal FC
697155,Saleh Hardani,TOTAL,True,25.0,0.0,3.0,7.0,0.0,2134.0,True,Iran,Right-Back,Esteghlal FC
698415,José Córdoba,Championship,False,28.0,1.0,1.0,5.0,0.0,2251.0,True,Panama,Centre-Back,Norwich City
698415,José Córdoba,FA Cup,False,2.0,0.0,0.0,1.0,0.0,180.0,True,Panama,Centre-Back,Norwich City
698415,José Córdoba,EFL Cup,False,0.0,0.0,0.0,0.0,0.0,0.0,True,Panama,Centre-Back,Norwich City
698415,José Córdoba,TOTAL,True,30.0,1.0,1.0,6.0,0.0,2431.0,True,Panama,Centre-Back,Norwich City
700565,Brian Cipenga,LaLiga2,False,30.0,6.0,9.0,1.0,0.0,2250.0,True,Democratic Republic of the Congo,Left Winger,CD Castellón
700565,Brian Cipenga,Promoción a LaLiga,False,0.0,0.0,0.0,0.0,0.0,0.0,True,Democratic Republic of the Congo,Left Winger,CD Castellón
700565,Brian Cipenga,Copa del Rey,False,0.0,0.0,0.0,0.0,0.0,0.0,True,Democratic Republic of the Congo,Left Winger,CD Castellón
700565,Brian Cipenga,TOTAL,True,30.0,6.0,9.0,1.0,0.0,2250.0,True,Democratic Republic of the Congo,Left Winger,CD Castellón
702869,Ismael Saibari,Eredivisie,False,27.0,15.0,8.0,2.0,0.0,2146.0,True,Morocco,Attacking Midfield,PSV Eindhoven
702869,Ismael Saibari,UEFA Champions League,False,7.0,3.0,0.0,3.0,0.0,606.0,True,Morocco,Attacking Midfield,PSV Eindhoven
702869,Ismael Saibari,KNVB Beker,False,2.0,1.0,1.0,0.0,0.0,135.0,True,Morocco,Attacking Midfield,PSV Eindhoven
702869,Ismael Saibari,Johan Cruijff Schaal,False,1.0,0.0,0.0,0.0,0.0,90.0,True,Morocco,Attacking Midfield,PSV Eindhoven
702869,Ismael Saibari,TOTAL,True,37.0,19.0,9.0,5.0,0.0,2977.0,True,Morocco,Attacking Midfield,PSV Eindhoven
708005,Tyrese Noslin,Eredivisie,False,34.0,2.0,3.0,5.0,0.0,2307.0,True,Curaçao,Right Midfield,SC Telstar
708005,Tyrese Noslin,KNVB Beker,False,5.0,1.0,1.0,0.0,0.0,325.0,True,Curaçao,Right Midfield,SC Telstar
708005,Tyrese Noslin,TOTAL,True,39.0,3.0,4.0,5.0,0.0,2632.0,True,Curaçao,Right Midfield,SC Telstar
708265,Bradley Barcola,Ligue 1,False,29.0,11.0,2.0,2.0,0.0,1750.0,True,France,Left Winger,Paris Saint-Germain
708265,Bradley Barcola,UEFA Champions League,False,16.0,2.0,4.0,0.0,0.0,990.0,True,France,Left Winger,Paris Saint-Germain
708265,Bradley Barcola,Trophée des Champions,False,1.0,0.0,1.0,0.0,0.0,18.0,True,France,Left Winger,Paris Saint-Germain
708265,Bradley Barcola,Coupe de France,False,1.0,0.0,0.0,0.0,0.0,90.0,True,France,Left Winger,Paris Saint-Germain
708265,Bradley Barcola,FIFA Intercontinental Cup,False,1.0,0.0,0.0,0.0,0.0,56.0,True,France,Left Winger,Paris Saint-Germain
708265,Bradley Barcola,UEFA Super Cup,False,1.0,0.0,0.0,1.0,0.0,67.0,True,France,Left Winger,Paris Saint-Germain
708265,Bradley Barcola,TOTAL,True,49.0,13.0,7.0,3.0,0.0,2971.0,True,France,Left Winger,Paris Saint-Germain
708989,Deveron Fonville,Eredivisie,False,29.0,0.0,2.0,3.0,0.0,1458.0,True,Curaçao,Centre-Back,NEC Nijmegen
708989,Deveron Fonville,KNVB Beker,False,5.0,0.0,1.0,1.0,0.0,252.0,True,Curaçao,Centre-Back,NEC Nijmegen
708989,Deveron Fonville,Keuken Kampioen Divisie,False,4.0,0.0,1.0,1.0,0.0,360.0,True,Curaçao,Centre-Back,NEC Nijmegen
708989,Deveron Fonville,TOTAL,True,38.0,0.0,4.0,5.0,0.0,2070.0,True,Curaçao,Centre-Back,NEC Nijmegen
709974,Ibrahim Saadeh,Iraq Stars League,False,33.0,0.0,5.0,4.0,0.0,1993.0,True,Jordan,Central Midfield,Al-Karma
709974,Ibrahim Saadeh,Iraq FA Cup,False,1.0,0.0,0.0,0.0,0.0,62.0,True,Jordan,Central Midfield,Al-Karma
709974,Ibrahim Saadeh,TOTAL,True,34.0,0.0,5.0,4.0,0.0,2055.0,True,Jordan,Central Midfield,Al-Karma
710969,Samed Bazdar,Ekstraklasa,False,15.0,3.0,0.0,0.0,0.0,397.0,True,Bosnia and Herzegovina,Centre-Forward,Jagiellonia Bialystok
710969,Samed Bazdar,LaLiga2,False,8.0,1.0,0.0,0.0,0.0,222.0,True,Bosnia and Herzegovina,Centre-Forward,Jagiellonia Bialystok
710969,Samed Bazdar,Conference League,False,2.0,0.0,0.0,1.0,0.0,143.0,True,Bosnia and Herzegovina,Centre-Forward,Jagiellonia Bialystok
710969,Samed Bazdar,Betclic 3 Liga - Group I,False,1.0,2.0,1.0,0.0,0.0,68.0,True,Bosnia and Herzegovina,Centre-Forward,Jagiellonia Bialystok
710969,Samed Bazdar,Copa del Rey,False,1.0,0.0,1.0,1.0,0.0,45.0,True,Bosnia and Herzegovina,Centre-Forward,Jagiellonia Bialystok
710969,Samed Bazdar,TOTAL,True,27.0,6.0,2.0,2.0,0.0,875.0,True,Bosnia and Herzegovina,Centre-Forward,Jagiellonia Bialystok
711980,Guéla Doué,Ligue 1,False,24.0,2.0,6.0,3.0,0.0,2064.0,True,Ivory Coast,Right-Back,RC Strasbourg Alsace
711980,Guéla Doué,Conference League,False,8.0,0.0,1.0,4.0,0.0,576.0,True,Ivory Coast,Right-Back,RC Strasbourg Alsace
711980,Guéla Doué,Coupe de France,False,2.0,0.0,0.0,0.0,0.0,180.0,True,Ivory Coast,Right-Back,RC Strasbourg Alsace
711980,Guéla Doué,UECL Qualifying,False,0.0,0.0,0.0,0.0,0.0,0.0,True,Ivory Coast,Right-Back,RC Strasbourg Alsace
711980,Guéla Doué,TOTAL,True,34.0,2.0,7.0,7.0,0.0,2820.0,True,Ivory Coast,Right-Back,RC Strasbourg Alsace
718244,Carl Sainté,USLC,False,5.0,0.0,0.0,1.0,0.0,185.0,True,Haiti,Defensive Midfield,El Paso Locomotive FC
718244,Carl Sainté,USL Cup,False,1.0,0.0,0.0,0.0,0.0,64.0,True,Haiti,Defensive Midfield,El Paso Locomotive FC
718244,Carl Sainté,US Open Cup,False,0.0,0.0,0.0,0.0,0.0,0.0,True,Haiti,Defensive Midfield,El Paso Locomotive FC
718244,Carl Sainté,TOTAL,True,6.0,0.0,0.0,1.0,0.0,249.0,True,Haiti,Defensive Midfield,El Paso Locomotive FC
719673,Ben Gannon-Doak,Premier League,False,8.0,0.0,1.0,0.0,0.0,105.0,True,Scotland,Right Winger,AFC Bournemouth
719673,Ben Gannon-Doak,Premier League Cup,False,1.0,0.0,0.0,0.0,0.0,66.0,True,Scotland,Right Winger,AFC Bournemouth
719673,Ben Gannon-Doak,EFL Cup,False,1.0,0.0,0.0,0.0,0.0,45.0,True,Scotland,Right Winger,AFC Bournemouth
719673,Ben Gannon-Doak,FA Cup,False,0.0,0.0,0.0,0.0,0.0,0.0,True,Scotland,Right Winger,AFC Bournemouth
719673,Ben Gannon-Doak,Community Shield,False,0.0,0.0,0.0,0.0,0.0,0.0,True,Scotland,Right Winger,AFC Bournemouth
719673,Ben Gannon-Doak,TOTAL,True,10.0,0.0,1.0,0.0,0.0,216.0,True,Scotland,Right Winger,AFC Bournemouth
724129,Matias Fernandez-Pardo,Ligue 1,False,29.0,8.0,5.0,5.0,0.0,2382.0,True,Belgium,Centre-Forward,LOSC Lille
724129,Matias Fernandez-Pardo,Europa League,False,11.0,0.0,2.0,1.0,0.0,629.0,True,Belgium,Centre-Forward,LOSC Lille
724129,Matias Fernandez-Pardo,Coupe de France,False,1.0,0.0,0.0,0.0,0.0,90.0,True,Belgium,Centre-Forward,LOSC Lille
724129,Matias Fernandez-Pardo,TOTAL,True,41.0,8.0,7.0,6.0,0.0,3101.0,True,Belgium,Centre-Forward,LOSC Lille
724443,Brian Gutiérrez,Liga MX Clausura,False,17.0,2.0,2.0,4.0,0.0,916.0,True,Mexico,Attacking Midfield,Deportivo Guadalajara
724443,Brian Gutiérrez,Liguilla Clausura,False,0.0,0.0,0.0,0.0,0.0,0.0,True,Mexico,Attacking Midfield,Deportivo Guadalajara
724443,Brian Gutiérrez,TOTAL,True,17.0,2.0,2.0,4.0,0.0,916.0,True,Mexico,Attacking Midfield,Deportivo Guadalajara
724809,Finn Surman,MLS,False,14.0,0.0,1.0,1.0,0.0,1215.0,True,New Zealand,Centre-Back,Portland Timbers
724809,Finn Surman,TOTAL,True,14.0,0.0,1.0,1.0,0.0,1215.0,True,New Zealand,Centre-Back,Portland Timbers
727089,Noah Sadiki,Premier League,False,33.0,0.0,1.0,9.0,0.0,2896.0,True,Democratic Republic of the Congo,Central Midfield,Sunderland AFC
727089,Noah Sadiki,FA Cup,False,2.0,0.0,0.0,2.0,0.0,146.0,True,Democratic Republic of the Congo,Central Midfield,Sunderland AFC
727089,Noah Sadiki,EFL Cup,False,0.0,0.0,0.0,0.0,0.0,0.0,True,Democratic Republic of the Congo,Central Midfield,Sunderland AFC
727089,Noah Sadiki,TOTAL,True,35.0,0.0,1.0,11.0,0.0,3042.0,True,Democratic Republic of the Congo,Central Midfield,Sunderland AFC
727157,Fiston Mayele,Premier League,False,18.0,3.0,1.0,1.0,0.0,1221.0,True,Democratic Republic of the Congo,Centre-Forward,Pyramids FC
727157,Fiston Mayele,CAF-Champions League,False,11.0,4.0,0.0,1.0,0.0,911.0,True,Democratic Republic of the Congo,Centre-Forward,Pyramids FC
727157,Fiston Mayele,Championship Playoff,False,6.0,2.0,1.0,1.0,0.0,377.0,True,Democratic Republic of the Congo,Centre-Forward,Pyramids FC
727157,Fiston Mayele,FIFA Intercontinental Cup,False,3.0,3.0,0.0,0.0,0.0,244.0,True,Democratic Republic of the Congo,Centre-Forward,Pyramids FC
727157,Fiston Mayele,Egypt Cup,False,3.0,1.0,0.0,1.0,0.0,181.0,True,Democratic Republic of the Congo,Centre-Forward,Pyramids FC
727157,Fiston Mayele,CAF-Supercup,False,1.0,1.0,0.0,0.0,0.0,90.0,True,Democratic Republic of the Congo,Centre-Forward,Pyramids FC
727157,Fiston Mayele,Egyptian Super Cup,False,1.0,0.0,0.0,0.0,0.0,90.0,True,Democratic Republic of the Congo,Centre-Forward,Pyramids FC
727157,Fiston Mayele,Egyptian League Cup,False,0.0,0.0,0.0,0.0,0.0,0.0,True,Democratic Republic of the Congo,Centre-Forward,Pyramids FC
727157,Fiston Mayele,TOTAL,True,43.0,14.0,2.0,4.0,0.0,3114.0,True,Democratic Republic of the Congo,Centre-Forward,Pyramids FC
729390,Mahmoud Saber,Premier League,False,18.0,3.0,5.0,1.0,0.0,1201.0,True,Egypt,Central Midfield,Zed FC
729390,Mahmoud Saber,Relegation Playoff,False,8.0,2.0,1.0,0.0,0.0,651.0,True,Egypt,Central Midfield,Zed FC
729390,Mahmoud Saber,Egypt Cup,False,4.0,1.0,1.0,1.0,0.0,308.0,True,Egypt,Central Midfield,Zed FC
729390,Mahmoud Saber,Egyptian League Cup,False,0.0,0.0,0.0,0.0,0.0,0.0,True,Egypt,Central Midfield,Zed FC
729390,Mahmoud Saber,TOTAL,True,30.0,6.0,7.0,2.0,0.0,2160.0,True,Egypt,Central Midfield,Zed FC
73396,David Ospina,Liga DIMAYOR I,False,9.0,4.0,6.0,0.0,0.0,810.0,True,Colombia,Goalkeeper,Atlético Nacional
73396,David Ospina,Fase Final LBD I,False,3.0,2.0,1.0,0.0,0.0,270.0,True,Colombia,Goalkeeper,Atlético Nacional
73396,David Ospina,Copa Sudamericana,False,1.0,3.0,0.0,1.0,0.0,90.0,True,Colombia,Goalkeeper,Atlético Nacional
73396,David Ospina,TOTAL,True,13.0,9.0,7.0,1.0,0.0,1170.0,True,Colombia,Goalkeeper,Atlético Nacional
734542,Marwan Ateya,Premier League,False,15.0,0.0,0.0,3.0,0.0,1198.0,True,Egypt,Defensive Midfield,Al Ahly FC
734542,Marwan Ateya,CAF-Champions League,False,10.0,0.0,0.0,0.0,0.0,771.0,True,Egypt,Defensive Midfield,Al Ahly FC
734542,Marwan Ateya,Championship Playoff,False,6.0,0.0,0.0,0.0,0.0,530.0,True,Egypt,Defensive Midfield,Al Ahly FC
734542,Marwan Ateya,Egyptian Super Cup,False,2.0,1.0,0.0,1.0,0.0,180.0,True,Egypt,Defensive Midfield,Al Ahly FC
734542,Marwan Ateya,Egyptian League Cup,False,0.0,0.0,0.0,0.0,0.0,0.0,True,Egypt,Defensive Midfield,Al Ahly FC
734542,Marwan Ateya,Egypt Cup,False,0.0,0.0,0.0,0.0,0.0,0.0,True,Egypt,Defensive Midfield,Al Ahly FC
734542,Marwan Ateya,TOTAL,True,33.0,1.0,0.0,4.0,0.0,2679.0,True,Egypt,Defensive Midfield,Al Ahly FC
734676,Jonas Adjetey,Super League,False,15.0,0.0,0.0,2.0,0.0,1255.0,True,Ghana,Centre-Back,VfL Wolfsburg
734676,Jonas Adjetey,Europa League,False,6.0,0.0,0.0,1.0,0.0,533.0,True,Ghana,Centre-Back,VfL Wolfsburg
734676,Jonas Adjetey,Bundesliga,False,4.0,0.0,0.0,1.0,0.0,137.0,True,Ghana,Centre-Back,VfL Wolfsburg
734676,Jonas Adjetey,Swiss Cup,False,1.0,0.0,0.0,1.0,0.0,120.0,True,Ghana,Centre-Back,VfL Wolfsburg
734676,Jonas Adjetey,Champions League Qu.,False,1.0,0.0,0.0,0.0,1.0,82.0,True,Ghana,Centre-Back,VfL Wolfsburg
734676,Jonas Adjetey,Bundesliga Playoffs,False,0.0,0.0,0.0,0.0,0.0,0.0,True,Ghana,Centre-Back,VfL Wolfsburg
734676,Jonas Adjetey,TOTAL,True,27.0,0.0,0.0,5.0,1.0,2127.0,True,Ghana,Centre-Back,VfL Wolfsburg
734751,Nizar Al-Rashdan,Stars League,False,11.0,0.0,2.0,3.0,0.0,966.0,True,Jordan,Defensive Midfield,Qatar SC
734751,Nizar Al-Rashdan,Iraq Stars League,False,6.0,1.0,0.0,0.0,0.0,397.0,True,Jordan,Defensive Midfield,Qatar SC
734751,Nizar Al-Rashdan,AFC Champions League Two,False,6.0,1.0,0.0,2.0,0.0,509.0,True,Jordan,Defensive Midfield,Qatar SC
734751,Nizar Al-Rashdan,Amir Cup,False,1.0,0.0,0.0,0.0,0.0,90.0,True,Jordan,Defensive Midfield,Qatar SC
734751,Nizar Al-Rashdan,QSL Cup,False,0.0,0.0,0.0,0.0,0.0,0.0,True,Jordan,Defensive Midfield,Qatar SC
734751,Nizar Al-Rashdan,TOTAL,True,24.0,2.0,2.0,5.0,0.0,1962.0,True,Jordan,Defensive Midfield,Qatar SC
734799,Prince Adu,Chance Liga,False,25.0,7.0,1.0,7.0,0.0,1412.0,True,Ghana,Centre-Forward,FC Viktoria Plzen
734799,Prince Adu,Europa League,False,9.0,1.0,0.0,2.0,0.0,458.0,True,Ghana,Centre-Forward,FC Viktoria Plzen
734799,Prince Adu,Chance Liga Champion Gr.,False,4.0,0.0,0.0,0.0,0.0,148.0,True,Ghana,Centre-Forward,FC Viktoria Plzen
734799,Prince Adu,Champions League Qu.,False,3.0,0.0,0.0,0.0,0.0,171.0,True,Ghana,Centre-Forward,FC Viktoria Plzen
734799,Prince Adu,MOL Cup,False,2.0,0.0,0.0,0.0,0.0,45.0,True,Ghana,Centre-Forward,FC Viktoria Plzen
734799,Prince Adu,TOTAL,True,43.0,8.0,1.0,9.0,0.0,2234.0,True,Ghana,Centre-Forward,FC Viktoria Plzen
73517,Ørjan Nyland,LaLiga,False,5.0,8.0,1.0,1.0,0.0,450.0,True,Norway,Goalkeeper,Sevilla FC
73517,Ørjan Nyland,Copa del Rey,False,2.0,2.0,0.0,0.0,0.0,180.0,True,Norway,Goalkeeper,Sevilla FC
73517,Ørjan Nyland,TOTAL,True,7.0,10.0,1.0,1.0,0.0,630.0,True,Norway,Goalkeeper,Sevilla FC
735573,Richard Ríos,Liga Portugal,False,27.0,5.0,4.0,9.0,0.0,2284.0,True,Colombia,Defensive Midfield,SL Benfica
735573,Richard Ríos,UEFA Champions League,False,8.0,1.0,1.0,3.0,0.0,622.0,True,Colombia,Defensive Midfield,SL Benfica
735573,Richard Ríos,Champions League Qu.,False,4.0,0.0,0.0,1.0,0.0,360.0,True,Colombia,Defensive Midfield,SL Benfica
735573,Richard Ríos,Taça de Portugal,False,3.0,2.0,0.0,2.0,0.0,178.0,True,Colombia,Defensive Midfield,SL Benfica
735573,Richard Ríos,Allianz Cup,False,2.0,0.0,1.0,1.0,0.0,103.0,True,Colombia,Defensive Midfield,SL Benfica
735573,Richard Ríos,Portuguese Supercup,False,1.0,0.0,0.0,0.0,0.0,90.0,True,Colombia,Defensive Midfield,SL Benfica
735573,Richard Ríos,TOTAL,True,45.0,8.0,6.0,16.0,0.0,3637.0,True,Colombia,Defensive Midfield,SL Benfica
735697,Thalente Mbatha,Betway Premiership,False,22.0,0.0,1.0,1.0,0.0,1606.0,True,South Africa,Central Midfield,Orlando Pirates
735697,Thalente Mbatha,MTN8,False,3.0,0.0,0.0,0.0,0.0,238.0,True,South Africa,Central Midfield,Orlando Pirates
735697,Thalente Mbatha,Carling Knockout,False,2.0,0.0,0.0,0.0,0.0,173.0,True,South Africa,Central Midfield,Orlando Pirates
735697,Thalente Mbatha,Nedbank Cup,False,1.0,1.0,0.0,0.0,0.0,90.0,True,South Africa,Central Midfield,Orlando Pirates
735697,Thalente Mbatha,CAF-Champions League,False,1.0,0.0,0.0,0.0,0.0,90.0,True,South Africa,Central Midfield,Orlando Pirates
735697,Thalente Mbatha,TOTAL,True,29.0,1.0,1.0,1.0,0.0,2197.0,True,South Africa,Central Midfield,Orlando Pirates
735813,Jassem Gaber,Stars League,False,15.0,0.0,0.0,3.0,0.0,700.0,True,Qatar,Defensive Midfield,Al-Rayyan SC
735813,Jassem Gaber,QSL Cup,False,5.0,0.0,0.0,1.0,0.0,338.0,True,Qatar,Defensive Midfield,Al-Rayyan SC
735813,Jassem Gaber,Amir Cup,False,2.0,0.0,0.0,1.0,0.0,152.0,True,Qatar,Defensive Midfield,Al-Rayyan SC
735813,Jassem Gaber,TOTAL,True,22.0,0.0,0.0,5.0,0.0,1190.0,True,Qatar,Defensive Midfield,Al-Rayyan SC
735815,Ayman Yahya,Saudi Pro League,False,27.0,2.0,2.0,7.0,0.0,1249.0,True,Saudi Arabia,Left-Back,Al-Nassr FC
735815,Ayman Yahya,AFC Champions League Two,False,8.0,1.0,0.0,0.0,0.0,447.0,True,Saudi Arabia,Left-Back,Al-Nassr FC
735815,Ayman Yahya,King's Cup,False,2.0,0.0,0.0,0.0,0.0,89.0,True,Saudi Arabia,Left-Back,Al-Nassr FC
735815,Ayman Yahya,Saudi Super Cup,False,2.0,0.0,0.0,0.0,0.0,166.0,True,Saudi Arabia,Left-Back,Al-Nassr FC
735815,Ayman Yahya,TOTAL,True,39.0,3.0,2.0,7.0,0.0,1951.0,True,Saudi Arabia,Left-Back,Al-Nassr FC
737524,Hossam Abdelmaguid,Premier League,False,19.0,3.0,0.0,3.0,0.0,1671.0,True,Egypt,Centre-Back,Zamalek SC
737524,Hossam Abdelmaguid,CAF Confederation Cup,False,14.0,2.0,0.0,2.0,0.0,1215.0,True,Egypt,Centre-Back,Zamalek SC
737524,Hossam Abdelmaguid,Championship Playoff,False,6.0,1.0,0.0,0.0,0.0,540.0,True,Egypt,Centre-Back,Zamalek SC
737524,Hossam Abdelmaguid,Egypt Cup,False,1.0,0.0,0.0,0.0,0.0,90.0,True,Egypt,Centre-Back,Zamalek SC
737524,Hossam Abdelmaguid,Egyptian Super Cup,False,1.0,0.0,0.0,0.0,0.0,45.0,True,Egypt,Centre-Back,Zamalek SC
737524,Hossam Abdelmaguid,Egyptian League Cup,False,0.0,0.0,0.0,0.0,0.0,0.0,True,Egypt,Centre-Back,Zamalek SC
737524,Hossam Abdelmaguid,TOTAL,True,41.0,6.0,0.0,5.0,0.0,3561.0,True,Egypt,Centre-Back,Zamalek SC
737837,Sondre Langås,Championship,False,24.0,3.0,1.0,4.0,0.0,1970.0,True,Norway,Centre-Back,Derby County
737837,Sondre Langås,Premier League 2,False,1.0,0.0,0.0,0.0,0.0,31.0,True,Norway,Centre-Back,Derby County
737837,Sondre Langås,FA Cup,False,1.0,0.0,0.0,0.0,0.0,90.0,True,Norway,Centre-Back,Derby County
737837,Sondre Langås,EFL Cup,False,0.0,0.0,0.0,0.0,0.0,0.0,True,Norway,Centre-Back,Derby County
737837,Sondre Langås,TOTAL,True,26.0,3.0,1.0,4.0,0.0,2091.0,True,Norway,Centre-Back,Derby County
739443,Igor Thiago,Premier League,False,38.0,22.0,1.0,7.0,0.0,3287.0,True,Brazil,Centre-Forward,Brentford FC
739443,Igor Thiago,FA Cup,False,1.0,2.0,0.0,0.0,0.0,120.0,True,Brazil,Centre-Forward,Brentford FC
739443,Igor Thiago,EFL Cup,False,1.0,1.0,0.0,1.0,0.0,30.0,True,Brazil,Centre-Forward,Brentford FC
739443,Igor Thiago,TOTAL,True,40.0,25.0,1.0,8.0,0.0,3437.0,True,Brazil,Centre-Forward,Brentford FC
741098,César Yanis,Liga Primera,False,11.0,0.0,2.0,0.0,0.0,744.0,True,Panama,Right Winger,CD Cobresal
741098,César Yanis,Copa Sudamericana,False,1.0,0.0,1.0,0.0,0.0,90.0,True,Panama,Right Winger,CD Cobresal
741098,César Yanis,Copa de la Liga,False,1.0,0.0,0.0,0.0,0.0,90.0,True,Panama,Right Winger,CD Cobresal
741098,César Yanis,Copa Chile,False,0.0,0.0,0.0,0.0,0.0,0.0,True,Panama,Right Winger,CD Cobresal
741098,César Yanis,TOTAL,True,13.0,0.0,3.0,0.0,0.0,924.0,True,Panama,Right Winger,CD Cobresal
74113,Camilo Vargas,Liga MX Clausura,False,16.0,18.0,7.0,0.0,0.0,1440.0,True,Colombia,Goalkeeper,Atlas Guadalajara
74113,Camilo Vargas,Liga MX Apertura,False,15.0,30.0,2.0,2.0,0.0,1350.0,True,Colombia,Goalkeeper,Atlas Guadalajara
74113,Camilo Vargas,Liguilla Clausura,False,2.0,4.0,0.0,0.0,0.0,180.0,True,Colombia,Goalkeeper,Atlas Guadalajara
74113,Camilo Vargas,TOTAL,True,33.0,52.0,9.0,2.0,0.0,2970.0,True,Colombia,Goalkeeper,Atlas Guadalajara
742201,Giuliano Simeone,LaLiga,False,31.0,4.0,6.0,2.0,0.0,2110.0,True,Argentina,Right Winger,Atlético de Madrid
742201,Giuliano Simeone,UEFA Champions League,False,15.0,2.0,1.0,2.0,0.0,1192.0,True,Argentina,Right Winger,Atlético de Madrid
742201,Giuliano Simeone,Copa del Rey,False,6.0,1.0,0.0,1.0,0.0,411.0,True,Argentina,Right Winger,Atlético de Madrid
742201,Giuliano Simeone,Supercopa,False,1.0,0.0,1.0,0.0,0.0,90.0,True,Argentina,Right Winger,Atlético de Madrid
742201,Giuliano Simeone,TOTAL,True,53.0,7.0,8.0,5.0,0.0,3803.0,True,Argentina,Right Winger,Atlético de Madrid
742770,Mohamed Touré,Superliga,False,17.0,4.0,4.0,4.0,0.0,1117.0,True,Australia,Centre-Forward,Norwich City
742770,Mohamed Touré,Championship,False,11.0,9.0,3.0,2.0,0.0,595.0,True,Australia,Centre-Forward,Norwich City
742770,Mohamed Touré,Oddset Pokalen,False,2.0,0.0,1.0,0.0,0.0,141.0,True,Australia,Centre-Forward,Norwich City
742770,Mohamed Touré,FA Cup,False,1.0,1.0,0.0,0.0,0.0,29.0,True,Australia,Centre-Forward,Norwich City
742770,Mohamed Touré,TOTAL,True,31.0,14.0,8.0,6.0,0.0,1882.0,True,Australia,Centre-Forward,Norwich City
74297,Gaël Kakuta,1.Lig,False,20.0,8.0,3.0,3.0,0.0,1611.0,True,Democratic Republic of the Congo,Attacking Midfield,AE Larisa
74297,Gaël Kakuta,Super League Play-out,False,7.0,1.0,1.0,0.0,0.0,201.0,True,Democratic Republic of the Congo,Attacking Midfield,AE Larisa
74297,Gaël Kakuta,Super League 1,False,5.0,0.0,1.0,0.0,0.0,275.0,True,Democratic Republic of the Congo,Attacking Midfield,AE Larisa
74297,Gaël Kakuta,Türkiye Kupasi,False,0.0,0.0,0.0,0.0,0.0,0.0,True,Democratic Republic of the Congo,Attacking Midfield,AE Larisa
74297,Gaël Kakuta,TOTAL,True,32.0,9.0,5.0,3.0,0.0,2087.0,True,Democratic Republic of the Congo,Attacking Midfield,AE Larisa
743088,Henrik Falchener,Eliteserien,False,10.0,2.0,1.0,2.0,0.0,855.0,True,Norway,Centre-Back,Viking FK
743088,Henrik Falchener,NM-Cup,False,3.0,0.0,0.0,0.0,0.0,204.0,True,Norway,Centre-Back,Viking FK
743088,Henrik Falchener,UECL Qualifying,False,3.0,0.0,0.0,1.0,0.0,258.0,True,Norway,Centre-Back,Viking FK
743088,Henrik Falchener,TOTAL,True,16.0,2.0,1.0,3.0,0.0,1317.0,True,Norway,Centre-Back,Viking FK
743384,Chemsdine Talbi,Premier League,False,28.0,4.0,2.0,0.0,0.0,1564.0,True,Morocco,Right Winger,Sunderland AFC
743384,Chemsdine Talbi,FA Cup,False,2.0,0.0,0.0,0.0,0.0,149.0,True,Morocco,Right Winger,Sunderland AFC
743384,Chemsdine Talbi,EFL Cup,False,0.0,0.0,0.0,0.0,0.0,0.0,True,Morocco,Right Winger,Sunderland AFC
743384,Chemsdine Talbi,TOTAL,True,30.0,4.0,2.0,0.0,0.0,1713.0,True,Morocco,Right Winger,Sunderland AFC
743413,Nico O'Reilly,Premier League,False,34.0,5.0,3.0,5.0,0.0,2649.0,True,England,Left-Back,Manchester City
743413,Nico O'Reilly,UEFA Champions League,False,8.0,1.0,2.0,2.0,0.0,671.0,True,England,Left-Back,Manchester City
743413,Nico O'Reilly,FA Cup,False,6.0,1.0,1.0,0.0,0.0,360.0,True,England,Left-Back,Manchester City
743413,Nico O'Reilly,EFL Cup,False,5.0,2.0,0.0,1.0,0.0,364.0,True,England,Left-Back,Manchester City
743413,Nico O'Reilly,TOTAL,True,53.0,9.0,6.0,8.0,0.0,4044.0,True,England,Left-Back,Manchester City
743515,Robin Risser,Ligue 1,False,33.0,35.0,11.0,2.0,0.0,2970.0,True,France,Goalkeeper,RC Lens
743515,Robin Risser,Coupe de France,False,5.0,6.0,1.0,1.0,0.0,450.0,True,France,Goalkeeper,RC Lens
743515,Robin Risser,TOTAL,True,38.0,41.0,12.0,3.0,0.0,3420.0,True,France,Goalkeeper,RC Lens
744040,Amer Jamous,Iraq Stars League,False,19.0,1.0,2.0,4.0,0.0,1416.0,True,Jordan,Central Midfield,Al-Zawraa SC
744040,Amer Jamous,Jordanian Pro League,False,9.0,2.0,1.0,0.0,0.0,749.0,True,Jordan,Central Midfield,Al-Zawraa SC
744040,Amer Jamous,AFC Champions League Two,False,7.0,2.0,1.0,3.0,0.0,628.0,True,Jordan,Central Midfield,Al-Zawraa SC
744040,Amer Jamous,TOTAL,True,35.0,5.0,4.0,7.0,0.0,2793.0,True,Jordan,Central Midfield,Al-Zawraa SC
745191,Ramón Sosa,Série A,False,15.0,2.0,1.0,2.0,0.0,685.0,True,Paraguay,Second Striker,Sociedade Esportiva Palmeiras
745191,Ramón Sosa,Campeonato Paulista,False,10.0,1.0,4.0,2.0,0.0,473.0,True,Paraguay,Second Striker,Sociedade Esportiva Palmeiras
745191,Ramón Sosa,Libertadores,False,4.0,2.0,0.0,0.0,0.0,267.0,True,Paraguay,Second Striker,Sociedade Esportiva Palmeiras
745191,Ramón Sosa,Copa do Brasil,False,1.0,2.0,0.0,0.0,0.0,68.0,True,Paraguay,Second Striker,Sociedade Esportiva Palmeiras
745191,Ramón Sosa,TOTAL,True,30.0,7.0,5.0,4.0,0.0,1493.0,True,Paraguay,Second Striker,Sociedade Esportiva Palmeiras
745200,Maghnes Akliouche,Ligue 1,False,31.0,6.0,7.0,3.0,0.0,2410.0,True,France,Right Winger,AS Monaco
745200,Maghnes Akliouche,UEFA Champions League,False,10.0,1.0,3.0,0.0,0.0,835.0,True,France,Right Winger,AS Monaco
745200,Maghnes Akliouche,Coupe de France,False,2.0,0.0,1.0,0.0,0.0,180.0,True,France,Right Winger,AS Monaco
745200,Maghnes Akliouche,TOTAL,True,43.0,7.0,11.0,3.0,0.0,3425.0,True,France,Right Winger,AS Monaco
746695,Kamaldeen Sulemana,Serie A,False,25.0,2.0,1.0,4.0,0.0,1002.0,True,Ghana,Left Winger,Atalanta BC
746695,Kamaldeen Sulemana,UEFA Champions League,False,9.0,0.0,0.0,0.0,0.0,288.0,True,Ghana,Left Winger,Atalanta BC
746695,Kamaldeen Sulemana,Italy Cup,False,3.0,1.0,1.0,0.0,0.0,55.0,True,Ghana,Left Winger,Atalanta BC
746695,Kamaldeen Sulemana,TOTAL,True,37.0,3.0,2.0,4.0,0.0,1345.0,True,Ghana,Left Winger,Atalanta BC
746891,Cristian Volpato,Serie A,False,24.0,2.0,4.0,4.0,0.0,1064.0,True,Australia,Attacking Midfield,US Sassuolo
746891,Cristian Volpato,Italy Cup,False,2.0,0.0,0.0,0.0,0.0,99.0,True,Australia,Attacking Midfield,US Sassuolo
746891,Cristian Volpato,TOTAL,True,26.0,2.0,4.0,4.0,0.0,1163.0,True,Australia,Attacking Midfield,US Sassuolo
746910,Mohamed Amoura,Bundesliga,False,30.0,8.0,4.0,2.0,0.0,1928.0,True,Algeria,Centre-Forward,VfL Wolfsburg
746910,Mohamed Amoura,Bundesliga Playoffs,False,2.0,0.0,0.0,0.0,0.0,40.0,True,Algeria,Centre-Forward,VfL Wolfsburg
746910,Mohamed Amoura,DFB-Pokal,False,1.0,0.0,0.0,1.0,0.0,90.0,True,Algeria,Centre-Forward,VfL Wolfsburg
746910,Mohamed Amoura,TOTAL,True,33.0,8.0,4.0,3.0,0.0,2058.0,True,Algeria,Centre-Forward,VfL Wolfsburg
748443,Adil Boulbina,Stars League,False,19.0,5.0,5.0,5.0,0.0,1368.0,True,Algeria,Left Winger,Al-Duhail SC
748443,Adil Boulbina,AFC Champions League,False,8.0,6.0,1.0,0.0,0.0,716.0,True,Algeria,Left Winger,Al-Duhail SC
748443,Adil Boulbina,Amir Cup,False,3.0,1.0,1.0,0.0,0.0,141.0,True,Algeria,Left Winger,Al-Duhail SC
748443,Adil Boulbina,AFC CL Elite Qualif.,False,1.0,1.0,0.0,0.0,0.0,79.0,True,Algeria,Left Winger,Al-Duhail SC
748443,Adil Boulbina,QSL Cup,False,1.0,0.0,0.0,0.0,0.0,90.0,True,Algeria,Left Winger,Al-Duhail SC
748443,Adil Boulbina,TOTAL,True,32.0,13.0,7.0,5.0,0.0,2394.0,True,Algeria,Left Winger,Al-Duhail SC
748445,Yassine Titraoui,Jupiler Pro League,False,28.0,4.0,0.0,7.0,0.0,2367.0,True,Algeria,Central Midfield,Royal Charleroi SC
748445,Yassine Titraoui,JPL Europe Play-Offs,False,7.0,1.0,1.0,0.0,0.0,537.0,True,Algeria,Central Midfield,Royal Charleroi SC
748445,Yassine Titraoui,Croky Cup,False,5.0,0.0,2.0,0.0,1.0,429.0,True,Algeria,Central Midfield,Royal Charleroi SC
748445,Yassine Titraoui,UECL Qualifying,False,2.0,0.0,0.0,1.0,0.0,210.0,True,Algeria,Central Midfield,Royal Charleroi SC
748445,Yassine Titraoui,TOTAL,True,42.0,5.0,3.0,8.0,1.0,3543.0,True,Algeria,Central Midfield,Royal Charleroi SC
750903,Jaouen Hadjam,Super League,False,20.0,2.0,4.0,4.0,0.0,1237.0,True,Algeria,Left-Back,BSC Young Boys
750903,Jaouen Hadjam,Europa League,False,6.0,0.0,0.0,2.0,0.0,540.0,True,Algeria,Left-Back,BSC Young Boys
750903,Jaouen Hadjam,Swiss Cup,False,2.0,0.0,0.0,1.0,0.0,135.0,True,Algeria,Left-Back,BSC Young Boys
750903,Jaouen Hadjam,Europa League Qualifying,False,2.0,0.0,0.0,2.0,0.0,180.0,True,Algeria,Left-Back,BSC Young Boys
750903,Jaouen Hadjam,TOTAL,True,30.0,2.0,4.0,9.0,0.0,2092.0,True,Algeria,Left-Back,BSC Young Boys
756494,Juan José Cáceres,Premier Liga,False,24.0,1.0,7.0,8.0,0.0,2064.0,True,Paraguay,Right-Back,Dynamo Moscow
756494,Juan José Cáceres,Russian Cup,False,7.0,0.0,1.0,1.0,0.0,585.0,True,Paraguay,Right-Back,Dynamo Moscow
756494,Juan José Cáceres,TOTAL,True,31.0,1.0,8.0,9.0,0.0,2649.0,True,Paraguay,Right-Back,Dynamo Moscow
763182,Josué Casimir,Ligue 1,False,31.0,1.0,0.0,4.0,1.0,1521.0,True,Haiti,Right Winger,AJ Auxerre
763182,Josué Casimir,Coupe de France,False,0.0,0.0,0.0,0.0,0.0,0.0,True,Haiti,Right Winger,AJ Auxerre
763182,Josué Casimir,TOTAL,True,31.0,1.0,0.0,4.0,1.0,1521.0,True,Haiti,Right Winger,AJ Auxerre
76715,Luis Mejía,Liga AUF Apertura,False,10.0,11.0,3.0,0.0,0.0,900.0,True,Panama,Goalkeeper,Club Nacional
76715,Luis Mejía,Libertadores,False,5.0,8.0,2.0,1.0,0.0,405.0,True,Panama,Goalkeeper,Club Nacional
76715,Luis Mejía,Liga AUF Intermedio,False,2.0,1.0,1.0,0.0,0.0,180.0,True,Panama,Goalkeeper,Club Nacional
76715,Luis Mejía,Supercopa,False,1.0,0.0,0.0,0.0,0.0,120.0,True,Panama,Goalkeeper,Club Nacional
76715,Luis Mejía,TOTAL,True,18.0,20.0,6.0,1.0,0.0,1605.0,True,Panama,Goalkeeper,Club Nacional
77127,Hernán Galíndez,Torneo Apertura,False,15.0,13.0,6.0,0.0,0.0,1350.0,True,Ecuador,Goalkeeper,CA Huracán
77127,Hernán Galíndez,Playoff Torneo Apertura,False,2.0,3.0,0.0,0.0,0.0,240.0,True,Ecuador,Goalkeeper,CA Huracán
77127,Hernán Galíndez,Copa Argentina,False,0.0,0.0,0.0,0.0,0.0,0.0,True,Ecuador,Goalkeeper,CA Huracán
77127,Hernán Galíndez,TOTAL,True,17.0,16.0,6.0,0.0,0.0,1590.0,True,Ecuador,Goalkeeper,CA Huracán
77547,Ehsan Hajsafi,Persian Gulf League,False,21.0,3.0,4.0,3.0,0.0,1827.0,True,Iran,Left-Back,Sepahan FC
77547,Ehsan Hajsafi,AFC Champions League Two,False,6.0,0.0,2.0,0.0,0.0,502.0,True,Iran,Left-Back,Sepahan FC
77547,Ehsan Hajsafi,Hazfi Cup,False,2.0,0.0,0.0,0.0,0.0,180.0,True,Iran,Left-Back,Sepahan FC
77547,Ehsan Hajsafi,AFC CL Elite Qualif.,False,1.0,0.0,0.0,0.0,0.0,78.0,True,Iran,Left-Back,Sepahan FC
77547,Ehsan Hajsafi,TOTAL,True,30.0,3.0,6.0,3.0,0.0,2587.0,True,Iran,Left-Back,Sepahan FC
776890,Nicolas Jackson,Bundesliga,False,23.0,8.0,2.0,2.0,0.0,1004.0,True,Senegal,Centre-Forward,Bayern Munich
776890,Nicolas Jackson,UEFA Champions League,False,10.0,3.0,2.0,0.0,0.0,313.0,True,Senegal,Centre-Forward,Bayern Munich
776890,Nicolas Jackson,DFB-Pokal,False,1.0,0.0,0.0,0.0,0.0,3.0,True,Senegal,Centre-Forward,Bayern Munich
776890,Nicolas Jackson,Premier League,False,0.0,0.0,0.0,0.0,0.0,0.0,True,Senegal,Centre-Forward,Bayern Munich
776890,Nicolas Jackson,TOTAL,True,34.0,11.0,4.0,2.0,0.0,1320.0,True,Senegal,Centre-Forward,Bayern Munich
787907,Benjamin Tahirović,Superliga,False,20.0,1.0,1.0,3.0,0.0,1040.0,True,Bosnia and Herzegovina,Central Midfield,Bröndby IF
787907,Benjamin Tahirović,UECL Qualifying,False,6.0,0.0,0.0,1.0,0.0,332.0,True,Bosnia and Herzegovina,Central Midfield,Bröndby IF
787907,Benjamin Tahirović,Superliga Championship round,False,5.0,0.0,0.0,2.0,0.0,160.0,True,Bosnia and Herzegovina,Central Midfield,Bröndby IF
787907,Benjamin Tahirović,Oddset Pokalen,False,1.0,0.0,0.0,0.0,0.0,76.0,True,Bosnia and Herzegovina,Central Midfield,Bröndby IF
787907,Benjamin Tahirović,Superliga Europa Playoff,False,0.0,0.0,0.0,0.0,0.0,0.0,True,Bosnia and Herzegovina,Central Midfield,Bröndby IF
787907,Benjamin Tahirović,TOTAL,True,32.0,1.0,1.0,6.0,0.0,1608.0,True,Bosnia and Herzegovina,Central Midfield,Bröndby IF
791528,Telmo Arcanjo,Liga Portugal,False,29.0,1.0,0.0,0.0,1.0,1244.0,True,Cape Verde,Right Winger,Vitória Guimarães SC
791528,Telmo Arcanjo,Allianz Cup,False,3.0,0.0,0.0,0.0,0.0,144.0,True,Cape Verde,Right Winger,Vitória Guimarães SC
791528,Telmo Arcanjo,Taça de Portugal,False,2.0,1.0,0.0,0.0,0.0,63.0,True,Cape Verde,Right Winger,Vitória Guimarães SC
791528,Telmo Arcanjo,TOTAL,True,34.0,2.0,0.0,0.0,1.0,1451.0,True,Cape Verde,Right Winger,Vitória Guimarães SC
792380,Aleksandar Pavlovic,Bundesliga,False,24.0,3.0,1.0,2.0,0.0,1461.0,True,Germany,Defensive Midfield,Bayern Munich
792380,Aleksandar Pavlovic,UEFA Champions League,False,14.0,1.0,1.0,0.0,0.0,1176.0,True,Germany,Defensive Midfield,Bayern Munich
792380,Aleksandar Pavlovic,DFB-Pokal,False,6.0,0.0,0.0,3.0,0.0,449.0,True,Germany,Defensive Midfield,Bayern Munich
792380,Aleksandar Pavlovic,DFL-Supercup,False,0.0,0.0,0.0,0.0,0.0,0.0,True,Germany,Defensive Midfield,Bayern Munich
792380,Aleksandar Pavlovic,TOTAL,True,44.0,4.0,2.0,5.0,0.0,3086.0,True,Germany,Defensive Midfield,Bayern Munich
79294,Eloy Room,USLC,False,9.0,14.0,4.0,3.0,0.0,810.0,True,Curaçao,Goalkeeper,Miami FC
79294,Eloy Room,USL Cup,False,2.0,5.0,0.0,0.0,0.0,180.0,True,Curaçao,Goalkeeper,Miami FC
79294,Eloy Room,TOTAL,True,11.0,19.0,4.0,3.0,0.0,990.0,True,Curaçao,Goalkeeper,Miami FC
79522,Yuto Nagatomo,J1 Special Season,False,8.0,0.0,0.0,1.0,0.0,501.0,True,Japan,Left-Back,FC Tokyo
79522,Yuto Nagatomo,TOTAL,True,8.0,0.0,0.0,1.0,0.0,501.0,True,Japan,Left-Back,FC Tokyo
798404,Alidu Seidu,Ligue 1,False,21.0,0.0,1.0,1.0,0.0,1185.0,True,Ghana,Centre-Back,Stade Rennais FC
798404,Alidu Seidu,Coupe de France,False,3.0,0.0,0.0,1.0,0.0,222.0,True,Ghana,Centre-Back,Stade Rennais FC
798404,Alidu Seidu,National 2 - Grp. C,False,2.0,0.0,0.0,1.0,0.0,142.0,True,Ghana,Centre-Back,Stade Rennais FC
798404,Alidu Seidu,TOTAL,True,26.0,0.0,1.0,3.0,0.0,1549.0,True,Ghana,Centre-Back,Stade Rennais FC
79960,Alex Sandro,Série A,False,13.0,0.0,0.0,3.0,0.0,1068.0,True,Brazil,Left-Back,CR Flamengo
79960,Alex Sandro,Campeonato Carioca,False,4.0,0.0,1.0,0.0,0.0,280.0,True,Brazil,Left-Back,CR Flamengo
79960,Alex Sandro,FIFA Intercontinental Cup,False,3.0,0.0,0.0,2.0,0.0,270.0,True,Brazil,Left-Back,CR Flamengo
79960,Alex Sandro,Copa do Brasil,False,2.0,0.0,0.0,0.0,0.0,90.0,True,Brazil,Left-Back,CR Flamengo
79960,Alex Sandro,Libertadores,False,1.0,0.0,0.0,0.0,0.0,90.0,True,Brazil,Left-Back,CR Flamengo
79960,Alex Sandro,Recopa Sudamericana,False,1.0,0.0,0.0,0.0,0.0,90.0,True,Brazil,Left-Back,CR Flamengo
79960,Alex Sandro,Supercopa Rei,False,1.0,0.0,0.0,0.0,0.0,81.0,True,Brazil,Left-Back,CR Flamengo
79960,Alex Sandro,TOTAL,True,25.0,0.0,1.0,5.0,0.0,1969.0,True,Brazil,Left-Back,CR Flamengo
799993,Ayoube Amaimouni-Echghouyab,3. Liga,False,18.0,9.0,6.0,2.0,0.0,1555.0,True,Morocco,Right Winger,Eintracht Frankfurt
799993,Ayoube Amaimouni-Echghouyab,Bundesliga,False,17.0,2.0,3.0,1.0,0.0,580.0,True,Morocco,Right Winger,Eintracht Frankfurt
799993,Ayoube Amaimouni-Echghouyab,UEFA Champions League,False,0.0,0.0,0.0,0.0,0.0,0.0,True,Morocco,Right Winger,Eintracht Frankfurt
799993,Ayoube Amaimouni-Echghouyab,TOTAL,True,35.0,11.0,9.0,3.0,0.0,2135.0,True,Morocco,Right Winger,Eintracht Frankfurt
800175,Luiz Henrique,Premier Liga,False,28.0,6.0,4.0,2.0,0.0,2038.0,True,Brazil,Right Winger,Zenit St. Petersburg
800175,Luiz Henrique,Russian Cup,False,6.0,0.0,0.0,1.0,0.0,408.0,True,Brazil,Right Winger,Zenit St. Petersburg
800175,Luiz Henrique,TOTAL,True,34.0,6.0,4.0,3.0,0.0,2446.0,True,Brazil,Right Winger,Zenit St. Petersburg
802855,Raúl Rangel,Liga MX Apertura,False,17.0,22.0,4.0,1.0,0.0,1530.0,True,Mexico,Goalkeeper,Deportivo Guadalajara
802855,Raúl Rangel,Liga MX Clausura,False,15.0,17.0,6.0,2.0,0.0,1350.0,True,Mexico,Goalkeeper,Deportivo Guadalajara
802855,Raúl Rangel,Liguilla Apertura,False,2.0,3.0,1.0,0.0,0.0,180.0,True,Mexico,Goalkeeper,Deportivo Guadalajara
802855,Raúl Rangel,Liguilla Clausura,False,0.0,0.0,0.0,0.0,0.0,0.0,True,Mexico,Goalkeeper,Deportivo Guadalajara
802855,Raúl Rangel,TOTAL,True,34.0,42.0,11.0,3.0,0.0,3060.0,True,Mexico,Goalkeeper,Deportivo Guadalajara
80293,Aïssa Mandi,Ligue 1,False,29.0,1.0,0.0,8.0,0.0,2427.0,True,Algeria,Centre-Back,LOSC Lille
80293,Aïssa Mandi,Europa League,False,11.0,0.0,0.0,2.0,0.0,851.0,True,Algeria,Centre-Back,LOSC Lille
80293,Aïssa Mandi,Coupe de France,False,0.0,0.0,0.0,0.0,0.0,0.0,True,Algeria,Centre-Back,LOSC Lille
80293,Aïssa Mandi,TOTAL,True,40.0,1.0,0.0,10.0,0.0,3278.0,True,Algeria,Centre-Back,LOSC Lille
803049,Ermin Mahmic,Chance Liga,False,25.0,6.0,3.0,4.0,0.0,1310.0,True,Bosnia and Herzegovina,Attacking Midfield,FC Slovan Liberec
803049,Ermin Mahmic,Chance Liga Champion Gr.,False,3.0,1.0,0.0,2.0,0.0,242.0,True,Bosnia and Herzegovina,Attacking Midfield,FC Slovan Liberec
803049,Ermin Mahmic,MOL Cup,False,2.0,1.0,1.0,0.0,0.0,164.0,True,Bosnia and Herzegovina,Attacking Midfield,FC Slovan Liberec
803049,Ermin Mahmic,CFL,False,1.0,0.0,1.0,0.0,0.0,73.0,True,Bosnia and Herzegovina,Attacking Midfield,FC Slovan Liberec
803049,Ermin Mahmic,TOTAL,True,31.0,8.0,5.0,6.0,0.0,1789.0,True,Bosnia and Herzegovina,Attacking Midfield,FC Slovan Liberec
804472,Jayden Adams,Betway Premiership,False,23.0,1.0,0.0,3.0,1.0,1420.0,True,South Africa,Central Midfield,Mamelodi Sundowns FC
804472,Jayden Adams,CAF-Champions League,False,10.0,1.0,0.0,2.0,0.0,704.0,True,South Africa,Central Midfield,Mamelodi Sundowns FC
804472,Jayden Adams,MTN8,False,3.0,0.0,0.0,0.0,0.0,167.0,True,South Africa,Central Midfield,Mamelodi Sundowns FC
804472,Jayden Adams,Nedbank Cup,False,1.0,0.0,1.0,0.0,0.0,90.0,True,South Africa,Central Midfield,Mamelodi Sundowns FC
804472,Jayden Adams,Carling Knockout,False,0.0,0.0,0.0,0.0,0.0,0.0,True,South Africa,Central Midfield,Mamelodi Sundowns FC
804472,Jayden Adams,TOTAL,True,37.0,2.0,1.0,5.0,1.0,2381.0,True,South Africa,Central Midfield,Mamelodi Sundowns FC
80486,Stopira,Liga Portugal 2,False,31.0,2.0,0.0,1.0,0.0,2715.0,True,Cape Verde,Centre-Back,SC União Torreense
80486,Stopira,Taça de Portugal,False,8.0,2.0,0.0,4.0,0.0,631.0,True,Cape Verde,Centre-Back,SC União Torreense
80486,Stopira,Liga Portugal - Play-Off,False,2.0,0.0,0.0,0.0,0.0,180.0,True,Cape Verde,Centre-Back,SC União Torreense
80486,Stopira,TOTAL,True,41.0,4.0,0.0,5.0,0.0,3526.0,True,Cape Verde,Centre-Back,SC União Torreense
804885,Martin Expérience,Ligue 2,False,20.0,1.0,1.0,4.0,0.0,1272.0,True,Haiti,Left-Back,AS Nancy-Lorraine
804885,Martin Expérience,Coupe de France,False,3.0,0.0,0.0,0.0,0.0,233.0,True,Haiti,Left-Back,AS Nancy-Lorraine
804885,Martin Expérience,TOTAL,True,23.0,1.0,1.0,4.0,0.0,1505.0,True,Haiti,Left-Back,AS Nancy-Lorraine
805534,Arjan Malic,Bundesliga,False,18.0,1.0,0.0,2.0,0.0,1041.0,True,Bosnia and Herzegovina,Right-Back,SK Sturm Graz
805534,Arjan Malic,Europa League,False,5.0,0.0,0.0,3.0,0.0,370.0,True,Bosnia and Herzegovina,Right-Back,SK Sturm Graz
805534,Arjan Malic,ÖFB-Cup,False,3.0,0.0,0.0,1.0,0.0,119.0,True,Bosnia and Herzegovina,Right-Back,SK Sturm Graz
805534,Arjan Malic,Champions League Qu.,False,2.0,0.0,0.0,1.0,0.0,95.0,True,Bosnia and Herzegovina,Right-Back,SK Sturm Graz
805534,Arjan Malic,TOTAL,True,28.0,1.0,0.0,7.0,0.0,1625.0,True,Bosnia and Herzegovina,Right-Back,SK Sturm Graz
805714,Renato Veiga,LaLiga,False,32.0,0.0,0.0,5.0,0.0,2478.0,True,Portugal,Centre-Back,Villarreal CF
805714,Renato Veiga,UEFA Champions League,False,8.0,1.0,0.0,2.0,0.0,720.0,True,Portugal,Centre-Back,Villarreal CF
805714,Renato Veiga,Copa del Rey,False,2.0,0.0,0.0,0.0,0.0,154.0,True,Portugal,Centre-Back,Villarreal CF
805714,Renato Veiga,Premier League,False,0.0,0.0,0.0,0.0,0.0,0.0,True,Portugal,Centre-Back,Villarreal CF
805714,Renato Veiga,TOTAL,True,42.0,1.0,0.0,7.0,0.0,3352.0,True,Portugal,Centre-Back,Villarreal CF
808509,Danilo,Série A,False,12.0,7.0,2.0,1.0,0.0,1071.0,True,Brazil,Central Midfield,Botafogo de Futebol e Regatas
808509,Danilo,Campeonato Carioca,False,4.0,0.0,0.0,0.0,0.0,256.0,True,Brazil,Central Midfield,Botafogo de Futebol e Regatas
808509,Danilo,Copa Sudamericana,False,3.0,2.0,0.0,0.0,0.0,213.0,True,Brazil,Central Midfield,Botafogo de Futebol e Regatas
808509,Danilo,Libertadores,False,3.0,1.0,1.0,0.0,0.0,270.0,True,Brazil,Central Midfield,Botafogo de Futebol e Regatas
808509,Danilo,Copa do Brasil,False,2.0,0.0,0.0,0.0,0.0,180.0,True,Brazil,Central Midfield,Botafogo de Futebol e Regatas
808509,Danilo,Carioca - Taça Rio,False,0.0,0.0,0.0,0.0,0.0,0.0,True,Brazil,Central Midfield,Botafogo de Futebol e Regatas
808509,Danilo,TOTAL,True,24.0,10.0,3.0,1.0,0.0,1990.0,True,Brazil,Central Midfield,Botafogo de Futebol e Regatas
810092,Warren Zaïre-Emery,Ligue 1,False,32.0,3.0,4.0,3.0,0.0,2454.0,True,France,Central Midfield,Paris Saint-Germain
810092,Warren Zaïre-Emery,UEFA Champions League,False,17.0,0.0,1.0,1.0,0.0,1343.0,True,France,Central Midfield,Paris Saint-Germain
810092,Warren Zaïre-Emery,Coupe de France,False,2.0,0.0,0.0,0.0,0.0,151.0,True,France,Central Midfield,Paris Saint-Germain
810092,Warren Zaïre-Emery,Trophée des Champions,False,1.0,0.0,0.0,1.0,0.0,89.0,True,France,Central Midfield,Paris Saint-Germain
810092,Warren Zaïre-Emery,FIFA Intercontinental Cup,False,1.0,0.0,0.0,0.0,0.0,120.0,True,France,Central Midfield,Paris Saint-Germain
810092,Warren Zaïre-Emery,UEFA Super Cup,False,1.0,0.0,0.0,0.0,0.0,67.0,True,France,Central Midfield,Paris Saint-Germain
810092,Warren Zaïre-Emery,TOTAL,True,54.0,3.0,5.0,5.0,0.0,4224.0,True,France,Central Midfield,Paris Saint-Germain
814848,Owen Goodman,League One,False,32.0,47.0,5.0,1.0,0.0,2826.0,True,Canada,Goalkeeper,Barnsley FC
814848,Owen Goodman,EFL Trophy,False,2.0,2.0,0.0,0.0,0.0,180.0,True,Canada,Goalkeeper,Barnsley FC
814848,Owen Goodman,FA Cup,False,0.0,0.0,0.0,0.0,0.0,0.0,True,Canada,Goalkeeper,Barnsley FC
814848,Owen Goodman,EFL Cup,False,0.0,0.0,0.0,0.0,0.0,0.0,True,Canada,Goalkeeper,Barnsley FC
814848,Owen Goodman,TOTAL,True,34.0,49.0,5.0,1.0,0.0,3006.0,True,Canada,Goalkeeper,Barnsley FC
815359,Lenny Joseph,NB I.,False,25.0,7.0,2.0,3.0,0.0,1209.0,True,Haiti,Centre-Forward,Ferencvárosi TC
815359,Lenny Joseph,Europa League,False,12.0,2.0,2.0,2.0,0.0,486.0,True,Haiti,Centre-Forward,Ferencvárosi TC
815359,Lenny Joseph,Champions League Qu.,False,6.0,2.0,3.0,0.0,0.0,459.0,True,Haiti,Centre-Forward,Ferencvárosi TC
815359,Lenny Joseph,Magyar Kupa,False,5.0,5.0,3.0,0.0,0.0,442.0,True,Haiti,Centre-Forward,Ferencvárosi TC
815359,Lenny Joseph,TOTAL,True,48.0,16.0,10.0,5.0,0.0,2596.0,True,Haiti,Centre-Forward,Ferencvárosi TC
81723,Michael Boxall,MLS,False,7.0,0.0,0.0,0.0,0.0,397.0,True,New Zealand,Centre-Back,Minnesota United FC
81723,Michael Boxall,US Open Cup,False,0.0,0.0,0.0,0.0,0.0,0.0,True,New Zealand,Centre-Back,Minnesota United FC
81723,Michael Boxall,TOTAL,True,7.0,0.0,0.0,0.0,0.0,397.0,True,New Zealand,Centre-Back,Minnesota United FC
8198,Cristiano Ronaldo,Saudi Pro League,False,30.0,28.0,3.0,2.0,0.0,2614.0,True,Portugal,Centre-Forward,Al-Nassr FC
8198,Cristiano Ronaldo,AFC Champions League Two,False,4.0,1.0,1.0,0.0,0.0,280.0,True,Portugal,Centre-Forward,Al-Nassr FC
8198,Cristiano Ronaldo,Saudi Super Cup,False,2.0,1.0,1.0,0.0,0.0,180.0,True,Portugal,Centre-Forward,Al-Nassr FC
8198,Cristiano Ronaldo,King's Cup,False,1.0,0.0,0.0,0.0,0.0,90.0,True,Portugal,Centre-Forward,Al-Nassr FC
8198,Cristiano Ronaldo,TOTAL,True,37.0,30.0,5.0,2.0,0.0,3164.0,True,Portugal,Centre-Forward,Al-Nassr FC
820252,Gilson Benchimol,Premier Liga,False,20.0,6.0,1.0,3.0,0.0,1061.0,True,Cape Verde,Centre-Forward,Akron Tolyatti
820252,Gilson Benchimol,Russian Cup,False,4.0,4.0,0.0,0.0,0.0,305.0,True,Cape Verde,Centre-Forward,Akron Tolyatti
820252,Gilson Benchimol,Relegation Premier Liga,False,2.0,2.0,0.0,0.0,0.0,113.0,True,Cape Verde,Centre-Forward,Akron Tolyatti
820252,Gilson Benchimol,TOTAL,True,26.0,12.0,1.0,3.0,0.0,1479.0,True,Cape Verde,Centre-Forward,Akron Tolyatti
820374,Kobbie Mainoo,Premier League,False,28.0,1.0,2.0,2.0,0.0,1654.0,True,England,Central Midfield,Manchester United
820374,Kobbie Mainoo,EFL Cup,False,1.0,0.0,1.0,0.0,0.0,90.0,True,England,Central Midfield,Manchester United
820374,Kobbie Mainoo,FA Cup,False,1.0,0.0,0.0,1.0,0.0,62.0,True,England,Central Midfield,Manchester United
820374,Kobbie Mainoo,TOTAL,True,30.0,1.0,3.0,3.0,0.0,1806.0,True,England,Central Midfield,Manchester United
820474,Zakaria El Ouahdi,Jupiler Pro League,False,24.0,7.0,2.0,3.0,0.0,2105.0,True,Morocco,Right-Back,KRC Genk
820474,Zakaria El Ouahdi,JPL Europe Play-Offs,False,10.0,1.0,3.0,1.0,0.0,891.0,True,Morocco,Right-Back,KRC Genk
820474,Zakaria El Ouahdi,Europa League,False,9.0,4.0,1.0,3.0,0.0,828.0,True,Morocco,Right-Back,KRC Genk
820474,Zakaria El Ouahdi,Croky Cup,False,1.0,0.0,0.0,1.0,0.0,116.0,True,Morocco,Right-Back,KRC Genk
820474,Zakaria El Ouahdi,Europa League Qualifying,False,1.0,0.0,0.0,0.0,0.0,90.0,True,Morocco,Right-Back,KRC Genk
820474,Zakaria El Ouahdi,Jupiler Pro League playoff Europa League,False,0.0,0.0,0.0,0.0,0.0,0.0,True,Morocco,Right-Back,KRC Genk
820474,Zakaria El Ouahdi,TOTAL,True,45.0,12.0,6.0,8.0,0.0,4030.0,True,Morocco,Right-Back,KRC Genk
821377,Nawaf Boushal,Saudi Pro League,False,32.0,0.0,6.0,2.0,0.0,1871.0,True,Saudi Arabia,Right-Back,Al-Nassr FC
821377,Nawaf Boushal,AFC Champions League Two,False,10.0,0.0,2.0,0.0,0.0,644.0,True,Saudi Arabia,Right-Back,Al-Nassr FC
821377,Nawaf Boushal,King's Cup,False,2.0,0.0,0.0,0.0,0.0,175.0,True,Saudi Arabia,Right-Back,Al-Nassr FC
821377,Nawaf Boushal,Saudi Super Cup,False,2.0,0.0,0.0,1.0,0.0,180.0,True,Saudi Arabia,Right-Back,Al-Nassr FC
821377,Nawaf Boushal,TOTAL,True,46.0,0.0,8.0,3.0,0.0,2870.0,True,Saudi Arabia,Right-Back,Al-Nassr FC
822458,Bamba Dieng,Ligue 1,False,22.0,10.0,1.0,2.0,0.0,1219.0,True,Senegal,Centre-Forward,FC Lorient
822458,Bamba Dieng,Coupe de France,False,3.0,5.0,0.0,1.0,0.0,209.0,True,Senegal,Centre-Forward,FC Lorient
822458,Bamba Dieng,National 1 - Grp. A,False,1.0,1.0,0.0,0.0,0.0,45.0,True,Senegal,Centre-Forward,FC Lorient
822458,Bamba Dieng,TOTAL,True,26.0,16.0,1.0,3.0,0.0,1473.0,True,Senegal,Centre-Forward,FC Lorient
822935,Mohamed Manai,Stars League,False,19.0,5.0,1.0,3.0,0.0,1479.0,True,Qatar,Central Midfield,Al-Shamal SC
822935,Mohamed Manai,Amir Cup,False,2.0,0.0,0.0,0.0,0.0,180.0,True,Qatar,Central Midfield,Al-Shamal SC
822935,Mohamed Manai,QSL Cup,False,1.0,0.0,0.0,0.0,0.0,27.0,True,Qatar,Central Midfield,Al-Shamal SC
822935,Mohamed Manai,TOTAL,True,22.0,5.0,1.0,3.0,0.0,1686.0,True,Qatar,Central Midfield,Al-Shamal SC
826103,Alexandr Sojka,Chance Liga,False,28.0,1.0,2.0,1.0,0.0,1611.0,True,Czech Republic,Central Midfield,FC Viktoria Plzen
826103,Alexandr Sojka,Chance Liga Champion Gr.,False,5.0,2.0,0.0,0.0,0.0,374.0,True,Czech Republic,Central Midfield,FC Viktoria Plzen
826103,Alexandr Sojka,MOL Cup,False,3.0,1.0,1.0,0.0,0.0,255.0,True,Czech Republic,Central Midfield,FC Viktoria Plzen
826103,Alexandr Sojka,Europa League,False,2.0,0.0,0.0,0.0,0.0,52.0,True,Czech Republic,Central Midfield,FC Viktoria Plzen
826103,Alexandr Sojka,TOTAL,True,38.0,4.0,3.0,1.0,0.0,2292.0,True,Czech Republic,Central Midfield,FC Viktoria Plzen
827734,Ange-Yoan Bonny,Serie A,False,33.0,5.0,6.0,1.0,0.0,1130.0,True,Ivory Coast,Centre-Forward,Inter Milan
827734,Ange-Yoan Bonny,UEFA Champions League,False,10.0,0.0,3.0,0.0,0.0,282.0,True,Ivory Coast,Centre-Forward,Inter Milan
827734,Ange-Yoan Bonny,Italy Cup,False,4.0,2.0,0.0,0.0,0.0,173.0,True,Ivory Coast,Centre-Forward,Inter Milan
827734,Ange-Yoan Bonny,Supercoppa Italiana,False,1.0,0.0,0.0,0.0,0.0,90.0,True,Ivory Coast,Centre-Forward,Inter Milan
827734,Ange-Yoan Bonny,TOTAL,True,48.0,7.0,9.0,1.0,0.0,1675.0,True,Ivory Coast,Centre-Forward,Inter Milan
82873,Pascal Groß,Premier League,False,19.0,1.0,3.0,2.0,0.0,1637.0,True,Germany,Central Midfield,Brighton & Hove Albion
82873,Pascal Groß,Bundesliga,False,11.0,0.0,1.0,0.0,0.0,615.0,True,Germany,Central Midfield,Brighton & Hove Albion
82873,Pascal Groß,UEFA Champions League,False,3.0,0.0,1.0,0.0,0.0,37.0,True,Germany,Central Midfield,Brighton & Hove Albion
82873,Pascal Groß,FA Cup,False,2.0,0.0,0.0,0.0,0.0,180.0,True,Germany,Central Midfield,Brighton & Hove Albion
82873,Pascal Groß,DFB-Pokal,False,2.0,0.0,0.0,0.0,0.0,80.0,True,Germany,Central Midfield,Brighton & Hove Albion
82873,Pascal Groß,TOTAL,True,37.0,1.0,5.0,2.0,0.0,2549.0,True,Germany,Central Midfield,Brighton & Hove Albion
830890,Marvin Senaya,Ligue 1,False,25.0,1.0,0.0,6.0,0.0,1785.0,True,Ghana,Right-Back,AJ Auxerre
830890,Marvin Senaya,Coupe de France,False,1.0,0.0,0.0,1.0,0.0,90.0,True,Ghana,Right-Back,AJ Auxerre
830890,Marvin Senaya,TOTAL,True,26.0,1.0,0.0,7.0,0.0,1875.0,True,Ghana,Right-Back,AJ Auxerre
833817,Ahmed Qasem,MLS,False,14.0,1.0,1.0,3.0,0.0,731.0,True,Iraq,Right Winger,Nashville SC
833817,Ahmed Qasem,CONCACAF Champions Cup,False,6.0,1.0,0.0,0.0,0.0,229.0,True,Iraq,Right Winger,Nashville SC
833817,Ahmed Qasem,TOTAL,True,20.0,2.0,1.0,3.0,0.0,960.0,True,Iraq,Right Winger,Nashville SC
834397,Mike Penders,Ligue 1,False,33.0,47.0,8.0,3.0,0.0,2970.0,True,Belgium,Goalkeeper,RC Strasbourg Alsace
834397,Mike Penders,Conference League,False,12.0,11.0,2.0,0.0,0.0,1080.0,True,Belgium,Goalkeeper,RC Strasbourg Alsace
834397,Mike Penders,Coupe de France,False,5.0,5.0,1.0,1.0,0.0,450.0,True,Belgium,Goalkeeper,RC Strasbourg Alsace
834397,Mike Penders,UECL Qualifying,False,2.0,2.0,1.0,1.0,0.0,131.0,True,Belgium,Goalkeeper,RC Strasbourg Alsace
834397,Mike Penders,TOTAL,True,52.0,65.0,12.0,5.0,0.0,4631.0,True,Belgium,Goalkeeper,RC Strasbourg Alsace
837368,Benjamin Asare,Premier League,False,19.0,7.0,14.0,1.0,0.0,1710.0,True,Ghana,Goalkeeper,Hearts of Oak
837368,Benjamin Asare,TOTAL,True,19.0,7.0,14.0,1.0,0.0,1710.0,True,Ghana,Goalkeeper,Hearts of Oak
837619,Armando González,Liga MX Clausura,False,17.0,12.0,1.0,1.0,0.0,1265.0,True,Mexico,Centre-Forward,Deportivo Guadalajara
837619,Armando González,Liga MX Apertura,False,17.0,12.0,1.0,2.0,0.0,1129.0,True,Mexico,Centre-Forward,Deportivo Guadalajara
837619,Armando González,Liguilla Apertura,False,1.0,0.0,0.0,0.0,0.0,62.0,True,Mexico,Centre-Forward,Deportivo Guadalajara
837619,Armando González,Liguilla Clausura,False,0.0,0.0,0.0,0.0,0.0,0.0,True,Mexico,Centre-Forward,Deportivo Guadalajara
837619,Armando González,TOTAL,True,35.0,24.0,2.0,3.0,0.0,2456.0,True,Mexico,Centre-Forward,Deportivo Guadalajara
838947,Alexandre Pierre,Ligue 3,False,26.0,20.0,9.0,2.0,0.0,2295.0,True,Haiti,Goalkeeper,FC Sochaux-Montbéliard
838947,Alexandre Pierre,Coupe de France,False,0.0,0.0,0.0,0.0,0.0,0.0,True,Haiti,Goalkeeper,FC Sochaux-Montbéliard
838947,Alexandre Pierre,TOTAL,True,26.0,20.0,9.0,2.0,0.0,2295.0,True,Haiti,Goalkeeper,FC Sochaux-Montbéliard
83983,Lucas Mendes,Stars League,False,17.0,1.0,1.0,3.0,0.0,1472.0,True,Qatar,Centre-Back,Al-Wakrah SC
83983,Lucas Mendes,Amir Cup,False,3.0,1.0,0.0,0.0,0.0,270.0,True,Qatar,Centre-Back,Al-Wakrah SC
83983,Lucas Mendes,QSL Cup,False,1.0,0.0,1.0,0.0,0.0,90.0,True,Qatar,Centre-Back,Al-Wakrah SC
83983,Lucas Mendes,TOTAL,True,21.0,2.0,2.0,3.0,0.0,1832.0,True,Qatar,Centre-Back,Al-Wakrah SC
840254,Nadhir Benbouali,NB I.,False,32.0,15.0,6.0,4.0,0.0,2562.0,True,Algeria,Centre-Forward,ETO FC
840254,Nadhir Benbouali,UECL Qualifying,False,6.0,2.0,0.0,1.0,0.0,518.0,True,Algeria,Centre-Forward,ETO FC
840254,Nadhir Benbouali,Magyar Kupa,False,3.0,2.0,0.0,0.0,0.0,162.0,True,Algeria,Centre-Forward,ETO FC
840254,Nadhir Benbouali,TOTAL,True,41.0,19.0,6.0,5.0,0.0,3242.0,True,Algeria,Centre-Forward,ETO FC
840836,Hélio Varela,Ligat ha'Al,False,21.0,2.0,2.0,1.0,0.0,1303.0,True,Cape Verde,Left Winger,Maccabi Tel Aviv
840836,Hélio Varela,Ligat ha'Al -  Championship round,False,9.0,1.0,0.0,1.0,0.0,678.0,True,Cape Verde,Left Winger,Maccabi Tel Aviv
840836,Hélio Varela,Europa League,False,8.0,0.0,0.0,0.0,0.0,369.0,True,Cape Verde,Left Winger,Maccabi Tel Aviv
840836,Hélio Varela,Gvia haMedina,False,4.0,3.0,1.0,0.0,0.0,321.0,True,Cape Verde,Left Winger,Maccabi Tel Aviv
840836,Hélio Varela,Jupiler Pro League,False,3.0,0.0,0.0,0.0,0.0,163.0,True,Cape Verde,Left Winger,Maccabi Tel Aviv
840836,Hélio Varela,TOTAL,True,45.0,6.0,3.0,2.0,0.0,2834.0,True,Cape Verde,Left Winger,Maccabi Tel Aviv
842420,Nathan-Dylan Saliba,Jupiler Pro League,False,27.0,2.0,1.0,10.0,1.0,1751.0,True,Canada,Central Midfield,RSC Anderlecht
842420,Nathan-Dylan Saliba,Jupiler Pro League Champions' Play-Offs,False,7.0,1.0,0.0,2.0,0.0,569.0,True,Canada,Central Midfield,RSC Anderlecht
842420,Nathan-Dylan Saliba,Croky Cup,False,6.0,1.0,1.0,1.0,0.0,559.0,True,Canada,Central Midfield,RSC Anderlecht
842420,Nathan-Dylan Saliba,UECL Qualifying,False,3.0,1.0,0.0,1.0,0.0,127.0,True,Canada,Central Midfield,RSC Anderlecht
842420,Nathan-Dylan Saliba,Europa League Qualifying,False,2.0,0.0,0.0,0.0,0.0,55.0,True,Canada,Central Midfield,RSC Anderlecht
842420,Nathan-Dylan Saliba,TOTAL,True,45.0,5.0,2.0,14.0,1.0,3061.0,True,Canada,Central Midfield,RSC Anderlecht
844485,Tshepang Moremi,Betway Premiership,False,28.0,5.0,4.0,1.0,0.0,1539.0,True,South Africa,Left Winger,Orlando Pirates
844485,Tshepang Moremi,Carling Knockout,False,4.0,2.0,0.0,1.0,0.0,344.0,True,South Africa,Left Winger,Orlando Pirates
844485,Tshepang Moremi,MTN8,False,3.0,2.0,1.0,0.0,0.0,95.0,True,South Africa,Left Winger,Orlando Pirates
844485,Tshepang Moremi,CAF-Champions League,False,2.0,2.0,0.0,0.0,0.0,180.0,True,South Africa,Left Winger,Orlando Pirates
844485,Tshepang Moremi,Nedbank Cup,False,2.0,0.0,0.0,1.0,0.0,150.0,True,South Africa,Left Winger,Orlando Pirates
844485,Tshepang Moremi,TOTAL,True,39.0,11.0,5.0,3.0,0.0,2308.0,True,South Africa,Left Winger,Orlando Pirates
844797,Flaco López,Série A,False,17.0,6.0,3.0,2.0,0.0,1314.0,True,Argentina,Centre-Forward,Sociedade Esportiva Palmeiras
844797,Flaco López,Campeonato Paulista,False,11.0,6.0,3.0,3.0,0.0,846.0,True,Argentina,Centre-Forward,Sociedade Esportiva Palmeiras
844797,Flaco López,Libertadores,False,6.0,2.0,4.0,0.0,0.0,519.0,True,Argentina,Centre-Forward,Sociedade Esportiva Palmeiras
844797,Flaco López,Copa do Brasil,False,1.0,0.0,0.0,0.0,0.0,22.0,True,Argentina,Centre-Forward,Sociedade Esportiva Palmeiras
844797,Flaco López,TOTAL,True,35.0,14.0,10.0,5.0,0.0,2701.0,True,Argentina,Centre-Forward,Sociedade Esportiva Palmeiras
847279,Oumar Diakité,Jupiler Pro League,False,19.0,3.0,2.0,4.0,0.0,1105.0,True,Ivory Coast,Centre-Forward,Cercle Brugge 
847279,Oumar Diakité,JPL Relegation Play-Offs,False,6.0,4.0,0.0,0.0,0.0,323.0,True,Ivory Coast,Centre-Forward,Cercle Brugge 
847279,Oumar Diakité,Ligue 2,False,2.0,0.0,0.0,0.0,0.0,21.0,True,Ivory Coast,Centre-Forward,Cercle Brugge 
847279,Oumar Diakité,Croky Cup,False,1.0,0.0,0.0,0.0,0.0,66.0,True,Ivory Coast,Centre-Forward,Cercle Brugge 
847279,Oumar Diakité,TOTAL,True,28.0,7.0,2.0,4.0,0.0,1515.0,True,Ivory Coast,Centre-Forward,Cercle Brugge 
848856,Junnosuke Suzuki,Superliga,False,11.0,1.0,0.0,1.0,0.0,897.0,True,Japan,Centre-Back,FC Copenhagen
848856,Junnosuke Suzuki,Superliga Relegation round,False,10.0,1.0,1.0,0.0,0.0,875.0,True,Japan,Centre-Back,FC Copenhagen
848856,Junnosuke Suzuki,UEFA Champions League,False,7.0,0.0,1.0,2.0,0.0,574.0,True,Japan,Centre-Back,FC Copenhagen
848856,Junnosuke Suzuki,Oddset Pokalen,False,7.0,0.0,0.0,0.0,0.0,602.0,True,Japan,Centre-Back,FC Copenhagen
848856,Junnosuke Suzuki,Superliga Europa Playoff,False,1.0,0.0,0.0,0.0,0.0,120.0,True,Japan,Centre-Back,FC Copenhagen
848856,Junnosuke Suzuki,Champions League Qu.,False,0.0,0.0,0.0,0.0,0.0,0.0,True,Japan,Centre-Back,FC Copenhagen
848856,Junnosuke Suzuki,TOTAL,True,36.0,2.0,2.0,3.0,0.0,3068.0,True,Japan,Centre-Back,FC Copenhagen
849410,Valentín Barco,Ligue 1,False,27.0,2.0,4.0,5.0,0.0,2171.0,True,Argentina,Central Midfield,RC Strasbourg Alsace
849410,Valentín Barco,Conference League,False,10.0,1.0,0.0,2.0,0.0,666.0,True,Argentina,Central Midfield,RC Strasbourg Alsace
849410,Valentín Barco,Coupe de France,False,4.0,0.0,5.0,1.0,0.0,344.0,True,Argentina,Central Midfield,RC Strasbourg Alsace
849410,Valentín Barco,UECL Qualifying,False,2.0,0.0,0.0,0.0,0.0,178.0,True,Argentina,Central Midfield,RC Strasbourg Alsace
849410,Valentín Barco,TOTAL,True,43.0,3.0,9.0,8.0,0.0,3359.0,True,Argentina,Central Midfield,RC Strasbourg Alsace
849429,Tete Yengi,Premiership,False,19.0,2.0,0.0,1.0,0.0,1056.0,True,Australia,Centre-Forward,Machida Zelvia
849429,Tete Yengi,J1 Special Season,False,15.0,3.0,1.0,1.0,0.0,958.0,True,Australia,Centre-Forward,Machida Zelvia
849429,Tete Yengi,AFC Champions League,False,7.0,3.0,0.0,2.0,0.0,480.0,True,Australia,Centre-Forward,Machida Zelvia
849429,Tete Yengi,League Cup,False,2.0,0.0,0.0,0.0,0.0,33.0,True,Australia,Centre-Forward,Machida Zelvia
849429,Tete Yengi,SFA Cup,False,1.0,0.0,0.0,0.0,0.0,37.0,True,Australia,Centre-Forward,Machida Zelvia
849429,Tete Yengi,TOTAL,True,44.0,8.0,1.0,4.0,0.0,2564.0,True,Australia,Centre-Forward,Machida Zelvia
851220,Amine Sbaï,Ligue 1,False,25.0,3.0,1.0,1.0,1.0,1834.0,True,Morocco,Left Winger,Angers SCO
851220,Amine Sbaï,Coupe de France,False,2.0,1.0,0.0,0.0,0.0,180.0,True,Morocco,Left Winger,Angers SCO
851220,Amine Sbaï,Saudi Pro League,False,1.0,0.0,0.0,0.0,0.0,21.0,True,Morocco,Left Winger,Angers SCO
851220,Amine Sbaï,TOTAL,True,28.0,4.0,1.0,1.0,1.0,2035.0,True,Morocco,Left Winger,Angers SCO
855015,Farès Chaïbi,Bundesliga,False,28.0,2.0,9.0,2.0,0.0,1797.0,True,Algeria,Attacking Midfield,Eintracht Frankfurt
855015,Farès Chaïbi,UEFA Champions League,False,8.0,1.0,1.0,0.0,0.0,499.0,True,Algeria,Attacking Midfield,Eintracht Frankfurt
855015,Farès Chaïbi,DFB-Pokal,False,2.0,0.0,0.0,1.0,0.0,210.0,True,Algeria,Attacking Midfield,Eintracht Frankfurt
855015,Farès Chaïbi,TOTAL,True,38.0,3.0,10.0,3.0,0.0,2506.0,True,Algeria,Attacking Midfield,Eintracht Frankfurt
855731,Jordan Bos,Eredivisie,False,28.0,4.0,9.0,0.0,0.0,2058.0,True,Australia,Left-Back,Feyenoord Rotterdam
855731,Jordan Bos,Europa League,False,5.0,0.0,1.0,0.0,0.0,237.0,True,Australia,Left-Back,Feyenoord Rotterdam
855731,Jordan Bos,Champions League Qu.,False,2.0,0.0,1.0,1.0,0.0,180.0,True,Australia,Left-Back,Feyenoord Rotterdam
855731,Jordan Bos,KNVB Beker,False,1.0,0.0,0.0,0.0,0.0,90.0,True,Australia,Left-Back,Feyenoord Rotterdam
855731,Jordan Bos,TOTAL,True,36.0,4.0,11.0,1.0,0.0,2565.0,True,Australia,Left-Back,Feyenoord Rotterdam
856087,Mohammad Ghorbani,UAE Pro League,False,22.0,1.0,0.0,6.0,0.0,1199.0,True,Iran,Defensive Midfield,Al-Wahda FC
856087,Mohammad Ghorbani,AFC Champions League,False,7.0,0.0,0.0,1.0,0.0,464.0,True,Iran,Defensive Midfield,Al-Wahda FC
856087,Mohammad Ghorbani,UAE League Cup,False,5.0,0.0,0.0,3.0,0.0,376.0,True,Iran,Defensive Midfield,Al-Wahda FC
856087,Mohammad Ghorbani,UAE President's Cup,False,2.0,0.0,0.0,1.0,0.0,174.0,True,Iran,Defensive Midfield,Al-Wahda FC
856087,Mohammad Ghorbani,TOTAL,True,36.0,1.0,0.0,11.0,0.0,2213.0,True,Iran,Defensive Midfield,Al-Wahda FC
857948,Kevin Castaño,Torneo Apertura,False,5.0,0.0,0.0,0.0,0.0,92.0,True,Colombia,Defensive Midfield,CA River Plate
857948,Kevin Castaño,Copa Sudamericana,False,2.0,0.0,0.0,1.0,0.0,128.0,True,Colombia,Defensive Midfield,CA River Plate
857948,Kevin Castaño,Playoff Torneo Apertura,False,0.0,0.0,0.0,0.0,0.0,0.0,True,Colombia,Defensive Midfield,CA River Plate
857948,Kevin Castaño,Copa Argentina,False,0.0,0.0,0.0,0.0,0.0,0.0,True,Colombia,Defensive Midfield,CA River Plate
857948,Kevin Castaño,TOTAL,True,7.0,0.0,0.0,1.0,0.0,220.0,True,Colombia,Defensive Midfield,CA River Plate
859175,Garven Metusala,USLC,False,7.0,0.0,0.0,0.0,0.0,455.0,True,Haiti,Centre-Back,Colorado Springs Switchbacks FC
859175,Garven Metusala,US Open Cup,False,3.0,0.0,1.0,1.0,0.0,330.0,True,Haiti,Centre-Back,Colorado Springs Switchbacks FC
859175,Garven Metusala,USL Cup,False,3.0,0.0,0.0,2.0,0.0,225.0,True,Haiti,Centre-Back,Colorado Springs Switchbacks FC
859175,Garven Metusala,TOTAL,True,13.0,0.0,1.0,3.0,0.0,1010.0,True,Haiti,Centre-Back,Colorado Springs Switchbacks FC
860998,Azarías Londoño,LigaPro Serie A,False,9.0,1.0,1.0,0.0,0.0,462.0,True,Panama,Centre-Forward,CD Universidad Católica
860998,Azarías Londoño,Supercopa Ecuador,False,1.0,0.0,0.0,0.0,0.0,8.0,True,Panama,Centre-Forward,CD Universidad Católica
860998,Azarías Londoño,Copa Ecuador,False,0.0,0.0,0.0,0.0,0.0,0.0,True,Panama,Centre-Forward,CD Universidad Católica
860998,Azarías Londoño,Libertadores,False,0.0,0.0,0.0,0.0,0.0,0.0,True,Panama,Centre-Forward,CD Universidad Católica
860998,Azarías Londoño,Liga Panameña Clausura,False,0.0,0.0,0.0,0.0,0.0,0.0,True,Panama,Centre-Forward,CD Universidad Católica
860998,Azarías Londoño,TOTAL,True,10.0,1.0,1.0,0.0,0.0,470.0,True,Panama,Centre-Forward,CD Universidad Católica
861852,Damián Bobadilla,Série A,False,14.0,0.0,2.0,3.0,0.0,1066.0,True,Paraguay,Central Midfield,São Paulo Futebol Clube
861852,Damián Bobadilla,Campeonato Paulista,False,9.0,2.0,1.0,1.0,0.0,646.0,True,Paraguay,Central Midfield,São Paulo Futebol Clube
861852,Damián Bobadilla,Copa Sudamericana,False,4.0,1.0,1.0,2.0,0.0,268.0,True,Paraguay,Central Midfield,São Paulo Futebol Clube
861852,Damián Bobadilla,Copa do Brasil,False,1.0,0.0,1.0,0.0,0.0,90.0,True,Paraguay,Central Midfield,São Paulo Futebol Clube
861852,Damián Bobadilla,TOTAL,True,28.0,3.0,5.0,6.0,0.0,2070.0,True,Paraguay,Central Midfield,São Paulo Futebol Clube
86202,Antonio Rüdiger,LaLiga,False,18.0,1.0,0.0,0.0,0.0,1491.0,True,Germany,Centre-Back,Real Madrid
86202,Antonio Rüdiger,UEFA Champions League,False,7.0,0.0,0.0,2.0,0.0,630.0,True,Germany,Centre-Back,Real Madrid
86202,Antonio Rüdiger,Supercopa,False,1.0,0.0,0.0,0.0,0.0,69.0,True,Germany,Centre-Back,Real Madrid
86202,Antonio Rüdiger,Copa del Rey,False,0.0,0.0,0.0,0.0,0.0,0.0,True,Germany,Centre-Back,Real Madrid
86202,Antonio Rüdiger,TOTAL,True,26.0,1.0,0.0,2.0,0.0,2190.0,True,Germany,Centre-Back,Real Madrid
86286,Hassan Al-Haydos,Stars League,False,12.0,0.0,2.0,0.0,0.0,239.0,True,Qatar,Attacking Midfield,Al-Sadd SC
86286,Hassan Al-Haydos,Amir Cup,False,4.0,2.0,1.0,0.0,0.0,274.0,True,Qatar,Attacking Midfield,Al-Sadd SC
86286,Hassan Al-Haydos,AFC Champions League,False,4.0,1.0,0.0,1.0,0.0,162.0,True,Qatar,Attacking Midfield,Al-Sadd SC
86286,Hassan Al-Haydos,QSL Cup,False,1.0,0.0,0.0,0.0,0.0,65.0,True,Qatar,Attacking Midfield,Al-Sadd SC
86286,Hassan Al-Haydos,TOTAL,True,21.0,3.0,3.0,1.0,0.0,740.0,True,Qatar,Attacking Midfield,Al-Sadd SC
864121,Abdul Fatawu,Championship,False,44.0,9.0,8.0,7.0,0.0,3722.0,True,Ghana,Right Winger,Leicester City
864121,Abdul Fatawu,FA Cup,False,0.0,0.0,0.0,0.0,0.0,0.0,True,Ghana,Right Winger,Leicester City
864121,Abdul Fatawu,EFL Cup,False,0.0,0.0,0.0,0.0,0.0,0.0,True,Ghana,Right Winger,Leicester City
864121,Abdul Fatawu,TOTAL,True,44.0,9.0,8.0,7.0,0.0,3722.0,True,Ghana,Right Winger,Leicester City
864306,Rafik Belghali,Serie A,False,26.0,2.0,0.0,6.0,0.0,1928.0,True,Algeria,Right-Back,Hellas Verona
864306,Rafik Belghali,Jupiler Pro League,False,3.0,0.0,0.0,1.0,0.0,240.0,True,Algeria,Right-Back,Hellas Verona
864306,Rafik Belghali,Italy Cup,False,0.0,0.0,0.0,0.0,0.0,0.0,True,Algeria,Right-Back,Hellas Verona
864306,Rafik Belghali,TOTAL,True,29.0,2.0,0.0,7.0,0.0,2168.0,True,Algeria,Right-Back,Hellas Verona
865550,César Samudio,Liga Nacional Apertura,False,20.0,15.0,11.0,1.0,0.0,1800.0,True,Panama,Goalkeeper,CD Marathón
865550,César Samudio,Liga Nacional Clausura,False,7.0,7.0,2.0,2.0,0.0,630.0,True,Panama,Goalkeeper,CD Marathón
865550,César Samudio,LNPHN Apertura Playoff,False,3.0,3.0,1.0,0.0,0.0,208.0,True,Panama,Goalkeeper,CD Marathón
865550,César Samudio,LNPHN Clausura Playoff,False,0.0,0.0,0.0,0.0,0.0,0.0,True,Panama,Goalkeeper,CD Marathón
865550,César Samudio,TOTAL,True,30.0,25.0,14.0,3.0,0.0,2638.0,True,Panama,Goalkeeper,CD Marathón
867137,Alessandro Circati,Serie A,False,31.0,1.0,1.0,6.0,0.0,2666.0,True,Australia,Centre-Back,Parma Calcio 1913
867137,Alessandro Circati,Italy Cup,False,2.0,0.0,0.0,0.0,0.0,135.0,True,Australia,Centre-Back,Parma Calcio 1913
867137,Alessandro Circati,TOTAL,True,33.0,1.0,1.0,6.0,0.0,2801.0,True,Australia,Centre-Back,Parma Calcio 1913
869509,Moteb Al-Harbi,Saudi Pro League,False,30.0,2.0,2.0,0.0,0.0,1833.0,True,Saudi Arabia,Left-Back,Al-Hilal SFC
869509,Moteb Al-Harbi,AFC Champions League,False,5.0,0.0,0.0,0.0,0.0,280.0,True,Saudi Arabia,Left-Back,Al-Hilal SFC
869509,Moteb Al-Harbi,King's Cup,False,4.0,0.0,0.0,1.0,0.0,314.0,True,Saudi Arabia,Left-Back,Al-Hilal SFC
869509,Moteb Al-Harbi,TOTAL,True,39.0,2.0,2.0,1.0,0.0,2427.0,True,Saudi Arabia,Left-Back,Al-Hilal SFC
876631,Habib Diarra,Premier League,False,20.0,2.0,3.0,6.0,0.0,1409.0,True,Senegal,Central Midfield,Sunderland AFC
876631,Habib Diarra,FA Cup,False,2.0,1.0,0.0,0.0,0.0,154.0,True,Senegal,Central Midfield,Sunderland AFC
876631,Habib Diarra,EFL Cup,False,0.0,0.0,0.0,0.0,0.0,0.0,True,Senegal,Central Midfield,Sunderland AFC
876631,Habib Diarra,TOTAL,True,22.0,3.0,3.0,6.0,0.0,1563.0,True,Senegal,Central Midfield,Sunderland AFC
877672,Ali Jasim,Saudi Pro League,False,24.0,4.0,1.0,1.0,0.0,1623.0,True,Iraq,Left Winger,Al-Najma SC
877672,Ali Jasim,King's Cup,False,2.0,0.0,0.0,0.0,0.0,130.0,True,Iraq,Left Winger,Al-Najma SC
877672,Ali Jasim,Serie A,False,0.0,0.0,0.0,0.0,0.0,0.0,True,Iraq,Left Winger,Al-Najma SC
877672,Ali Jasim,Italy Cup,False,0.0,0.0,0.0,0.0,0.0,0.0,True,Iraq,Left Winger,Al-Najma SC
877672,Ali Jasim,TOTAL,True,26.0,4.0,1.0,1.0,0.0,1753.0,True,Iraq,Left Winger,Al-Najma SC
88103,James Rodríguez,Liga MX Apertura,False,14.0,3.0,2.0,1.0,0.0,981.0,True,Colombia,Attacking Midfield,Minnesota United FC
88103,James Rodríguez,MLS,False,6.0,0.0,2.0,0.0,0.0,194.0,True,Colombia,Attacking Midfield,Minnesota United FC
88103,James Rodríguez,US Open Cup,False,2.0,0.0,0.0,0.0,0.0,80.0,True,Colombia,Attacking Midfield,Minnesota United FC
88103,James Rodríguez,TOTAL,True,22.0,3.0,4.0,1.0,0.0,1255.0,True,Colombia,Attacking Midfield,Minnesota United FC
881506,Ahmed Maknzi,Iraq Stars League,False,22.0,5.0,5.0,5.0,0.0,1605.0,True,Iraq,Left-Back,Al-Karma
881506,Ahmed Maknzi,Iraq FA Cup,False,1.0,0.0,0.0,1.0,0.0,62.0,True,Iraq,Left-Back,Al-Karma
881506,Ahmed Maknzi,TOTAL,True,23.0,5.0,5.0,6.0,0.0,1667.0,True,Iraq,Left-Back,Al-Karma
882197,Abdallah Nasib,Iraq Stars League,False,23.0,1.0,0.0,2.0,0.0,1841.0,True,Jordan,Centre-Back,Al-Zawraa SC
882197,Abdallah Nasib,AFC Champions League Two,False,5.0,0.0,0.0,0.0,0.0,480.0,True,Jordan,Centre-Back,Al-Zawraa SC
882197,Abdallah Nasib,Jordanian Pro League,False,0.0,0.0,0.0,0.0,0.0,0.0,True,Jordan,Centre-Back,Al-Zawraa SC
882197,Abdallah Nasib,TOTAL,True,28.0,1.0,0.0,2.0,0.0,2321.0,True,Jordan,Centre-Back,Al-Zawraa SC
883111,Mohannad Abu Taha,Iraq Stars League,False,31.0,4.0,8.0,4.0,0.0,2503.0,True,Jordan,Left-Back,Al-Quwa Al-Jawiya
883111,Mohannad Abu Taha,TOTAL,True,31.0,4.0,8.0,4.0,0.0,2503.0,True,Jordan,Left-Back,Al-Quwa Al-Jawiya
886183,Nawaf Al-Aqidi,Saudi Pro League,False,11.0,12.0,3.0,0.0,0.0,960.0,True,Saudi Arabia,Goalkeeper,Al-Nassr FC
886183,Nawaf Al-Aqidi,AFC Champions League Two,False,1.0,0.0,1.0,1.0,0.0,90.0,True,Saudi Arabia,Goalkeeper,Al-Nassr FC
886183,Nawaf Al-Aqidi,King's Cup,False,0.0,0.0,0.0,0.0,0.0,0.0,True,Saudi Arabia,Goalkeeper,Al-Nassr FC
886183,Nawaf Al-Aqidi,Saudi Super Cup,False,0.0,0.0,0.0,0.0,0.0,0.0,True,Saudi Arabia,Goalkeeper,Al-Nassr FC
886183,Nawaf Al-Aqidi,TOTAL,True,12.0,12.0,4.0,1.0,0.0,1050.0,True,Saudi Arabia,Goalkeeper,Al-Nassr FC
88755,Kevin De Bruyne,Serie A,False,18.0,5.0,2.0,1.0,0.0,1169.0,True,Belgium,Attacking Midfield,SSC Napoli
88755,Kevin De Bruyne,UEFA Champions League,False,3.0,0.0,2.0,0.0,0.0,191.0,True,Belgium,Attacking Midfield,SSC Napoli
88755,Kevin De Bruyne,Italy Cup,False,0.0,0.0,0.0,0.0,0.0,0.0,True,Belgium,Attacking Midfield,SSC Napoli
88755,Kevin De Bruyne,Supercoppa Italiana,False,0.0,0.0,0.0,0.0,0.0,0.0,True,Belgium,Attacking Midfield,SSC Napoli
88755,Kevin De Bruyne,TOTAL,True,21.0,5.0,4.0,1.0,0.0,1360.0,True,Belgium,Attacking Midfield,SSC Napoli
888140,Nishan Velupillay,A-League Men,False,21.0,4.0,1.0,1.0,0.0,1384.0,True,Australia,Left Winger,Melbourne Victory
888140,Nishan Velupillay,A-League Fin.,False,1.0,0.0,0.0,0.0,0.0,84.0,True,Australia,Left Winger,Melbourne Victory
888140,Nishan Velupillay,TOTAL,True,22.0,4.0,1.0,1.0,0.0,1468.0,True,Australia,Left Winger,Melbourne Victory
888738,Farès Ghedjemis,Serie B,False,37.0,15.0,3.0,4.0,0.0,3024.0,True,Algeria,Right Winger,Frosinone Calcio
888738,Farès Ghedjemis,Italy Cup,False,1.0,0.0,0.0,0.0,0.0,75.0,True,Algeria,Right Winger,Frosinone Calcio
888738,Farès Ghedjemis,TOTAL,True,38.0,15.0,3.0,4.0,0.0,3099.0,True,Algeria,Right Winger,Frosinone Calcio
888785,Promise David,Jupiler Pro League,False,24.0,9.0,2.0,1.0,0.0,1498.0,True,Canada,Centre-Forward,Union Saint-Gilloise
888785,Promise David,UEFA Champions League,False,7.0,2.0,0.0,3.0,0.0,369.0,True,Canada,Centre-Forward,Union Saint-Gilloise
888785,Promise David,Croky Cup,False,5.0,4.0,1.0,0.0,0.0,272.0,True,Canada,Centre-Forward,Union Saint-Gilloise
888785,Promise David,Volkswagen Supercup,False,1.0,0.0,0.0,0.0,0.0,13.0,True,Canada,Centre-Forward,Union Saint-Gilloise
888785,Promise David,Jupiler Pro League Champions' Play-Offs,False,0.0,0.0,0.0,0.0,0.0,0.0,True,Canada,Centre-Forward,Union Saint-Gilloise
888785,Promise David,TOTAL,True,37.0,15.0,3.0,4.0,0.0,2152.0,True,Canada,Centre-Forward,Union Saint-Gilloise
889435,Obed Vargas,LaLiga,False,12.0,0.0,1.0,2.0,0.0,739.0,True,Mexico,Central Midfield,Atlético de Madrid
889435,Obed Vargas,Copa del Rey,False,1.0,0.0,0.0,0.0,0.0,11.0,True,Mexico,Central Midfield,Atlético de Madrid
889435,Obed Vargas,UEFA Champions League,False,0.0,0.0,0.0,0.0,0.0,0.0,True,Mexico,Central Midfield,Atlético de Madrid
889435,Obed Vargas,TOTAL,True,13.0,0.0,1.0,2.0,0.0,750.0,True,Mexico,Central Midfield,Atlético de Madrid
891672,Gustavo Caballero,Championship,False,12.0,1.0,0.0,1.0,0.0,761.0,True,Paraguay,Left Winger,Portsmouth FC
891672,Gustavo Caballero,Campeonato Paulista,False,1.0,0.0,0.0,0.0,0.0,45.0,True,Paraguay,Left Winger,Portsmouth FC
891672,Gustavo Caballero,Série A,False,1.0,0.0,0.0,0.0,0.0,45.0,True,Paraguay,Left Winger,Portsmouth FC
891672,Gustavo Caballero,TOTAL,True,14.0,1.0,0.0,1.0,0.0,851.0,True,Paraguay,Left Winger,Portsmouth FC
891998,Antoine Mendy,Ligue 1,False,25.0,1.0,0.0,5.0,0.0,2098.0,True,Senegal,Centre-Back,OGC Nice
891998,Antoine Mendy,Europa League,False,7.0,0.0,1.0,3.0,0.0,413.0,True,Senegal,Centre-Back,OGC Nice
891998,Antoine Mendy,Coupe de France,False,4.0,1.0,0.0,0.0,0.0,360.0,True,Senegal,Centre-Back,OGC Nice
891998,Antoine Mendy,L1/L2 Playoffs,False,2.0,0.0,0.0,0.0,0.0,180.0,True,Senegal,Centre-Back,OGC Nice
891998,Antoine Mendy,Champions League Qu.,False,2.0,0.0,0.0,1.0,0.0,180.0,True,Senegal,Centre-Back,OGC Nice
891998,Antoine Mendy,TOTAL,True,40.0,2.0,1.0,9.0,0.0,3231.0,True,Senegal,Centre-Back,OGC Nice
892160,Luka Vuskovic,Bundesliga,False,28.0,6.0,1.0,6.0,0.0,2442.0,True,Croatia,Centre-Back,Hamburger SV
892160,Luka Vuskovic,DFB-Pokal,False,2.0,0.0,0.0,0.0,0.0,210.0,True,Croatia,Centre-Back,Hamburger SV
892160,Luka Vuskovic,Premier League,False,0.0,0.0,0.0,0.0,0.0,0.0,True,Croatia,Centre-Back,Hamburger SV
892160,Luka Vuskovic,UEFA Super Cup,False,0.0,0.0,0.0,0.0,0.0,0.0,True,Croatia,Centre-Back,Hamburger SV
892160,Luka Vuskovic,TOTAL,True,30.0,6.0,1.0,6.0,0.0,2652.0,True,Croatia,Centre-Back,Hamburger SV
893659,Yaimar Medina,Jupiler Pro League,False,21.0,0.0,1.0,2.0,0.0,1136.0,True,Ecuador,Left-Back,KRC Genk
893659,Yaimar Medina,Europa League,False,11.0,1.0,0.0,2.0,0.0,586.0,True,Ecuador,Left-Back,KRC Genk
893659,Yaimar Medina,JPL Europe Play-Offs,False,6.0,0.0,2.0,2.0,0.0,396.0,True,Ecuador,Left-Back,KRC Genk
893659,Yaimar Medina,Croky Cup,False,1.0,0.0,0.0,0.0,0.0,19.0,True,Ecuador,Left-Back,KRC Genk
893659,Yaimar Medina,Europa League Qualifying,False,1.0,0.0,0.0,0.0,0.0,78.0,True,Ecuador,Left-Back,KRC Genk
893659,Yaimar Medina,Jupiler Pro League playoff Europa League,False,0.0,0.0,0.0,0.0,0.0,0.0,True,Ecuador,Left-Back,KRC Genk
893659,Yaimar Medina,TOTAL,True,40.0,1.0,3.0,6.0,0.0,2215.0,True,Ecuador,Left-Back,KRC Genk
893661,Joel Ordóñez,Jupiler Pro League,False,23.0,3.0,0.0,3.0,0.0,1822.0,True,Ecuador,Centre-Back,Club Brugge KV
893661,Joel Ordóñez,UEFA Champions League,False,10.0,1.0,0.0,1.0,0.0,871.0,True,Ecuador,Centre-Back,Club Brugge KV
893661,Joel Ordóñez,Jupiler Pro League Champions' Play-Offs,False,10.0,0.0,0.0,1.0,0.0,846.0,True,Ecuador,Centre-Back,Club Brugge KV
893661,Joel Ordóñez,Croky Cup,False,2.0,0.0,0.0,0.0,0.0,180.0,True,Ecuador,Centre-Back,Club Brugge KV
893661,Joel Ordóñez,Volkswagen Supercup,False,1.0,0.0,0.0,1.0,0.0,90.0,True,Ecuador,Centre-Back,Club Brugge KV
893661,Joel Ordóñez,Champions League Qu.,False,0.0,0.0,0.0,0.0,0.0,0.0,True,Ecuador,Centre-Back,Club Brugge KV
893661,Joel Ordóñez,TOTAL,True,46.0,4.0,0.0,6.0,0.0,3809.0,True,Ecuador,Centre-Back,Club Brugge KV
894914,Antonio Nusa,Bundesliga,False,31.0,4.0,3.0,0.0,0.0,2040.0,True,Norway,Left Winger,RB Leipzig
894914,Antonio Nusa,DFB-Pokal,False,4.0,1.0,1.0,0.0,0.0,285.0,True,Norway,Left Winger,RB Leipzig
894914,Antonio Nusa,TOTAL,True,35.0,5.0,4.0,0.0,0.0,2325.0,True,Norway,Left Winger,RB Leipzig
895249,Mohammad Abu Hasheesh,Iraq Stars League,False,22.0,0.0,1.0,3.0,0.0,1671.0,True,Jordan,Left-Back,Al-Karma
895249,Mohammad Abu Hasheesh,Iraq FA Cup,False,1.0,0.0,0.0,0.0,0.0,120.0,True,Jordan,Left-Back,Al-Karma
895249,Mohammad Abu Hasheesh,TOTAL,True,23.0,0.0,1.0,3.0,0.0,1791.0,True,Jordan,Left-Back,Al-Karma
895291,Husam Abu Dahab,Jordanian Pro League,False,15.0,0.0,0.0,3.0,0.0,1209.0,True,Jordan,Centre-Back,Al-Faisaly SC
895291,Husam Abu Dahab,TOTAL,True,15.0,0.0,0.0,3.0,0.0,1209.0,True,Jordan,Centre-Back,Al-Faisaly SC
896616,Mostafa Ziko,Premier League,False,17.0,4.0,2.0,2.0,0.0,885.0,True,Egypt,Left Winger,Pyramids FC
896616,Mostafa Ziko,CAF-Champions League,False,10.0,3.0,1.0,0.0,0.0,377.0,True,Egypt,Left Winger,Pyramids FC
896616,Mostafa Ziko,Egypt Cup,False,5.0,3.0,1.0,2.0,0.0,346.0,True,Egypt,Left Winger,Pyramids FC
896616,Mostafa Ziko,Championship Playoff,False,5.0,2.0,0.0,1.0,0.0,334.0,True,Egypt,Left Winger,Pyramids FC
896616,Mostafa Ziko,FIFA Intercontinental Cup,False,2.0,1.0,0.0,0.0,0.0,80.0,True,Egypt,Left Winger,Pyramids FC
896616,Mostafa Ziko,Egyptian Super Cup,False,2.0,1.0,0.0,0.0,0.0,73.0,True,Egypt,Left Winger,Pyramids FC
896616,Mostafa Ziko,Egyptian League Cup,False,0.0,0.0,0.0,0.0,0.0,0.0,True,Egypt,Left Winger,Pyramids FC
896616,Mostafa Ziko,CAF-Supercup,False,0.0,0.0,0.0,0.0,0.0,0.0,True,Egypt,Left Winger,Pyramids FC
896616,Mostafa Ziko,TOTAL,True,41.0,14.0,4.0,5.0,0.0,2095.0,True,Egypt,Left Winger,Pyramids FC
897051,Alan Minda,Jupiler Pro League,False,17.0,3.0,3.0,0.0,0.0,969.0,True,Ecuador,Right Winger,Clube Atlético Mineiro
897051,Alan Minda,Série A,False,9.0,2.0,0.0,0.0,0.0,351.0,True,Ecuador,Right Winger,Clube Atlético Mineiro
897051,Alan Minda,Copa Sudamericana,False,4.0,1.0,0.0,0.0,0.0,246.0,True,Ecuador,Right Winger,Clube Atlético Mineiro
897051,Alan Minda,Campeonato Mineiro,False,4.0,0.0,0.0,0.0,0.0,75.0,True,Ecuador,Right Winger,Clube Atlético Mineiro
897051,Alan Minda,Copa do Brasil,False,2.0,0.0,0.0,0.0,0.0,68.0,True,Ecuador,Right Winger,Clube Atlético Mineiro
897051,Alan Minda,Croky Cup,False,1.0,0.0,0.0,0.0,0.0,29.0,True,Ecuador,Right Winger,Clube Atlético Mineiro
897051,Alan Minda,TOTAL,True,37.0,6.0,3.0,0.0,0.0,1738.0,True,Ecuador,Right Winger,Clube Atlético Mineiro
897424,Assan Ouédraogo,Bundesliga,False,19.0,4.0,3.0,0.0,0.0,955.0,True,Germany,Central Midfield,RB Leipzig
897424,Assan Ouédraogo,DFB-Pokal,False,1.0,0.0,1.0,0.0,0.0,5.0,True,Germany,Central Midfield,RB Leipzig
897424,Assan Ouédraogo,TOTAL,True,20.0,4.0,4.0,0.0,0.0,960.0,True,Germany,Central Midfield,RB Leipzig
900909,Paul Wanner,Eredivisie,False,22.0,3.0,3.0,5.0,0.0,1641.0,True,Austria,Central Midfield,PSV Eindhoven
900909,Paul Wanner,UEFA Champions League,False,6.0,0.0,0.0,0.0,0.0,280.0,True,Austria,Central Midfield,PSV Eindhoven
900909,Paul Wanner,KNVB Beker,False,4.0,2.0,1.0,1.0,0.0,336.0,True,Austria,Central Midfield,PSV Eindhoven
900909,Paul Wanner,Premier League Int. Cup U21,False,1.0,0.0,0.0,0.0,0.0,90.0,True,Austria,Central Midfield,PSV Eindhoven
900909,Paul Wanner,DFL-Supercup,False,0.0,0.0,0.0,0.0,0.0,0.0,True,Austria,Central Midfield,PSV Eindhoven
900909,Paul Wanner,TOTAL,True,33.0,5.0,4.0,6.0,0.0,2347.0,True,Austria,Central Midfield,PSV Eindhoven
901019,Neil El Aynaoui,Serie A,False,25.0,1.0,2.0,5.0,0.0,991.0,True,Morocco,Central Midfield,AS Roma
901019,Neil El Aynaoui,Europa League,False,9.0,1.0,0.0,1.0,0.0,712.0,True,Morocco,Central Midfield,AS Roma
901019,Neil El Aynaoui,Italy Cup,False,0.0,0.0,0.0,0.0,0.0,0.0,True,Morocco,Central Midfield,AS Roma
901019,Neil El Aynaoui,TOTAL,True,34.0,2.0,2.0,6.0,0.0,1703.0,True,Morocco,Central Midfield,AS Roma
901079,Ziyad Al-Johani,Saudi Pro League,False,26.0,0.0,1.0,6.0,0.0,1501.0,True,Saudi Arabia,Defensive Midfield,Al-Ahli SFC
901079,Ziyad Al-Johani,AFC Champions League,False,9.0,1.0,0.0,1.0,0.0,525.0,True,Saudi Arabia,Defensive Midfield,Al-Ahli SFC
901079,Ziyad Al-Johani,King's Cup,False,3.0,0.0,0.0,0.0,0.0,156.0,True,Saudi Arabia,Defensive Midfield,Al-Ahli SFC
901079,Ziyad Al-Johani,FIFA Intercontinental Cup,False,0.0,0.0,0.0,0.0,0.0,0.0,True,Saudi Arabia,Defensive Midfield,Al-Ahli SFC
901079,Ziyad Al-Johani,Saudi Super Cup,False,0.0,0.0,0.0,0.0,0.0,0.0,True,Saudi Arabia,Defensive Midfield,Al-Ahli SFC
901079,Ziyad Al-Johani,TOTAL,True,38.0,1.0,1.0,7.0,0.0,2182.0,True,Saudi Arabia,Defensive Midfield,Al-Ahli SFC
901181,Musab Al-Juwayr,Saudi Pro League,False,31.0,6.0,12.0,0.0,0.0,2538.0,True,Saudi Arabia,Central Midfield,Al-Qadsiah FC
901181,Musab Al-Juwayr,King's Cup,False,3.0,1.0,0.0,0.0,0.0,145.0,True,Saudi Arabia,Central Midfield,Al-Qadsiah FC
901181,Musab Al-Juwayr,Saudi Super Cup,False,1.0,0.0,0.0,0.0,0.0,45.0,True,Saudi Arabia,Central Midfield,Al-Qadsiah FC
901181,Musab Al-Juwayr,TOTAL,True,35.0,7.0,12.0,0.0,0.0,2728.0,True,Saudi Arabia,Central Midfield,Al-Qadsiah FC
901334,Jehad Thakri,Saudi Pro League,False,24.0,0.0,0.0,5.0,0.0,1513.0,True,Saudi Arabia,Centre-Back,Al-Qadsiah FC
901334,Jehad Thakri,King's Cup,False,2.0,0.0,0.0,1.0,0.0,95.0,True,Saudi Arabia,Centre-Back,Al-Qadsiah FC
901334,Jehad Thakri,Saudi Super Cup,False,1.0,0.0,0.0,1.0,0.0,45.0,True,Saudi Arabia,Centre-Back,Al-Qadsiah FC
901334,Jehad Thakri,TOTAL,True,27.0,0.0,0.0,7.0,0.0,1653.0,True,Saudi Arabia,Centre-Back,Al-Qadsiah FC
903611,Nilson Angulo,Jupiler Pro League,False,22.0,6.0,7.0,2.0,1.0,1902.0,True,Ecuador,Left Winger,Sunderland AFC
903611,Nilson Angulo,Premier League,False,8.0,0.0,0.0,1.0,0.0,406.0,True,Ecuador,Left Winger,Sunderland AFC
903611,Nilson Angulo,UECL Qualifying,False,3.0,1.0,0.0,1.0,0.0,253.0,True,Ecuador,Left Winger,Sunderland AFC
903611,Nilson Angulo,Croky Cup,False,3.0,0.0,1.0,0.0,1.0,255.0,True,Ecuador,Left Winger,Sunderland AFC
903611,Nilson Angulo,Europa League Qualifying,False,2.0,0.0,0.0,1.0,0.0,159.0,True,Ecuador,Left Winger,Sunderland AFC
903611,Nilson Angulo,FA Cup,False,1.0,0.0,0.0,0.0,0.0,90.0,True,Ecuador,Left Winger,Sunderland AFC
903611,Nilson Angulo,TOTAL,True,39.0,7.0,8.0,5.0,2.0,3065.0,True,Ecuador,Left Winger,Sunderland AFC
904802,Jorrel Hato,Premier League,False,22.0,0.0,0.0,7.0,0.0,1143.0,True,Netherlands,Left-Back,Chelsea FC
904802,Jorrel Hato,FA Cup,False,5.0,2.0,0.0,0.0,0.0,420.0,True,Netherlands,Left-Back,Chelsea FC
904802,Jorrel Hato,EFL Cup,False,5.0,0.0,1.0,0.0,0.0,345.0,True,Netherlands,Left-Back,Chelsea FC
904802,Jorrel Hato,UEFA Champions League,False,4.0,0.0,0.0,0.0,0.0,340.0,True,Netherlands,Left-Back,Chelsea FC
904802,Jorrel Hato,TOTAL,True,36.0,2.0,1.0,7.0,0.0,2248.0,True,Netherlands,Left-Back,Chelsea FC
905011,Ibrahim Maza,Bundesliga,False,28.0,3.0,5.0,2.0,0.0,1854.0,True,Algeria,Attacking Midfield,Bayer 04 Leverkusen
905011,Ibrahim Maza,UEFA Champions League,False,12.0,0.0,2.0,1.0,0.0,788.0,True,Algeria,Attacking Midfield,Bayer 04 Leverkusen
905011,Ibrahim Maza,DFB-Pokal,False,4.0,2.0,0.0,0.0,0.0,302.0,True,Algeria,Attacking Midfield,Bayer 04 Leverkusen
905011,Ibrahim Maza,TOTAL,True,44.0,5.0,7.0,3.0,0.0,2944.0,True,Algeria,Attacking Midfield,Bayer 04 Leverkusen
910905,Mamadou Sarr,Ligue 1,False,15.0,0.0,0.0,3.0,0.0,1305.0,True,Senegal,Centre-Back,Chelsea FC
910905,Mamadou Sarr,Premier League,False,3.0,0.0,0.0,0.0,0.0,101.0,True,Senegal,Centre-Back,Chelsea FC
910905,Mamadou Sarr,FA Cup,False,2.0,0.0,0.0,1.0,0.0,148.0,True,Senegal,Centre-Back,Chelsea FC
910905,Mamadou Sarr,UECL Qualifying,False,2.0,0.0,0.0,1.0,0.0,180.0,True,Senegal,Centre-Back,Chelsea FC
910905,Mamadou Sarr,UEFA Champions League,False,1.0,0.0,0.0,0.0,0.0,45.0,True,Senegal,Centre-Back,Chelsea FC
910905,Mamadou Sarr,Conference League,False,1.0,0.0,0.0,0.0,0.0,90.0,True,Senegal,Centre-Back,Chelsea FC
910905,Mamadou Sarr,EFL Cup,False,0.0,0.0,0.0,0.0,0.0,0.0,True,Senegal,Centre-Back,Chelsea FC
910905,Mamadou Sarr,Coupe de France,False,0.0,0.0,0.0,0.0,0.0,0.0,True,Senegal,Centre-Back,Chelsea FC
910905,Mamadou Sarr,TOTAL,True,24.0,0.0,0.0,5.0,0.0,1869.0,True,Senegal,Centre-Back,Chelsea FC
911985,Mohamed Koné,JPL Europe Play-Offs,False,10.0,8.0,4.0,1.0,0.0,900.0,True,Ivory Coast,Goalkeeper,Royal Charleroi SC
911985,Mohamed Koné,Jupiler Pro League,False,9.0,10.0,2.0,1.0,0.0,810.0,True,Ivory Coast,Goalkeeper,Royal Charleroi SC
911985,Mohamed Koné,Croky Cup,False,2.0,0.0,2.0,0.0,0.0,180.0,True,Ivory Coast,Goalkeeper,Royal Charleroi SC
911985,Mohamed Koné,1ste Nationale ACFF,False,1.0,1.0,0.0,0.0,0.0,90.0,True,Ivory Coast,Goalkeeper,Royal Charleroi SC
911985,Mohamed Koné,UECL Qualifying,False,0.0,0.0,0.0,0.0,0.0,0.0,True,Ivory Coast,Goalkeeper,Royal Charleroi SC
911985,Mohamed Koné,TOTAL,True,22.0,19.0,8.0,2.0,0.0,1980.0,True,Ivory Coast,Goalkeeper,Royal Charleroi SC
913660,Redouane Halhal,Jupiler Pro League,False,24.0,1.0,2.0,7.0,0.0,2039.0,True,Morocco,Centre-Back,KV Mechelen
913660,Redouane Halhal,Jupiler Pro League Champions' Play-Offs,False,9.0,0.0,0.0,3.0,0.0,810.0,True,Morocco,Centre-Back,KV Mechelen
913660,Redouane Halhal,Croky Cup,False,1.0,0.0,0.0,1.0,0.0,90.0,True,Morocco,Centre-Back,KV Mechelen
913660,Redouane Halhal,TOTAL,True,34.0,1.0,2.0,11.0,0.0,2939.0,True,Morocco,Centre-Back,KV Mechelen
914562,Désiré Doué,Ligue 1,False,23.0,7.0,6.0,0.0,0.0,1356.0,True,France,Right Winger,Paris Saint-Germain
914562,Désiré Doué,UEFA Champions League,False,13.0,5.0,4.0,0.0,0.0,871.0,True,France,Right Winger,Paris Saint-Germain
914562,Désiré Doué,Coupe de France,False,2.0,1.0,0.0,1.0,0.0,86.0,True,France,Right Winger,Paris Saint-Germain
914562,Désiré Doué,FIFA Intercontinental Cup,False,1.0,0.0,1.0,0.0,0.0,78.0,True,France,Right Winger,Paris Saint-Germain
914562,Désiré Doué,Trophée des Champions,False,1.0,0.0,0.0,0.0,0.0,90.0,True,France,Right Winger,Paris Saint-Germain
914562,Désiré Doué,UEFA Super Cup,False,1.0,0.0,0.0,0.0,0.0,77.0,True,France,Right Winger,Paris Saint-Germain
914562,Désiré Doué,TOTAL,True,41.0,13.0,11.0,1.0,0.0,2558.0,True,France,Right Winger,Paris Saint-Germain
916623,Keisuke Goto,Jupiler Pro League,False,28.0,10.0,5.0,4.0,0.0,2081.0,True,Japan,Centre-Forward,Sint-Truidense VV
916623,Keisuke Goto,Jupiler Pro League Champions' Play-Offs,False,10.0,1.0,2.0,1.0,0.0,805.0,True,Japan,Centre-Forward,Sint-Truidense VV
916623,Keisuke Goto,Croky Cup,False,2.0,2.0,1.0,1.0,0.0,143.0,True,Japan,Centre-Forward,Sint-Truidense VV
916623,Keisuke Goto,Europa League Qualifying,False,0.0,0.0,0.0,0.0,0.0,0.0,True,Japan,Centre-Forward,Sint-Truidense VV
916623,Keisuke Goto,TOTAL,True,40.0,13.0,8.0,6.0,0.0,3029.0,True,Japan,Centre-Forward,Sint-Truidense VV
917911,Anis Hadj Moussa,Eredivisie,False,30.0,11.0,6.0,4.0,0.0,2554.0,True,Algeria,Right Winger,Feyenoord Rotterdam
917911,Anis Hadj Moussa,Europa League,False,8.0,2.0,1.0,3.0,0.0,620.0,True,Algeria,Right Winger,Feyenoord Rotterdam
917911,Anis Hadj Moussa,Champions League Qu.,False,2.0,1.0,0.0,0.0,0.0,180.0,True,Algeria,Right Winger,Feyenoord Rotterdam
917911,Anis Hadj Moussa,KNVB Beker,False,0.0,0.0,0.0,0.0,0.0,0.0,True,Algeria,Right Winger,Feyenoord Rotterdam
917911,Anis Hadj Moussa,TOTAL,True,40.0,14.0,7.0,7.0,0.0,3354.0,True,Algeria,Right Winger,Feyenoord Rotterdam
918969,Lamine Camara,Ligue 1,False,24.0,3.0,4.0,6.0,0.0,1851.0,True,Senegal,Central Midfield,AS Monaco
918969,Lamine Camara,UEFA Champions League,False,6.0,0.0,0.0,2.0,0.0,516.0,True,Senegal,Central Midfield,AS Monaco
918969,Lamine Camara,Coupe de France,False,1.0,0.0,0.0,0.0,0.0,90.0,True,Senegal,Central Midfield,AS Monaco
918969,Lamine Camara,TOTAL,True,31.0,3.0,4.0,8.0,0.0,2457.0,True,Senegal,Central Midfield,AS Monaco
921655,Ismaël Koné,Serie A,False,35.0,6.0,0.0,3.0,1.0,2757.0,True,Canada,Central Midfield,US Sassuolo
921655,Ismaël Koné,Italy Cup,False,1.0,0.0,0.0,0.0,0.0,84.0,True,Canada,Central Midfield,US Sassuolo
921655,Ismaël Koné,TOTAL,True,36.0,6.0,0.0,3.0,1.0,2841.0,True,Canada,Central Midfield,US Sassuolo
921995,Luc De Fougerolles,Jupiler Pro League,False,23.0,0.0,1.0,3.0,1.0,1460.0,True,Canada,Centre-Back,FCV Dender EH
921995,Luc De Fougerolles,JPL Relegation Play-Offs,False,4.0,0.0,0.0,1.0,0.0,195.0,True,Canada,Centre-Back,FCV Dender EH
921995,Luc De Fougerolles,Croky Cup,False,2.0,0.0,1.0,0.0,0.0,210.0,True,Canada,Centre-Back,FCV Dender EH
921995,Luc De Fougerolles,Jupiler Pro League Abstiegs-Playoffs,False,1.0,0.0,0.0,1.0,0.0,61.0,True,Canada,Centre-Back,FCV Dender EH
921995,Luc De Fougerolles,TOTAL,True,30.0,0.0,2.0,5.0,1.0,1926.0,True,Canada,Centre-Back,FCV Dender EH
923177,Edgardo Fariña,Premier Liga,False,14.0,0.0,0.0,5.0,0.0,1084.0,True,Panama,Centre-Back,FC Pari Nizhniy Novgorod
923177,Edgardo Fariña,Russian Cup,False,4.0,0.0,0.0,0.0,0.0,171.0,True,Panama,Centre-Back,FC Pari Nizhniy Novgorod
923177,Edgardo Fariña,TOTAL,True,18.0,0.0,0.0,5.0,0.0,1255.0,True,Panama,Centre-Back,FC Pari Nizhniy Novgorod
925862,Esmir Bajraktarevic,Eredivisie,False,28.0,4.0,5.0,0.0,0.0,1062.0,True,Bosnia and Herzegovina,Right Winger,PSV Eindhoven
925862,Esmir Bajraktarevic,KNVB Beker,False,4.0,3.0,0.0,0.0,0.0,285.0,True,Bosnia and Herzegovina,Right Winger,PSV Eindhoven
925862,Esmir Bajraktarevic,UEFA Champions League,False,4.0,0.0,0.0,0.0,0.0,69.0,True,Bosnia and Herzegovina,Right Winger,PSV Eindhoven
925862,Esmir Bajraktarevic,Premier League Int. Cup U21,False,1.0,0.0,0.0,0.0,0.0,45.0,True,Bosnia and Herzegovina,Right Winger,PSV Eindhoven
925862,Esmir Bajraktarevic,Keuken Kampioen Divisie,False,1.0,0.0,0.0,0.0,0.0,60.0,True,Bosnia and Herzegovina,Right Winger,PSV Eindhoven
925862,Esmir Bajraktarevic,Johan Cruijff Schaal,False,0.0,0.0,0.0,0.0,0.0,0.0,True,Bosnia and Herzegovina,Right Winger,PSV Eindhoven
925862,Esmir Bajraktarevic,TOTAL,True,38.0,7.0,5.0,0.0,0.0,1521.0,True,Bosnia and Herzegovina,Right Winger,PSV Eindhoven
929994,Kerim Alajbegovic,Bundesliga,False,28.0,9.0,3.0,4.0,0.0,1913.0,True,Bosnia and Herzegovina,Left Winger,Red Bull Salzburg
929994,Kerim Alajbegovic,Europa League,False,7.0,2.0,1.0,0.0,0.0,395.0,True,Bosnia and Herzegovina,Left Winger,Red Bull Salzburg
929994,Kerim Alajbegovic,ÖFB-Cup,False,5.0,2.0,0.0,0.0,0.0,333.0,True,Bosnia and Herzegovina,Left Winger,Red Bull Salzburg
929994,Kerim Alajbegovic,Champions League Qu.,False,4.0,0.0,0.0,0.0,0.0,41.0,True,Bosnia and Herzegovina,Left Winger,Red Bull Salzburg
929994,Kerim Alajbegovic,TOTAL,True,44.0,13.0,4.0,4.0,0.0,2682.0,True,Bosnia and Herzegovina,Left Winger,Red Bull Salzburg
931147,Zaid Tahseen,Superliga,False,6.0,0.0,0.0,2.0,0.0,443.0,True,Iraq,Centre-Back,Pakhtakor Tashkent
931147,Zaid Tahseen,Uzbekistan Cup,False,1.0,1.0,0.0,0.0,0.0,90.0,True,Iraq,Centre-Back,Pakhtakor Tashkent
931147,Zaid Tahseen,Uzbekistan Supercup,False,1.0,0.0,0.0,0.0,0.0,90.0,True,Iraq,Centre-Back,Pakhtakor Tashkent
931147,Zaid Tahseen,TOTAL,True,8.0,1.0,0.0,2.0,0.0,623.0,True,Iraq,Centre-Back,Pakhtakor Tashkent
93128,Kalidou Koulibaly,Saudi Pro League,False,18.0,1.0,1.0,6.0,0.0,1597.0,True,Senegal,Centre-Back,Al-Hilal SFC
93128,Kalidou Koulibaly,AFC Champions League,False,4.0,1.0,1.0,0.0,0.0,349.0,True,Senegal,Centre-Back,Al-Hilal SFC
93128,Kalidou Koulibaly,King's Cup,False,4.0,0.0,0.0,0.0,0.0,390.0,True,Senegal,Centre-Back,Al-Hilal SFC
93128,Kalidou Koulibaly,TOTAL,True,26.0,2.0,2.0,6.0,0.0,2336.0,True,Senegal,Centre-Back,Al-Hilal SFC
932724,Arya Yousefi,Persian Gulf League,False,20.0,1.0,1.0,7.0,0.0,1793.0,True,Iran,Right-Back,Sepahan FC
932724,Arya Yousefi,AFC Champions League Two,False,6.0,1.0,2.0,2.0,0.0,525.0,True,Iran,Right-Back,Sepahan FC
932724,Arya Yousefi,Hazfi Cup,False,2.0,0.0,0.0,0.0,0.0,180.0,True,Iran,Right-Back,Sepahan FC
932724,Arya Yousefi,AFC CL Elite Qualif.,False,1.0,0.0,0.0,0.0,0.0,90.0,True,Iran,Right-Back,Sepahan FC
932724,Arya Yousefi,TOTAL,True,29.0,2.0,3.0,9.0,0.0,2588.0,True,Iran,Right-Back,Sepahan FC
933541,Akam Hashem,Iraq Stars League,False,22.0,2.0,0.0,5.0,0.0,1647.0,True,Iraq,Centre-Back,Al-Zawraa SC
933541,Akam Hashem,AFC Champions League Two,False,8.0,0.0,0.0,0.0,0.0,741.0,True,Iraq,Centre-Back,Al-Zawraa SC
933541,Akam Hashem,TOTAL,True,30.0,2.0,0.0,5.0,0.0,2388.0,True,Iraq,Centre-Back,Al-Zawraa SC
936981,Gustavo Puerta,LaLiga2,False,32.0,3.0,1.0,13.0,0.0,2670.0,True,Colombia,Central Midfield,Racing Santander
936981,Gustavo Puerta,Copa del Rey,False,1.0,0.0,0.0,1.0,0.0,45.0,True,Colombia,Central Midfield,Racing Santander
936981,Gustavo Puerta,Bundesliga,False,0.0,0.0,0.0,0.0,0.0,0.0,True,Colombia,Central Midfield,Racing Santander
936981,Gustavo Puerta,DFB-Pokal,False,0.0,0.0,0.0,0.0,0.0,0.0,True,Colombia,Central Midfield,Racing Santander
936981,Gustavo Puerta,TOTAL,True,33.0,3.0,1.0,14.0,0.0,2715.0,True,Colombia,Central Midfield,Racing Santander
94005,Sead Kolasinac,Serie A,False,19.0,0.0,0.0,3.0,0.0,1219.0,True,Bosnia and Herzegovina,Centre-Back,Atalanta BC
94005,Sead Kolasinac,UEFA Champions League,False,6.0,0.0,0.0,0.0,0.0,381.0,True,Bosnia and Herzegovina,Centre-Back,Atalanta BC
94005,Sead Kolasinac,Italy Cup,False,3.0,0.0,0.0,1.0,0.0,207.0,True,Bosnia and Herzegovina,Centre-Back,Atalanta BC
94005,Sead Kolasinac,TOTAL,True,28.0,0.0,0.0,4.0,0.0,1807.0,True,Bosnia and Herzegovina,Centre-Back,Atalanta BC
941418,Denil Castillo,Superliga,False,18.0,4.0,5.0,3.0,0.0,1271.0,True,Ecuador,Central Midfield,FC Midtjylland
941418,Denil Castillo,Europa League,False,10.0,0.0,0.0,1.0,0.0,644.0,True,Ecuador,Central Midfield,FC Midtjylland
941418,Denil Castillo,Superliga Championship round,False,8.0,0.0,0.0,2.0,0.0,453.0,True,Ecuador,Central Midfield,FC Midtjylland
941418,Denil Castillo,Oddset Pokalen,False,6.0,1.0,1.0,0.0,0.0,241.0,True,Ecuador,Central Midfield,FC Midtjylland
941418,Denil Castillo,Europa League Qualifying,False,6.0,1.0,1.0,0.0,0.0,311.0,True,Ecuador,Central Midfield,FC Midtjylland
941418,Denil Castillo,Future Cup,False,1.0,0.0,0.0,0.0,0.0,45.0,True,Ecuador,Central Midfield,FC Midtjylland
941418,Denil Castillo,TOTAL,True,49.0,6.0,7.0,6.0,0.0,2965.0,True,Ecuador,Central Midfield,FC Midtjylland
943150,Al-Hashmi Al-Hussain,Stars League,False,11.0,0.0,0.0,3.0,0.0,698.0,True,Qatar,Centre-Back,Al-Arabi SC
943150,Al-Hashmi Al-Hussain,Amir Cup,False,2.0,1.0,0.0,0.0,0.0,147.0,True,Qatar,Centre-Back,Al-Arabi SC
943150,Al-Hashmi Al-Hussain,QSL Cup,False,2.0,0.0,0.0,0.0,0.0,72.0,True,Qatar,Centre-Back,Al-Arabi SC
943150,Al-Hashmi Al-Hussain,TOTAL,True,15.0,1.0,0.0,3.0,0.0,917.0,True,Qatar,Centre-Back,Al-Arabi SC
944827,Stepan Chaloupek,Chance Liga,False,24.0,4.0,3.0,5.0,0.0,1550.0,True,Czech Republic,Centre-Back,SK Slavia Prague
944827,Stepan Chaloupek,UEFA Champions League,False,8.0,1.0,1.0,1.0,0.0,559.0,True,Czech Republic,Centre-Back,SK Slavia Prague
944827,Stepan Chaloupek,Chance Liga Champion Gr.,False,4.0,4.0,0.0,0.0,0.0,308.0,True,Czech Republic,Centre-Back,SK Slavia Prague
944827,Stepan Chaloupek,MOL Cup,False,2.0,0.0,1.0,0.0,0.0,164.0,True,Czech Republic,Centre-Back,SK Slavia Prague
944827,Stepan Chaloupek,ChNL,False,1.0,0.0,0.0,0.0,0.0,39.0,True,Czech Republic,Centre-Back,SK Slavia Prague
944827,Stepan Chaloupek,TOTAL,True,39.0,9.0,5.0,6.0,0.0,2620.0,True,Czech Republic,Centre-Back,SK Slavia Prague
945266,Manaf Younis,Iraq Stars League,False,27.0,1.0,0.0,5.0,0.0,2091.0,True,Iraq,Centre-Back,Al-Shorta SC
945266,Manaf Younis,AFC Champions League,False,6.0,0.0,0.0,0.0,0.0,492.0,True,Iraq,Centre-Back,Al-Shorta SC
945266,Manaf Younis,TOTAL,True,33.0,1.0,0.0,5.0,0.0,2583.0,True,Iraq,Centre-Back,Al-Shorta SC
948294,Nico Paz,Serie A,False,35.0,12.0,7.0,5.0,0.0,2886.0,True,Argentina,Attacking Midfield,Como 1907
948294,Nico Paz,Italy Cup,False,5.0,1.0,1.0,1.0,0.0,405.0,True,Argentina,Attacking Midfield,Como 1907
948294,Nico Paz,TOTAL,True,40.0,13.0,8.0,6.0,0.0,3291.0,True,Argentina,Attacking Midfield,Como 1907
949929,Achref Abada,Ligue 1,False,21.0,0.0,0.0,2.0,0.0,1708.0,True,Algeria,Centre-Back,USM Alger
949929,Achref Abada,Coupe d'Algerie,False,3.0,0.0,0.0,0.0,0.0,193.0,True,Algeria,Centre-Back,USM Alger
949929,Achref Abada,CAF Confederation Cup,False,0.0,0.0,0.0,0.0,0.0,0.0,True,Algeria,Centre-Back,USM Alger
949929,Achref Abada,TOTAL,True,24.0,0.0,0.0,2.0,0.0,1901.0,True,Algeria,Centre-Back,USM Alger
952341,Mustafa Saadoon,Iraq Stars League,False,27.0,2.0,3.0,4.0,0.0,2026.0,True,Iraq,Right-Back,Al-Shorta SC
952341,Mustafa Saadoon,AFC Champions League,False,6.0,0.0,0.0,0.0,0.0,365.0,True,Iraq,Right-Back,Al-Shorta SC
952341,Mustafa Saadoon,TOTAL,True,33.0,2.0,3.0,4.0,0.0,2391.0,True,Iraq,Right-Back,Al-Shorta SC
952692,Mladen Jurkas,Premijer Liga BiH,False,31.0,19.0,16.0,3.0,0.0,2790.0,True,Bosnia and Herzegovina,Goalkeeper,FK Borac Banja Luka
952692,Mladen Jurkas,UECL Qualifying,False,1.0,4.0,0.0,0.0,0.0,90.0,True,Bosnia and Herzegovina,Goalkeeper,FK Borac Banja Luka
952692,Mladen Jurkas,Kup BiH,False,0.0,0.0,0.0,0.0,0.0,0.0,True,Bosnia and Herzegovina,Goalkeeper,FK Borac Banja Luka
952692,Mladen Jurkas,TOTAL,True,32.0,23.0,16.0,3.0,0.0,2880.0,True,Bosnia and Herzegovina,Goalkeeper,FK Borac Banja Luka
955070,Ernest Nuamah,Ligue 1,False,3.0,0.0,0.0,0.0,0.0,32.0,True,Ghana,Right Winger,Olympique Lyon
955070,Ernest Nuamah,Europa League,False,0.0,0.0,0.0,0.0,0.0,0.0,True,Ghana,Right Winger,Olympique Lyon
955070,Ernest Nuamah,Coupe de France,False,0.0,0.0,0.0,0.0,0.0,0.0,True,Ghana,Right Winger,Olympique Lyon
955070,Ernest Nuamah,TOTAL,True,3.0,0.0,0.0,0.0,0.0,32.0,True,Ghana,Right Winger,Olympique Lyon
956920,Nestory Irankunda,Championship,False,40.0,4.0,5.0,12.0,0.0,2031.0,True,Australia,Right Winger,Watford FC
956920,Nestory Irankunda,FA Cup,False,1.0,0.0,0.0,0.0,0.0,90.0,True,Australia,Right Winger,Watford FC
956920,Nestory Irankunda,EFL Cup,False,1.0,0.0,0.0,0.0,0.0,90.0,True,Australia,Right Winger,Watford FC
956920,Nestory Irankunda,TOTAL,True,42.0,4.0,5.0,12.0,0.0,2211.0,True,Australia,Right Winger,Watford FC
957461,Andrés Gómez,Série A,False,16.0,3.0,1.0,6.0,0.0,1324.0,True,Colombia,Left Winger,Clube de Regatas Vasco da Gama
957461,Andrés Gómez,Campeonato Carioca,False,9.0,1.0,1.0,2.0,0.0,732.0,True,Colombia,Left Winger,Clube de Regatas Vasco da Gama
957461,Andrés Gómez,Copa do Brasil,False,2.0,0.0,1.0,0.0,0.0,107.0,True,Colombia,Left Winger,Clube de Regatas Vasco da Gama
957461,Andrés Gómez,Copa Sudamericana,False,2.0,0.0,0.0,1.0,0.0,114.0,True,Colombia,Left Winger,Clube de Regatas Vasco da Gama
957461,Andrés Gómez,TOTAL,True,29.0,4.0,3.0,9.0,0.0,2277.0,True,Colombia,Left Winger,Clube de Regatas Vasco da Gama
96341,Romelu Lukaku,Serie A,False,5.0,1.0,0.0,1.0,0.0,40.0,True,Belgium,Centre-Forward,SSC Napoli
96341,Romelu Lukaku,Italy Cup,False,1.0,0.0,0.0,0.0,0.0,16.0,True,Belgium,Centre-Forward,SSC Napoli
96341,Romelu Lukaku,UEFA Champions League,False,1.0,0.0,0.0,0.0,0.0,8.0,True,Belgium,Centre-Forward,SSC Napoli
96341,Romelu Lukaku,Supercoppa Italiana,False,0.0,0.0,0.0,0.0,0.0,0.0,True,Belgium,Centre-Forward,SSC Napoli
96341,Romelu Lukaku,TOTAL,True,7.0,1.0,0.0,1.0,0.0,64.0,True,Belgium,Centre-Forward,SSC Napoli
970518,Álex Arce,Torneo Apertura,False,9.0,2.0,0.0,1.0,0.0,386.0,True,Paraguay,Centre-Forward,CS Independiente Rivadavia
970518,Álex Arce,Libertadores,False,5.0,8.0,0.0,0.0,0.0,402.0,True,Paraguay,Centre-Forward,CS Independiente Rivadavia
970518,Álex Arce,Copa Argentina,False,1.0,1.0,0.0,0.0,0.0,90.0,True,Paraguay,Centre-Forward,CS Independiente Rivadavia
970518,Álex Arce,Playoff Torneo Apertura,False,1.0,0.0,0.0,0.0,0.0,90.0,True,Paraguay,Centre-Forward,CS Independiente Rivadavia
970518,Álex Arce,TOTAL,True,16.0,11.0,0.0,1.0,0.0,968.0,True,Paraguay,Centre-Forward,CS Independiente Rivadavia
971570,Endrick,Ligue 1,False,16.0,5.0,7.0,3.0,1.0,1224.0,True,Brazil,Centre-Forward,Olympique Lyon
971570,Endrick,Coupe de France,False,3.0,2.0,1.0,1.0,0.0,252.0,True,Brazil,Centre-Forward,Olympique Lyon
971570,Endrick,Europa League,False,2.0,1.0,0.0,0.0,0.0,157.0,True,Brazil,Centre-Forward,Olympique Lyon
971570,Endrick,LaLiga,False,1.0,0.0,0.0,0.0,0.0,11.0,True,Brazil,Centre-Forward,Olympique Lyon
971570,Endrick,Copa del Rey,False,1.0,0.0,0.0,0.0,0.0,77.0,True,Brazil,Centre-Forward,Olympique Lyon
971570,Endrick,UEFA Champions League,False,1.0,0.0,0.0,0.0,0.0,11.0,True,Brazil,Centre-Forward,Olympique Lyon
971570,Endrick,TOTAL,True,24.0,8.0,8.0,4.0,1.0,1732.0,True,Brazil,Centre-Forward,Olympique Lyon
971663,Jeremy Arévalo,LaLiga2,False,18.0,8.0,0.0,1.0,0.0,875.0,True,Ecuador,Centre-Forward,VfB Stuttgart
971663,Jeremy Arévalo,Bundesliga,False,7.0,0.0,1.0,0.0,0.0,32.0,True,Ecuador,Centre-Forward,VfB Stuttgart
971663,Jeremy Arévalo,3. Liga,False,4.0,5.0,1.0,0.0,0.0,331.0,True,Ecuador,Centre-Forward,VfB Stuttgart
971663,Jeremy Arévalo,DFB-Pokal,False,0.0,0.0,0.0,0.0,0.0,0.0,True,Ecuador,Centre-Forward,VfB Stuttgart
971663,Jeremy Arévalo,Europa League,False,0.0,0.0,0.0,0.0,0.0,0.0,True,Ecuador,Centre-Forward,VfB Stuttgart
971663,Jeremy Arévalo,Copa del Rey,False,0.0,0.0,0.0,0.0,0.0,0.0,True,Ecuador,Centre-Forward,VfB Stuttgart
971663,Jeremy Arévalo,TOTAL,True,29.0,13.0,2.0,1.0,0.0,1238.0,True,Ecuador,Centre-Forward,VfB Stuttgart
972465,Tani Oluwaseyi,LaLiga,False,27.0,2.0,2.0,1.0,0.0,892.0,True,Canada,Centre-Forward,Villarreal CF
972465,Tani Oluwaseyi,UEFA Champions League,False,7.0,2.0,0.0,0.0,0.0,399.0,True,Canada,Centre-Forward,Villarreal CF
972465,Tani Oluwaseyi,Copa del Rey,False,3.0,3.0,0.0,0.0,0.0,244.0,True,Canada,Centre-Forward,Villarreal CF
972465,Tani Oluwaseyi,TOTAL,True,37.0,7.0,2.0,1.0,0.0,1535.0,True,Canada,Centre-Forward,Villarreal CF
974374,Anthony Valencia,Jupiler Pro League,False,14.0,4.0,0.0,1.0,0.0,672.0,True,Ecuador,Right Winger,Royal Antwerp FC
974374,Anthony Valencia,JPL Europe Play-Offs,False,9.0,0.0,2.0,2.0,0.0,653.0,True,Ecuador,Right Winger,Royal Antwerp FC
974374,Anthony Valencia,Croky Cup,False,4.0,0.0,0.0,0.0,0.0,150.0,True,Ecuador,Right Winger,Royal Antwerp FC
974374,Anthony Valencia,TOTAL,True,27.0,4.0,2.0,3.0,0.0,1475.0,True,Ecuador,Right Winger,Royal Antwerp FC
974982,Ousmane Diomande,Liga Portugal,False,17.0,0.0,1.0,5.0,0.0,1297.0,True,Ivory Coast,Centre-Back,Sporting CP
974982,Ousmane Diomande,UEFA Champions League,False,9.0,1.0,0.0,0.0,0.0,614.0,True,Ivory Coast,Centre-Back,Sporting CP
974982,Ousmane Diomande,Taça de Portugal,False,4.0,0.0,0.0,1.0,0.0,322.0,True,Ivory Coast,Centre-Back,Sporting CP
974982,Ousmane Diomande,Portuguese Supercup,False,1.0,0.0,0.0,1.0,0.0,69.0,True,Ivory Coast,Centre-Back,Sporting CP
974982,Ousmane Diomande,Allianz Cup,False,0.0,0.0,0.0,0.0,0.0,0.0,True,Ivory Coast,Centre-Back,Sporting CP
974982,Ousmane Diomande,TOTAL,True,31.0,1.0,1.0,7.0,0.0,2302.0,True,Ivory Coast,Centre-Back,Sporting CP
97925,Munir El Kajoui,Botola Pro Inwi,False,5.0,3.0,3.0,1.0,0.0,450.0,True,Morocco,Goalkeeper,Renaissance de Berkane
97925,Munir El Kajoui,CAF-Champions League,False,4.0,3.0,1.0,0.0,0.0,360.0,True,Morocco,Goalkeeper,Renaissance de Berkane
97925,Munir El Kajoui,Coupe du Trône Marocaine,False,1.0,1.0,0.0,0.0,0.0,90.0,True,Morocco,Goalkeeper,Renaissance de Berkane
97925,Munir El Kajoui,CAF-Supercup,False,1.0,1.0,0.0,0.0,0.0,90.0,True,Morocco,Goalkeeper,Renaissance de Berkane
97925,Munir El Kajoui,TOTAL,True,11.0,8.0,4.0,1.0,0.0,990.0,True,Morocco,Goalkeeper,Renaissance de Berkane
981196,Joaquin Seys,Jupiler Pro League,False,29.0,1.0,3.0,3.0,0.0,2115.0,True,Belgium,Left-Back,Club Brugge KV
981196,Joaquin Seys,Jupiler Pro League Champions' Play-Offs,False,10.0,1.0,2.0,0.0,0.0,865.0,True,Belgium,Left-Back,Club Brugge KV
981196,Joaquin Seys,UEFA Champions League,False,9.0,0.0,2.0,1.0,0.0,700.0,True,Belgium,Left-Back,Club Brugge KV
981196,Joaquin Seys,Champions League Qu.,False,4.0,3.0,1.0,0.0,0.0,314.0,True,Belgium,Left-Back,Club Brugge KV
981196,Joaquin Seys,Croky Cup,False,2.0,0.0,0.0,0.0,0.0,157.0,True,Belgium,Left-Back,Club Brugge KV
981196,Joaquin Seys,Volkswagen Supercup,False,1.0,0.0,0.0,1.0,0.0,80.0,True,Belgium,Left-Back,Club Brugge KV
981196,Joaquin Seys,TOTAL,True,55.0,5.0,8.0,5.0,0.0,4231.0,True,Belgium,Left-Back,Club Brugge KV
983330,Thapelo Maseko,Cyprus League,False,12.0,1.0,1.0,1.0,1.0,644.0,True,South Africa,Right Winger,AEL Limassol
983330,Thapelo Maseko,Betway Premiership,False,5.0,0.0,0.0,0.0,0.0,103.0,True,South Africa,Right Winger,AEL Limassol
983330,Thapelo Maseko,Kypello Kyprou,False,3.0,1.0,0.0,1.0,0.0,170.0,True,South Africa,Right Winger,AEL Limassol
983330,Thapelo Maseko,CAF-Champions League,False,1.0,0.0,0.0,0.0,0.0,1.0,True,South Africa,Right Winger,AEL Limassol
983330,Thapelo Maseko,MTN8,False,1.0,0.0,0.0,1.0,0.0,25.0,True,South Africa,Right Winger,AEL Limassol
983330,Thapelo Maseko,Carling Knockout,False,0.0,0.0,0.0,0.0,0.0,0.0,True,South Africa,Right Winger,AEL Limassol
983330,Thapelo Maseko,TOTAL,True,22.0,2.0,1.0,3.0,1.0,943.0,True,South Africa,Right Winger,AEL Limassol
983578,Patrick Beach,A-League Men,False,24.0,32.0,9.0,0.0,0.0,2160.0,True,Australia,Goalkeeper,Melbourne City FC
983578,Patrick Beach,AFC Champions League,False,10.0,8.0,2.0,1.0,0.0,930.0,True,Australia,Goalkeeper,Melbourne City FC
983578,Patrick Beach,A-League Fin.,False,1.0,1.0,0.0,0.0,0.0,120.0,True,Australia,Goalkeeper,Melbourne City FC
983578,Patrick Beach,TOTAL,True,35.0,41.0,11.0,1.0,0.0,3210.0,True,Australia,Goalkeeper,Melbourne City FC
988188,Dominique Simon,Niké Liga,False,11.0,1.0,0.0,1.0,0.0,510.0,True,Haiti,Defensive Midfield,FC Tatran Presov
988188,Dominique Simon,Niké Liga - Relegation,False,9.0,0.0,1.0,0.0,0.0,469.0,True,Haiti,Defensive Midfield,FC Tatran Presov
988188,Dominique Simon,Slovnaft Cup,False,4.0,0.0,0.0,1.0,0.0,291.0,True,Haiti,Defensive Midfield,FC Tatran Presov
988188,Dominique Simon,Chance Liga,False,1.0,0.0,0.0,0.0,0.0,11.0,True,Haiti,Defensive Midfield,FC Tatran Presov
988188,Dominique Simon,TOTAL,True,25.0,1.0,1.0,2.0,0.0,1281.0,True,Haiti,Defensive Midfield,FC Tatran Presov
994370,Kamogelo Sebelebele,Betway Premiership,False,24.0,4.0,2.0,3.0,0.0,1777.0,True,South Africa,Right-Back,Orlando Pirates
994370,Kamogelo Sebelebele,MTN8,False,3.0,2.0,0.0,1.0,0.0,300.0,True,South Africa,Right-Back,Orlando Pirates
994370,Kamogelo Sebelebele,Nedbank Cup,False,2.0,0.0,0.0,0.0,0.0,58.0,True,South Africa,Right-Back,Orlando Pirates
994370,Kamogelo Sebelebele,Carling Knockout,False,2.0,0.0,0.0,0.0,0.0,29.0,True,South Africa,Right-Back,Orlando Pirates
994370,Kamogelo Sebelebele,CAF-Champions League,False,2.0,0.0,0.0,0.0,0.0,180.0,True,South Africa,Right-Back,Orlando Pirates
994370,Kamogelo Sebelebele,TOTAL,True,33.0,6.0,2.0,4.0,0.0,2344.0,True,South Africa,Right-Back,Orlando Pirates
995642,Ali Ahmed,Championship,False,19.0,4.0,3.0,1.0,0.0,1312.0,True,Canada,Left Midfield,Norwich City
995642,Ali Ahmed,FA Cup,False,2.0,0.0,0.0,1.0,0.0,153.0,True,Canada,Left Midfield,Norwich City
995642,Ali Ahmed,TOTAL,True,21.0,4.0,3.0,2.0,0.0,1465.0,True,Canada,Left Midfield,Norwich City
996897,Diego Gómez,Premier League,False,32.0,5.0,1.0,9.0,0.0,2139.0,True,Paraguay,Central Midfield,Brighton & Hove Albion
996897,Diego Gómez,EFL Cup,False,3.0,5.0,0.0,0.0,0.0,209.0,True,Paraguay,Central Midfield,Brighton & Hove Albion
996897,Diego Gómez,FA Cup,False,2.0,0.0,0.0,1.0,0.0,139.0,True,Paraguay,Central Midfield,Brighton & Hove Albion
996897,Diego Gómez,TOTAL,True,37.0,10.0,1.0,10.0,0.0,2487.0,True,Paraguay,Central Midfield,Brighton & Hove Albion
