seleccion,player_id,nombre,href_perfil,posicion,fecha_nacimiento_edad_raw,club_actual,valor_mercado_raw
Algeria,283489,Luca Zidane,/luca-zidane/profil/spieler/283489,Goalkeeper,13/05/1998 (28),Granada CF,€1.00m
Algeria,437982,Oussama Benbout,/oussama-benbout/profil/spieler/437982,Goalkeeper,11/10/1994 (31),USM Alger,€850k
Algeria,534398,Melvin Mastil,/melvin-mastil/profil/spieler/534398,Goalkeeper,19/02/2000 (26),FC Stade Nyonnais,€250k
Algeria,284732,Ramy Bensebaini,/ramy-bensebaini/profil/spieler/284732,Centre-Back,16/04/1995 (31),Borussia Dortmund,€7.00m
Algeria,668167,Samir Chergui,/samir-chergui/profil/spieler/668167,Centre-Back,06/02/1999 (27),Paris FC,€3.00m
Algeria,625142,Zineddine Belaid,/zineddine-belaid/profil/spieler/625142,Centre-Back,20/03/1999 (27),JS Kabylie,€1.80m
Algeria,592396,Mohamed Amine Tougai,/mohamed-amine-tougai/profil/spieler/592396,Centre-Back,22/01/2000 (26),Esperance Tunis,€1.30m
Algeria,80293,Aïssa Mandi,/aissa-mandi/profil/spieler/80293,Centre-Back,22/10/1991 (34),LOSC Lille,€1.00m
Algeria,949929,Achref Abada,/achref-abada/profil/spieler/949929,Centre-Back,15/06/1999 (27),USM Alger,€1.00m
Algeria,578391,Rayan Aït-Nouri,/rayan-ait-nouri/profil/spieler/578391,Left-Back,06/06/2001 (25),Manchester City,€40.00m
Algeria,750903,Jaouen Hadjam,/jaouen-hadjam/profil/spieler/750903,Left-Back,26/03/2003 (23),BSC Young Boys,€7.00m
Algeria,864306,Rafik Belghali,/rafik-belghali/profil/spieler/864306,Right-Back,07/06/2002 (24),Hellas Verona,€7.00m
Algeria,416660,Ramiz Zerrouki,/ramiz-zerrouki/profil/spieler/416660,Defensive Midfield,26/05/1998 (28),FC Twente Enschede,€6.50m
Algeria,245537,Nabil Bentaleb,/nabil-bentaleb/profil/spieler/245537,Defensive Midfield,24/11/1994 (31),LOSC Lille,€4.50m
Algeria,560593,Hicham Boudaoui,/hicham-boudaoui/profil/spieler/560593,Central Midfield,23/09/1999 (26),OGC Nice,€12.00m
Algeria,748445,Yassine Titraoui,/yassine-titraoui/profil/spieler/748445,Central Midfield,26/07/2003 (22),Royal Charleroi SC,€7.00m
Algeria,905011,Ibrahim Maza,/ibrahim-maza/profil/spieler/905011,Attacking Midfield,24/11/2005 (20),Bayer 04 Leverkusen,€45.00m
Algeria,855015,Farès Chaïbi,/fares-chaibi/profil/spieler/855015,Attacking Midfield,28/11/2002 (23),Eintracht Frankfurt,€15.00m
Algeria,395693,Houssem Aouar,/houssem-aouar/profil/spieler/395693,Attacking Midfield,30/06/1998 (27),Al-Ittihad Club,€8.00m
Algeria,748443,Adil Boulbina,/adil-boulbina/profil/spieler/748443,Left Winger,02/05/2003 (23),Al-Duhail SC,€3.00m
Algeria,917911,Anis Hadj Moussa,/anis-hadj-moussa/profil/spieler/917911,Right Winger,11/02/2002 (24),Feyenoord Rotterdam,€23.00m
Algeria,888738,Farès Ghedjemis,/fares-ghedjemis/profil/spieler/888738,Right Winger,06/09/2002 (23),Frosinone Calcio,€7.50m
Algeria,171424,Riyad Mahrez,/riyad-mahrez/profil/spieler/171424,Right Winger,21/02/1991 (35),Al-Ahli SFC,€5.00m
Algeria,418659,Amine Gouiri,/amine-gouiri/profil/spieler/418659,Centre-Forward,16/02/2000 (26),Olympique Marseille,€28.00m
Algeria,746910,Mohamed Amoura,/mohamed-amoura/profil/spieler/746910,Centre-Forward,09/05/2000 (26),VfL Wolfsburg,€20.00m
Algeria,840254,Nadhir Benbouali,/nadhir-benbouali/profil/spieler/840254,Centre-Forward,17/04/2000 (26),ETO FC,€1.20m
Argentina,111873,Emiliano Martínez,/emiliano-martinez/profil/spieler/111873,Goalkeeper,02/09/1992 (33),Aston Villa,€12.00m
Argentina,229604,Gerónimo Rulli,/geronimo-rulli/profil/spieler/229604,Goalkeeper,20/05/1992 (34),Olympique Marseille,€6.00m
Argentina,242359,Juan Musso,/juan-musso/profil/spieler/242359,Goalkeeper,06/05/1994 (32),Atlético de Madrid,€3.00m
Argentina,355915,Cristian Romero,/cristian-romero/profil/spieler/355915,Centre-Back,27/04/1998 (28),Tottenham Hotspur,€45.00m
Argentina,480762,Lisandro Martínez,/lisandro-martinez/profil/spieler/480762,Centre-Back,18/01/1998 (28),Manchester United,€40.00m
Argentina,469781,Marcos Senesi,/marcos-senesi/profil/spieler/469781,Centre-Back,10/05/1997 (29),AFC Bournemouth,€25.00m
Argentina,474800,Facundo Medina,/facundo-medina/profil/spieler/474800,Centre-Back,28/05/1999 (27),Olympique Marseille,€18.00m
Argentina,54781,Nicolás Otamendi,/nicolas-otamendi/profil/spieler/54781,Centre-Back,12/02/1988 (38),SL Benfica,€1.00m
Argentina,131225,Nicolás Tagliafico,/nicolas-tagliafico/profil/spieler/131225,Left-Back,31/08/1992 (33),Olympique Lyon,€4.00m
Argentina,424042,Nahuel Molina,/nahuel-molina/profil/spieler/424042,Right-Back,06/04/1998 (28),Atlético de Madrid,€15.00m
Argentina,402733,Gonzalo Montiel,/gonzalo-montiel/profil/spieler/402733,Right-Back,01/01/1997 (29),CA River Plate,€4.50m
Argentina,166237,Leandro Paredes,/leandro-paredes/profil/spieler/166237,Defensive Midfield,29/06/1994 (32),CA Boca Juniors,€5.00m
Argentina,648195,Enzo Fernández,/enzo-fernandez/profil/spieler/648195,Central Midfield,17/01/2001 (25),Chelsea FC,€90.00m
Argentina,534033,Alexis Mac Allister,/alexis-mac-allister/profil/spieler/534033,Central Midfield,24/12/1998 (27),Liverpool FC,€70.00m
Argentina,849410,Valentín Barco,/valentin-barco/profil/spieler/849410,Central Midfield,23/07/2004 (21),RC Strasbourg Alsace,€40.00m
Argentina,401578,Exequiel Palacios,/exequiel-palacios/profil/spieler/401578,Central Midfield,05/10/1998 (27),Bayer 04 Leverkusen,€25.00m
Argentina,255901,Rodrigo De Paul,/rodrigo-de-paul/profil/spieler/255901,Central Midfield,24/05/1994 (32),Inter Miami CF,€14.00m
Argentina,948294,Nico Paz,/nico-paz/profil/spieler/948294,Attacking Midfield,08/09/2004 (21),Como 1907,€80.00m
Argentina,348795,Giovani Lo Celso,/giovani-lo-celso/profil/spieler/348795,Attacking Midfield,09/04/1996 (30),Real Betis Balompié,€8.00m
Argentina,486031,Nico González,/nico-gonzalez/profil/spieler/486031,Left Winger,06/04/1998 (28),Atlético de Madrid,€22.00m
Argentina,576028,Thiago Almada,/thiago-almada/profil/spieler/576028,Left Winger,26/04/2001 (25),Atlético de Madrid,€15.00m
Argentina,742201,Giuliano Simeone,/giuliano-simeone/profil/spieler/742201,Right Winger,18/12/2002 (23),Atlético de Madrid,€40.00m
Argentina,28003,Lionel Messi,/lionel-messi/profil/spieler/28003,Right Winger,24/06/1987 (39),Inter Miami CF,€15.00m
Argentina,576024,Julián Alvarez,/julian-alvarez/profil/spieler/576024,Centre-Forward,31/01/2000 (26),Atlético de Madrid,€100.00m
Argentina,406625,Lautaro Martínez,/lautaro-martinez/profil/spieler/406625,Centre-Forward,22/08/1997 (28),Inter Milan,€85.00m
Argentina,844797,Flaco López,/flaco-lopez/profil/spieler/844797,Centre-Forward,06/12/2000 (25),Sociedade Esportiva Palmeiras,€25.00m
Australia,128969,Mathew Ryan,/mathew-ryan/profil/spieler/128969,Goalkeeper,08/04/1992 (34),Levante UD,€1.80m
Australia,983578,Patrick Beach,/patrick-beach/profil/spieler/983578,Goalkeeper,06/08/2003 (22),Melbourne City FC,€1.00m
Australia,181921,Paul Izzo,/paul-izzo/profil/spieler/181921,Goalkeeper,06/01/1995 (31),Randers FC,€500k
Australia,867137,Alessandro Circati,/alessandro-circati/profil/spieler/867137,Centre-Back,10/10/2003 (22),Parma Calcio 1913,€12.00m
Australia,1279984,Lucas Herrington,/lucas-herrington/profil/spieler/1279984,Centre-Back,05/09/2007 (18),Colorado Rapids,€4.50m
Australia,298091,Harry Souttar,/harry-souttar/profil/spieler/298091,Centre-Back,22/10/1998 (27),Leicester City,€3.50m
Australia,255788,Cameron Burgess,/cameron-burgess/profil/spieler/255788,Centre-Back,21/10/1995 (30),Swansea City,€1.50m
Australia,187353,Milos Degenek,/milos-degenek/profil/spieler/187353,Centre-Back,28/04/1994 (32),APOEL Nicosia,€450k
Australia,855731,Jordan Bos,/jordan-bos/profil/spieler/855731,Left-Back,29/10/2002 (23),Feyenoord Rotterdam,€12.00m
Australia,136834,Aziz Behich,/aziz-behich/profil/spieler/136834,Left-Back,16/12/1990 (35),Melbourne City FC,€250k
Australia,545810,Jacob Italiano,/jacob-italiano/profil/spieler/545810,Right-Back,30/07/2001 (24),Grazer AK 1902,€600k
Australia,185175,Jason Geria,/jason-geria/profil/spieler/185175,Right-Back,10/05/1993 (33),Albirex Niigata,€350k
Australia,385918,Aiden O'Neill,/aiden-oneill/profil/spieler/385918,Defensive Midfield,04/07/1998 (27),New York City FC,€3.00m
Australia,691326,Kai Trewin,/kai-trewin/profil/spieler/691326,Defensive Midfield,18/05/2001 (25),New York City FC,€1.80m
Australia,1064377,Paul Okon-Engstler,/paul-okon-engstler/profil/spieler/1064377,Defensive Midfield,24/01/2005 (21),Sydney FC,€1.20m
Australia,399162,Cammy Devlin,/cammy-devlin/profil/spieler/399162,Central Midfield,07/06/1998 (28),Heart of Midlothian FC,€2.00m
Australia,522223,Connor Metcalfe,/connor-metcalfe/profil/spieler/522223,Central Midfield,05/11/1999 (26),FC St. Pauli,€1.50m
Australia,192557,Jackson Irvine,/jackson-irvine/profil/spieler/192557,Central Midfield,07/03/1993 (33),FC St. Pauli,€1.00m
Australia,265625,Ajdin Hrustic,/ajdin-hrustic/profil/spieler/265625,Central Midfield,05/07/1996 (29),Heracles Almelo,€600k
Australia,746891,Cristian Volpato,/cristian-volpato/profil/spieler/746891,Attacking Midfield,15/11/2003 (22),US Sassuolo,€10.00m
Australia,888140,Nishan Velupillay,/nishan-velupillay/profil/spieler/888140,Left Winger,07/05/2001 (25),Melbourne Victory,€650k
Australia,255729,Awer Mabil,/awer-mabil/profil/spieler/255729,Left Winger,15/09/1995 (30),CD Castellón,€500k
Australia,126214,Mathew Leckie,/mathew-leckie/profil/spieler/126214,Left Winger,04/02/1991 (35),Melbourne City FC,€300k
Australia,956920,Nestory Irankunda,/nestory-irankunda/profil/spieler/956920,Right Winger,09/02/2006 (20),Watford FC,€8.00m
Australia,742770,Mohamed Touré,/mohamed-toure/profil/spieler/742770,Centre-Forward,26/03/2004 (22),Norwich City,€8.00m
Australia,849429,Tete Yengi,/tete-yengi/profil/spieler/849429,Centre-Forward,28/11/2000 (25),Machida Zelvia,€450k
Austria,393999,Florian Wiegele,/florian-wiegele/profil/spieler/393999,Goalkeeper,21/03/2001 (25),FC Viktoria Plzen,€2.20m
Austria,223972,Patrick Pentz,/patrick-pentz/profil/spieler/223972,Goalkeeper,02/01/1997 (29),Bröndby IF,€2.20m
Austria,186374,Alexander Schlager,/alexander-schlager/profil/spieler/186374,Goalkeeper,01/02/1996 (30),Red Bull Salzburg,€2.00m
Austria,452483,David Affengruber,/david-affengruber/profil/spieler/452483,Centre-Back,19/03/2001 (25),Elche CF,€20.00m
Austria,263236,Kevin Danso,/kevin-danso/profil/spieler/263236,Centre-Back,19/09/1998 (27),Tottenham Hotspur,€20.00m
Austria,225657,Philipp Lienhart,/philipp-lienhart/profil/spieler/225657,Centre-Back,11/07/1996 (29),SC Freiburg,€10.00m
Austria,156990,Marco Friedl,/marco-friedl/profil/spieler/156990,Centre-Back,16/03/1998 (28),SV Werder Bremen,€10.00m
Austria,223974,Stefan Posch,/stefan-posch/profil/spieler/223974,Centre-Back,14/05/1997 (29),1.FSV Mainz 05,€6.00m
Austria,438961,Michael Svoboda,/michael-svoboda/profil/spieler/438961,Centre-Back,15/10/1998 (27),Venezia FC,€3.50m
Austria,59016,David Alaba,/david-alaba/profil/spieler/59016,Centre-Back,24/06/1992 (34),Real Madrid,€3.00m
Austria,127573,Phillipp Mwene,/phillipp-mwene/profil/spieler/127573,Left-Back,29/01/1994 (32),1.FSV Mainz 05,€1.50m
Austria,223967,Konrad Laimer,/konrad-laimer/profil/spieler/223967,Right-Back,27/05/1997 (29),Bayern Munich,€32.00m
Austria,404950,Nicolas Seiwald,/nicolas-seiwald/profil/spieler/404950,Defensive Midfield,04/05/2001 (25),RB Leipzig,€25.00m
Austria,287188,Dejan Ljubicic,/dejan-ljubicic/profil/spieler/287188,Defensive Midfield,08/10/1997 (28),FC Schalke 04,€3.00m
Austria,195736,Florian Grillitsch,/florian-grillitsch/profil/spieler/195736,Defensive Midfield,07/08/1995 (30),SC Braga,€2.50m
Austria,900909,Paul Wanner,/paul-wanner/profil/spieler/900909,Central Midfield,23/12/2005 (20),PSV Eindhoven,€22.00m
Austria,659459,Carney Chukwuemeka,/carney-chukwuemeka/profil/spieler/659459,Central Midfield,20/10/2003 (22),Borussia Dortmund,€20.00m
Austria,223979,Xaver Schlager,/xaver-schlager/profil/spieler/223979,Central Midfield,28/09/1997 (28),RB Leipzig,€10.00m
Austria,106987,Marcel Sabitzer,/marcel-sabitzer/profil/spieler/106987,Central Midfield,17/03/1994 (32),Borussia Dortmund,€6.00m
Austria,118397,Alessandro Schöpf,/alessandro-schopf/profil/spieler/118397,Central Midfield,07/02/1994 (32),Wolfsberger AC,€800k
Austria,434116,Alexander Prass,/alexander-prass/profil/spieler/434116,Left Midfield,26/05/2001 (25),TSG 1899 Hoffenheim,€9.00m
Austria,346853,Romano Schmid,/romano-schmid/profil/spieler/346853,Attacking Midfield,27/01/2000 (26),SV Werder Bremen,€15.00m
Austria,533295,Patrick Wimmer,/patrick-wimmer/profil/spieler/533295,Right Winger,30/05/2001 (25),VfL Wolfsburg,€12.00m
Austria,369567,Sasa Kalajdzic,/sasa-kalajdzic/profil/spieler/369567,Centre-Forward,07/07/1997 (28),LASK,€4.00m
Austria,41384,Marko Arnautovic,/marko-arnautovic/profil/spieler/41384,Centre-Forward,19/04/1989 (37),Red Star Belgrade,€2.00m
Austria,120205,Michael Gregoritsch,/michael-gregoritsch/profil/spieler/120205,Centre-Forward,18/04/1994 (32),FC Augsburg,€1.50m
Belgium,503883,Senne Lammens,/senne-lammens/profil/spieler/503883,Goalkeeper,07/07/2002 (23),Manchester United,€35.00m
Belgium,834397,Mike Penders,/mike-penders/profil/spieler/834397,Goalkeeper,31/07/2005 (20),RC Strasbourg Alsace,€25.00m
Belgium,108390,Thibaut Courtois,/thibaut-courtois/profil/spieler/108390,Goalkeeper,11/05/1992 (34),Real Madrid,€15.00m
Belgium,548193,Zeno Debast,/zeno-debast/profil/spieler/548193,Centre-Back,24/10/2003 (22),Sporting CP,€28.00m
Belgium,548254,Nathan Ngoy,/nathan-ngoy/profil/spieler/548254,Centre-Back,10/06/2003 (23),LOSC Lille,€25.00m
Belgium,490384,Koni De Winter,/koni-de-winter/profil/spieler/490384,Centre-Back,12/06/2002 (24),AC Milan,€23.00m
Belgium,368891,Arthur Theate,/arthur-theate/profil/spieler/368891,Centre-Back,25/05/2000 (26),Eintracht Frankfurt,€17.00m
Belgium,236168,Brandon Mechele,/brandon-mechele/profil/spieler/236168,Centre-Back,28/01/1993 (33),Club Brugge KV,€2.80m
Belgium,429915,Maxim De Cuyper,/maxim-de-cuyper/profil/spieler/429915,Left-Back,22/12/2000 (25),Brighton & Hove Albion,€22.00m
Belgium,981196,Joaquin Seys,/joaquin-seys/profil/spieler/981196,Left-Back,28/03/2005 (21),Club Brugge KV,€20.00m
Belgium,262226,Timothy Castagne,/timothy-castagne/profil/spieler/262226,Right-Back,05/12/1995 (30),Fulham FC,€8.00m
Belgium,100986,Thomas Meunier,/thomas-meunier/profil/spieler/100986,Right-Back,12/09/1991 (34),LOSC Lille,€1.50m
Belgium,485706,Amadou Onana,/amadou-onana/profil/spieler/485706,Defensive Midfield,16/08/2001 (24),Aston Villa,€45.00m
Belgium,422763,Nicolas Raskin,/nicolas-raskin/profil/spieler/422763,Defensive Midfield,23/02/2001 (25),Rangers FC,€12.00m
Belgium,35047,Axel Witsel,/axel-witsel/profil/spieler/35047,Defensive Midfield,12/01/1989 (37),Girona FC,€1.20m
Belgium,249565,Youri Tielemans,/youri-tielemans/profil/spieler/249565,Central Midfield,07/05/1997 (29),Aston Villa,€30.00m
Belgium,381950,Alexis Saelemaekers,/alexis-saelemaekers/profil/spieler/381950,Right Midfield,27/06/1999 (27),AC Milan,€20.00m
Belgium,655006,Diego Moreira,/diego-moreira/profil/spieler/655006,Left Midfield,06/08/2004 (21),RC Strasbourg Alsace,€25.00m
Belgium,435772,Charles De Ketelaere,/charles-de-ketelaere/profil/spieler/435772,Attacking Midfield,10/03/2001 (25),Atalanta BC,€30.00m
Belgium,88755,Kevin De Bruyne,/kevin-de-bruyne/profil/spieler/88755,Attacking Midfield,28/06/1991 (35),SSC Napoli,€8.00m
Belgium,137576,Hans Vanaken,/hans-vanaken/profil/spieler/137576,Attacking Midfield,24/08/1992 (33),Club Brugge KV,€5.00m
Belgium,486049,Jérémy Doku,/jeremy-doku/profil/spieler/486049,Left Winger,27/05/2002 (24),Manchester City,€75.00m
Belgium,144028,Leandro Trossard,/leandro-trossard/profil/spieler/144028,Left Winger,04/12/1994 (31),Arsenal FC,€18.00m
Belgium,303259,Dodi Lukébakio,/dodi-lukebakio/profil/spieler/303259,Right Winger,24/09/1997 (28),SL Benfica,€15.00m
Belgium,724129,Matias Fernandez-Pardo,/matias-fernandez-pardo/profil/spieler/724129,Centre-Forward,03/02/2005 (21),LOSC Lille,€35.00m
Belgium,96341,Romelu Lukaku,/romelu-lukaku/profil/spieler/96341,Centre-Forward,13/05/1993 (33),SSC Napoli,€6.00m
Bosnia and Herzegovina,248454,Nikola Vasilj,/nikola-vasilj/profil/spieler/248454,Goalkeeper,02/12/1995 (30),FC St. Pauli,€4.50m
Bosnia and Herzegovina,495320,Martin Zlomislic,/martin-zlomislic/profil/spieler/495320,Goalkeeper,16/08/1998 (27),HNK Rijeka,€2.00m
Bosnia and Herzegovina,952692,Mladen Jurkas,/mladen-jurkas/profil/spieler/952692,Goalkeeper,07/10/2007 (18),FK Borac Banja Luka,€700k
Bosnia and Herzegovina,679423,Tarik Muharemović,/tarik-muharemovic/profil/spieler/679423,Centre-Back,28/02/2003 (23),US Sassuolo,€25.00m
Bosnia and Herzegovina,94005,Sead Kolasinac,/sead-kolasinac/profil/spieler/94005,Centre-Back,20/06/1993 (33),Atalanta BC,€4.00m
Bosnia and Herzegovina,384568,Stjepan Radeljic,/stjepan-radeljic/profil/spieler/384568,Centre-Back,05/09/1997 (28),HNK Rijeka,€2.80m
Bosnia and Herzegovina,422051,Nikola Katic,/nikola-katic/profil/spieler/422051,Centre-Back,10/10/1996 (29),FC Schalke 04,€1.80m
Bosnia and Herzegovina,380919,Nihad Mujakic,/nihad-mujakic/profil/spieler/380919,Centre-Back,15/04/1998 (28),Gaziantep FK,€1.20m
Bosnia and Herzegovina,322065,Dennis Hadzikadunic,/dennis-hadzikadunic/profil/spieler/322065,Centre-Back,09/07/1998 (27),UC Sampdoria,€1.20m
Bosnia and Herzegovina,519184,Amar Dedić,/amar-dedic/profil/spieler/519184,Right-Back,18/08/2002 (23),SL Benfica,€16.00m
Bosnia and Herzegovina,805534,Arjan Malic,/arjan-malic/profil/spieler/805534,Right-Back,28/08/2005 (20),SK Sturm Graz,€1.80m
Bosnia and Herzegovina,293213,Amir Hadziahmetovic,/amir-hadziahmetovic/profil/spieler/293213,Defensive Midfield,08/03/1997 (29),Hull City,€4.00m
Bosnia and Herzegovina,226097,Ivan Šunjić,/ivan-sunjic/profil/spieler/226097,Defensive Midfield,09/10/1996 (29),Pafos FC,€2.00m
Bosnia and Herzegovina,251295,Dzenis Burnic,/dzenis-burnic/profil/spieler/251295,Defensive Midfield,22/05/1998 (28),Karlsruher SC,€1.20m
Bosnia and Herzegovina,787907,Benjamin Tahirović,/benjamin-tahirovic/profil/spieler/787907,Central Midfield,03/03/2003 (23),Bröndby IF,€4.50m
Bosnia and Herzegovina,651269,Armin Gigovic,/armin-gigovic/profil/spieler/651269,Central Midfield,06/04/2002 (24),BSC Young Boys,€2.50m
Bosnia and Herzegovina,620560,Ivan Basic,/ivan-basic/profil/spieler/620560,Central Midfield,30/04/2002 (24),FC Astana,€1.50m
Bosnia and Herzegovina,638990,Amar Memić,/amar-memic/profil/spieler/638990,Right Midfield,20/01/2001 (25),FC Viktoria Plzen,€4.50m
Bosnia and Herzegovina,803049,Ermin Mahmic,/ermin-mahmic/profil/spieler/803049,Attacking Midfield,14/03/2005 (21),FC Slovan Liberec,€5.00m
Bosnia and Herzegovina,929994,Kerim Alajbegovic,/kerim-alajbegovic/profil/spieler/929994,Left Winger,21/09/2007 (18),Red Bull Salzburg,€22.00m
Bosnia and Herzegovina,925862,Esmir Bajraktarevic,/esmir-bajraktarevic/profil/spieler/925862,Right Winger,10/03/2005 (21),PSV Eindhoven,€8.00m
Bosnia and Herzegovina,335457,Ermedin Demirovic,/ermedin-demirovic/profil/spieler/335457,Centre-Forward,25/03/1998 (28),VfB Stuttgart,€22.00m
Bosnia and Herzegovina,203123,Haris Tabakovic,/haris-tabakovic/profil/spieler/203123,Centre-Forward,20/06/1994 (32),Borussia Mönchengladbach,€3.50m
Bosnia and Herzegovina,457738,Jovo Lukić,/jovo-lukic/profil/spieler/457738,Centre-Forward,28/11/1998 (27),FC Universitatea Cluj,€2.20m
Bosnia and Herzegovina,710969,Samed Bazdar,/samed-bazdar/profil/spieler/710969,Centre-Forward,31/01/2004 (22),Jagiellonia Bialystok,€1.50m
Bosnia and Herzegovina,28396,Edin Dzeko,/edin-dzeko/profil/spieler/28396,Centre-Forward,17/03/1986 (40),FC Schalke 04,€1.00m
Brazil,105470,Alisson,/alisson/profil/spieler/105470,Goalkeeper,02/10/1992 (33),Liverpool FC,€15.00m
Brazil,238223,Ederson,/ederson/profil/spieler/238223,Goalkeeper,17/08/1993 (32),Fenerbahce,€10.00m
Brazil,69400,Weverton,/weverton/profil/spieler/69400,Goalkeeper,13/12/1987 (38),Grêmio Foot-Ball Porto Alegrense,€700k
Brazil,435338,Gabriel,/gabriel/profil/spieler/435338,Centre-Back,19/12/1997 (28),Arsenal FC,€75.00m
Brazil,516716,Bremer,/bremer/profil/spieler/516716,Centre-Back,18/03/1997 (29),Juventus FC,€35.00m
Brazil,181767,Marquinhos,/marquinhos/profil/spieler/181767,Centre-Back,14/05/1994 (32),Paris Saint-Germain,€28.00m
Brazil,524481,Roger Ibañez,/roger-ibanez/profil/spieler/524481,Centre-Back,23/11/1998 (27),Al-Ahli SFC,€18.00m
Brazil,288431,Léo Pereira,/leo-pereira/profil/spieler/288431,Centre-Back,31/01/1996 (30),CR Flamengo,€12.00m
Brazil,145707,Danilo,/danilo/profil/spieler/145707,Centre-Back,15/07/1991 (34),CR Flamengo,€2.00m
Brazil,220793,Douglas Santos,/douglas-santos/profil/spieler/220793,Left-Back,22/03/1994 (32),Zenit St. Petersburg,€7.50m
Brazil,79960,Alex Sandro,/alex-sandro/profil/spieler/79960,Left-Back,26/01/1991 (35),CR Flamengo,€1.00m
Brazil,225693,Fabinho,/fabinho/profil/spieler/225693,Defensive Midfield,23/10/1993 (32),Al-Ittihad Club,€12.00m
Brazil,16306,Casemiro,/casemiro/profil/spieler/16306,Defensive Midfield,23/02/1992 (34),Manchester United,€6.00m
Brazil,520624,Bruno Guimarães,/bruno-guimaraes/profil/spieler/520624,Central Midfield,16/11/1997 (28),Newcastle United,€70.00m
Brazil,607854,Éderson,/ederson/profil/spieler/607854,Central Midfield,07/07/1999 (26),Atalanta BC,€45.00m
Brazil,808509,Danilo,/danilo/profil/spieler/808509,Central Midfield,29/04/2001 (25),Botafogo de Futebol e Regatas,€32.00m
Brazil,444523,Lucas Paquetá,/lucas-paqueta/profil/spieler/444523,Attacking Midfield,27/08/1997 (28),CR Flamengo,€32.00m
Brazil,68290,Neymar,/neymar/profil/spieler/68290,Attacking Midfield,05/02/1992 (34),Santos FC,€8.00m
Brazil,371998,Vinicius Junior,/vinicius-junior/profil/spieler/371998,Left Winger,12/07/2000 (25),Real Madrid,€140.00m
Brazil,411295,Raphinha,/raphinha/profil/spieler/411295,Left Winger,14/12/1996 (29),FC Barcelona,€70.00m
Brazil,655488,Gabriel Martinelli,/gabriel-martinelli/profil/spieler/655488,Left Winger,18/06/2001 (25),Arsenal FC,€45.00m
Brazil,1012564,Rayan,/rayan/profil/spieler/1012564,Right Winger,03/08/2006 (19),AFC Bournemouth,€60.00m
Brazil,800175,Luiz Henrique,/luiz-henrique/profil/spieler/800175,Right Winger,02/01/2001 (25),Zenit St. Petersburg,€24.00m
Brazil,517894,Matheus Cunha,/matheus-cunha/profil/spieler/517894,Centre-Forward,27/05/1999 (27),Manchester United,€75.00m
Brazil,739443,Igor Thiago,/igor-thiago/profil/spieler/739443,Centre-Forward,26/06/2001 (25),Brentford FC,€65.00m
Brazil,971570,Endrick,/endrick/profil/spieler/971570,Centre-Forward,21/07/2006 (19),Olympique Lyon,€40.00m
Canada,439750,Dayne St. Clair,/dayne-st-clair/profil/spieler/439750,Goalkeeper,09/05/1997 (29),Inter Miami CF,€3.50m
Canada,189014,Maxime Crépeau,/maxime-crepeau/profil/spieler/189014,Goalkeeper,11/05/1994 (32),Orlando City SC,€1.80m
Canada,814848,Owen Goodman,/owen-goodman/profil/spieler/814848,Goalkeeper,27/11/2003 (22),Barnsley FC,€550k
Canada,1089202,Moïse Bombito,/moise-bombito/profil/spieler/1089202,Centre-Back,30/03/2000 (26),OGC Nice,€7.00m
Canada,340990,Alfie Jones,/alfie-jones/profil/spieler/340990,Centre-Back,07/10/1997 (28),Middlesbrough FC,€6.00m
Canada,328609,Derek Cornelius,/derek-cornelius/profil/spieler/328609,Centre-Back,25/11/1997 (28),Olympique Marseille,€2.50m
Canada,441738,Joel Waterman,/joel-waterman/profil/spieler/441738,Centre-Back,24/01/1996 (30),Chicago Fire FC,€2.00m
Canada,921995,Luc De Fougerolles,/luc-de-fougerolles/profil/spieler/921995,Centre-Back,12/10/2005 (20),FCV Dender EH,€1.00m
Canada,424204,Alphonso Davies,/alphonso-davies/profil/spieler/424204,Left-Back,02/11/2000 (25),Bayern Munich,€40.00m
Canada,637446,Alistair Johnston,/alistair-johnston/profil/spieler/637446,Right-Back,08/10/1998 (27),Celtic FC,€8.00m
Canada,417348,Richie Laryea,/richie-laryea/profil/spieler/417348,Right-Back,07/01/1995 (31),Toronto FC,€1.00m
Canada,1045375,Niko Sigur,/niko-sigur/profil/spieler/1045375,Defensive Midfield,09/09/2003 (22),HNK Hajduk Split,€4.00m
Canada,921655,Ismaël Koné,/ismael-kone/profil/spieler/921655,Central Midfield,16/06/2002 (24),US Sassuolo,€25.00m
Canada,842420,Nathan-Dylan Saliba,/nathan-dylan-saliba/profil/spieler/842420,Central Midfield,07/02/2004 (22),RSC Anderlecht,€7.50m
Canada,512913,Stephen Eustaquio,/stephen-eustaquio/profil/spieler/512913,Central Midfield,21/12/1996 (29),Los Angeles FC,€6.00m
Canada,260807,Jonathan Osorio,/jonathan-osorio/profil/spieler/260807,Central Midfield,12/06/1992 (34),Toronto FC,€1.00m
Canada,589006,Mathieu Choinière,/mathieu-choiniere/profil/spieler/589006,Central Midfield,07/02/1999 (27),Los Angeles FC,€800k
Canada,995642,Ali Ahmed,/ali-ahmed/profil/spieler/995642,Left Midfield,10/10/2000 (25),Norwich City,€5.00m
Canada,487417,Liam Millar,/liam-millar/profil/spieler/487417,Left Winger,27/09/1999 (26),Hull City,€3.00m
Canada,637632,Jacob Shaffelburg,/jacob-shaffelburg/profil/spieler/637632,Left Winger,26/11/1999 (26),Los Angeles FC,€2.50m
Canada,635445,Jayden Nelson,/jayden-nelson/profil/spieler/635445,Left Winger,26/09/2002 (23),Austin FC,€2.00m
Canada,638793,Tajon Buchanan,/tajon-buchanan/profil/spieler/638793,Right Winger,08/02/1999 (27),Villarreal CF,€12.00m
Canada,533738,Jonathan David,/jonathan-david/profil/spieler/533738,Centre-Forward,14/01/2000 (26),Juventus FC,€30.00m
Canada,888785,Promise David,/promise-david/profil/spieler/888785,Centre-Forward,03/07/2001 (24),Union Saint-Gilloise,€17.00m
Canada,972465,Tani Oluwaseyi,/tani-oluwaseyi/profil/spieler/972465,Centre-Forward,15/05/2000 (26),Villarreal CF,€7.00m
Canada,343463,Cyle Larin,/cyle-larin/profil/spieler/343463,Centre-Forward,17/04/1995 (31),Southampton FC,€2.50m
Cape Verde,532096,CJ dos Santos,/cj-dos-santos/profil/spieler/532096,Goalkeeper,24/08/2000 (25),San Diego FC,€1.00m
Cape Verde,398048,Márcio Rosa,/marcio-rosa/profil/spieler/398048,Goalkeeper,23/02/1997 (29),Montana,€350k
Cape Verde,242277,Vozinha,/vozinha/profil/spieler/242277,Goalkeeper,03/06/1986 (40),GD Chaves,€50k
Cape Verde,484988,Logan Costa,/logan-costa/profil/spieler/484988,Centre-Back,01/04/2001 (25),Villarreal CF,€15.00m
Cape Verde,349570,Diney Borges,/diney-borges/profil/spieler/349570,Centre-Back,17/01/1995 (31),Al-Bataeh CSC,€900k
Cape Verde,662119,Kelvin Pires,/kelvin-pires/profil/spieler/662119,Centre-Back,05/06/2000 (26),SJK Seinäjoki,€400k
Cape Verde,166158,Roberto Lopes,/roberto-lopes/profil/spieler/166158,Centre-Back,17/06/1992 (34),Shamrock Rovers,€250k
Cape Verde,80486,Stopira,/stopira/profil/spieler/80486,Centre-Back,20/05/1988 (38),SC União Torreense,€50k
Cape Verde,611855,Sidny Lopes Cabral,/sidny-lopes-cabral/profil/spieler/611855,Left-Back,18/09/2002 (23),SL Benfica,€4.00m
Cape Verde,1072017,Wagner Pina,/wagner-pina/profil/spieler/1072017,Right-Back,03/11/2002 (23),Trabzonspor,€11.00m
Cape Verde,203517,Steven Moreira,/steven-moreira/profil/spieler/203517,Right-Back,13/08/1994 (31),Columbus Crew,€1.50m
Cape Verde,544586,Kevin Pina,/kevin-pina/profil/spieler/544586,Defensive Midfield,27/01/1997 (29),FC Krasnodar,€5.00m
Cape Verde,258513,Laros Duarte,/laros-duarte/profil/spieler/258513,Defensive Midfield,28/02/1997 (29),Puskás Akadémia FC,€1.00m
Cape Verde,623965,João Paulo,/joao-paulo/profil/spieler/623965,Defensive Midfield,26/05/1998 (28),FCSB,€900k
Cape Verde,432852,Deroy Duarte,/deroy-duarte/profil/spieler/432852,Central Midfield,04/07/1999 (26),Ludogorets Razgrad,€1.80m
Cape Verde,272930,Jamiro Monteiro,/jamiro-monteiro/profil/spieler/272930,Central Midfield,23/11/1993 (32),PEC Zwolle,€650k
Cape Verde,620307,Yannick Semedo,/yannick-semedo/profil/spieler/620307,Central Midfield,29/12/1995 (30),SC Farense,€250k
Cape Verde,840836,Hélio Varela,/helio-varela/profil/spieler/840836,Left Winger,03/05/2002 (24),Maccabi Tel Aviv,€2.50m
Cape Verde,448466,Jovane Cabral,/jovane-cabral/profil/spieler/448466,Left Winger,14/06/1998 (28),CF Estrela Amadora,€1.00m
Cape Verde,531450,Willy Semedo,/willy-semedo/profil/spieler/531450,Left Winger,27/04/1994 (32),Omonia Nicosia,€1.00m
Cape Verde,111627,Ryan Mendes,/ryan-mendes/profil/spieler/111627,Left Winger,08/01/1990 (36),Igdir FK,€200k
Cape Verde,791528,Telmo Arcanjo,/telmo-arcanjo/profil/spieler/791528,Right Winger,21/06/2001 (25),Vitória Guimarães SC,€3.00m
Cape Verde,170895,Garry Rodrigues,/garry-rodrigues/profil/spieler/170895,Right Winger,27/11/1990 (35),Apollon Limassol,€300k
Cape Verde,820252,Gilson Benchimol,/gilson-benchimol/profil/spieler/820252,Centre-Forward,29/12/2001 (24),Akron Tolyatti,€1.20m
Cape Verde,676411,Dailon Livramento,/dailon-livramento/profil/spieler/676411,Centre-Forward,04/05/2001 (25),Casa Pia AC,€800k
Cape Verde,306166,Nuno da Costa,/nuno-da-costa/profil/spieler/306166,Centre-Forward,10/02/1991 (35),Basaksehir FK,€400k
Colombia,292985,Álvaro Montero,/alvaro-montero/profil/spieler/292985,Goalkeeper,29/03/1995 (31),CA Vélez Sarsfield,€2.50m
Colombia,74113,Camilo Vargas,/camilo-vargas/profil/spieler/74113,Goalkeeper,09/03/1989 (37),Atlas Guadalajara,€450k
Colombia,73396,David Ospina,/david-ospina/profil/spieler/73396,Goalkeeper,31/08/1988 (37),Atlético Nacional,€100k
Colombia,413565,Jhon Lucumí,/jhon-lucumi/profil/spieler/413565,Centre-Back,26/06/1998 (28),Bologna FC 1909,€22.00m
Colombia,341429,Davinson Sánchez,/davinson-sanchez/profil/spieler/341429,Centre-Back,12/06/1996 (30),Galatasaray,€16.00m
Colombia,609255,Willer Ditta,/willer-ditta/profil/spieler/609255,Centre-Back,23/01/1998 (28),CD Cruz Azul,€5.50m
Colombia,289446,Yerry Mina,/yerry-mina/profil/spieler/289446,Centre-Back,23/09/1994 (31),Cagliari Calcio,€2.50m
Colombia,332560,Deiver Machado,/deiver-machado/profil/spieler/332560,Left-Back,02/09/1993 (32),FC Nantes,€1.80m
Colombia,262939,Johan Mojica,/johan-mojica/profil/spieler/262939,Left-Back,21/08/1992 (33),RCD Mallorca,€1.50m
Colombia,493003,Daniel Muñoz,/daniel-munoz/profil/spieler/493003,Right-Back,26/05/1996 (30),Crystal Palace,€22.00m
Colombia,120443,Santiago Arias,/santiago-arias/profil/spieler/120443,Right-Back,13/01/1992 (34),CA Independiente,€1.20m
Colombia,735573,Richard Ríos,/richard-rios/profil/spieler/735573,Defensive Midfield,02/06/2000 (26),SL Benfica,€25.00m
Colombia,262980,Jefferson Lerma,/jefferson-lerma/profil/spieler/262980,Defensive Midfield,25/10/1994 (31),Crystal Palace,€6.00m
Colombia,857948,Kevin Castaño,/kevin-castano/profil/spieler/857948,Defensive Midfield,29/09/2000 (25),CA River Plate,€5.00m
Colombia,936981,Gustavo Puerta,/gustavo-puerta/profil/spieler/936981,Central Midfield,23/07/2003 (22),Racing Santander,€10.00m
Colombia,585747,Juan Portilla,/juan-portilla/profil/spieler/585747,Central Midfield,12/09/1998 (27),Club Athletico Paranaense,€5.00m
Colombia,354145,Jorge Carrascal,/jorge-carrascal/profil/spieler/354145,Attacking Midfield,25/05/1998 (28),CR Flamengo,€13.00m
Colombia,122582,Juan Fernando Quintero,/juan-fernando-quintero/profil/spieler/122582,Attacking Midfield,18/01/1993 (33),CA River Plate,€1.80m
Colombia,88103,James Rodríguez,/james-rodriguez/profil/spieler/88103,Attacking Midfield,12/07/1991 (34),Minnesota United FC,€1.50m
Colombia,480692,Luis Díaz,/luis-diaz/profil/spieler/480692,Left Winger,13/01/1997 (29),Bayern Munich,€70.00m
Colombia,957461,Andrés Gómez,/andres-gomez/profil/spieler/957461,Left Winger,12/09/2002 (23),Clube de Regatas Vasco da Gama,€11.00m
Colombia,491553,Jáminton Campaz,/jaminton-campaz/profil/spieler/491553,Left Winger,24/05/2000 (26),CA Rosario Central,€5.50m
Colombia,588989,Jhon Arias,/jhon-arias/profil/spieler/588989,Right Winger,21/09/1997 (28),Sociedade Esportiva Palmeiras,€15.00m
Colombia,424784,Luis Suárez,/luis-suarez/profil/spieler/424784,Centre-Forward,02/12/1997 (28),Sporting CP,€30.00m
Colombia,459463,Cucho Hernández,/cucho-hernandez/profil/spieler/459463,Centre-Forward,20/04/1999 (27),Real Betis Balompié,€18.00m
Colombia,185245,Jhon Córdoba,/jhon-cordoba/profil/spieler/185245,Centre-Forward,11/05/1993 (33),FC Krasnodar,€10.00m
Croatia,370997,Dominik Kotarski,/dominik-kotarski/profil/spieler/370997,Goalkeeper,10/02/2000 (26),FC Copenhagen,€5.00m
Croatia,371013,Ivor Pandur,/ivor-pandur/profil/spieler/371013,Goalkeeper,25/03/2000 (26),Hull City,€4.50m
Croatia,205927,Dominik Livakovic,/dominik-livakovic/profil/spieler/205927,Goalkeeper,09/01/1995 (31),GNK Dinamo Zagreb,€4.00m
Croatia,475959,Josko Gvardiol,/josko-gvardiol/profil/spieler/475959,Centre-Back,23/01/2002 (24),Manchester City,€70.00m
Croatia,892160,Luka Vuskovic,/luka-vuskovic/profil/spieler/892160,Centre-Back,24/02/2007 (19),Hamburger SV,€60.00m
Croatia,371001,Josip Sutalo,/josip-sutalo/profil/spieler/371001,Centre-Back,28/02/2000 (26),Ajax Amsterdam,€12.00m
Croatia,282144,Marin Pongracic,/marin-pongracic/profil/spieler/282144,Centre-Back,11/09/1997 (28),ACF Fiorentina,€6.50m
Croatia,357003,Martin Erlić,/martin-erlic/profil/spieler/357003,Centre-Back,24/01/1998 (28),FC Midtjylland,€4.00m
Croatia,238266,Duje Caleta-Car,/duje-caleta-car/profil/spieler/238266,Centre-Back,17/09/1996 (29),Real Sociedad,€2.80m
Croatia,483046,Josip Stanisic,/josip-stanisic/profil/spieler/483046,Right-Back,02/04/2000 (26),Bayern Munich,€40.00m
Croatia,316934,Nikola Moro,/nikola-moro/profil/spieler/316934,Defensive Midfield,12/03/1998 (28),Bologna FC 1909,€7.00m
Croatia,374954,Kristijan Jakic,/kristijan-jakic/profil/spieler/374954,Defensive Midfield,14/05/1997 (29),FC Augsburg,€6.00m
Croatia,668207,Petar Sučić,/petar-sucic/profil/spieler/668207,Central Midfield,25/10/2003 (22),Inter Milan,€40.00m
Croatia,51471,Mateo Kovacic,/mateo-kovacic/profil/spieler/51471,Central Midfield,06/05/1994 (32),Manchester City,€10.00m
Croatia,502722,Luka Sucic,/luka-sucic/profil/spieler/502722,Central Midfield,08/09/2002 (23),Real Sociedad,€10.00m
Croatia,205938,Mario Pašalić,/mario-pasalic/profil/spieler/205938,Central Midfield,09/02/1995 (31),Atalanta BC,€6.00m
Croatia,27992,Luka Modrić,/luka-modric/profil/spieler/27992,Central Midfield,09/09/1985 (40),AC Milan,€3.50m
Croatia,580451,Martin Baturina,/martin-baturina/profil/spieler/580451,Attacking Midfield,16/02/2003 (23),Como 1907,€30.00m
Croatia,293200,Nikola Vlašić,/nikola-vlasic/profil/spieler/293200,Attacking Midfield,04/10/1997 (28),Torino FC,€10.00m
Croatia,432758,Toni Fruk,/toni-fruk/profil/spieler/432758,Attacking Midfield,09/03/2001 (25),HNK Rijeka,€9.00m
Croatia,46580,Andrej Kramaric,/andrej-kramaric/profil/spieler/46580,Attacking Midfield,19/06/1991 (35),TSG 1899 Hoffenheim,€2.50m
Croatia,42460,Ivan Perišić,/ivan-perisic/profil/spieler/42460,Left Winger,02/02/1989 (37),PSV Eindhoven,€1.20m
Croatia,395928,Marco Pašalić,/marco-pasalic/profil/spieler/395928,Right Winger,14/09/2000 (25),Orlando City SC,€6.50m
Croatia,605268,Igor Matanovic,/igor-matanovic/profil/spieler/605268,Centre-Forward,31/03/2003 (23),SC Freiburg,€22.00m
Croatia,387110,Petar Musa,/petar-musa/profil/spieler/387110,Centre-Forward,04/03/1998 (28),FC Dallas,€12.00m
Croatia,46413,Ante Budimir,/ante-budimir/profil/spieler/46413,Centre-Forward,22/07/1991 (34),CA Osasuna,€2.80m
Curaçao,79294,Eloy Room,/eloy-room/profil/spieler/79294,Goalkeeper,06/02/1989 (37),Miami FC,€150k
Curaçao,390814,Trevor Doornbusch,/trevor-doornbusch/profil/spieler/390814,Goalkeeper,06/07/1999 (26),VVV-Venlo,€50k
Curaçao,663961,Tyrick Bodak,/tyrick-bodak/profil/spieler/663961,Goalkeeper,15/05/2002 (24),SC Telstar,€25k
Curaçao,339337,Armando Obispo,/armando-obispo/profil/spieler/339337,Centre-Back,05/03/1999 (27),PSV Eindhoven,€4.00m
Curaçao,216443,Riechedly Bazoer,/riechedly-bazoer/profil/spieler/216443,Centre-Back,12/10/1996 (29),Konyaspor,€1.50m
Curaçao,708989,Deveron Fonville,/deveron-fonville/profil/spieler/708989,Centre-Back,16/05/2003 (23),NEC Nijmegen,€1.50m
Curaçao,401029,Roshon van Eijma,/roshon-van-eijma/profil/spieler/401029,Centre-Back,09/06/1998 (28),RKC Waalwijk,€375k
Curaçao,328455,Juriën Gaari,/jurien-gaari/profil/spieler/328455,Centre-Back,23/12/1993 (32),Abha Club,€350k
Curaçao,315211,Sherel Floranus,/sherel-floranus/profil/spieler/315211,Left-Back,23/08/1998 (27),PEC Zwolle,€800k
Curaçao,412937,Shurandy Sambo,/shurandy-sambo/profil/spieler/412937,Right-Back,19/08/2001 (24),Sparta Rotterdam,€1.30m
Curaçao,207006,Joshua Brenet,/joshua-brenet/profil/spieler/207006,Right-Back,20/03/1994 (32),Kayserispor,€1.00m
Curaçao,626764,Livano Comenencia,/livano-comenencia/profil/spieler/626764,Right-Back,03/02/2004 (22),FC Zürich,€500k
Curaçao,433933,Kevin Felida,/kevin-felida/profil/spieler/433933,Defensive Midfield,11/11/1999 (26),FC Den Bosch,€400k
Curaçao,393241,Godfried Roemeratoe,/godfried-roemeratoe/profil/spieler/393241,Defensive Midfield,19/08/1999 (26),RKC Waalwijk,€350k
Curaçao,348863,Juninho Bacuna,/juninho-bacuna/profil/spieler/348863,Central Midfield,07/08/1997 (28),FC Volendam,€1.70m
Curaçao,126014,Leandro Bacuna,/leandro-bacuna/profil/spieler/126014,Central Midfield,21/08/1991 (34),Igdir FK,€250k
Curaçao,708005,Tyrese Noslin,/tyrese-noslin/profil/spieler/708005,Right Midfield,11/09/2002 (23),SC Telstar,€750k
Curaçao,344830,Tahith Chong,/tahith-chong/profil/spieler/344830,Attacking Midfield,04/12/1999 (26),Sheffield United,€3.50m
Curaçao,538958,Jearl Margaritha,/jearl-margaritha/profil/spieler/538958,Left Winger,10/04/2000 (26),SK Beveren,€1.00m
Curaçao,594273,Jeremy Antonisse,/jeremy-antonisse/profil/spieler/594273,Left Winger,29/03/2002 (24),AE Kifisia,€800k
Curaçao,374889,Kenji Gorré,/kenji-gorre/profil/spieler/374889,Left Winger,29/09/1994 (31),Maccabi Haifa,€600k
Curaçao,485582,Sontje Hansen,/sontje-hansen/profil/spieler/485582,Right Winger,18/05/2002 (24),Middlesbrough FC,€3.50m
Curaçao,572519,Ar'jany Martha,/arjany-martha/profil/spieler/572519,Right Winger,04/09/2003 (22),Rotherham United,€700k
Curaçao,232219,Brandley Kuwas,/brandley-kuwas/profil/spieler/232219,Right Winger,19/09/1992 (33),FC Volendam,€250k
Curaçao,240752,Gervane Kastaneer,/gervane-kastaneer/profil/spieler/240752,Centre-Forward,09/06/1996 (30),Terengganu FC,€225k
Curaçao,166240,Jürgen Locadia,/jurgen-locadia/profil/spieler/166240,Centre-Forward,07/11/1993 (32),Miami FC,€200k
Czech Republic,629773,Lukas Hornicek,/lukas-hornicek/profil/spieler/629773,Goalkeeper,13/07/2002 (23),SC Braga,€18.00m
Czech Republic,550829,Matej Kovar,/matej-kovar/profil/spieler/550829,Goalkeeper,17/05/2000 (26),PSV Eindhoven,€8.00m
Czech Republic,242089,Jindrich Stanek,/jindrich-stanek/profil/spieler/242089,Goalkeeper,27/04/1996 (30),SK Slavia Prague,€2.00m
Czech Republic,345911,Ladislav Krejčí,/ladislav-krejci/profil/spieler/345911,Centre-Back,20/04/1999 (27),Wolverhampton Wanderers,€22.00m
Czech Republic,620217,Robin Hranac,/robin-hranac/profil/spieler/620217,Centre-Back,29/01/2000 (26),TSG 1899 Hoffenheim,€10.00m
Czech Republic,944827,Stepan Chaloupek,/stepan-chaloupek/profil/spieler/944827,Centre-Back,08/03/2003 (23),SK Slavia Prague,€10.00m
Czech Republic,544149,David Zima,/david-zima/profil/spieler/544149,Centre-Back,08/11/2000 (25),SK Slavia Prague,€7.00m
Czech Republic,216278,Tomas Holes,/tomas-holes/profil/spieler/216278,Centre-Back,31/03/1993 (33),SK Slavia Prague,€1.00m
Czech Republic,142219,Jaroslav Zelený,/jaroslav-zeleny/profil/spieler/142219,Centre-Back,20/08/1992 (33),AC Sparta Prague,€600k
Czech Republic,500054,David Jurásek,/david-jurasek/profil/spieler/500054,Left-Back,07/08/2000 (25),SK Slavia Prague,€5.00m
Czech Republic,157672,Vladimír Coufal,/vladimir-coufal/profil/spieler/157672,Right-Back,22/08/1992 (33),TSG 1899 Hoffenheim,€2.50m
Czech Republic,283628,Tomáš Souček,/tomas-soucek/profil/spieler/283628,Defensive Midfield,27/02/1995 (31),West Ham United,€10.00m
Czech Republic,321204,Michal Sadílek,/michal-sadilek/profil/spieler/321204,Central Midfield,31/05/1999 (27),SK Slavia Prague,€8.00m
Czech Republic,611049,Lukas Cerv,/lukas-cerv/profil/spieler/611049,Central Midfield,10/04/2001 (25),FC Viktoria Plzen,€6.00m
Czech Republic,1206877,Hugo Sochurek,/hugo-sochurek/profil/spieler/1206877,Central Midfield,07/06/2008 (18),AC Sparta Prague,€3.50m
Czech Republic,826103,Alexandr Sojka,/alexandr-sojka/profil/spieler/826103,Central Midfield,02/04/2003 (23),FC Viktoria Plzen,€2.30m
Czech Republic,179643,Vladimír Darida,/vladimir-darida/profil/spieler/179643,Central Midfield,08/08/1990 (35),FC Hradec Kralove,€375k
Czech Republic,493758,David Doudera,/david-doudera/profil/spieler/493758,Right Midfield,31/05/1998 (28),SK Slavia Prague,€3.50m
Czech Republic,500053,Pavel Sulc,/pavel-sulc/profil/spieler/500053,Attacking Midfield,29/12/2000 (25),Olympique Lyon,€20.00m
Czech Republic,652060,Denis Visinsky,/denis-visinsky/profil/spieler/652060,Attacking Midfield,21/03/2003 (23),FC Viktoria Plzen,€3.00m
Czech Republic,292779,Lukas Provod,/lukas-provod/profil/spieler/292779,Left Winger,23/10/1996 (29),SK Slavia Prague,€8.00m
Czech Republic,242086,Patrik Schick,/patrik-schick/profil/spieler/242086,Centre-Forward,24/01/1996 (30),Bayer 04 Leverkusen,€18.00m
Czech Republic,552057,Adam Hlozek,/adam-hlozek/profil/spieler/552057,Centre-Forward,25/07/2002 (23),TSG 1899 Hoffenheim,€10.00m
Czech Republic,405855,Mojmír Chytil,/mojmir-chytil/profil/spieler/405855,Centre-Forward,29/04/1999 (27),SK Slavia Prague,€4.00m
Czech Republic,334802,Jan Kuchta,/jan-kuchta/profil/spieler/334802,Centre-Forward,08/01/1997 (29),AC Sparta Prague,€2.70m
Czech Republic,198614,Tomas Chory,/tomas-chory/profil/spieler/198614,Centre-Forward,26/01/1995 (31),SK Slavia Prague,€2.70m
Democratic Republic of the Congo,680218,Matthieu Epolo,/matthieu-epolo/profil/spieler/680218,Goalkeeper,15/01/2005 (21),Standard Liège,€8.00m
Democratic Republic of the Congo,541420,Timothy Fayulu,/timothy-fayulu/profil/spieler/541420,Goalkeeper,24/07/1999 (26),FC Noah Yerevan,€800k
Democratic Republic of the Congo,164915,Lionel Mpasi-Nzau,/lionel-mpasi-nzau/profil/spieler/164915,Goalkeeper,01/08/1994 (31),Le Havre AC,€400k
Democratic Republic of the Congo,342046,Axel Tuanzebe,/axel-tuanzebe/profil/spieler/342046,Centre-Back,14/11/1997 (28),Burnley FC,€5.00m
Democratic Republic of the Congo,679709,Steve Kapuadi,/steve-kapuadi/profil/spieler/679709,Centre-Back,30/04/1998 (28),Widzew Lodz,€2.50m
Democratic Republic of the Congo,203348,Chancel Mbemba,/chancel-mbemba/profil/spieler/203348,Centre-Back,08/08/1994 (31),LOSC Lille,€2.00m
Democratic Republic of the Congo,289432,Dylan Batubinsika,/dylan-batubinsika/profil/spieler/289432,Centre-Back,15/02/1996 (30),AE Larisa,€600k
Democratic Republic of the Congo,129586,Joris Kayembe,/joris-kayembe/profil/spieler/129586,Left-Back,08/08/1994 (31),KRC Genk,€2.00m
Democratic Republic of the Congo,181380,Arthur Masuaku,/arthur-masuaku/profil/spieler/181380,Left-Back,07/11/1993 (32),RC Lens,€2.00m
Democratic Republic of the Congo,477758,Aaron Wan-Bissaka,/aaron-wan-bissaka/profil/spieler/477758,Right-Back,26/11/1997 (28),West Ham United,€15.00m
Democratic Republic of the Congo,395685,Gédéon Kalulu,/gedeon-kalulu/profil/spieler/395685,Right-Back,29/08/1997 (28),Aris Limassol,€1.00m
Democratic Republic of the Congo,1016015,Ngal'ayel Mukau,/ngalayel-mukau/profil/spieler/1016015,Defensive Midfield,03/11/2004 (21),LOSC Lille,€15.00m
Democratic Republic of the Congo,243879,Charles Pickel,/charles-pickel/profil/spieler/243879,Defensive Midfield,15/05/1997 (29),RCD Espanyol Barcelona,€2.50m
Democratic Republic of the Congo,727089,Noah Sadiki,/noah-sadiki/profil/spieler/727089,Central Midfield,17/12/2004 (21),Sunderland AFC,€35.00m
Democratic Republic of the Congo,486477,Edo Kayembe,/edo-kayembe/profil/spieler/486477,Central Midfield,03/06/1998 (28),Watford FC,€4.00m
Democratic Republic of the Congo,353403,Samuel Moutoussamy,/samuel-moutoussamy/profil/spieler/353403,Central Midfield,12/08/1996 (29),Atromitos Athens,€1.20m
Democratic Republic of the Congo,243633,Aaron Tshibola,/aaron-tshibola/profil/spieler/243633,Central Midfield,02/01/1995 (31),Kilmarnock FC,€150k
Democratic Republic of the Congo,74297,Gaël Kakuta,/gael-kakuta/profil/spieler/74297,Attacking Midfield,21/06/1991 (35),AE Larisa,€250k
Democratic Republic of the Congo,557614,Nathanaël Mbuku,/nathanael-mbuku/profil/spieler/557614,Left Winger,16/03/2002 (24),Montpellier HSC,€2.00m
Democratic Republic of the Congo,700565,Brian Cipenga,/brian-cipenga/profil/spieler/700565,Left Winger,11/03/1998 (28),CD Castellón,€2.00m
Democratic Republic of the Congo,280701,Théo Bongonda,/theo-bongonda/profil/spieler/280701,Right Winger,20/11/1995 (30),Spartak Moscow,€3.00m
Democratic Republic of the Congo,388165,Yoane Wissa,/yoane-wissa/profil/spieler/388165,Centre-Forward,03/09/1996 (29),Newcastle United,€25.00m
Democratic Republic of the Congo,344869,Simon Banza,/simon-banza/profil/spieler/344869,Centre-Forward,13/08/1996 (29),Al-Jazira Club,€10.00m
Democratic Republic of the Congo,727157,Fiston Mayele,/fiston-mayele/profil/spieler/727157,Centre-Forward,24/06/1994 (32),Pyramids FC,€1.80m
Democratic Republic of the Congo,423678,Meschack Elia,/meschack-elia/profil/spieler/423678,Centre-Forward,06/08/1997 (28),Alanyaspor,€1.50m
Democratic Republic of the Congo,127048,Cédric Bakambu,/cedric-bakambu/profil/spieler/127048,Centre-Forward,11/04/1991 (35),Real Betis Balompié,€1.20m
Ecuador,351941,Gonzalo Valle,/gonzalo-valle/profil/spieler/351941,Goalkeeper,28/02/1996 (30),LDU Quito,€1.80m
Ecuador,450233,Moisés Ramírez,/moises-ramirez/profil/spieler/450233,Goalkeeper,09/09/2000 (25),AE Kifisia,€800k
Ecuador,77127,Hernán Galíndez,/hernan-galindez/profil/spieler/77127,Goalkeeper,30/03/1987 (39),CA Huracán,€300k
Ecuador,661171,Willian Pacho,/willian-pacho/profil/spieler/661171,Centre-Back,16/10/2001 (24),Paris Saint-Germain,€80.00m
Ecuador,659813,Piero Hincapié,/piero-hincapie/profil/spieler/659813,Centre-Back,09/01/2002 (24),Arsenal FC,€50.00m
Ecuador,893661,Joel Ordóñez,/joel-ordonez/profil/spieler/893661,Centre-Back,21/04/2004 (22),Club Brugge KV,€33.00m
Ecuador,491616,Jackson Porozo,/jackson-porozo/profil/spieler/491616,Centre-Back,04/08/2000 (25),Club Tijuana,€2.50m
Ecuador,468174,Félix Torres,/felix-torres/profil/spieler/468174,Centre-Back,11/01/1997 (29),Sport Club Internacional,€1.00m
Ecuador,349599,Pervis Estupiñán,/pervis-estupinan/profil/spieler/349599,Left-Back,21/01/1998 (28),AC Milan,€12.00m
Ecuador,893659,Yaimar Medina,/yaimar-medina/profil/spieler/893659,Left-Back,05/11/2004 (21),KRC Genk,€4.00m
Ecuador,450241,Angelo Preciado,/angelo-preciado/profil/spieler/450241,Right-Back,18/02/1998 (28),Clube Atlético Mineiro,€3.50m
Ecuador,687626,Moisés Caicedo,/moises-caicedo/profil/spieler/687626,Defensive Midfield,02/11/2001 (24),Chelsea FC,€100.00m
Ecuador,598145,Jordy Alcívar,/jordy-alcivar/profil/spieler/598145,Defensive Midfield,05/08/1999 (26),Independiente del Valle,€2.00m
Ecuador,941418,Denil Castillo,/denil-castillo/profil/spieler/941418,Central Midfield,24/03/2004 (22),FC Midtjylland,€7.00m
Ecuador,659806,Pedro Vite,/pedro-vite/profil/spieler/659806,Central Midfield,09/03/2002 (24),UNAM Pumas,€6.00m
Ecuador,400960,Alan Franco,/alan-franco/profil/spieler/400960,Central Midfield,21/08/1998 (27),Clube Atlético Mineiro,€4.50m
Ecuador,1052439,Kendry Páez,/kendry-paez/profil/spieler/1052439,Attacking Midfield,04/05/2007 (19),CA River Plate,€8.00m
Ecuador,903611,Nilson Angulo,/nilson-angulo/profil/spieler/903611,Left Winger,19/06/2003 (23),Sunderland AFC,€17.00m
Ecuador,592735,Gonzalo Plata,/gonzalo-plata/profil/spieler/592735,Right Winger,01/11/2000 (25),CR Flamengo,€9.00m
Ecuador,897051,Alan Minda,/alan-minda/profil/spieler/897051,Right Winger,14/05/2003 (23),Clube Atlético Mineiro,€3.00m
Ecuador,974374,Anthony Valencia,/anthony-valencia/profil/spieler/974374,Right Winger,21/07/2003 (22),Royal Antwerp FC,€1.80m
Ecuador,439914,John Yeboah,/john-yeboah/profil/spieler/439914,Second Striker,23/06/2000 (26),Venezia FC,€5.50m
Ecuador,971663,Jeremy Arévalo,/jeremy-arevalo/profil/spieler/971663,Centre-Forward,19/03/2005 (21),VfB Stuttgart,€7.00m
Ecuador,684159,Kevin Rodríguez,/kevin-rodriguez/profil/spieler/684159,Centre-Forward,04/03/2000 (26),Union Saint-Gilloise,€6.00m
Ecuador,360412,Jordy Caicedo,/jordy-caicedo/profil/spieler/360412,Centre-Forward,18/11/1997 (28),CA Huracán,€2.00m
Ecuador,139503,Enner Valencia,/enner-valencia/profil/spieler/139503,Centre-Forward,04/11/1989 (36),CF Pachuca,€1.00m
Egypt,661455,Oufa Shobeir,/oufa-shobeir/profil/spieler/661455,Goalkeeper,15/05/2000 (26),Al Ahly FC,€1.20m
Egypt,1307898,Mohamed Alaa,/mohamed-alaa/profil/spieler/1307898,Goalkeeper,01/09/1999 (26),El Gouna FC,€1.20m
Egypt,134573,Mohamed El Shenawy,/mohamed-el-shenawy/profil/spieler/134573,Goalkeeper,18/12/1988 (37),Al Ahly FC,€500k
Egypt,104951,El Mahdi Soliman,/el-mahdi-soliman/profil/spieler/104951,Goalkeeper,08/06/1987 (39),Zamalek SC,€150k
Egypt,566025,Mohamed Abdelmonem,/mohamed-abdelmonem/profil/spieler/566025,Centre-Back,01/02/1999 (27),OGC Nice,€2.50m
Egypt,737524,Hossam Abdelmaguid,/hossam-abdelmaguid/profil/spieler/737524,Centre-Back,30/04/2001 (25),Zamalek SC,€2.00m
Egypt,172623,Ramy Rabia,/ramy-rabia/profil/spieler/172623,Centre-Back,20/05/1993 (33),Al-Ain FC,€600k
Egypt,237425,Yasser Ibrahim,/yasser-ibrahim/profil/spieler/237425,Centre-Back,10/02/1993 (33),Al Ahly FC,€275k
Egypt,465966,Ahmed Fatouh,/ahmed-fatouh/profil/spieler/465966,Left-Back,22/03/1998 (28),Zamalek SC,€1.00m
Egypt,333004,Karim Hafez,/karim-hafez/profil/spieler/333004,Left-Back,12/03/1996 (30),Pyramids FC,€700k
Egypt,343974,Mohamed Hany,/mohamed-hany/profil/spieler/343974,Right-Back,02/02/1996 (30),Al Ahly FC,€1.50m
Egypt,1087789,Tarek Alaa,/tarek-alaa/profil/spieler/1087789,Right-Back,05/01/2002 (24),Zed FC,€250k
Egypt,734542,Marwan Ateya,/marwan-ateya/profil/spieler/734542,Defensive Midfield,01/08/1998 (27),Al Ahly FC,€4.00m
Egypt,479682,Mohanad Lasheen,/mohanad-lasheen/profil/spieler/479682,Defensive Midfield,29/05/1996 (30),Pyramids FC,€3.00m
Egypt,340303,Hamdy Fathy,/hamdy-fathy/profil/spieler/340303,Defensive Midfield,29/09/1994 (31),Al-Wakrah SC,€1.80m
Egypt,479683,Nabil Dunga,/nabil-dunga/profil/spieler/479683,Defensive Midfield,06/04/1996 (30),Al-Najma SC,€1.00m
Egypt,604008,Emam Ashour,/emam-ashour/profil/spieler/604008,Central Midfield,20/02/1998 (28),Al Ahly FC,€4.00m
Egypt,729390,Mahmoud Saber,/mahmoud-saber/profil/spieler/729390,Central Midfield,30/07/2001 (24),Zed FC,€1.50m
Egypt,234189,Trezeguet,/trezeguet/profil/spieler/234189,Left Winger,01/10/1994 (31),Al Ahly FC,€4.50m
Egypt,677278,Ibrahim Adel,/ibrahim-adel/profil/spieler/677278,Left Winger,23/04/2001 (25),FC Nordsjaelland,€2.50m
Egypt,896616,Mostafa Ziko,/mostafa-ziko/profil/spieler/896616,Left Winger,27/04/1997 (29),Pyramids FC,€1.80m
Egypt,148455,Mohamed Salah,/mohamed-salah/profil/spieler/148455,Right Winger,15/06/1992 (34),Liverpool FC,€22.00m
Egypt,620164,Haissem Hassan,/haissem-hassan/profil/spieler/620164,Right Winger,08/02/2002 (24),Real Oviedo,€3.50m
Egypt,320722,Zizo,/zizo/profil/spieler/320722,Right Winger,10/01/1996 (30),Al Ahly FC,€3.50m
Egypt,445939,Omar Marmoush,/omar-marmoush/profil/spieler/445939,Centre-Forward,07/02/1999 (27),Manchester City,€50.00m
Egypt,1259085,Hamza Abdelkarim,/hamza-abdelkarim/profil/spieler/1259085,Centre-Forward,01/01/2008 (18),FC Barcelona U19,€1.50m
England,258919,Dean Henderson,/dean-henderson/profil/spieler/258919,Goalkeeper,12/03/1997 (29),Crystal Palace,€28.00m
England,566799,James Trafford,/james-trafford/profil/spieler/566799,Goalkeeper,10/10/2002 (23),Manchester City,€25.00m
England,130164,Jordan Pickford,/jordan-pickford/profil/spieler/130164,Goalkeeper,07/03/1994 (32),Everton FC,€13.00m
England,392757,Marc Guéhi,/marc-guehi/profil/spieler/392757,Centre-Back,13/07/2000 (25),Manchester City,€70.00m
England,632349,Jarell Quansah,/jarell-quansah/profil/spieler/632349,Centre-Back,29/01/2003 (23),Bayer 04 Leverkusen,€45.00m
England,413403,Ezri Konsa,/ezri-konsa/profil/spieler/413403,Centre-Back,23/10/1997 (28),Aston Villa,€40.00m
England,346314,Trevoh Chalobah,/trevoh-chalobah/profil/spieler/346314,Centre-Back,05/07/1999 (26),Chelsea FC,€40.00m
England,186590,John Stones,/john-stones/profil/spieler/186590,Centre-Back,28/05/1994 (32),Manchester City,€12.00m
England,134270,Dan Burn,/dan-burn/profil/spieler/134270,Centre-Back,09/05/1992 (34),Newcastle United,€4.00m
England,743413,Nico O'Reilly,/nico-oreilly/profil/spieler/743413,Left-Back,21/03/2005 (21),Manchester City,€70.00m
England,483348,Djed Spence,/djed-spence/profil/spieler/483348,Left-Back,09/08/2000 (25),Tottenham Hotspur,€30.00m
England,472423,Reece James,/reece-james/profil/spieler/472423,Right-Back,08/12/1999 (26),Chelsea FC,€60.00m
England,61651,Jordan Henderson,/jordan-henderson/profil/spieler/61651,Defensive Midfield,17/06/1990 (36),Brentford FC,€1.20m
England,357662,Declan Rice,/declan-rice/profil/spieler/357662,Central Midfield,14/01/1999 (27),Arsenal FC,€120.00m
England,567576,Elliot Anderson,/elliot-anderson/profil/spieler/567576,Central Midfield,06/11/2002 (23),Nottingham Forest,€75.00m
England,820374,Kobbie Mainoo,/kobbie-mainoo/profil/spieler/820374,Central Midfield,19/04/2005 (21),Manchester United,€70.00m
England,581678,Jude Bellingham,/jude-bellingham/profil/spieler/581678,Attacking Midfield,29/06/2003 (23),Real Madrid,€130.00m
England,503743,Morgan Rogers,/morgan-rogers/profil/spieler/503743,Attacking Midfield,26/07/2002 (23),Aston Villa,€90.00m
England,479999,Eberechi Eze,/eberechi-eze/profil/spieler/479999,Attacking Midfield,29/06/1998 (28),Arsenal FC,€65.00m
England,503733,Anthony Gordon,/anthony-gordon/profil/spieler/503733,Left Winger,24/02/2001 (25),Newcastle United,€65.00m
England,258923,Marcus Rashford,/marcus-rashford/profil/spieler/258923,Left Winger,31/10/1997 (28),FC Barcelona,€40.00m
England,433177,Bukayo Saka,/bukayo-saka/profil/spieler/433177,Right Winger,05/09/2001 (24),Arsenal FC,€110.00m
England,503987,Noni Madueke,/noni-madueke/profil/spieler/503987,Right Winger,10/03/2002 (24),Arsenal FC,€50.00m
England,132098,Harry Kane,/harry-kane/profil/spieler/132098,Centre-Forward,28/07/1993 (32),Bayern Munich,€60.00m
England,324358,Ollie Watkins,/ollie-watkins/profil/spieler/324358,Centre-Forward,30/12/1995 (30),Aston Villa,€25.00m
England,251664,Ivan Toney,/ivan-toney/profil/spieler/251664,Centre-Forward,16/03/1996 (30),Al-Ahli SFC,€20.00m
France,743515,Robin Risser,/robin-risser/profil/spieler/743515,Goalkeeper,02/12/2004 (21),RC Lens,€30.00m
France,182906,Mike Maignan,/mike-maignan/profil/spieler/182906,Goalkeeper,03/07/1995 (30),AC Milan,€20.00m
France,191056,Brice Samba,/brice-samba/profil/spieler/191056,Goalkeeper,25/04/1994 (32),Stade Rennais FC,€7.00m
France,495666,William Saliba,/william-saliba/profil/spieler/495666,Centre-Back,24/03/2001 (25),Arsenal FC,€100.00m
France,344695,Dayot Upamecano,/dayot-upamecano/profil/spieler/344695,Centre-Back,27/10/1998 (27),Bayern Munich,€70.00m
France,434224,Maxence Lacroix,/maxence-lacroix/profil/spieler/434224,Centre-Back,06/04/2000 (26),Crystal Palace,€50.00m
France,357119,Ibrahima Konaté,/ibrahima-konate/profil/spieler/357119,Centre-Back,25/05/1999 (27),Liverpool FC,€45.00m
France,339808,Theo Hernández,/theo-hernandez/profil/spieler/339808,Left-Back,06/10/1997 (28),Al-Hilal SFC,€20.00m
France,281963,Lucas Hernández,/lucas-hernandez/profil/spieler/281963,Left-Back,14/02/1996 (30),Paris Saint-Germain,€18.00m
France,126664,Lucas Digne,/lucas-digne/profil/spieler/126664,Left-Back,20/07/1993 (32),Aston Villa,€6.00m
France,411975,Jules Koundé,/jules-kounde/profil/spieler/411975,Right-Back,12/11/1998 (27),FC Barcelona,€60.00m
France,620322,Malo Gusto,/malo-gusto/profil/spieler/620322,Right-Back,19/05/2003 (23),Chelsea FC,€35.00m
France,413112,Aurélien Tchouaméni,/aurelien-tchouameni/profil/spieler/413112,Defensive Midfield,27/01/2000 (26),Real Madrid,€70.00m
France,225083,N'Golo Kanté,/ngolo-kante/profil/spieler/225083,Defensive Midfield,29/03/1991 (35),Fenerbahce,€4.00m
France,810092,Warren Zaïre-Emery,/warren-zaire-emery/profil/spieler/810092,Central Midfield,08/03/2006 (20),Paris Saint-Germain,€80.00m
France,624690,Manu Koné,/manu-kone/profil/spieler/624690,Central Midfield,17/05/2001 (25),AS Roma,€50.00m
France,182913,Adrien Rabiot,/adrien-rabiot/profil/spieler/182913,Central Midfield,03/04/1995 (31),AC Milan,€18.00m
France,607223,Rayan Cherki,/rayan-cherki/profil/spieler/607223,Attacking Midfield,17/08/2003 (22),Manchester City,€90.00m
France,708265,Bradley Barcola,/bradley-barcola/profil/spieler/708265,Left Winger,02/09/2002 (23),Paris Saint-Germain,€70.00m
France,566723,Michael Olise,/michael-olise/profil/spieler/566723,Right Winger,12/12/2001 (24),Bayern Munich,€150.00m
France,914562,Désiré Doué,/desire-doue/profil/spieler/914562,Right Winger,03/06/2005 (21),Paris Saint-Germain,€120.00m
France,745200,Maghnes Akliouche,/maghnes-akliouche/profil/spieler/745200,Right Winger,25/02/2002 (24),AS Monaco,€50.00m
France,342229,Kylian Mbappé,/kylian-mbappe/profil/spieler/342229,Centre-Forward,20/12/1998 (27),Real Madrid,€180.00m
France,288230,Ousmane Dembélé,/ousmane-dembele/profil/spieler/288230,Centre-Forward,15/05/1997 (29),Paris Saint-Germain,€100.00m
France,318528,Marcus Thuram,/marcus-thuram/profil/spieler/318528,Centre-Forward,06/08/1997 (28),Inter Milan,€50.00m
France,420002,Jean-Philippe Mateta,/jean-philippe-mateta/profil/spieler/420002,Centre-Forward,28/06/1997 (29),Crystal Palace,€30.00m
Germany,195778,Alexander Nübel,/alexander-nubel/profil/spieler/195778,Goalkeeper,30/09/1996 (29),VfB Stuttgart,€12.00m
Germany,17259,Manuel Neuer,/manuel-neuer/profil/spieler/17259,Goalkeeper,27/03/1986 (40),Bayern Munich,€4.00m
Germany,55089,Oliver Baumann,/oliver-baumann/profil/spieler/55089,Goalkeeper,02/06/1990 (36),TSG 1899 Hoffenheim,€2.50m
Germany,388198,Nico Schlotterbeck,/nico-schlotterbeck/profil/spieler/388198,Centre-Back,01/12/1999 (26),Borussia Dortmund,€55.00m
Germany,521964,Malick Thiaw,/malick-thiaw/profil/spieler/521964,Centre-Back,08/08/2001 (24),Newcastle United,€45.00m
Germany,196357,Jonathan Tah,/jonathan-tah/profil/spieler/196357,Centre-Back,11/02/1996 (30),Bayern Munich,€28.00m
Germany,193004,Waldemar Anton,/waldemar-anton/profil/spieler/193004,Centre-Back,20/07/1996 (29),Borussia Dortmund,€18.00m
Germany,86202,Antonio Rüdiger,/antonio-rudiger/profil/spieler/86202,Centre-Back,03/03/1993 (33),Real Madrid,€6.00m
Germany,691892,Nathaniel Brown,/nathaniel-brown/profil/spieler/691892,Left-Back,16/06/2003 (23),Eintracht Frankfurt,€40.00m
Germany,318204,David Raum,/david-raum/profil/spieler/318204,Left-Back,22/04/1998 (28),RB Leipzig,€25.00m
Germany,792380,Aleksandar Pavlovic,/aleksandar-pavlovic/profil/spieler/792380,Defensive Midfield,03/05/2004 (22),Bayern Munich,€90.00m
Germany,443710,Angelo Stiller,/angelo-stiller/profil/spieler/443710,Defensive Midfield,04/04/2001 (25),VfB Stuttgart,€45.00m
Germany,161056,Joshua Kimmich,/joshua-kimmich/profil/spieler/161056,Defensive Midfield,08/02/1995 (31),Bayern Munich,€35.00m
Germany,406640,Felix Nmecha,/felix-nmecha/profil/spieler/406640,Central Midfield,10/10/2000 (25),Borussia Dortmund,€50.00m
Germany,897424,Assan Ouédraogo,/assan-ouedraogo/profil/spieler/897424,Central Midfield,09/05/2006 (20),RB Leipzig,€28.00m
Germany,232454,Nadiem Amiri,/nadiem-amiri/profil/spieler/232454,Central Midfield,27/10/1996 (29),1.FSV Mainz 05,€17.00m
Germany,153084,Leon Goretzka,/leon-goretzka/profil/spieler/153084,Central Midfield,06/02/1995 (31),Bayern Munich,€12.00m
Germany,82873,Pascal Groß,/pascal-gross/profil/spieler/82873,Central Midfield,15/06/1991 (35),Brighton & Hove Albion,€2.50m
Germany,580195,Jamal Musiala,/jamal-musiala/profil/spieler/580195,Attacking Midfield,26/02/2003 (23),Bayern Munich,€100.00m
Germany,598577,Florian Wirtz,/florian-wirtz/profil/spieler/598577,Attacking Midfield,03/05/2003 (23),Liverpool FC,€100.00m
Germany,518505,Jamie Leweling,/jamie-leweling/profil/spieler/518505,Right Winger,26/02/2001 (25),VfB Stuttgart,€40.00m
Germany,192565,Leroy Sané,/leroy-sane/profil/spieler/192565,Right Winger,11/01/1996 (30),Galatasaray,€20.00m
Germany,309400,Kai Havertz,/kai-havertz/profil/spieler/309400,Centre-Forward,11/06/1999 (27),Arsenal FC,€55.00m
Germany,455661,Nick Woltemade,/nick-woltemade/profil/spieler/455661,Centre-Forward,14/02/2002 (24),Newcastle United,€55.00m
Germany,578392,Maximilian Beier,/maximilian-beier/profil/spieler/578392,Centre-Forward,17/10/2002 (23),Borussia Dortmund,€40.00m
Germany,339314,Deniz Undav,/deniz-undav/profil/spieler/339314,Centre-Forward,19/07/1996 (29),VfB Stuttgart,€22.00m
Ghana,254285,Lawrence Ati Zigi,/lawrence-ati-zigi/profil/spieler/254285,Goalkeeper,29/11/1996 (29),FC St. Gallen 1879,€1.50m
Ghana,576099,Joseph Anang,/joseph-anang/profil/spieler/576099,Goalkeeper,08/06/2000 (26),St. Patrick's Athletic,€350k
Ghana,837368,Benjamin Asare,/benjamin-asare/profil/spieler/837368,Goalkeeper,13/07/1992 (33),Hearts of Oak,€100k
Ghana,1113451,Kojo Peprah Oppong,/kojo-peprah-oppong/profil/spieler/1113451,Centre-Back,04/06/2004 (22),OGC Nice,€10.00m
Ghana,798404,Alidu Seidu,/alidu-seidu/profil/spieler/798404,Centre-Back,04/06/2000 (26),Stade Rennais FC,€6.00m
Ghana,734676,Jonas Adjetey,/jonas-adjetey/profil/spieler/734676,Centre-Back,13/12/2003 (22),VfL Wolfsburg,€6.00m
Ghana,408563,Jerome Opoku,/jerome-opoku/profil/spieler/408563,Centre-Back,14/10/1998 (27),Basaksehir FK,€5.00m
Ghana,451801,Abdul Mumin,/abdul-mumin/profil/spieler/451801,Centre-Back,06/06/1998 (28),Rayo Vallecano,€3.00m
Ghana,241457,Derrick Luckassen,/derrick-luckassen/profil/spieler/241457,Centre-Back,03/07/1995 (30),Pafos FC,€1.00m
Ghana,397171,Gideon Mensah,/gideon-mensah/profil/spieler/397171,Left-Back,18/07/1998 (27),AJ Auxerre,€4.00m
Ghana,224884,Abdul Rahman Baba,/abdul-rahman-baba/profil/spieler/224884,Left-Back,02/07/1994 (31),PAOK Thessaloniki,€2.00m
Ghana,830890,Marvin Senaya,/marvin-senaya/profil/spieler/830890,Right-Back,28/01/2001 (25),AJ Auxerre,€3.00m
Ghana,395695,Elisha Owusu,/elisha-owusu/profil/spieler/395695,Defensive Midfield,07/11/1997 (28),AJ Auxerre,€4.00m
Ghana,230784,Thomas Partey,/thomas-partey/profil/spieler/230784,Defensive Midfield,13/06/1993 (33),Villarreal CF,€2.00m
Ghana,1240763,Caleb Yirenkyi,/caleb-yirenkyi/profil/spieler/1240763,Central Midfield,15/01/2006 (20),FC Nordsjaelland,€10.00m
Ghana,538006,Kwasi Sibo,/kwasi-sibo/profil/spieler/538006,Central Midfield,24/06/1998 (28),Real Oviedo,€1.40m
Ghana,579263,Augustine Boakye,/augustine-boakye/profil/spieler/579263,Attacking Midfield,03/11/2000 (25),AS Saint-Étienne,€6.00m
Ghana,746695,Kamaldeen Sulemana,/kamaldeen-sulemana/profil/spieler/746695,Left Winger,15/02/2002 (24),Atalanta BC,€17.00m
Ghana,1119447,Christopher Bonsu Baah,/christopher-bonsu-baah/profil/spieler/1119447,Left Winger,14/12/2004 (21),Al-Qadsiah FC,€14.00m
Ghana,583255,Antoine Semenyo,/antoine-semenyo/profil/spieler/583255,Right Winger,07/01/2000 (26),Manchester City,€80.00m
Ghana,864121,Abdul Fatawu,/abdul-fatawu/profil/spieler/864121,Right Winger,08/03/2004 (22),Leicester City,€20.00m
Ghana,955070,Ernest Nuamah,/ernest-nuamah/profil/spieler/955070,Right Winger,01/11/2003 (22),Olympique Lyon,€10.00m
Ghana,255508,Iñaki Williams,/inaki-williams/profil/spieler/255508,Right Winger,15/06/1994 (32),Athletic Bilbao,€8.00m
Ghana,451747,Brandon Thomas-Asante,/brandon-thomas-asante/profil/spieler/451747,Centre-Forward,29/12/1998 (27),Coventry City,€16.00m
Ghana,734799,Prince Adu,/prince-adu/profil/spieler/734799,Centre-Forward,23/09/2003 (22),FC Viktoria Plzen,€3.00m
Ghana,108354,Jordan Ayew,/jordan-ayew/profil/spieler/108354,Centre-Forward,11/09/1991 (34),Leicester City,€1.00m
Haiti,838947,Alexandre Pierre,/alexandre-pierre/profil/spieler/838947,Goalkeeper,25/02/2001 (25),FC Sochaux-Montbéliard,€700k
Haiti,51035,Johny Placide,/johny-placide/profil/spieler/51035,Goalkeeper,29/01/1988 (38),SC Bastia,€150k
Haiti,490369,Josué Duverger,/josue-duverger/profil/spieler/490369,Goalkeeper,27/04/2000 (26),FC Cosmos Koblenz,€50k
Haiti,338635,Hannes Delcroix,/hannes-delcroix/profil/spieler/338635,Centre-Back,28/02/1999 (27),FC Lugano,€2.00m
Haiti,344864,Jean-Kévin Duverne,/jean-kevin-duverne/profil/spieler/344864,Centre-Back,12/07/1997 (28),KAA Gent,€2.00m
Haiti,278145,Ricardo Adé,/ricardo-ade/profil/spieler/278145,Centre-Back,21/05/1990 (36),LDU Quito,€300k
Haiti,859175,Garven Metusala,/garven-metusala/profil/spieler/859175,Centre-Back,31/12/1999 (26),Colorado Springs Switchbacks FC,€200k
Haiti,1061046,Keeto Thermoncy,/keeto-thermoncy/profil/spieler/1061046,Centre-Back,29/03/2006 (20),BSC Young Boys U21,€100k
Haiti,804885,Martin Expérience,/martin-experience/profil/spieler/804885,Left-Back,09/03/1999 (27),AS Nancy-Lorraine,€350k
Haiti,375472,Duke Lacroix,/duke-lacroix/profil/spieler/375472,Left-Back,14/10/1993 (32),Colorado Springs Switchbacks FC,€125k
Haiti,371686,Carlens Arcus,/carlens-arcus/profil/spieler/371686,Right-Back,28/06/1996 (30),Angers SCO,€1.80m
Haiti,609691,Wilguens Paugain,/wilguens-paugain/profil/spieler/609691,Right-Back,24/08/2001 (24),Zulte Waregem,€800k
Haiti,628834,Danley Jean Jacques,/danley-jean-jacques/profil/spieler/628834,Defensive Midfield,20/05/2000 (26),Philadelphia Union,€3.00m
Haiti,988188,Dominique Simon,/dominique-simon/profil/spieler/988188,Defensive Midfield,29/07/2000 (25),FC Tatran Presov,€200k
Haiti,718244,Carl Sainté,/carl-sainte/profil/spieler/718244,Defensive Midfield,09/08/2002 (23),El Paso Locomotive FC,€125k
Haiti,1017735,Woodensky Pierre,/woodensky-pierre/profil/spieler/1017735,Defensive Midfield,30/12/2004 (21),Violette Athletic Club,€100k
Haiti,450050,Jean-Ricner Bellegarde,/jean-ricner-bellegarde/profil/spieler/450050,Central Midfield,27/06/1998 (28),Wolverhampton Wanderers,€16.00m
Haiti,354763,Derrick Etienne Jr.,/derrick-etienne-jr-/profil/spieler/354763,Left Winger,25/11/1996 (29),Toronto FC,€800k
Haiti,536520,Ruben Providence,/ruben-providence/profil/spieler/536520,Left Winger,07/07/2001 (24),Almere City FC,€300k
Haiti,763182,Josué Casimir,/josue-casimir/profil/spieler/763182,Right Winger,24/09/2001 (24),AJ Auxerre,€3.00m
Haiti,646108,Louicius Deedson,/louicius-deedson/profil/spieler/646108,Right Winger,11/02/2001 (25),FC Dallas,€1.20m
Haiti,494237,Wilson Isidor,/wilson-isidor/profil/spieler/494237,Centre-Forward,27/08/2000 (25),Sunderland AFC,€18.00m
Haiti,815359,Lenny Joseph,/lenny-joseph/profil/spieler/815359,Centre-Forward,12/10/2000 (25),Ferencvárosi TC,€2.00m
Haiti,492955,Frantzdy Pierrot,/frantzdy-pierrot/profil/spieler/492955,Centre-Forward,29/03/1995 (31),Caykur Rizespor,€1.50m
Haiti,345763,Duckens Nazon,/duckens-nazon/profil/spieler/345763,Centre-Forward,07/04/1994 (32),Esteghlal FC,€800k
Haiti,342878,Yassin Fortuné,/yassin-fortune/profil/spieler/342878,Centre-Forward,30/01/1999 (27),FC Vizela,€300k
Iran,343044,Payam Niazmand,/payam-niazmand/profil/spieler/343044,Goalkeeper,06/04/1995 (31),Persepolis FC,€700k
Iran,229081,Alireza Beiranvand,/alireza-beiranvand/profil/spieler/229081,Goalkeeper,21/09/1992 (33),Tractor FC,€650k
Iran,132561,Seyed Hossein Hosseini,/seyed-hossein-hosseini/profil/spieler/132561,Goalkeeper,30/06/1992 (33),Sepahan FC,€500k
Iran,249400,Hossein Kanaani,/hossein-kanaani/profil/spieler/249400,Centre-Back,23/03/1994 (32),Persepolis FC,€1.60m
Iran,1080301,Danial Eiri,/danial-eiri/profil/spieler/1080301,Centre-Back,26/10/2003 (22),Malavan Bandar Anzali,€1.00m
Iran,527092,Ali Nemati,/ali-nemati/profil/spieler/527092,Centre-Back,07/02/1996 (30),Foolad FC,€550k
Iran,213715,Shoja Khalilzadeh,/shoja-khalilzadeh/profil/spieler/213715,Centre-Back,14/05/1989 (37),Tractor FC,€100k
Iran,333355,Milad Mohammadi,/milad-mohammadi/profil/spieler/333355,Left-Back,29/09/1993 (32),Persepolis FC,€900k
Iran,77547,Ehsan Hajsafi,/ehsan-hajsafi/profil/spieler/77547,Left-Back,25/02/1990 (36),Sepahan FC,€250k
Iran,932724,Arya Yousefi,/arya-yousefi/profil/spieler/932724,Right-Back,22/04/2002 (24),Sepahan FC,€1.50m
Iran,697155,Saleh Hardani,/saleh-hardani/profil/spieler/697155,Right-Back,26/12/1998 (27),Esteghlal FC,€800k
Iran,188312,Ramin Rezaeian,/ramin-rezaeian/profil/spieler/188312,Right-Back,21/03/1990 (36),Foolad FC,€250k
Iran,249271,Saeed Ezatolahi,/saeed-ezatolahi/profil/spieler/249271,Defensive Midfield,01/10/1996 (29),Shabab Al-Ahli Club,€1.80m
Iran,856087,Mohammad Ghorbani,/mohammad-ghorbani/profil/spieler/856087,Defensive Midfield,21/05/2001 (25),Al-Wahda FC,€1.20m
Iran,273879,Roozbeh Cheshmi,/roozbeh-cheshmi/profil/spieler/273879,Defensive Midfield,24/07/1993 (32),Esteghlal FC,€450k
Iran,1051591,Amirmohammad Razzaghinia,/amirmohammad-razzaghinia/profil/spieler/1051591,Central Midfield,11/04/2006 (20),Esteghlal FC,€1.20m
Iran,204294,Saman Ghoddos,/saman-ghoddos/profil/spieler/204294,Attacking Midfield,06/09/1993 (32),Kalba FC,€1.20m
Iran,478192,Mehdi Ghayedi,/mehdi-ghayedi/profil/spieler/478192,Left Winger,05/12/1998 (27),Al-Nasr SC (UAE),€4.50m
Iran,603149,Mohammad Mohebi,/mohammad-mohebi/profil/spieler/603149,Left Winger,20/12/1998 (27),FC Rostov,€2.50m
Iran,283833,Mehdi Torabi,/mehdi-torabi/profil/spieler/283833,Left Winger,10/09/1994 (31),Tractor FC,€1.20m
Iran,213268,Alireza Jahanbakhsh,/alireza-jahanbakhsh/profil/spieler/213268,Right Winger,11/08/1993 (32),FCV Dender EH,€500k
Iran,542380,Amirhossein Hosseinzadeh,/amirhossein-hosseinzadeh/profil/spieler/542380,Centre-Forward,30/10/2000 (25),Tractor FC,€2.20m
Iran,307058,Mehdi Taremi,/mehdi-taremi/profil/spieler/307058,Centre-Forward,18/07/1992 (33),Olympiacos Piraeus,€2.00m
Iran,249303,Dennis Eckert Ayensa,/dennis-eckert-ayensa/profil/spieler/249303,Centre-Forward,09/01/1997 (29),Standard Liège,€2.00m
Iran,249360,Ali Alipour,/ali-alipour/profil/spieler/249360,Centre-Forward,11/11/1995 (30),Persepolis FC,€1.70m
Iran,357125,Shahriar Moghanlou,/shahriar-moghanlou/profil/spieler/357125,Centre-Forward,21/12/1994 (31),Kalba FC,€800k
Iraq,560952,Ahmed Basil Fadhil,/ahmed-basil-fadhil/profil/spieler/560952,Goalkeeper,19/08/1996 (29),Al-Shorta SC,€450k
Iraq,377268,Fahad Talib,/fahad-talib/profil/spieler/377268,Goalkeeper,21/10/1994 (31),Al-Talaba SC,€375k
Iraq,206782,Jalal Hassan,/jalal-hassan/profil/spieler/206782,Goalkeeper,18/05/1991 (35),Al-Zawraa SC,€250k
Iraq,933541,Akam Hashem,/akam-hashem/profil/spieler/933541,Centre-Back,16/08/1998 (27),Al-Zawraa SC,€700k
Iraq,931147,Zaid Tahseen,/zaid-tahseen/profil/spieler/931147,Centre-Back,29/01/2001 (25),Pakhtakor Tashkent,€600k
Iraq,166460,Frans Putros,/frans-putros/profil/spieler/166460,Centre-Back,14/07/1993 (32),PERSIB Bandung,€325k
Iraq,945266,Manaf Younis,/manaf-younis/profil/spieler/945266,Centre-Back,16/11/1996 (29),Al-Shorta SC,€300k
Iraq,217073,Rebin Sulaka,/rebin-sulaka/profil/spieler/217073,Centre-Back,12/04/1992 (34),Port FC,€100k
Iraq,530527,Merchas Doski,/merchas-doski/profil/spieler/530527,Left-Back,07/12/1999 (26),FC Viktoria Plzen,€1.70m
Iraq,881506,Ahmed Maknzi,/ahmed-maknzi/profil/spieler/881506,Left-Back,24/09/2001 (24),Al-Karma,€450k
Iraq,585325,Hussein Ali,/hussein-ali/profil/spieler/585325,Right-Back,01/03/2002 (24),Pogon Szczecin,€400k
Iraq,952341,Mustafa Saadoon,/mustafa-saadoon/profil/spieler/952341,Right-Back,25/05/2001 (25),Al-Shorta SC,€350k
Iraq,303766,Amir Al-Ammari,/amir-al-ammari/profil/spieler/303766,Defensive Midfield,27/07/1997 (28),Cracovia,€1.00m
Iraq,1132850,Zaid Ismail,/zaid-ismail/profil/spieler/1132850,Defensive Midfield,03/01/2002 (24),Al-Talaba SC,€500k
Iraq,579294,Aimar Sher,/aimar-sher/profil/spieler/579294,Central Midfield,20/12/2002 (23),Sarpsborg 08 FF,€1.50m
Iraq,686845,Zidane Iqbal,/zidane-iqbal/profil/spieler/686845,Central Midfield,27/04/2003 (23),FC Utrecht U21,€1.00m
Iraq,413268,Kevin Yakob,/kevin-yakob/profil/spieler/413268,Central Midfield,10/10/2000 (25),Aarhus GF,€850k
Iraq,663153,Marko Farji,/marko-farji/profil/spieler/663153,Left Winger,16/03/2004 (22),Venezia FC,€1.70m
Iraq,684307,Youssef Amyn,/youssef-amyn/profil/spieler/684307,Left Winger,21/08/2003 (22),AEK Larnaca,€550k
Iraq,877672,Ali Jasim,/ali-jasim/profil/spieler/877672,Left Winger,20/01/2004 (22),Al-Najma SC,€500k
Iraq,833817,Ahmed Qasem,/ahmed-qasem/profil/spieler/833817,Right Winger,12/07/2003 (22),Nashville SC,€3.50m
Iraq,560957,Ibrahim Bayesh,/ibrahim-bayesh/profil/spieler/560957,Right Winger,01/05/2000 (26),Al-Dhafra FC,€800k
Iraq,610581,Ali Al-Hamadi,/ali-al-hamadi/profil/spieler/610581,Centre-Forward,01/03/2002 (24),Luton Town,€1.50m
Iraq,589646,Mohanad Ali,/mohanad-ali/profil/spieler/589646,Centre-Forward,20/06/2000 (26),Dibba SCC,€1.20m
Iraq,401054,Aymen Hussein,/aymen-hussein/profil/spieler/401054,Centre-Forward,22/03/1996 (30),Al-Karma,€400k
Iraq,576265,Ali Yousif,/ali-yousif/profil/spieler/576265,Centre-Forward,19/01/1996 (30),Al-Talaba SC,€200k
Ivory Coast,418651,Yahia Fofana,/yahia-fofana/profil/spieler/418651,Goalkeeper,21/08/2000 (25),Caykur Rizespor,€5.00m
Ivory Coast,357117,Alban Lafont,/alban-lafont/profil/spieler/357117,Goalkeeper,23/01/1999 (27),Panathinaikos,€3.00m
Ivory Coast,911985,Mohamed Koné,/mohamed-kone/profil/spieler/911985,Goalkeeper,07/03/2002 (24),Royal Charleroi SC,€2.00m
Ivory Coast,974982,Ousmane Diomande,/ousmane-diomande/profil/spieler/974982,Centre-Back,04/12/2003 (22),Sporting CP,€42.00m
Ivory Coast,371149,Evan Ndicka,/evan-ndicka/profil/spieler/371149,Centre-Back,20/08/1999 (26),AS Roma,€35.00m
Ivory Coast,683895,Emmanuel Agbadou,/emmanuel-agbadou/profil/spieler/683895,Centre-Back,17/06/1997 (29),Besiktas JK,€16.00m
Ivory Coast,644771,Odilon Kossounou,/odilon-kossounou/profil/spieler/644771,Centre-Back,04/01/2001 (25),Atalanta BC,€15.00m
Ivory Coast,469976,Christopher Operi,/christopher-operi/profil/spieler/469976,Left-Back,29/04/1997 (29),Basaksehir FK,€4.00m
Ivory Coast,422850,Ghislain Konan,/ghislain-konan/profil/spieler/422850,Left-Back,27/12/1995 (30),Gil Vicente FC,€3.00m
Ivory Coast,648779,Wilfried Singo,/wilfried-singo/profil/spieler/648779,Right-Back,25/12/2000 (25),Galatasaray,€23.00m
Ivory Coast,711980,Guéla Doué,/guela-doue/profil/spieler/711980,Right-Back,17/10/2002 (23),RC Strasbourg Alsace,€20.00m
Ivory Coast,375885,Ibrahim Sangaré,/ibrahim-sangare/profil/spieler/375885,Defensive Midfield,02/12/1997 (28),Nottingham Forest,€20.00m
Ivory Coast,178614,Jean Michaël Seri,/jean-michael-seri/profil/spieler/178614,Defensive Midfield,19/07/1991 (34),NK Maribor,€100k
Ivory Coast,1279526,Christ Inao Oulaï,/christ-inao-oulai/profil/spieler/1279526,Central Midfield,06/04/2006 (20),Trabzonspor,€23.00m
Ivory Coast,294808,Franck Kessié,/franck-kessie/profil/spieler/294808,Central Midfield,19/12/1996 (29),Al-Ahli SFC,€12.00m
Ivory Coast,182893,Seko Fofana,/seko-fofana/profil/spieler/182893,Central Midfield,07/05/1995 (31),FC Porto,€8.00m
Ivory Coast,1390649,Yan Diomande,/yan-diomande/profil/spieler/1390649,Left Winger,14/11/2006 (19),RB Leipzig,€90.00m
Ivory Coast,1067904,Bazoumana Touré,/bazoumana-toure/profil/spieler/1067904,Left Winger,02/03/2006 (20),TSG 1899 Hoffenheim,€40.00m
Ivory Coast,658536,Simon Adingra,/simon-adingra/profil/spieler/658536,Left Winger,01/01/2002 (24),AS Monaco,€22.00m
Ivory Coast,624913,Parfait Guiagon,/parfait-guiagon/profil/spieler/624913,Left Winger,22/02/2001 (25),Royal Charleroi SC,€5.00m
Ivory Coast,536835,Amad Diallo,/amad-diallo/profil/spieler/536835,Right Winger,11/07/2002 (23),Manchester United,€45.00m
Ivory Coast,500689,Evann Guessand,/evann-guessand/profil/spieler/500689,Right Winger,01/07/2001 (24),Crystal Palace,€25.00m
Ivory Coast,343052,Nicolas Pépé,/nicolas-pepe/profil/spieler/343052,Right Winger,29/05/1995 (31),Villarreal CF,€6.00m
Ivory Coast,827734,Ange-Yoan Bonny,/ange-yoan-bonny/profil/spieler/827734,Centre-Forward,25/10/2003 (22),Inter Milan,€35.00m
Ivory Coast,659542,Elye Wahi,/elye-wahi/profil/spieler/659542,Centre-Forward,02/01/2003 (23),OGC Nice,€18.00m
Ivory Coast,847279,Oumar Diakité,/oumar-diakite/profil/spieler/847279,Centre-Forward,20/12/2003 (22),Cercle Brugge ,€5.00m
Japan,432298,Zion Suzuki,/zion-suzuki/profil/spieler/432298,Goalkeeper,21/08/2002 (23),Parma Calcio 1913,€20.00m
Japan,415521,Keisuke Osako,/keisuke-osako/profil/spieler/415521,Goalkeeper,28/07/1999 (26),Sanfrecce Hiroshima,€2.00m
Japan,683271,Tomoki Hayakawa,/tomoki-hayakawa/profil/spieler/683271,Goalkeeper,03/03/1999 (27),Kashima Antlers,€2.00m
Japan,353892,Hiroki Ito,/hiroki-ito/profil/spieler/353892,Centre-Back,12/05/1999 (27),Bayern Munich,€18.00m
Japan,598791,Tsuyoshi Watanabe,/tsuyoshi-watanabe/profil/spieler/598791,Centre-Back,05/02/1997 (29),Feyenoord Rotterdam,€10.00m
Japan,355816,Ko Itakura,/ko-itakura/profil/spieler/355816,Centre-Back,27/01/1997 (29),Ajax Amsterdam,€8.00m
Japan,405389,Ayumu Seko,/ayumu-seko/profil/spieler/405389,Centre-Back,07/06/2000 (26),Le Havre AC,€5.00m
Japan,331560,Takehiro Tomiyasu,/takehiro-tomiyasu/profil/spieler/331560,Centre-Back,05/11/1998 (27),Ajax Amsterdam,€5.00m
Japan,848856,Junnosuke Suzuki,/junnosuke-suzuki/profil/spieler/848856,Centre-Back,12/07/2003 (22),FC Copenhagen,€3.50m
Japan,307870,Shogo Taniguchi,/shogo-taniguchi/profil/spieler/307870,Centre-Back,15/07/1991 (34),Sint-Truidense VV,€750k
Japan,79522,Yuto Nagatomo,/yuto-nagatomo/profil/spieler/79522,Left-Back,12/09/1986 (39),FC Tokyo,€100k
Japan,405385,Yukinari Sugawara,/yukinari-sugawara/profil/spieler/405385,Right-Back,28/06/2000 (26),SV Werder Bremen,€5.50m
Japan,643574,Kaishu Sano,/kaishu-sano/profil/spieler/643574,Defensive Midfield,30/12/2000 (25),1.FSV Mainz 05,€40.00m
Japan,489359,Ao Tanaka,/ao-tanaka/profil/spieler/489359,Central Midfield,10/09/1998 (27),Leeds United,€13.00m
Japan,356141,Daichi Kamada,/daichi-kamada/profil/spieler/356141,Attacking Midfield,05/08/1996 (29),Crystal Palace,€10.00m
Japan,420931,Daizen Maeda,/daizen-maeda/profil/spieler/420931,Left Winger,20/10/1997 (28),Celtic FC,€13.00m
Japan,405397,Keito Nakamura,/keito-nakamura/profil/spieler/405397,Left Winger,28/07/2000 (25),Stade Reims,€10.00m
Japan,405398,Takefusa Kubo,/takefusa-kubo/profil/spieler/405398,Right Winger,04/06/2001 (25),Real Sociedad,€20.00m
Japan,358504,Ritsu Doan,/ritsu-doan/profil/spieler/358504,Right Winger,16/06/1998 (28),Eintracht Frankfurt,€17.00m
Japan,348791,Junya Ito,/junya-ito/profil/spieler/348791,Right Winger,09/03/1993 (33),KRC Genk,€3.00m
Japan,668606,Yuito Suzuki,/yuito-suzuki/profil/spieler/668606,Second Striker,25/10/2001 (24),SC Freiburg,€24.00m
Japan,589128,Ayase Ueda,/ayase-ueda/profil/spieler/589128,Centre-Forward,28/08/1998 (27),Feyenoord Rotterdam,€17.00m
Japan,916623,Keisuke Goto,/keisuke-goto/profil/spieler/916623,Centre-Forward,03/06/2005 (21),Sint-Truidense VV,€10.00m
Japan,1144627,Kento Shiogai,/kento-shiogai/profil/spieler/1144627,Centre-Forward,26/03/2005 (21),VfL Wolfsburg,€8.00m
Japan,550580,Shuto Machino,/shuto-machino/profil/spieler/550580,Centre-Forward,30/09/1999 (26),Borussia Mönchengladbach,€4.00m
Japan,351567,Koki Ogawa,/koki-ogawa/profil/spieler/351567,Centre-Forward,08/08/1997 (28),NEC Nijmegen,€2.00m
Jordan,261850,Yazeed Abulaila,/yazeed-abulaila/profil/spieler/261850,Goalkeeper,08/01/1993 (33),Al-Hussein SC (Irbid),€300k
Jordan,261837,Noor Bane Ataya,/noor-bane-ataya/profil/spieler/261837,Goalkeeper,25/01/1993 (33),Al-Faisaly SC,€250k
Jordan,658805,Abdallah Al-Fakhouri,/abdallah-al-fakhouri/profil/spieler/658805,Goalkeeper,22/01/2000 (26),Al-Wehdat SC,€250k
Jordan,539961,Yazan Al-Arab,/yazan-al-arab/profil/spieler/539961,Centre-Back,31/01/1996 (30),FC Seoul,€1.00m
Jordan,561481,Saed Al-Rousan,/saed-al-rousan/profil/spieler/561481,Centre-Back,01/02/1997 (29),Al-Hussein SC (Irbid),€450k
Jordan,882197,Abdallah Nasib,/abdallah-nasib/profil/spieler/882197,Centre-Back,25/02/1994 (32),Al-Zawraa SC,€400k
Jordan,895291,Husam Abu Dahab,/husam-abu-dahab/profil/spieler/895291,Centre-Back,13/05/2000 (26),Al-Faisaly SC,€350k
Jordan,658052,Mohammad Abualnadi,/mohammad-abualnadi/profil/spieler/658052,Centre-Back,08/02/2001 (25),Selangor FC,€350k
Jordan,658807,Saleem Obaid,/saleem-obaid/profil/spieler/658807,Centre-Back,17/01/1992 (34),Al-Hussein SC (Irbid),€100k
Jordan,883111,Mohannad Abu Taha,/mohannad-abu-taha/profil/spieler/883111,Left-Back,02/02/2003 (23),Al-Quwa Al-Jawiya,€550k
Jordan,895249,Mohammad Abu Hasheesh,/mohammad-abu-hasheesh/profil/spieler/895249,Left-Back,09/05/1995 (31),Al-Karma,€400k
Jordan,1252806,Mohammad Abu Ghoush,/mohammad-abu-ghoush/profil/spieler/1252806,Left-Back,13/07/2005 (20),Al-Hussein SC (Irbid),€300k
Jordan,310943,Ehsan Haddad,/ehsan-haddad/profil/spieler/310943,Right-Back,05/02/1994 (32),Al-Hussein SC (Irbid),€300k
Jordan,1378902,Anas Badawi,/anas-badawi/profil/spieler/1378902,Right-Back,13/09/1997 (28),Al-Faisaly SC,€200k
Jordan,734751,Nizar Al-Rashdan,/nizar-al-rashdan/profil/spieler/734751,Defensive Midfield,23/03/1999 (27),Qatar SC,€600k
Jordan,744040,Amer Jamous,/amer-jamous/profil/spieler/744040,Central Midfield,03/07/2002 (23),Al-Zawraa SC,€500k
Jordan,561485,Noor Al-Rawabdeh,/noor-al-rawabdeh/profil/spieler/561485,Central Midfield,24/02/1997 (29),Selangor FC,€500k
Jordan,709974,Ibrahim Saadeh,/ibrahim-saadeh/profil/spieler/709974,Central Midfield,27/04/2000 (26),Al-Karma,€500k
Jordan,261842,Rajaei Ayed,/rajaei-ayed/profil/spieler/261842,Central Midfield,25/07/1993 (32),Al-Hussein SC (Irbid),€325k
Jordan,310801,Mohammad Al-Dawoud,/mohammad-al-dawoud/profil/spieler/310801,Central Midfield,04/12/1992 (33),Al-Wehdat SC,€150k
Jordan,1252820,Odeh Fakhoury,/odeh-fakhoury/profil/spieler/1252820,Left Winger,20/11/2005 (20),Pyramids FC,€350k
Jordan,401086,Mahmoud Al-Mardi,/mahmoud-al-mardi/profil/spieler/401086,Left Winger,06/10/1993 (32),Al-Hussein SC (Irbid),€350k
Jordan,551505,Mousa Tamari,/mousa-tamari/profil/spieler/551505,Right Winger,10/06/1997 (29),Stade Rennais FC,€10.00m
Jordan,677986,Mohammad Abu Zrayq,/mohammad-abu-zrayq/profil/spieler/677986,Right Winger,30/12/1997 (28),Raja Club Athletic,€700k
Jordan,1059056,Ali Azaizeh,/ali-azaizeh/profil/spieler/1059056,Right Winger,13/04/2004 (22),Al-Shabab FC,€325k
Jordan,664057,Ali Olwan,/ali-olwan/profil/spieler/664057,Centre-Forward,26/03/2000 (26),Al-Sailiya SC,€800k
Mexico,802855,Raúl Rangel,/raul-rangel/profil/spieler/802855,Goalkeeper,25/02/2000 (26),Deportivo Guadalajara,€6.50m
Mexico,356042,Carlos Acevedo,/carlos-acevedo/profil/spieler/356042,Goalkeeper,19/04/1996 (30),Santos Laguna,€2.80m
Mexico,29559,Guillermo Ochoa,/guillermo-ochoa/profil/spieler/29559,Goalkeeper,13/07/1985 (40),AEL Limassol,€250k
Mexico,532937,Johan Vásquez,/johan-vasquez/profil/spieler/532937,Centre-Back,22/10/1998 (27),Genoa CFC,€12.00m
Mexico,387687,César Montes,/cesar-montes/profil/spieler/387687,Centre-Back,24/02/1997 (29),Lokomotiv Moscow,€7.50m
Mexico,532938,Luis Romo,/luis-romo/profil/spieler/532938,Centre-Back,05/06/1995 (31),Deportivo Guadalajara,€3.00m
Mexico,1066953,Mateo Chávez,/mateo-chavez/profil/spieler/1066953,Left-Back,12/05/2004 (22),AZ Alkmaar,€4.00m
Mexico,344854,Jesús Gallardo,/jesus-gallardo/profil/spieler/344854,Left-Back,15/08/1994 (31),Deportivo Toluca,€2.80m
Mexico,687558,Israel Reyes,/israel-reyes/profil/spieler/687558,Right-Back,23/05/2000 (26),CF América,€6.50m
Mexico,356044,Jorge Sánchez,/jorge-sanchez/profil/spieler/356044,Right-Back,10/12/1997 (28),PAOK Thessaloniki,€2.00m
Mexico,401356,Edson Álvarez,/edson-alvarez/profil/spieler/401356,Defensive Midfield,24/10/1997 (28),Fenerbahce,€15.00m
Mexico,602324,Érik Lira,/erik-lira/profil/spieler/602324,Defensive Midfield,08/05/2000 (26),CD Cruz Azul,€12.00m
Mexico,331059,Luis Chávez,/luis-chavez/profil/spieler/331059,Defensive Midfield,15/01/1996 (30),Dynamo Moscow,€6.00m
Mexico,889435,Obed Vargas,/obed-vargas/profil/spieler/889435,Central Midfield,05/08/2005 (20),Atlético de Madrid,€10.00m
Mexico,334042,Orbelín Pineda,/orbelin-pineda/profil/spieler/334042,Central Midfield,24/03/1996 (30),AEK Athens,€7.00m
Mexico,261503,Álvaro Fidalgo,/alvaro-fidalgo/profil/spieler/261503,Central Midfield,09/04/1997 (29),Real Betis Balompié,€6.00m
Mexico,1155723,Gilberto Mora,/gilberto-mora/profil/spieler/1155723,Attacking Midfield,14/10/2008 (17),Club Tijuana,€10.00m
Mexico,724443,Brian Gutiérrez,/brian-gutierrez/profil/spieler/724443,Attacking Midfield,17/06/2003 (23),Deportivo Guadalajara,€8.00m
Mexico,424689,Alexis Vega,/alexis-vega/profil/spieler/424689,Left Winger,25/11/1997 (28),Deportivo Toluca,€8.00m
Mexico,540315,César Huerta,/cesar-huerta/profil/spieler/540315,Left Winger,03/12/2000 (25),RSC Anderlecht,€3.50m
Mexico,353583,Roberto Alvarado,/roberto-alvarado/profil/spieler/353583,Right Winger,07/09/1998 (27),Deportivo Guadalajara,€7.50m
Mexico,552955,Santiago Gimenez,/santiago-gimenez/profil/spieler/552955,Centre-Forward,18/04/2001 (25),AC Milan,€18.00m
Mexico,837619,Armando González,/armando-gonzalez/profil/spieler/837619,Centre-Forward,20/04/2003 (23),Deportivo Guadalajara,€15.00m
Mexico,416090,Julián Quiñones,/julian-quinones/profil/spieler/416090,Centre-Forward,24/03/1997 (29),Al-Qadsiah FC,€14.00m
Mexico,206040,Raúl Jiménez,/raul-jimenez/profil/spieler/206040,Centre-Forward,05/05/1991 (35),Fulham FC,€3.00m
Mexico,347932,Guillermo Martínez,/guillermo-martinez/profil/spieler/347932,Centre-Forward,15/03/1995 (31),UNAM Pumas,€1.50m
Morocco,207834,Yassine Bounou,/yassine-bounou/profil/spieler/207834,Goalkeeper,05/04/1991 (35),Al-Hilal SFC,€3.00m
Morocco,238997,Ahmed Reda Tagnaouti,/ahmed-reda-tagnaouti/profil/spieler/238997,Goalkeeper,05/04/1996 (30),AS FAR Rabat,€1.00m
Morocco,97925,Munir El Kajoui,/munir-el-kajoui/profil/spieler/97925,Goalkeeper,10/05/1989 (37),Renaissance de Berkane,€600k
Morocco,689637,Chadi Riad,/chadi-riad/profil/spieler/689637,Centre-Back,17/06/2003 (23),Crystal Palace,€15.00m
Morocco,272622,Issa Diop,/issa-diop/profil/spieler/272622,Centre-Back,09/01/1997 (29),Fulham FC,€8.00m
Morocco,913660,Redouane Halhal,/redouane-halhal/profil/spieler/913660,Centre-Back,05/03/2003 (23),KV Mechelen,€5.00m
Morocco,210009,Marwane Saadane,/marwane-saadane/profil/spieler/210009,Centre-Back,17/01/1992 (34),Al-Fateh SC,€400k
Morocco,485584,Anass Salah-Eddine,/anass-salah-eddine/profil/spieler/485584,Left-Back,18/01/2002 (24),PSV Eindhoven,€12.00m
Morocco,518804,Youssef Belammari,/youssef-belammari/profil/spieler/518804,Left-Back,20/09/1998 (27),Al Ahly FC,€1.20m
Morocco,398073,Achraf Hakimi,/achraf-hakimi/profil/spieler/398073,Right-Back,04/11/1998 (27),Paris Saint-Germain,€80.00m
Morocco,340456,Noussair Mazraoui,/noussair-mazraoui/profil/spieler/340456,Right-Back,14/11/1997 (28),Manchester United,€18.00m
Morocco,820474,Zakaria El Ouahdi,/zakaria-el-ouahdi/profil/spieler/820474,Right-Back,31/12/2001 (24),KRC Genk,€17.00m
Morocco,287579,Sofyan Amrabat,/sofyan-amrabat/profil/spieler/287579,Defensive Midfield,21/08/1996 (29),Real Betis Balompié,€10.00m
Morocco,1097139,Ayyoub Bouaddi,/ayyoub-bouaddi/profil/spieler/1097139,Central Midfield,02/10/2007 (18),LOSC Lille,€50.00m
Morocco,901019,Neil El Aynaoui,/neil-el-aynaoui/profil/spieler/901019,Central Midfield,02/07/2001 (24),AS Roma,€23.00m
Morocco,1130514,Samir El Mourabet,/samir-el-mourabet/profil/spieler/1130514,Central Midfield,06/10/2005 (20),RC Strasbourg Alsace,€22.00m
Morocco,593482,Azzedine Ounahi,/azzedine-ounahi/profil/spieler/593482,Central Midfield,19/04/2000 (26),Girona FC,€10.00m
Morocco,702869,Ismael Saibari,/ismael-saibari/profil/spieler/702869,Attacking Midfield,28/01/2001 (25),PSV Eindhoven,€40.00m
Morocco,654982,Bilal El Khannouss,/bilal-el-khannouss/profil/spieler/654982,Attacking Midfield,10/05/2004 (22),VfB Stuttgart,€35.00m
Morocco,851220,Amine Sbaï,/amine-sbai/profil/spieler/851220,Left Winger,05/11/2000 (25),Angers SCO,€4.00m
Morocco,314678,Brahim Díaz,/brahim-diaz/profil/spieler/314678,Right Winger,03/08/1999 (26),Real Madrid,€35.00m
Morocco,743384,Chemsdine Talbi,/chemsdine-talbi/profil/spieler/743384,Right Winger,09/05/2005 (21),Sunderland AFC,€25.00m
Morocco,1151929,Gessime Yassine,/gessime-yassine/profil/spieler/1151929,Right Winger,22/11/2005 (20),RC Strasbourg Alsace,€12.00m
Morocco,799993,Ayoube Amaimouni-Echghouyab,/ayoube-amaimouni-echghouyab/profil/spieler/799993,Right Winger,30/11/2004 (21),Eintracht Frankfurt,€10.00m
Morocco,598506,Soufiane Rahimi,/soufiane-rahimi/profil/spieler/598506,Centre-Forward,02/06/1996 (30),Al-Ain FC,€6.00m
Morocco,521127,Ayoub El Kaabi,/ayoub-el-kaabi/profil/spieler/521127,Centre-Forward,25/06/1993 (33),Olympiacos Piraeus,€4.50m
Netherlands,565093,Bart Verbruggen,/bart-verbruggen/profil/spieler/565093,Goalkeeper,18/08/2002 (23),Brighton & Hove Albion,€40.00m
Netherlands,646991,Robin Roefs,/robin-roefs/profil/spieler/646991,Goalkeeper,17/01/2003 (23),Sunderland AFC,€28.00m
Netherlands,125714,Mark Flekken,/mark-flekken/profil/spieler/125714,Goalkeeper,13/06/1993 (33),Bayer 04 Leverkusen,€6.00m
Netherlands,557459,Micky van de Ven,/micky-van-de-ven/profil/spieler/557459,Centre-Back,19/04/2001 (25),Tottenham Hotspur,€50.00m
Netherlands,576314,Jan Paul van Hecke,/jan-paul-van-hecke/profil/spieler/576314,Centre-Back,08/06/2000 (26),Brighton & Hove Albion,€45.00m
Netherlands,139208,Virgil van Dijk,/virgil-van-dijk/profil/spieler/139208,Centre-Back,08/07/1991 (34),Liverpool FC,€15.00m
Netherlands,177476,Nathan Aké,/nathan-ake/profil/spieler/177476,Centre-Back,18/02/1995 (31),Manchester City,€12.00m
Netherlands,904802,Jorrel Hato,/jorrel-hato/profil/spieler/904802,Left-Back,07/03/2006 (20),Chelsea FC,€40.00m
Netherlands,415381,Mats Wieffer,/mats-wieffer/profil/spieler/415381,Right-Back,16/11/1999 (26),Brighton & Hove Albion,€25.00m
Netherlands,321528,Denzel Dumfries,/denzel-dumfries/profil/spieler/321528,Right-Back,18/04/1996 (30),Inter Milan,€25.00m
Netherlands,420210,Lutsharel Geertruida,/lutsharel-geertruida/profil/spieler/420210,Right-Back,18/07/2000 (25),Sunderland AFC,€20.00m
Netherlands,478573,Ryan Gravenberch,/ryan-gravenberch/profil/spieler/478573,Defensive Midfield,16/05/2002 (24),Liverpool FC,€80.00m
Netherlands,360518,Teun Koopmeiners,/teun-koopmeiners/profil/spieler/360518,Defensive Midfield,28/02/1998 (28),Juventus FC,€14.00m
Netherlands,133179,Marten de Roon,/marten-de-roon/profil/spieler/133179,Defensive Midfield,29/03/1991 (35),Atalanta BC,€3.20m
Netherlands,460939,Tijjani Reijnders,/tijjani-reijnders/profil/spieler/460939,Central Midfield,29/07/1998 (27),Manchester City,€50.00m
Netherlands,326330,Frenkie de Jong,/frenkie-de-jong/profil/spieler/326330,Central Midfield,12/05/1997 (29),FC Barcelona,€35.00m
Netherlands,420213,Quinten Timber,/quinten-timber/profil/spieler/420213,Central Midfield,17/06/2001 (25),Olympique Marseille,€25.00m
Netherlands,330659,Justin Kluivert,/justin-kluivert/profil/spieler/330659,Attacking Midfield,05/05/1999 (27),AFC Bournemouth,€25.00m
Netherlands,372267,Guus Til,/guus-til/profil/spieler/372267,Attacking Midfield,22/12/1997 (28),PSV Eindhoven,€15.00m
Netherlands,434675,Cody Gakpo,/cody-gakpo/profil/spieler/434675,Left Winger,07/05/1999 (27),Liverpool FC,€60.00m
Netherlands,474701,Crysencio Summerville,/crysencio-summerville/profil/spieler/474701,Left Winger,30/10/2001 (24),West Ham United,€35.00m
Netherlands,339332,Noa Lang,/noa-lang/profil/spieler/339332,Left Winger,17/06/1999 (27),Galatasaray,€22.00m
Netherlands,326029,Donyell Malen,/donyell-malen/profil/spieler/326029,Centre-Forward,19/01/1999 (27),AS Roma,€45.00m
Netherlands,473169,Brian Brobbey,/brian-brobbey/profil/spieler/473169,Centre-Forward,01/02/2002 (24),Sunderland AFC,€30.00m
Netherlands,167850,Memphis Depay,/memphis-depay/profil/spieler/167850,Centre-Forward,13/02/1994 (32),Sport Club Corinthians Paulista,€7.00m
Netherlands,228645,Wout Weghorst,/wout-weghorst/profil/spieler/228645,Centre-Forward,07/08/1992 (33),Ajax Amsterdam,€2.00m
New Zealand,207843,Max Crocombe,/max-crocombe/profil/spieler/207843,Goalkeeper,12/08/1993 (32),Millwall FC,€1.00m
New Zealand,617009,Alex Paulsen,/alex-paulsen/profil/spieler/617009,Goalkeeper,04/07/2002 (23),Lechia Gdansk,€500k
New Zealand,350347,Michael Woud,/michael-woud/profil/spieler/350347,Goalkeeper,16/01/1999 (27),Auckland FC,€400k
New Zealand,1007720,Tyler Bindon,/tyler-bindon/profil/spieler/1007720,Centre-Back,27/01/2005 (21),Sheffield United,€3.50m
New Zealand,724809,Finn Surman,/finn-surman/profil/spieler/724809,Centre-Back,23/09/2003 (22),Portland Timbers,€1.80m
New Zealand,455425,Nando Pijnaker,/nando-pijnaker/profil/spieler/455425,Centre-Back,25/02/1999 (27),Auckland FC,€400k
New Zealand,81723,Michael Boxall,/michael-boxall/profil/spieler/81723,Centre-Back,18/08/1988 (37),Minnesota United FC,€150k
New Zealand,54381,Tommy Smith,/tommy-smith/profil/spieler/54381,Centre-Back,31/03/1990 (36),Braintree Town,€50k
New Zealand,469211,Liberato Cacace,/liberato-cacace/profil/spieler/469211,Left-Back,27/09/2000 (25),Wrexham AFC,€2.50m
New Zealand,617021,Ben Old,/ben-old/profil/spieler/617021,Left-Back,13/08/2002 (23),AS Saint-Étienne,€1.80m
New Zealand,207061,Francis de Vries,/francis-de-vries/profil/spieler/207061,Left-Back,28/11/1994 (31),Auckland FC,€600k
New Zealand,482204,Callan Elliot,/callan-elliot/profil/spieler/482204,Right-Back,07/07/1999 (26),Auckland FC,€450k
New Zealand,149901,Tim Payne,/tim-payne/profil/spieler/149901,Right-Back,10/01/1994 (32),Wellington Phoenix,€350k
New Zealand,345700,Joe Bell,/joe-bell/profil/spieler/345700,Defensive Midfield,27/04/1999 (27),Viking FK,€3.50m
New Zealand,203357,Ryan Thomas,/ryan-thomas/profil/spieler/203357,Defensive Midfield,20/12/1994 (31),PEC Zwolle,€650k
New Zealand,256019,Alex Rufer,/alex-rufer/profil/spieler/256019,Defensive Midfield,12/06/1996 (30),Wellington Phoenix,€600k
New Zealand,617018,Marko Stamenić,/marko-stamenic/profil/spieler/617018,Central Midfield,19/02/2002 (24),Swansea City,€3.00m
New Zealand,1109358,Lachlan Bayliss,/lachlan-bayliss/profil/spieler/1109358,Central Midfield,24/07/2002 (23),Newcastle United Jets,€550k
New Zealand,400797,Callum McCowatt,/callum-mccowatt/profil/spieler/400797,Attacking Midfield,30/04/1999 (27),Silkeborg IF,€2.50m
New Zealand,350357,Sarpreet Singh,/sarpreet-singh/profil/spieler/350357,Attacking Midfield,20/02/1999 (27),Wellington Phoenix,€500k
New Zealand,677509,Jesse Randall,/jesse-randall/profil/spieler/677509,Left Winger,19/08/2002 (23),Auckland FC,€900k
New Zealand,485672,Elijah Just,/elijah-just/profil/spieler/485672,Right Winger,01/05/2000 (26),Motherwell FC,€2.50m
New Zealand,312317,Logan Rogerson,/logan-rogerson/profil/spieler/312317,Right Winger,28/05/1998 (28),Auckland FC,€400k
New Zealand,108725,Chris Wood,/chris-wood/profil/spieler/108725,Centre-Forward,07/12/1991 (34),Nottingham Forest,€5.00m
New Zealand,539502,Ben Waine,/ben-waine/profil/spieler/539502,Centre-Forward,11/06/2001 (25),Port Vale FC,€400k
New Zealand,50200,Kosta Barbarouses,/kosta-barbarouses/profil/spieler/50200,Centre-Forward,19/02/1990 (36),Western Sydney Wanderers,€300k
Norway,549378,Sander Tangvik,/sander-tangvik/profil/spieler/549378,Goalkeeper,29/11/2002 (23),Hamburger SV,€3.00m
Norway,380744,Egil Selvik,/egil-selvik/profil/spieler/380744,Goalkeeper,30/07/1997 (28),Watford FC,€1.50m
Norway,73517,Ørjan Nyland,/orjan-nyland/profil/spieler/73517,Goalkeeper,10/09/1990 (35),Sevilla FC,€800k
Norway,328658,Kristoffer Ajer,/kristoffer-ajer/profil/spieler/328658,Centre-Back,17/04/1998 (28),Brentford FC,€18.00m
Norway,367284,Leo Østigård,/leo-ostigard/profil/spieler/367284,Centre-Back,28/11/1999 (26),Genoa CFC,€13.00m
Norway,464469,Torbjørn Heggem,/torbjorn-heggem/profil/spieler/464469,Centre-Back,12/01/1999 (27),Bologna FC 1909,€13.00m
Norway,743088,Henrik Falchener,/henrik-falchener/profil/spieler/743088,Centre-Back,08/05/2003 (23),Viking FK,€6.00m
Norway,737837,Sondre Langås,/sondre-langas/profil/spieler/737837,Centre-Back,02/02/2001 (25),Derby County,€4.00m
Norway,661427,David Møller Wolfe,/david-moller-wolfe/profil/spieler/661427,Left-Back,23/04/2002 (24),Wolverhampton Wanderers,€8.00m
Norway,364938,Fredrik Bjørkan,/fredrik-bjorkan/profil/spieler/364938,Left-Back,21/08/1998 (27),FK Bodø/Glimt,€3.50m
Norway,370789,Julian Ryerson,/julian-ryerson/profil/spieler/370789,Right-Back,17/11/1997 (28),Borussia Dortmund,€25.00m
Norway,583404,Marcus Pedersen,/marcus-pedersen/profil/spieler/583404,Right-Back,16/07/2000 (25),Torino FC,€3.50m
Norway,333014,Sander Berge,/sander-berge/profil/spieler/333014,Defensive Midfield,14/02/1998 (28),Fulham FC,€25.00m
Norway,308439,Patrick Berg,/patrick-berg/profil/spieler/308439,Defensive Midfield,24/11/1997 (28),FK Bodø/Glimt,€8.00m
Norway,223367,Fredrik Aursnes,/fredrik-aursnes/profil/spieler/223367,Central Midfield,10/12/1995 (30),SL Benfica,€15.00m
Norway,564785,Kristian Thorstvedt,/kristian-thorstvedt/profil/spieler/564785,Central Midfield,13/03/1999 (27),US Sassuolo,€12.00m
Norway,226524,Morten Thorsby,/morten-thorsby/profil/spieler/226524,Central Midfield,05/05/1996 (30),US Cremonese,€2.80m
Norway,316264,Martin Ødegaard,/martin-odegaard/profil/spieler/316264,Attacking Midfield,17/12/1998 (27),Arsenal FC,€65.00m
Norway,647384,Thelo Aasgaard,/thelo-aasgaard/profil/spieler/647384,Attacking Midfield,02/05/2002 (24),Rangers FC,€2.80m
Norway,894914,Antonio Nusa,/antonio-nusa/profil/spieler/894914,Left Winger,17/04/2005 (21),RB Leipzig,€32.00m
Norway,670103,Andreas Schjelderup,/andreas-schjelderup/profil/spieler/670103,Left Winger,01/06/2004 (22),SL Benfica,€30.00m
Norway,422355,Jens Petter Hauge,/jens-petter-hauge/profil/spieler/422355,Left Winger,12/10/1999 (26),FK Bodø/Glimt,€12.00m
Norway,661207,Oscar Bobb,/oscar-bobb/profil/spieler/661207,Right Winger,12/07/2003 (22),Fulham FC,€28.00m
Norway,418560,Erling Haaland,/erling-haaland/profil/spieler/418560,Centre-Forward,21/07/2000 (25),Manchester City,€200.00m
Norway,429983,Jørgen Strand Larsen,/jorgen-strand-larsen/profil/spieler/429983,Centre-Forward,06/02/2000 (26),Crystal Palace,€40.00m
Norway,238407,Alexander Sørloth,/alexander-sorloth/profil/spieler/238407,Centre-Forward,05/12/1995 (30),Atlético de Madrid,€18.00m
Panama,402979,Orlando Mosquera,/orlando-mosquera/profil/spieler/402979,Goalkeeper,25/12/1994 (31),Al-Fayha FC,€700k
Panama,865550,César Samudio,/cesar-samudio/profil/spieler/865550,Goalkeeper,23/02/1994 (32),CD Marathón,€250k
Panama,76715,Luis Mejía,/luis-mejia/profil/spieler/76715,Goalkeeper,16/03/1991 (35),Club Nacional,€150k
Panama,698415,José Córdoba,/jose-cordoba/profil/spieler/698415,Centre-Back,03/06/2001 (25),Norwich City,€5.00m
Panama,403808,Andrés Andrade,/andres-andrade/profil/spieler/403808,Centre-Back,16/10/1998 (27),LASK,€2.50m
Panama,923177,Edgardo Fariña,/edgardo-farina/profil/spieler/923177,Centre-Back,19/10/2001 (24),FC Pari Nizhniy Novgorod,€900k
Panama,403809,Jiovany Ramos,/jiovany-ramos/profil/spieler/403809,Centre-Back,26/01/1997 (29),Academia Puerto Cabello,€450k
Panama,345716,Fidel Escobar,/fidel-escobar/profil/spieler/345716,Centre-Back,09/01/1995 (31),Deportivo Saprissa,€350k
Panama,157154,Roderick Miller,/roderick-miller/profil/spieler/157154,Centre-Back,03/04/1992 (34),Turan-Tovuz IK,€175k
Panama,443379,Jorge Gutiérrez,/jorge-gutierrez/profil/spieler/443379,Left-Back,01/09/1998 (27),Deportivo La Guaira,€800k
Panama,121791,Éric Davis,/eric-davis/profil/spieler/121791,Left-Back,31/03/1991 (35),CD Plaza Amador,€50k
Panama,354482,Amir Murillo,/amir-murillo/profil/spieler/354482,Right-Back,11/02/1996 (30),Besiktas JK,€7.00m
Panama,440383,César Blackman,/cesar-blackman/profil/spieler/440383,Right-Back,02/04/1998 (28),Slovan Bratislava,€2.50m
Panama,419247,Cristian Martínez,/cristian-martinez/profil/spieler/419247,Defensive Midfield,06/02/1997 (29),Ironi Kiryat Shmona,€800k
Panama,628806,Carlos Harvey,/carlos-harvey/profil/spieler/628806,Defensive Midfield,03/02/2000 (26),Minnesota United FC,€600k
Panama,161671,Aníbal Godoy,/anibal-godoy/profil/spieler/161671,Defensive Midfield,10/02/1990 (36),San Diego FC,€100k
Panama,375300,Adalberto Carrasquilla,/adalberto-carrasquilla/profil/spieler/375300,Central Midfield,28/11/1998 (27),UNAM Pumas,€4.00m
Panama,425028,José Luis Rodríguez,/jose-luis-rodriguez/profil/spieler/425028,Left Winger,19/06/1998 (28),FC Juárez,€2.50m
Panama,243298,Ismael Díaz,/ismael-diaz/profil/spieler/243298,Left Winger,12/05/1997 (29),Club León FC,€1.80m
Panama,283473,Yoel Bárcenas,/yoel-barcenas/profil/spieler/283473,Right Winger,23/10/1993 (32),Mazatlán FC,€650k
Panama,741098,César Yanis,/cesar-yanis/profil/spieler/741098,Right Winger,28/01/1996 (30),CD Cobresal,€400k
Panama,126019,Alberto Quintero,/alberto-quintero/profil/spieler/126019,Right Winger,18/12/1987 (38),CD Plaza Amador,€75k
Panama,569205,Tomás Rodríguez,/tomas-rodriguez/profil/spieler/569205,Centre-Forward,09/03/1999 (27),Deportivo Saprissa,€1.00m
Panama,860998,Azarías Londoño,/azarias-londono/profil/spieler/860998,Centre-Forward,21/06/2001 (25),CD Universidad Católica,€1.00m
Panama,546803,José Fajardo,/jose-fajardo/profil/spieler/546803,Centre-Forward,18/08/1993 (32),CD Universidad Católica,€550k
Panama,177064,Cecilio Waterman,/cecilio-waterman/profil/spieler/177064,Centre-Forward,13/04/1991 (35),Universidad de Concepción,€250k
Paraguay,643259,Orlando Gill,/orlando-gill/profil/spieler/643259,Goalkeeper,11/06/2000 (26),CA San Lorenzo de Almagro,€6.00m
Paraguay,301722,Gastón Olveira,/gaston-olveira/profil/spieler/301722,Goalkeeper,21/04/1993 (33),Club Olimpia,€500k
Paraguay,107318,Roberto Fernández,/roberto-fernandez/profil/spieler/107318,Goalkeeper,29/03/1988 (38),Club Cerro Porteño,€100k
Paraguay,353032,Omar Alderete,/omar-alderete/profil/spieler/353032,Centre-Back,26/12/1996 (29),Sunderland AFC,€13.00m
Paraguay,215390,Gustavo Gómez,/gustavo-gomez/profil/spieler/215390,Centre-Back,06/05/1993 (33),Sociedade Esportiva Palmeiras,€3.50m
Paraguay,402627,José Canale,/jose-canale/profil/spieler/402627,Centre-Back,20/07/1996 (29),CA Lanús,€2.20m
Paraguay,273000,Júnior Alonso,/junior-alonso/profil/spieler/273000,Centre-Back,09/02/1993 (33),Clube Atlético Mineiro,€1.50m
Paraguay,285548,Fabián Balbuena,/fabian-balbuena/profil/spieler/285548,Centre-Back,23/08/1991 (34),Grêmio Foot-Ball Porto Alegrense,€900k
Paraguay,389399,Gustavo Velázquez,/gustavo-velazquez/profil/spieler/389399,Centre-Back,17/04/1991 (35),Club Cerro Porteño,€400k
Paraguay,1371519,Alexandro Maidana,/alexandro-maidana/profil/spieler/1371519,Left-Back,26/07/2005 (20),CA Talleres,€2.50m
Paraguay,756494,Juan José Cáceres,/juan-jose-caceres/profil/spieler/756494,Right-Back,01/06/2000 (26),Dynamo Moscow,€5.00m
Paraguay,323872,Andrés Cubas,/andres-cubas/profil/spieler/323872,Defensive Midfield,22/05/1996 (30),Vancouver Whitecaps FC,€4.50m
Paraguay,491596,Braian Ojeda,/braian-ojeda/profil/spieler/491596,Defensive Midfield,27/06/2000 (26),Orlando City SC,€3.50m
Paraguay,996897,Diego Gómez,/diego-gomez/profil/spieler/996897,Central Midfield,27/03/2003 (23),Brighton & Hove Albion,€25.00m
Paraguay,861852,Damián Bobadilla,/damian-bobadilla/profil/spieler/861852,Central Midfield,11/07/2001 (24),São Paulo Futebol Clube,€6.00m
Paraguay,661269,Matías Galarza,/matias-galarza/profil/spieler/661269,Central Midfield,11/02/2002 (24),Atlanta United FC,€3.00m
Paraguay,660867,Julio Enciso,/julio-enciso/profil/spieler/660867,Attacking Midfield,23/01/2004 (22),RC Strasbourg Alsace,€25.00m
Paraguay,678439,Mauricio,/mauricio/profil/spieler/678439,Attacking Midfield,22/06/2001 (25),Sociedade Esportiva Palmeiras,€15.00m
Paraguay,355817,Kaku,/kaku/profil/spieler/355817,Attacking Midfield,11/01/1995 (31),Al-Ain FC,€4.50m
Paraguay,891672,Gustavo Caballero,/gustavo-caballero/profil/spieler/891672,Left Winger,21/09/2001 (24),Portsmouth FC,€1.00m
Paraguay,272999,Miguel Almirón,/miguel-almiron/profil/spieler/272999,Right Winger,10/02/1994 (32),Atlanta United FC,€7.00m
Paraguay,745191,Ramón Sosa,/ramon-sosa/profil/spieler/745191,Second Striker,31/08/1999 (26),Sociedade Esportiva Palmeiras,€10.00m
Paraguay,675178,Isidro Pitta,/isidro-pitta/profil/spieler/675178,Centre-Forward,14/08/1999 (26),Red Bull Bragantino,€7.50m
Paraguay,970518,Álex Arce,/alex-arce/profil/spieler/970518,Centre-Forward,16/06/1995 (31),CS Independiente Rivadavia,€3.50m
Paraguay,234523,Antonio Sanabria,/antonio-sanabria/profil/spieler/234523,Centre-Forward,04/03/1996 (30),US Cremonese,€1.80m
Paraguay,358418,Gabriel Ávalos,/gabriel-avalos/profil/spieler/358418,Centre-Forward,12/10/1990 (35),CA Independiente,€750k
Portugal,357153,Diogo Costa,/diogo-costa/profil/spieler/357153,Goalkeeper,19/09/1999 (26),FC Porto,€40.00m
Portugal,234811,Rui Silva,/rui-silva/profil/spieler/234811,Goalkeeper,07/02/1994 (32),Sporting CP,€7.00m
Portugal,249994,José Sá,/jose-sa/profil/spieler/249994,Goalkeeper,17/01/1993 (33),Wolverhampton Wanderers,€3.50m
Portugal,258004,Rúben Dias,/ruben-dias/profil/spieler/258004,Centre-Back,14/05/1997 (29),Manchester City,€55.00m
Portugal,549006,Gonçalo Inácio,/goncalo-inacio/profil/spieler/549006,Centre-Back,25/08/2001 (24),Sporting CP,€40.00m
Portugal,504087,Tomás Araújo,/tomas-araujo/profil/spieler/504087,Centre-Back,16/05/2002 (24),SL Benfica,€30.00m
Portugal,805714,Renato Veiga,/renato-veiga/profil/spieler/805714,Centre-Back,29/07/2003 (22),Villarreal CF,€25.00m
Portugal,616341,Nuno Mendes,/nuno-mendes/profil/spieler/616341,Left-Back,19/06/2002 (24),Paris Saint-Germain,€80.00m
Portugal,601883,Matheus Nunes,/matheus-nunes/profil/spieler/601883,Right-Back,27/08/1998 (27),Manchester City,€50.00m
Portugal,357147,Diogo Dalot,/diogo-dalot/profil/spieler/357147,Right-Back,18/03/1999 (27),Manchester United,€30.00m
Portugal,182712,João Cancelo,/joao-cancelo/profil/spieler/182712,Right-Back,27/05/1994 (32),FC Barcelona,€8.00m
Portugal,231572,Nélson Semedo,/nelson-semedo/profil/spieler/231572,Right-Back,16/11/1993 (32),Fenerbahce,€6.00m
Portugal,487469,Vitinha,/vitinha/profil/spieler/487469,Defensive Midfield,13/02/2000 (26),Paris Saint-Germain,€140.00m
Portugal,225161,Rúben Neves,/ruben-neves/profil/spieler/225161,Defensive Midfield,13/03/1997 (29),Al-Hilal SFC,€25.00m
Portugal,657430,Samú Costa,/samu-costa/profil/spieler/657430,Defensive Midfield,27/11/2000 (25),RCD Mallorca,€15.00m
Portugal,670681,João Neves,/joao-neves/profil/spieler/670681,Central Midfield,27/09/2004 (21),Paris Saint-Germain,€140.00m
Portugal,412669,Francisco Trincão,/francisco-trincao/profil/spieler/412669,Attacking Midfield,29/12/1999 (26),Sporting CP,€40.00m
Portugal,240306,Bruno Fernandes,/bruno-fernandes/profil/spieler/240306,Attacking Midfield,08/09/1994 (31),Manchester United,€35.00m
Portugal,241641,Bernardo Silva,/bernardo-silva/profil/spieler/241641,Attacking Midfield,10/08/1994 (31),Manchester City,€22.00m
Portugal,357164,Rafael Leão,/rafael-leao/profil/spieler/357164,Left Winger,10/06/1999 (27),AC Milan,€50.00m
Portugal,225122,Gonçalo Guedes,/goncalo-guedes/profil/spieler/225122,Left Winger,29/11/1996 (29),Real Sociedad,€6.00m
Portugal,487465,Pedro Neto,/pedro-neto/profil/spieler/487465,Right Winger,09/03/2000 (26),Chelsea FC,€60.00m
Portugal,487474,Francisco Conceição,/francisco-conceicao/profil/spieler/487474,Right Winger,14/12/2002 (23),Juventus FC,€30.00m
Portugal,462250,João Félix,/joao-felix/profil/spieler/462250,Second Striker,10/11/1999 (26),Al-Nassr FC,€28.00m
Portugal,550550,Gonçalo Ramos,/goncalo-ramos/profil/spieler/550550,Centre-Forward,20/06/2001 (25),Paris Saint-Germain,€30.00m
Portugal,8198,Cristiano Ronaldo,/cristiano-ronaldo/profil/spieler/8198,Centre-Forward,05/02/1985 (41),Al-Nassr FC,€10.00m
Qatar,560423,Meshaal Barsham,/meshaal-barsham/profil/spieler/560423,Goalkeeper,14/02/1998 (28),Al-Sadd SC,€700k
Qatar,669629,Mahmoud Abunada,/mahmoud-abunada/profil/spieler/669629,Goalkeeper,05/02/2000 (26),Al-Rayyan SC,€400k
Qatar,632912,Salah Zakaria,/salah-zakaria/profil/spieler/632912,Goalkeeper,24/04/1999 (27),Al-Duhail SC,€400k
Qatar,83983,Lucas Mendes,/lucas-mendes/profil/spieler/83983,Centre-Back,03/07/1990 (35),Al-Wakrah SC,€350k
Qatar,943150,Al-Hashmi Al-Hussain,/al-hashmi-al-hussain/profil/spieler/943150,Centre-Back,15/08/2003 (22),Al-Arabi SC,€250k
Qatar,1264176,Issa Laye,/issa-laye/profil/spieler/1264176,Centre-Back,22/12/1997 (28),Al-Arabi SC,€200k
Qatar,222669,Boualem Khoukhi,/boualem-khoukhi/profil/spieler/222669,Centre-Back,09/07/1990 (35),Al-Sadd SC,€200k
Qatar,228727,Pedro Miguel,/pedro-miguel/profil/spieler/228727,Centre-Back,06/08/1990 (35),Al-Sadd SC,€150k
Qatar,556713,Homam Al-Amin,/homam-al-amin/profil/spieler/556713,Left-Back,25/08/1999 (26),Cultural Leonesa,€500k
Qatar,336665,Sultan Al-Brake,/sultan-al-brake/profil/spieler/336665,Left-Back,07/04/1996 (30),Al-Duhail SC,€300k
Qatar,1054631,Ayoub Al-Oui,/ayoub-al-oui/profil/spieler/1054631,Right-Back,11/03/2005 (21),Al-Gharafa SC,€375k
Qatar,735813,Jassem Gaber,/jassem-gaber/profil/spieler/735813,Defensive Midfield,20/02/2002 (24),Al-Rayyan SC,€500k
Qatar,336667,Assim Madibo,/assim-madibo/profil/spieler/336667,Defensive Midfield,22/10/1996 (29),Al-Wakrah SC,€350k
Qatar,251183,Ahmed Fathi,/ahmed-fathi/profil/spieler/251183,Defensive Midfield,25/01/1993 (33),Al-Arabi SC,€250k
Qatar,222385,Karim Boudiaf,/karim-boudiaf/profil/spieler/222385,Defensive Midfield,16/09/1990 (35),Al-Duhail SC,€175k
Qatar,822935,Mohamed Manai,/mohamed-manai/profil/spieler/822935,Central Midfield,25/10/2002 (23),Al-Shamal SC,€500k
Qatar,113915,Abdulaziz Hatim,/abdulaziz-hatim/profil/spieler/113915,Central Midfield,28/10/1990 (35),Al-Rayyan SC,€250k
Qatar,86286,Hassan Al-Haydos,/hassan-al-haydos/profil/spieler/86286,Attacking Midfield,11/12/1990 (35),Al-Sadd SC,€300k
Qatar,336646,Akram Afif,/akram-afif/profil/spieler/336646,Left Winger,18/11/1996 (29),Al-Sadd SC,€8.00m
Qatar,237846,Edmílson Junior,/edmilson-junior/profil/spieler/237846,Left Winger,19/08/1994 (31),Al-Duhail SC,€1.80m
Qatar,1143849,Tahsin Mohammed Jamshid,/tahsin-mohammed-jamshid/profil/spieler/1143849,Left Winger,16/06/2006 (20),Al-Duhail SC,€200k
Qatar,670659,Ahmed Al-Ganehi,/ahmed-al-ganehi/profil/spieler/670659,Right Winger,22/09/2000 (25),Al-Gharafa SC,€500k
Qatar,589099,Yusuf Abdurisag,/yusuf-abdurisag/profil/spieler/589099,Right Winger,06/08/1999 (26),Al-Wakrah SC,€275k
Qatar,345095,Almoez Ali,/almoez-ali/profil/spieler/345095,Centre-Forward,19/08/1996 (29),Al-Duhail SC,€2.50m
Qatar,187987,Ahmed Alaaeldin,/ahmed-alaaeldin/profil/spieler/187987,Centre-Forward,31/01/1993 (33),Al-Rayyan SC,€300k
Qatar,266935,Mohammed Muntari,/mohammed-muntari/profil/spieler/266935,Centre-Forward,20/12/1993 (32),Al-Gharafa SC,€200k
Saudi Arabia,886183,Nawaf Al-Aqidi,/nawaf-al-aqidi/profil/spieler/886183,Goalkeeper,10/05/2000 (26),Al-Nassr FC,€650k
Saudi Arabia,262845,Mohammed Al-Owais,/mohammed-al-owais/profil/spieler/262845,Goalkeeper,10/10/1991 (34),Al-Ula FC,€275k
Saudi Arabia,177956,Ahmed Al-Kassar,/ahmed-al-kassar/profil/spieler/177956,Goalkeeper,08/05/1991 (35),Al-Qadsiah FC,€175k
Saudi Arabia,509897,Hassan Tambakti,/hassan-tambakti/profil/spieler/509897,Centre-Back,09/02/1999 (27),Al-Hilal SFC,€1.80m
Saudi Arabia,509894,Abdulelah Al-Amri,/abdulelah-al-amri/profil/spieler/509894,Centre-Back,15/01/1997 (29),Al-Nassr FC,€1.40m
Saudi Arabia,901334,Jehad Thakri,/jehad-thakri/profil/spieler/901334,Centre-Back,21/07/2001 (24),Al-Qadsiah FC,€1.20m
Saudi Arabia,264909,Ali Lajami,/ali-lajami/profil/spieler/264909,Centre-Back,24/04/1996 (30),Al-Hilal SFC,€750k
Saudi Arabia,869509,Moteb Al-Harbi,/moteb-al-harbi/profil/spieler/869509,Left-Back,19/02/2000 (26),Al-Hilal SFC,€1.40m
Saudi Arabia,735815,Ayman Yahya,/ayman-yahya/profil/spieler/735815,Left-Back,14/05/2001 (25),Al-Nassr FC,€1.20m
Saudi Arabia,260859,Hassan Kadesh,/hassan-kadesh/profil/spieler/260859,Left-Back,26/09/1992 (33),Al-Ittihad Club,€275k
Saudi Arabia,631927,Saud Abdulhamid,/saud-abdulhamid/profil/spieler/631927,Right-Back,18/07/1999 (26),RC Lens,€9.00m
Saudi Arabia,1181852,Mohammed Abu Al-Shamat,/mohammed-abu-al-shamat/profil/spieler/1181852,Right-Back,11/08/2002 (23),Al-Qadsiah FC,€1.80m
Saudi Arabia,672391,Ali Majrashi,/ali-majrashi/profil/spieler/672391,Right-Back,01/10/1999 (26),Al-Ahli SFC,€1.40m
Saudi Arabia,821377,Nawaf Boushal,/nawaf-boushal/profil/spieler/821377,Right-Back,16/09/1999 (26),Al-Nassr FC,€1.40m
Saudi Arabia,901079,Ziyad Al-Johani,/ziyad-al-johani/profil/spieler/901079,Defensive Midfield,11/11/2001 (24),Al-Ahli SFC,€800k
Saudi Arabia,437903,Abdullah Al-Khaibari,/abdullah-al-khaibari/profil/spieler/437903,Defensive Midfield,16/08/1996 (29),Al-Nassr FC,€750k
Saudi Arabia,901181,Musab Al-Juwayr,/musab-al-juwayr/profil/spieler/901181,Central Midfield,20/06/2003 (23),Al-Qadsiah FC,€6.00m
Saudi Arabia,509911,Nasser Al-Dawsari,/nasser-al-dawsari/profil/spieler/509911,Central Midfield,19/12/1998 (27),Al-Hilal SFC,€900k
Saudi Arabia,308120,Mohamed Kanno,/mohamed-kanno/profil/spieler/308120,Central Midfield,22/09/1994 (31),Al-Hilal SFC,€800k
Saudi Arabia,443937,Alaa Hejji,/alaa-hejji/profil/spieler/443937,Central Midfield,03/12/1995 (30),NEOM SC,€300k
Saudi Arabia,631923,Khalid Al-Ghannam,/khalid-al-ghannam/profil/spieler/631923,Left Winger,07/11/2000 (25),Al-Ettifaq FC,€2.50m
Saudi Arabia,195332,Salem Al-Dawsari,/salem-al-dawsari/profil/spieler/195332,Left Winger,19/08/1991 (34),Al-Hilal SFC,€1.20m
Saudi Arabia,210349,Sultan Mandash,/sultan-mandash/profil/spieler/210349,Right Winger,17/10/1994 (31),Al-Hilal SFC,€350k
Saudi Arabia,631922,Firas Al-Buraikan,/firas-al-buraikan/profil/spieler/631922,Centre-Forward,14/05/2000 (26),Al-Ahli SFC,€3.50m
Saudi Arabia,242267,Saleh Al-Shehri,/saleh-al-shehri/profil/spieler/242267,Centre-Forward,01/11/1993 (32),Al-Ittihad Club,€500k
Saudi Arabia,68626,Abdullah Al-Hamdan,/abdullah-al-hamdan/profil/spieler/68626,Centre-Forward,12/09/1999 (26),Al-Nassr FC,€350k
Scotland,201574,Angus Gunn,/angus-gunn/profil/spieler/201574,Goalkeeper,22/01/1996 (30),Nottingham Forest,€1.00m
Scotland,208772,Liam Kelly,/liam-kelly/profil/spieler/208772,Goalkeeper,23/01/1996 (30),Rangers FC,€800k
Scotland,12589,Craig Gordon,/craig-gordon/profil/spieler/12589,Goalkeeper,31/12/1982 (43),Heart of Midlothian FC,€50k
Scotland,255906,Scott McKenna,/scott-mckenna/profil/spieler/255906,Centre-Back,12/11/1996 (29),GNK Dinamo Zagreb,€4.00m
Scotland,363223,Jack Hendry,/jack-hendry/profil/spieler/363223,Centre-Back,07/05/1995 (31),Al-Ettifaq FC,€2.50m
Scotland,235767,John Souttar,/john-souttar/profil/spieler/235767,Centre-Back,25/09/1996 (29),Rangers FC,€2.00m
Scotland,263268,Dominic Hyam,/dominic-hyam/profil/spieler/263268,Centre-Back,20/12/1995 (30),Wrexham AFC,€2.00m
Scotland,121385,Grant Hanley,/grant-hanley/profil/spieler/121385,Centre-Back,20/11/1991 (34),Hibernian FC,€200k
Scotland,300716,Kieran Tierney,/kieran-tierney/profil/spieler/300716,Left-Back,05/06/1997 (29),Celtic FC,€8.00m
Scotland,234803,Andrew Robertson,/andrew-robertson/profil/spieler/234803,Left-Back,11/03/1994 (32),Liverpool FC,€7.00m
Scotland,591949,Aaron Hickey,/aaron-hickey/profil/spieler/591949,Right-Back,10/06/2002 (24),Brentford FC,€16.00m
Scotland,424015,Nathan Patterson,/nathan-patterson/profil/spieler/424015,Right-Back,16/10/2001 (24),Everton FC,€10.00m
Scotland,388171,Anthony Ralston,/anthony-ralston/profil/spieler/388171,Right-Back,16/11/1998 (27),Celtic FC,€1.50m
Scotland,315969,Scott McTominay,/scott-mctominay/profil/spieler/315969,Central Midfield,08/12/1996 (29),SSC Napoli,€40.00m
Scotland,428563,Lewis Ferguson,/lewis-ferguson/profil/spieler/428563,Central Midfield,24/08/1999 (26),Bologna FC 1909,€14.00m
Scotland,193116,John McGinn,/john-mcginn/profil/spieler/193116,Central Midfield,18/10/1994 (31),Aston Villa,€13.00m
Scotland,188077,Ryan Christie,/ryan-christie/profil/spieler/188077,Central Midfield,22/02/1995 (31),AFC Bournemouth,€8.00m
Scotland,1049911,Tyler Fletcher,/tyler-fletcher/profil/spieler/1049911,Central Midfield,19/03/2007 (19),Manchester United U21,€1.50m
Scotland,126600,Kenny McLean,/kenny-mclean/profil/spieler/126600,Central Midfield,08/01/1992 (34),Norwich City,€400k
Scotland,1082993,Findlay Curtis,/findlay-curtis/profil/spieler/1082993,Left Winger,09/06/2006 (20),Rangers FC,€2.00m
Scotland,719673,Ben Gannon-Doak,/ben-gannon-doak/profil/spieler/719673,Right Winger,11/11/2005 (20),AFC Bournemouth,€15.00m
Scotland,420808,George Hirst,/george-hirst/profil/spieler/420808,Centre-Forward,15/02/1999 (27),Ipswich Town,€10.00m
Scotland,346779,Ché Adams,/che-adams/profil/spieler/346779,Centre-Forward,13/07/1996 (29),Torino FC,€5.00m
Scotland,225744,Lawrence Shankland,/lawrence-shankland/profil/spieler/225744,Centre-Forward,10/08/1995 (30),Heart of Midlothian FC,€3.00m
Scotland,447995,Ross Stewart,/ross-stewart/profil/spieler/447995,Centre-Forward,11/07/1996 (29),Southampton FC,€2.50m
Scotland,347138,Lyndon Dykes,/lyndon-dykes/profil/spieler/347138,Centre-Forward,07/10/1995 (30),Charlton Athletic,€800k
Senegal,448632,Yehvann Diouf,/yehvann-diouf/profil/spieler/448632,Goalkeeper,16/11/1999 (26),OGC Nice,€7.00m
Senegal,442531,Edouard Mendy,/edouard-mendy/profil/spieler/442531,Goalkeeper,01/03/1992 (34),Al-Ahli SFC,€4.00m
Senegal,164904,Mory Diaw,/mory-diaw/profil/spieler/164904,Goalkeeper,22/06/1993 (33),Le Havre AC,€900k
Senegal,910905,Mamadou Sarr,/mamadou-sarr/profil/spieler/910905,Centre-Back,29/08/2005 (20),Chelsea FC,€22.00m
Senegal,291200,Moussa Niakhaté,/moussa-niakhate/profil/spieler/291200,Centre-Back,08/03/1996 (30),Olympique Lyon,€15.00m
Senegal,891998,Antoine Mendy,/antoine-mendy/profil/spieler/891998,Centre-Back,27/05/2004 (22),OGC Nice,€10.00m
Senegal,93128,Kalidou Koulibaly,/kalidou-koulibaly/profil/spieler/93128,Centre-Back,20/06/1991 (35),Al-Hilal SFC,€4.50m
Senegal,265383,Abdoulaye Seck,/abdoulaye-seck/profil/spieler/265383,Centre-Back,04/06/1992 (34),Maccabi Haifa,€400k
Senegal,1111589,El Hadji Malick Diouf,/el-hadji-malick-diouf/profil/spieler/1111589,Left-Back,28/12/2004 (21),West Ham United,€28.00m
Senegal,375137,Ismail Jakobs,/ismail-jakobs/profil/spieler/375137,Left-Back,17/08/1999 (26),Galatasaray,€8.00m
Senegal,126665,Idrissa Gueye,/idrissa-gueye/profil/spieler/126665,Defensive Midfield,26/09/1989 (36),Everton FC,€500k
Senegal,918969,Lamine Camara,/lamine-camara/profil/spieler/918969,Central Midfield,01/01/2004 (22),AS Monaco,€40.00m
Senegal,485963,Pape Gueye,/pape-gueye/profil/spieler/485963,Central Midfield,24/01/1999 (27),Villarreal CF,€40.00m
Senegal,876631,Habib Diarra,/habib-diarra/profil/spieler/876631,Central Midfield,03/01/2004 (22),Sunderland AFC,€35.00m
Senegal,568693,Pape Matar Sarr,/pape-matar-sarr/profil/spieler/568693,Central Midfield,14/09/2002 (23),Tottenham Hotspur,€30.00m
Senegal,1497653,Bara Sapoko Ndiaye,/bara-sapoko-ndiaye/profil/spieler/1497653,Central Midfield,31/12/2007 (18),Bayern Munich,€4.00m
Senegal,525578,Pathé Ciss,/pathe-ciss/profil/spieler/525578,Central Midfield,16/03/1994 (32),Rayo Vallecano,€1.80m
Senegal,490426,Krépin Diatta,/krepin-diatta/profil/spieler/490426,Right Midfield,25/02/1999 (27),AS Monaco,€6.00m
Senegal,1061282,Assane Diao,/assane-diao/profil/spieler/1061282,Left Winger,07/09/2005 (20),Como 1907,€30.00m
Senegal,200512,Sadio Mané,/sadio-mane/profil/spieler/200512,Left Winger,10/04/1992 (34),Al-Nassr FC,€6.00m
Senegal,623570,Iliman Ndiaye,/iliman-ndiaye/profil/spieler/623570,Right Winger,06/03/2000 (26),Everton FC,€55.00m
Senegal,410225,Ismaïla Sarr,/ismaila-sarr/profil/spieler/410225,Right Winger,25/02/1998 (28),Crystal Palace,€40.00m
Senegal,1185888,Ibrahim Mbaye,/ibrahim-mbaye/profil/spieler/1185888,Right Winger,24/01/2008 (18),Paris Saint-Germain,€30.00m
Senegal,776890,Nicolas Jackson,/nicolas-jackson/profil/spieler/776890,Centre-Forward,20/06/2001 (25),Bayern Munich,€40.00m
Senegal,822458,Bamba Dieng,/bamba-dieng/profil/spieler/822458,Centre-Forward,23/03/2000 (26),FC Lorient,€15.00m
Senegal,480705,Cherif Ndiaye,/cherif-ndiaye/profil/spieler/480705,Centre-Forward,23/01/1996 (30),Samsunspor,€5.00m
South Africa,453370,Sipho Chaine,/sipho-chaine/profil/spieler/453370,Goalkeeper,14/12/1996 (29),Orlando Pirates,€1.60m
South Africa,175577,Ronwen Williams,/ronwen-williams/profil/spieler/175577,Goalkeeper,21/01/1992 (34),Mamelodi Sundowns FC,€800k
South Africa,258304,Ricardo Goss,/ricardo-goss/profil/spieler/258304,Goalkeeper,02/04/1994 (32),Siwelele Football Club ,€350k
South Africa,1378320,Mbekezeli Mbokazi,/mbekezeli-mbokazi/profil/spieler/1378320,Centre-Back,19/09/2005 (20),Chicago Fire FC,€3.50m
South Africa,1107265,Ime Okon,/ime-okon/profil/spieler/1107265,Centre-Back,20/02/2004 (22),Hannover 96,€2.00m
South Africa,1069801,Olwethu Makhanya,/olwethu-makhanya/profil/spieler/1069801,Centre-Back,30/04/2004 (22),Philadelphia Union,€2.00m
South Africa,399068,Nkosinathi Sibisi,/nkosinathi-sibisi/profil/spieler/399068,Centre-Back,22/09/1995 (30),Orlando Pirates,€1.60m
South Africa,1283140,Khulumani Ndamane,/khulumani-ndamane/profil/spieler/1283140,Centre-Back,05/02/2004 (22),Mamelodi Sundowns FC,€1.20m
South Africa,1175086,Samukele Kabini,/samukele-kabini/profil/spieler/1175086,Left-Back,15/03/2004 (22),Molde FK,€2.50m
South Africa,353432,Aubrey Modiba,/aubrey-modiba/profil/spieler/353432,Left-Back,22/07/1995 (30),Mamelodi Sundowns FC,€1.80m
South Africa,555209,Bradley Cross,/bradley-cross/profil/spieler/555209,Left-Back,30/01/2001 (25),Kaizer Chiefs,€1.00m
South Africa,1109254,Thabang Matuludi,/thabang-matuludi/profil/spieler/1109254,Right-Back,14/01/1999 (27),Polokwane City FC,€1.20m
South Africa,450806,Khuliso Mudau,/khuliso-mudau/profil/spieler/450806,Right-Back,26/04/1995 (31),Mamelodi Sundowns FC,€1.20m
South Africa,994370,Kamogelo Sebelebele,/kamogelo-sebelebele/profil/spieler/994370,Right-Back,21/07/2002 (23),Orlando Pirates,€1.20m
South Africa,436372,Teboho Mokoena,/teboho-mokoena/profil/spieler/436372,Defensive Midfield,24/01/1997 (29),Mamelodi Sundowns FC,€2.80m
South Africa,735697,Thalente Mbatha,/thalente-mbatha/profil/spieler/735697,Central Midfield,06/03/2000 (26),Orlando Pirates,€2.00m
South Africa,804472,Jayden Adams,/jayden-adams/profil/spieler/804472,Central Midfield,05/05/2001 (25),Mamelodi Sundowns FC,€1.80m
South Africa,401736,Yaya Sithole,/yaya-sithole/profil/spieler/401736,Central Midfield,03/03/1999 (27),CD Tondela,€600k
South Africa,176578,Themba Zwane,/themba-zwane/profil/spieler/176578,Attacking Midfield,03/08/1989 (36),Mamelodi Sundowns FC,€250k
South Africa,1125037,Relebohile Mofokeng,/relebohile-mofokeng/profil/spieler/1125037,Left Winger,23/10/2004 (21),Orlando Pirates,€3.00m
South Africa,673381,Oswin Appollis,/oswin-appollis/profil/spieler/673381,Left Winger,25/08/2001 (24),Orlando Pirates,€2.50m
South Africa,844485,Tshepang Moremi,/tshepang-moremi/profil/spieler/844485,Left Winger,02/10/2000 (25),Orlando Pirates,€1.40m
South Africa,983330,Thapelo Maseko,/thapelo-maseko/profil/spieler/983330,Right Winger,11/11/2003 (22),AEL Limassol,€750k
South Africa,467623,Lyle Foster,/lyle-foster/profil/spieler/467623,Centre-Forward,03/09/2000 (25),Burnley FC,€8.00m
South Africa,337884,Iqraam Rayners,/iqraam-rayners/profil/spieler/337884,Centre-Forward,19/12/1995 (30),Mamelodi Sundowns FC,€2.80m
South Africa,746781,Evidence Makgopa,/evidence-makgopa/profil/spieler/746781,Centre-Forward,05/06/2000 (26),Orlando Pirates,€1.40m
South Korea,508237,Bum-keun Song,/bum-keun-song/profil/spieler/508237,Goalkeeper,15/10/1997 (28),Jeonbuk Hyundai Motors,€1.00m
South Korea,260171,Hyeon-woo Jo,/hyeon-woo-jo/profil/spieler/260171,Goalkeeper,25/09/1991 (34),Ulsan HD FC,€650k
South Korea,92076,Seung-gyu Kim,/seung-gyu-kim/profil/spieler/92076,Goalkeeper,30/09/1990 (35),FC Tokyo,€500k
South Korea,503482,Min-jae Kim,/min-jae-kim/profil/spieler/503482,Centre-Back,15/11/1996 (29),Bayern Munich,€20.00m
South Korea,706963,Han-beom Lee,/han-beom-lee/profil/spieler/706963,Centre-Back,17/06/2002 (24),FC Midtjylland,€3.00m
South Korea,645847,Tae-hyeon Kim,/tae-hyeon-kim/profil/spieler/645847,Centre-Back,17/09/2000 (25),Kashima Antlers,€1.20m
South Korea,763349,Gi-hyuk Lee,/gi-hyuk-lee/profil/spieler/763349,Centre-Back,07/07/2000 (25),Gangwon FC,€800k
South Korea,550978,Wi-je Cho,/wi-je-cho/profil/spieler/550978,Centre-Back,25/08/2001 (24),Jeonbuk Hyundai Motors,€550k
South Korea,639027,Tae-seok Lee,/tae-seok-lee/profil/spieler/639027,Left-Back,28/07/2002 (23),Austria Vienna,€2.00m
South Korea,639414,Young-woo Seol,/young-woo-seol/profil/spieler/639414,Right-Back,05/12/1998 (27),Red Star Belgrade,€6.50m
South Korea,524592,Moon-hwan Kim,/moon-hwan-kim/profil/spieler/524592,Right-Back,01/08/1995 (30),Daejeon Hana Citizen,€750k
South Korea,365394,In-beom Hwang,/in-beom-hwang/profil/spieler/365394,Defensive Midfield,20/09/1996 (29),Feyenoord Rotterdam,€7.00m
South Korea,557469,Jin-seob Park,/jin-seob-park/profil/spieler/557469,Defensive Midfield,23/10/1995 (30),Zhejiang FC,€1.00m
South Korea,613192,Jens Castrop,/jens-castrop/profil/spieler/613192,Central Midfield,29/07/2003 (22),Borussia Mönchengladbach,€10.00m
South Korea,282689,Seung-ho Paik,/seung-ho-paik/profil/spieler/282689,Central Midfield,17/03/1997 (29),Birmingham City,€2.00m
South Korea,365377,Jin-gyu Kim,/jin-gyu-kim/profil/spieler/365377,Central Midfield,24/02/1997 (29),Jeonbuk Hyundai Motors,€1.20m
South Korea,557149,Kang-in Lee,/kang-in-lee/profil/spieler/557149,Attacking Midfield,19/02/2001 (25),Paris Saint-Germain,€28.00m
South Korea,912081,Jun-ho Bae,/jun-ho-bae/profil/spieler/912081,Attacking Midfield,21/08/2003 (22),Stoke City,€4.00m
South Korea,314398,Jae-sung Lee,/jae-sung-lee/profil/spieler/314398,Attacking Midfield,10/08/1992 (33),1.FSV Mainz 05,€2.00m
South Korea,558086,Dong-gyeong Lee,/dong-gyeong-lee/profil/spieler/558086,Attacking Midfield,20/09/1997 (28),Ulsan HD FC,€1.60m
South Korea,91845,Heung-min Son,/heung-min-son/profil/spieler/91845,Left Winger,08/07/1992 (33),Los Angeles FC,€15.00m
South Korea,706968,Ji-sung Eom,/ji-sung-eom/profil/spieler/706968,Left Winger,09/05/2002 (24),Swansea City,€1.80m
South Korea,853110,Hyun-jun Yang,/hyun-jun-yang/profil/spieler/853110,Right Winger,25/05/2002 (24),Celtic FC,€5.00m
South Korea,639246,Hyeon-gyu Oh,/hyeon-gyu-oh/profil/spieler/639246,Centre-Forward,12/04/2001 (25),Besiktas JK,€15.00m
South Korea,292246,Hee-chan Hwang,/hee-chan-hwang/profil/spieler/292246,Centre-Forward,26/01/1996 (30),Wolverhampton Wanderers,€6.00m
South Korea,652537,Gue-sung Cho,/gue-sung-cho/profil/spieler/652537,Centre-Forward,25/01/1998 (28),FC Midtjylland,€2.50m
Spain,561613,Joan García,/joan-garcia/profil/spieler/561613,Goalkeeper,04/05/2001 (25),FC Barcelona,€45.00m
Spain,262749,David Raya,/david-raya/profil/spieler/262749,Goalkeeper,15/09/1995 (30),Arsenal FC,€30.00m
Spain,262396,Unai Simón,/unai-simon/profil/spieler/262396,Goalkeeper,11/06/1997 (29),Athletic Bilbao,€22.00m
Spain,962110,Pau Cubarsí,/pau-cubarsi/profil/spieler/962110,Centre-Back,22/01/2007 (19),FC Barcelona,€80.00m
Spain,466794,Eric García,/eric-garcia/profil/spieler/466794,Centre-Back,09/01/2001 (25),FC Barcelona,€40.00m
Spain,844637,Marc Pubill,/marc-pubill/profil/spieler/844637,Centre-Back,20/06/2003 (23),Atlético de Madrid,€35.00m
Spain,176553,Aymeric Laporte,/aymeric-laporte/profil/spieler/176553,Centre-Back,27/05/1994 (32),Athletic Bilbao,€8.00m
Spain,284857,Marc Cucurella,/marc-cucurella/profil/spieler/284857,Left-Back,22/07/1998 (27),Chelsea FC,€50.00m
Spain,193082,Alejandro Grimaldo,/alejandro-grimaldo/profil/spieler/193082,Left-Back,20/09/1995 (30),Bayer 04 Leverkusen,€20.00m
Spain,553875,Pedro Porro,/pedro-porro/profil/spieler/553875,Right-Back,13/09/1999 (26),Tottenham Hotspur,€35.00m
Spain,282411,Marcos Llorente,/marcos-llorente/profil/spieler/282411,Right-Back,30/01/1995 (31),Atlético de Madrid,€20.00m
Spain,423440,Martín Zubimendi,/martin-zubimendi/profil/spieler/423440,Defensive Midfield,02/02/1999 (27),Arsenal FC,€75.00m
Spain,357565,Rodri,/rodri/profil/spieler/357565,Defensive Midfield,22/06/1996 (30),Manchester City,€50.00m
Spain,683840,Pedri,/pedri/profil/spieler/683840,Central Midfield,25/11/2002 (23),FC Barcelona,€150.00m
Spain,350219,Fabián Ruiz,/fabian-ruiz/profil/spieler/350219,Central Midfield,03/04/1996 (30),Paris Saint-Germain,€30.00m
Spain,646740,Gavi,/gavi/profil/spieler/646740,Central Midfield,05/08/2004 (21),FC Barcelona,€30.00m
Spain,338424,Mikel Merino,/mikel-merino/profil/spieler/338424,Central Midfield,22/06/1996 (30),Arsenal FC,€25.00m
Spain,293385,Dani Olmo,/dani-olmo/profil/spieler/293385,Attacking Midfield,07/05/1998 (28),FC Barcelona,€60.00m
Spain,548111,Álex Baena,/alex-baena/profil/spieler/548111,Left Winger,20/07/2001 (24),Atlético de Madrid,€40.00m
Spain,709187,Nico Williams,/nico-williams/profil/spieler/709187,Left Winger,12/07/2002 (23),Athletic Bilbao,€40.00m
Spain,935231,Víctor Muñoz,/victor-munoz/profil/spieler/935231,Left Winger,13/07/2003 (22),CA Osasuna,€30.00m
Spain,937958,Lamine Yamal,/lamine-yamal/profil/spieler/937958,Right Winger,13/07/2007 (18),FC Barcelona,€200.00m
Spain,568157,Yéremy Pino,/yeremy-pino/profil/spieler/568157,Right Winger,20/10/2002 (23),Crystal Palace,€30.00m
Spain,398184,Ferran Torres,/ferran-torres/profil/spieler/398184,Centre-Forward,29/02/2000 (26),FC Barcelona,€50.00m
Spain,351478,Mikel Oyarzabal,/mikel-oyarzabal/profil/spieler/351478,Centre-Forward,21/04/1997 (29),Real Sociedad,€25.00m
Spain,278359,Borja Iglesias,/borja-iglesias/profil/spieler/278359,Centre-Forward,17/01/1993 (33),Celta de Vigo,€2.80m
Sweden,273742,Viktor Johansson,/viktor-johansson/profil/spieler/273742,Goalkeeper,14/09/1998 (27),Stoke City,€12.00m
Sweden,549440,Jacob Widell Zetterström,/jacob-widell-zetterstrom/profil/spieler/549440,Goalkeeper,11/07/1998 (27),Derby County,€2.50m
Sweden,75890,Kristoffer Nordfeldt,/kristoffer-nordfeldt/profil/spieler/75890,Goalkeeper,23/06/1989 (37),AIK,€175k
Sweden,503075,Isak Hien,/isak-hien/profil/spieler/503075,Centre-Back,13/01/1999 (27),Atalanta BC,€22.00m
Sweden,485395,Gustaf Lagerbielke,/gustaf-lagerbielke/profil/spieler/485395,Centre-Back,10/04/2000 (26),SC Braga,€10.00m
Sweden,184573,Victor Lindelöf,/victor-lindelof/profil/spieler/184573,Centre-Back,17/07/1994 (31),Aston Villa,€5.00m
Sweden,392179,Hjalmar Ekdal,/hjalmar-ekdal/profil/spieler/392179,Centre-Back,21/10/1998 (27),Burnley FC,€5.00m
Sweden,292534,Eric Smith,/eric-smith/profil/spieler/292534,Centre-Back,08/01/1997 (29),FC St. Pauli,€5.00m
Sweden,258987,Carl Starfelt,/carl-starfelt/profil/spieler/258987,Centre-Back,01/06/1995 (31),Celta de Vigo,€4.50m
Sweden,579287,Daniel Svensson,/daniel-svensson/profil/spieler/579287,Left-Back,12/02/2002 (24),Borussia Dortmund,€22.00m
Sweden,362108,Gabriel Gudmundsson,/gabriel-gudmundsson/profil/spieler/362108,Left-Back,29/04/1999 (27),Leeds United,€20.00m
Sweden,252345,Ken Sema,/ken-sema/profil/spieler/252345,Left-Back,30/09/1993 (32),Pafos FC,€800k
Sweden,222855,Jesper Karlström,/jesper-karlstrom/profil/spieler/222855,Defensive Midfield,21/06/1995 (31),Udinese Calcio,€4.00m
Sweden,866246,Lucas Bergvall,/lucas-bergvall/profil/spieler/866246,Central Midfield,02/02/2006 (20),Tottenham Hotspur,€35.00m
Sweden,667287,Yasin Ayari,/yasin-ayari/profil/spieler/667287,Central Midfield,06/10/2003 (22),Brighton & Hove Albion,€35.00m
Sweden,342405,Mattias Svanberg,/mattias-svanberg/profil/spieler/342405,Central Midfield,05/01/1999 (27),VfL Wolfsburg,€8.00m
Sweden,715653,Besfort Zeneli,/besfort-zeneli/profil/spieler/715653,Central Midfield,21/11/2002 (23),Union Saint-Gilloise,€6.00m
Sweden,744853,Herman Johansson,/herman-johansson/profil/spieler/744853,Right Midfield,16/10/1997 (28),FC Dallas,€1.80m
Sweden,687622,Elliot Stroud,/elliot-stroud/profil/spieler/687622,Left Midfield,22/06/2002 (24),Mjällby AIF,€5.00m
Sweden,475949,Benjamin Nygren,/benjamin-nygren/profil/spieler/475949,Attacking Midfield,08/07/2001 (24),Celtic FC,€14.00m
Sweden,731771,Taha Ali,/taha-ali/profil/spieler/731771,Left Winger,01/07/1998 (27),Malmö FF,€1.50m
Sweden,583189,Anthony Elanga,/anthony-elanga/profil/spieler/583189,Right Winger,27/04/2002 (24),Newcastle United,€32.00m
Sweden,633454,Alexander Bernhardsson,/alexander-bernhardsson/profil/spieler/633454,Right Winger,08/09/1998 (27),Holstein Kiel,€3.00m
Sweden,349066,Alexander Isak,/alexander-isak/profil/spieler/349066,Centre-Forward,21/09/1999 (26),Liverpool FC,€85.00m
Sweden,325443,Viktor Gyökeres,/viktor-gyokeres/profil/spieler/325443,Centre-Forward,04/06/1998 (28),Arsenal FC,€65.00m
Sweden,320440,Gustaf Nilsson,/gustaf-nilsson/profil/spieler/320440,Centre-Forward,23/05/1997 (29),Club Brugge KV,€1.80m
Switzerland,257814,Gregor Kobel,/gregor-kobel/profil/spieler/257814,Goalkeeper,06/12/1997 (28),Borussia Dortmund,€40.00m
Switzerland,500763,Marvin Keller,/marvin-keller/profil/spieler/500763,Goalkeeper,03/07/2002 (23),BSC Young Boys,€6.00m
Switzerland,147051,Yvon Mvogo,/yvon-mvogo/profil/spieler/147051,Goalkeeper,06/06/1994 (32),FC Lorient,€2.50m
Switzerland,284730,Manuel Akanji,/manuel-akanji/profil/spieler/284730,Centre-Back,19/07/1995 (30),Inter Milan,€17.00m
Switzerland,635645,Aurèle Amenda,/aurele-amenda/profil/spieler/635645,Centre-Back,31/07/2003 (22),Eintracht Frankfurt,€10.00m
Switzerland,539798,Luca Jaquez,/luca-jaquez/profil/spieler/539798,Centre-Back,02/06/2003 (23),VfB Stuttgart,€10.00m
Switzerland,192635,Nico Elvedi,/nico-elvedi/profil/spieler/192635,Centre-Back,30/09/1996 (29),Borussia Mönchengladbach,€8.00m
Switzerland,298583,Eray Cömert,/eray-comert/profil/spieler/298583,Centre-Back,04/02/1998 (28),Valencia CF,€2.50m
Switzerland,298603,Miro Muheim,/miro-muheim/profil/spieler/298603,Left-Back,24/03/1998 (28),Hamburger SV,€5.00m
Switzerland,86784,Ricardo Rodríguez,/ricardo-rodriguez/profil/spieler/86784,Left-Back,25/08/1992 (33),Real Betis Balompié,€1.40m
Switzerland,168989,Silvan Widmer,/silvan-widmer/profil/spieler/168989,Right-Back,05/03/1993 (33),1.FSV Mainz 05,€800k
Switzerland,334526,Denis Zakaria,/denis-zakaria/profil/spieler/334526,Defensive Midfield,20/11/1996 (29),AS Monaco,€25.00m
Switzerland,608172,Ardon Jashari,/ardon-jashari/profil/spieler/608172,Defensive Midfield,30/07/2002 (23),AC Milan,€25.00m
Switzerland,111455,Granit Xhaka,/granit-xhaka/profil/spieler/111455,Defensive Midfield,27/09/1992 (33),Sunderland AFC,€8.00m
Switzerland,927353,Johan Manzambi,/johan-manzambi/profil/spieler/927353,Central Midfield,14/10/2005 (20),SC Freiburg,€50.00m
Switzerland,212723,Djibril Sow,/djibril-sow/profil/spieler/212723,Central Midfield,06/02/1997 (29),Sevilla FC,€7.50m
Switzerland,237658,Michel Aebischer,/michel-aebischer/profil/spieler/237658,Central Midfield,06/01/1997 (29),Pisa Sporting Club,€4.00m
Switzerland,148252,Remo Freuler,/remo-freuler/profil/spieler/148252,Central Midfield,15/04/1992 (34),Bologna FC 1909,€3.00m
Switzerland,507341,Fabian Rieder,/fabian-rieder/profil/spieler/507341,Attacking Midfield,16/02/2002 (24),FC Augsburg,€12.00m
Switzerland,346890,Noah Okafor,/noah-okafor/profil/spieler/346890,Left Winger,24/05/2000 (26),Leeds United,€25.00m
Switzerland,345886,Rubén Vargas,/ruben-vargas/profil/spieler/345886,Left Winger,05/08/1998 (27),Sevilla FC,€12.00m
Switzerland,365108,Dan Ndoye,/dan-ndoye/profil/spieler/365108,Right Winger,25/10/2000 (25),Nottingham Forest,€32.00m
Switzerland,250490,Christian Fassnacht,/christian-fassnacht/profil/spieler/250490,Right Winger,11/11/1993 (32),BSC Young Boys,€2.00m
Switzerland,237662,Breel Embolo,/breel-embolo/profil/spieler/237662,Centre-Forward,14/02/1997 (29),Stade Rennais FC,€15.00m
Switzerland,548729,Zeki Amdouni,/zeki-amdouni/profil/spieler/548729,Centre-Forward,04/12/2000 (25),Burnley FC,€7.00m
Switzerland,243856,Cedric Itten,/cedric-itten/profil/spieler/243856,Centre-Forward,27/12/1996 (29),Fortuna Düsseldorf,€1.80m
Tunisia,584250,Abdelmouhib Chamakh,/abdelmouhib-chamakh/profil/spieler/584250,Goalkeeper,25/08/2001 (24),Club Africain,€800k
Tunisia,569433,Aymen Dahmen,/aymen-dahmen/profil/spieler/569433,Goalkeeper,28/01/1997 (29),CS Sfaxien,€800k
Tunisia,295381,Sabri Ben Hessen,/sabri-ben-hessen/profil/spieler/295381,Goalkeeper,13/06/1996 (30),Etoile Sportive du Sahel,€550k
Tunisia,496706,Montassar Talbi,/montassar-talbi/profil/spieler/496706,Centre-Back,26/05/1998 (28),FC Lorient,€8.00m
Tunisia,1071742,Adem Arous,/adem-arous/profil/spieler/1071742,Centre-Back,17/07/2004 (21),Kasimpasa,€4.00m
Tunisia,450417,Dylan Bronn,/dylan-bronn/profil/spieler/450417,Centre-Back,19/06/1995 (31),Servette FC,€600k
Tunisia,1075790,Raed Chikhaoui,/raed-chikhaoui/profil/spieler/1075790,Centre-Back,09/06/2004 (22),US Monastir,€600k
Tunisia,578292,Omar Rekik,/omar-rekik/profil/spieler/578292,Centre-Back,20/12/2001 (24),NK Maribor,€500k
Tunisia,211474,Ali Abdi,/ali-abdi/profil/spieler/211474,Left-Back,20/12/1993 (32),OGC Nice,€2.00m
Tunisia,454495,Mohamed Amine Ben Hamida,/mohamed-amine-ben-hamida/profil/spieler/454495,Left-Back,15/12/1995 (30),Esperance Tunis,€1.00m
Tunisia,406008,Yan Valery,/yan-valery/profil/spieler/406008,Right-Back,22/02/1999 (27),BSC Young Boys,€1.50m
Tunisia,1034598,Moutaz Neffati,/moutaz-neffati/profil/spieler/1034598,Right-Back,04/09/2004 (21),IFK Norrköping,€1.20m
Tunisia,290587,Ellyes Skhiri,/ellyes-skhiri/profil/spieler/290587,Defensive Midfield,10/05/1995 (31),Eintracht Frankfurt,€5.00m
Tunisia,124410,Rani Khedira,/rani-khedira/profil/spieler/124410,Defensive Midfield,27/01/1994 (32),1.FC Union Berlin,€2.00m
Tunisia,673513,Mohamed Belhadj Mahmoud,/mohamed-belhadj-mahmoud/profil/spieler/673513,Central Midfield,24/04/2000 (26),FC Lugano,€2.00m
Tunisia,607224,Hannibal,/hannibal/profil/spieler/607224,Attacking Midfield,21/01/2003 (23),Burnley FC,€15.00m
Tunisia,546712,Anis Ben Slimane,/anis-ben-slimane/profil/spieler/546712,Attacking Midfield,16/03/2001 (25),Norwich City,€4.00m
Tunisia,810096,Ismaël Gharbi,/ismael-gharbi/profil/spieler/810096,Left Winger,10/04/2004 (22),FC Augsburg,€5.00m
Tunisia,539677,Sebastian Tounekti,/sebastian-tounekti/profil/spieler/539677,Left Winger,13/07/2002 (23),Celtic FC,€5.00m
Tunisia,645589,Elias Achouri,/elias-achouri/profil/spieler/645589,Left Winger,10/02/1999 (27),FC Copenhagen,€3.00m
Tunisia,526466,Elias Saad,/elias-saad/profil/spieler/526466,Left Winger,27/12/1999 (26),Hannover 96,€2.00m
Tunisia,230921,Mortadha Ben Ouanes,/mortadha-ben-ouanes/profil/spieler/230921,Left Winger,02/07/1994 (31),Kasimpasa,€1.50m
Tunisia,1198342,Khalil Ayari,/khalil-ayari/profil/spieler/1198342,Right Winger,02/02/2005 (21),Paris Saint-Germain Espoirs,€1.00m
Tunisia,402087,Firas Chaouat,/firas-chaouat/profil/spieler/402087,Centre-Forward,08/05/1996 (30),Club Africain,€1.20m
Tunisia,953150,Hazem Mastouri,/hazem-mastouri/profil/spieler/953150,Centre-Forward,18/06/1997 (29),Dinamo Makhachkala,€900k
Tunisia,1273985,Rayan Elloumi,/rayan-elloumi/profil/spieler/1273985,Centre-Forward,17/09/2007 (18),Vancouver Whitecaps FC,€800k
Turkey,292199,Uğurcan Çakır,/ugurcan-cakir/profil/spieler/292199,Goalkeeper,05/04/1996 (30),Galatasaray,€15.00m
Turkey,336077,Altay Bayındır,/altay-bayindir/profil/spieler/336077,Goalkeeper,14/04/1998 (28),Manchester United,€5.00m
Turkey,51894,Mert Günok,/mert-gunok/profil/spieler/51894,Goalkeeper,01/03/1989 (37),Fenerbahce,€500k
Turkey,361260,Ozan Kabak,/ozan-kabak/profil/spieler/361260,Centre-Back,25/03/2000 (26),TSG 1899 Hoffenheim,€15.00m
Turkey,340879,Merih Demiral,/merih-demiral/profil/spieler/340879,Centre-Back,05/03/1998 (28),Al-Ahli SFC,€12.00m
Turkey,199316,Abdülkerim Bardakcı,/abdulkerim-bardakci/profil/spieler/199316,Centre-Back,07/09/1994 (31),Galatasaray,€6.50m
Turkey,320141,Çağlar Söyüncü,/caglar-soyuncu/profil/spieler/320141,Centre-Back,23/05/1996 (30),Fenerbahce,€3.50m
Turkey,295024,Samet Akaydin,/samet-akaydin/profil/spieler/295024,Centre-Back,13/03/1994 (32),Caykur Rizespor,€1.20m
Turkey,369316,Ferdi Kadıoğlu,/ferdi-kadioglu/profil/spieler/369316,Left-Back,07/10/1999 (26),Brighton & Hove Albion,€35.00m
Turkey,616894,Eren Elmalı,/eren-elmali/profil/spieler/616894,Left-Back,07/07/2000 (25),Galatasaray,€5.00m
Turkey,251075,Zeki Çelik,/zeki-celik/profil/spieler/251075,Right-Back,17/02/1997 (29),AS Roma,€14.00m
Turkey,353922,Mert Müldür,/mert-muldur/profil/spieler/353922,Right-Back,03/04/1999 (27),Fenerbahce,€7.00m
Turkey,126414,Hakan Çalhanoğlu,/hakan-calhanoglu/profil/spieler/126414,Defensive Midfield,08/02/1994 (32),Inter Milan,€16.00m
Turkey,613725,İsmail Yüksek,/ismail-yuksek/profil/spieler/613725,Defensive Midfield,26/01/1999 (27),Fenerbahce,€15.00m
Turkey,244940,Salih Özcan,/salih-ozcan/profil/spieler/244940,Defensive Midfield,11/01/1998 (28),Borussia Dortmund,€3.50m
Turkey,119031,Kaan Ayhan,/kaan-ayhan/profil/spieler/119031,Defensive Midfield,10/11/1994 (31),Galatasaray,€1.50m
Turkey,454567,Orkun Kökçü,/orkun-kokcu/profil/spieler/454567,Central Midfield,29/12/2000 (25),Besiktas JK,€25.00m
Turkey,861410,Arda Güler,/arda-guler/profil/spieler/861410,Attacking Midfield,25/02/2005 (21),Real Madrid,€90.00m
Turkey,816585,Can Uzun,/can-uzun/profil/spieler/816585,Attacking Midfield,11/11/2005 (20),Eintracht Frankfurt,€45.00m
Turkey,845654,Kenan Yıldız,/kenan-yildiz/profil/spieler/845654,Left Winger,04/05/2005 (21),Juventus FC,€75.00m
Turkey,541537,Barış Alper Yılmaz,/baris-alper-yilmaz/profil/spieler/541537,Left Winger,23/05/2000 (26),Galatasaray,€30.00m
Turkey,382528,Kerem Aktürkoğlu,/kerem-akturkoglu/profil/spieler/382528,Left Winger,21/10/1998 (27),Fenerbahce,€20.00m
Turkey,396908,Yunus Akgün,/yunus-akgun/profil/spieler/396908,Right Winger,07/07/2000 (25),Galatasaray,€18.00m
Turkey,563749,Oğuz Aydın,/oguz-aydin/profil/spieler/563749,Right Winger,27/10/2000 (25),Fenerbahce,€7.00m
Turkey,216603,İrfan Can Kahveci,/irfan-can-kahveci/profil/spieler/216603,Right Winger,15/07/1995 (30),Kasimpasa,€3.00m
Turkey,1063292,Deniz Gül,/deniz-gul/profil/spieler/1063292,Centre-Forward,02/07/2004 (21),FC Porto,€5.00m
United States,425306,Matt Turner,/matt-turner/profil/spieler/425306,Goalkeeper,24/06/1994 (32),New England Revolution,€2.50m
United States,765504,Chris Brady,/chris-brady/profil/spieler/765504,Goalkeeper,03/03/2004 (22),Chicago Fire FC,€2.50m
United States,500309,Matt Freese,/matt-freese/profil/spieler/500309,Goalkeeper,02/09/1998 (27),New York City FC,€2.00m
United States,578539,Chris Richards,/chris-richards/profil/spieler/578539,Centre-Back,28/03/2000 (26),Crystal Palace,€28.00m
United States,429259,Mark McKenzie,/mark-mckenzie/profil/spieler/429259,Centre-Back,25/02/1999 (27),FC Toulouse,€7.00m
United States,389253,Auston Trusty,/auston-trusty/profil/spieler/389253,Centre-Back,12/08/1998 (27),Celtic FC,€6.00m
United States,468022,Miles Robinson,/miles-robinson/profil/spieler/468022,Centre-Back,14/03/1997 (29),FC Cincinnati,€3.50m
United States,145466,Tim Ream,/tim-ream/profil/spieler/145466,Centre-Back,05/10/1987 (38),Charlotte FC,€150k
United States,349701,Antonee Robinson,/antonee-robinson/profil/spieler/349701,Left-Back,08/08/1997 (28),Fulham FC,€22.00m
United States,361104,Sergiño Dest,/sergino-dest/profil/spieler/361104,Right-Back,03/11/2000 (25),PSV Eindhoven,€18.00m
United States,504153,Joe Scally,/joe-scally/profil/spieler/504153,Right-Back,31/12/2002 (23),Borussia Mönchengladbach,€7.00m
United States,985806,Alex Freeman,/alex-freeman/profil/spieler/985806,Right-Back,09/08/2004 (21),Villarreal CF,€3.50m
United States,332705,Tyler Adams,/tyler-adams/profil/spieler/332705,Defensive Midfield,14/02/1999 (27),AFC Bournemouth,€25.00m
United States,332697,Weston McKennie,/weston-mckennie/profil/spieler/332697,Central Midfield,28/08/1998 (27),Juventus FC,€30.00m
United States,734761,Sebastian Berhalter,/sebastian-berhalter/profil/spieler/734761,Central Midfield,10/05/2001 (25),Vancouver Whitecaps FC,€8.00m
United States,354792,Cristian Roldán,/cristian-roldan/profil/spieler/354792,Central Midfield,03/06/1995 (31),Seattle Sounders FC,€3.50m
United States,370846,Timothy Weah,/timothy-weah/profil/spieler/370846,Right Midfield,22/02/2000 (26),Olympique Marseille,€20.00m
United States,467437,Malik Tillman,/malik-tillman/profil/spieler/467437,Attacking Midfield,28/05/2002 (24),Bayer 04 Leverkusen,€30.00m
United States,393323,Brenden Aaronson,/brenden-aaronson/profil/spieler/393323,Attacking Midfield,22/10/2000 (25),Leeds United,€22.00m
United States,504215,Giovanni Reyna,/giovanni-reyna/profil/spieler/504215,Attacking Midfield,13/11/2002 (23),Borussia Mönchengladbach,€4.00m
United States,993063,Max Arfsten,/max-arfsten/profil/spieler/993063,Left Winger,19/04/2001 (25),Columbus Crew,€5.00m
United States,315779,Christian Pulisic,/christian-pulisic/profil/spieler/315779,Right Winger,18/09/1998 (27),AC Milan,€40.00m
United States,351505,Álex Zendejas,/alex-zendejas/profil/spieler/351505,Right Winger,07/02/1998 (28),CF América,€10.00m
United States,503770,Folarin Balogun,/folarin-balogun/profil/spieler/503770,Centre-Forward,03/07/2001 (24),AS Monaco,€40.00m
United States,627207,Ricardo Pepi,/ricardo-pepi/profil/spieler/627207,Centre-Forward,09/01/2003 (23),PSV Eindhoven,€30.00m
United States,315291,Haji Wright,/haji-wright/profil/spieler/315291,Centre-Forward,27/03/1998 (28),Coventry City,€16.00m
Uruguay,320739,Santiago Mele,/santiago-mele/profil/spieler/320739,Goalkeeper,06/09/1997 (28),CF Monterrey,€2.00m
Uruguay,264014,Sergio Rochet,/sergio-rochet/profil/spieler/264014,Goalkeeper,23/03/1993 (33),Sport Club Internacional,€1.80m
Uruguay,58088,Fernando Muslera,/fernando-muslera/profil/spieler/58088,Goalkeeper,16/06/1986 (40),Club Estudiantes de La Plata,€700k
Uruguay,480267,Ronald Araujo,/ronald-araujo/profil/spieler/480267,Centre-Back,07/03/1999 (27),FC Barcelona,€20.00m
Uruguay,438001,Santiago Bueno,/santiago-bueno/profil/spieler/438001,Centre-Back,09/11/1998 (27),Wolverhampton Wanderers,€10.00m
Uruguay,250845,José María Giménez,/jose-maria-gimenez/profil/spieler/250845,Centre-Back,20/01/1995 (31),Atlético de Madrid,€9.00m
Uruguay,532389,Sebastián Cáceres,/sebastian-caceres/profil/spieler/532389,Centre-Back,18/08/1999 (26),CF América,€4.50m
Uruguay,572675,Maxi Araújo,/maxi-araujo/profil/spieler/572675,Left-Back,15/02/2000 (26),Sporting CP,€35.00m
Uruguay,376514,Mathías Olivera,/mathias-olivera/profil/spieler/376514,Left-Back,31/10/1997 (28),SSC Napoli,€15.00m
Uruguay,496268,Joaquín Piquerez,/joaquin-piquerez/profil/spieler/496268,Left-Back,24/08/1998 (27),Sociedade Esportiva Palmeiras,€12.00m
Uruguay,446106,Juan Manuel Sanabria,/juan-manuel-sanabria/profil/spieler/446106,Left-Back,29/03/2000 (26),Real Salt Lake City,€4.00m
Uruguay,439072,Matías Viña,/matias-vina/profil/spieler/439072,Left-Back,09/11/1997 (28),CA River Plate,€3.50m
Uruguay,188862,Guillermo Varela,/guillermo-varela/profil/spieler/188862,Right-Back,24/03/1993 (33),CR Flamengo,€1.00m
Uruguay,476701,Manuel Ugarte,/manuel-ugarte/profil/spieler/476701,Defensive Midfield,11/04/2001 (25),Manchester United,€25.00m
Uruguay,354362,Rodrigo Bentancur,/rodrigo-bentancur/profil/spieler/354362,Defensive Midfield,25/06/1997 (29),Tottenham Hotspur,€20.00m
Uruguay,707447,Emiliano Martínez,/emiliano-martinez/profil/spieler/707447,Defensive Midfield,17/08/1999 (26),Sociedade Esportiva Palmeiras,€6.50m
Uruguay,369081,Federico Valverde,/federico-valverde/profil/spieler/369081,Central Midfield,22/07/1998 (27),Real Madrid,€90.00m
Uruguay,397458,Nicolás de la Cruz,/nicolas-de-la-cruz/profil/spieler/397458,Central Midfield,01/06/1997 (29),CR Flamengo,€8.00m
Uruguay,606752,Rodrigo Zalazar,/rodrigo-zalazar/profil/spieler/606752,Attacking Midfield,12/08/1999 (26),SC Braga,€30.00m
Uruguay,248410,Giorgian de Arrascaeta,/giorgian-de-arrascaeta/profil/spieler/248410,Attacking Midfield,01/06/1994 (32),CR Flamengo,€14.00m
Uruguay,465818,Brian Rodríguez,/brian-rodriguez/profil/spieler/465818,Left Winger,20/05/2000 (26),CF América,€8.00m
Uruguay,457533,Agustín Canobbio,/agustin-canobbio/profil/spieler/457533,Right Winger,01/10/1998 (27),Fluminense Football Club,€8.00m
Uruguay,676318,Facundo Pellistri,/facundo-pellistri/profil/spieler/676318,Right Winger,20/12/2001 (24),Panathinaikos,€5.00m
Uruguay,546543,Darwin Núñez,/darwin-nunez/profil/spieler/546543,Centre-Forward,24/06/1999 (27),Al-Hilal SFC,€20.00m
Uruguay,578419,Federico Viñas,/federico-vinas/profil/spieler/578419,Centre-Forward,30/06/1998 (27),Real Oviedo,€4.00m
Uruguay,189410,Rodrigo Aguirre,/rodrigo-aguirre/profil/spieler/189410,Centre-Forward,01/10/1994 (31),Tigres UANL,€2.30m
Uzbekistan,527866,Abduvokhid Nematov,/abduvokhid-nematov/profil/spieler/527866,Goalkeeper,20/03/2001 (25),Nasaf Qarshi,€1.50m
Uzbekistan,311958,Utkir Yusupov,/utkir-yusupov/profil/spieler/311958,Goalkeeper,04/01/1991 (35),Navbahor Namangan,€500k
Uzbekistan,312690,Botirali Ergashev,/botirali-ergashev/profil/spieler/312690,Goalkeeper,23/06/1995 (31),Neftchi Fergana,€500k
Uzbekistan,763079,Abdukodir Khusanov,/abdukodir-khusanov/profil/spieler/763079,Centre-Back,29/02/2004 (22),Manchester City,€50.00m
Uzbekistan,288883,Rustam Ashurmatov,/rustam-ashurmatov/profil/spieler/288883,Centre-Back,07/07/1996 (29),Esteghlal FC,€750k
Uzbekistan,989069,Jakhongir Urozov,/jakhongir-urozov/profil/spieler/989069,Centre-Back,18/01/2004 (22),Dinamo Samarqand,€600k
Uzbekistan,538764,Avazbek Ulmasaliev,/avazbek-ulmasaliev/profil/spieler/538764,Centre-Back,27/03/2000 (26),FC OKMK Olmaliq,€500k
Uzbekistan,493725,Umar Eshmurodov,/umar-eshmurodov/profil/spieler/493725,Centre-Back,30/11/1992 (33),Nasaf Qarshi,€450k
Uzbekistan,608537,Sherzod Nasrullaev,/sherzod-nasrullaev/profil/spieler/608537,Left-Back,23/07/1998 (27),Pakhtakor Tashkent,€1.20m
Uzbekistan,212499,Farrukh Sayfiev,/farrukh-sayfiev/profil/spieler/212499,Left-Back,17/01/1991 (35),Neftchi Fergana,€225k
Uzbekistan,492558,Khozhiakbar Alizhonov,/khozhiakbar-alizhonov/profil/spieler/492558,Right-Back,19/04/1997 (29),Pakhtakor Tashkent,€1.30m
Uzbekistan,1106187,Bekhruz Karimov,/bekhruz-karimov/profil/spieler/1106187,Right-Back,07/08/2007 (18),Surkhon Termiz,€350k
Uzbekistan,288915,Odildzhon Khamrobekov,/odildzhon-khamrobekov/profil/spieler/288915,Defensive Midfield,13/02/1996 (30),Tractor FC,€1.00m
Uzbekistan,570272,Abdulla Abdullaev,/abdulla-abdullaev/profil/spieler/570272,Defensive Midfield,01/09/1997 (28),Dibba SCC,€500k
Uzbekistan,431911,Aziz Ganiev,/aziz-ganiev/profil/spieler/431911,Central Midfield,22/02/1998 (28),Al-Bataeh CSC,€2.00m
Uzbekistan,294525,Otabek Shukurov,/otabek-shukurov/profil/spieler/294525,Central Midfield,22/06/1996 (30),FC Baniyas,€1.50m
Uzbekistan,562022,Akmal Mozgovoy,/akmal-mozgovoy/profil/spieler/562022,Central Midfield,02/04/1999 (27),Pakhtakor Tashkent,€1.40m
Uzbekistan,989068,Sherzod Esanov,/sherzod-esanov/profil/spieler/989068,Central Midfield,01/02/2003 (23),FC Buxoro,€450k
Uzbekistan,260857,Jamshid Iskanderov,/jamshid-iskanderov/profil/spieler/260857,Attacking Midfield,16/10/1993 (32),Neftchi Fergana,€1.00m
Uzbekistan,492556,Oston Urunov,/oston-urunov/profil/spieler/492556,Left Winger,19/12/2000 (25),Persepolis FC,€2.00m
Uzbekistan,754040,Ruslanbek Jiyanov,/ruslanbek-jiyanov/profil/spieler/754040,Left Winger,05/06/2001 (25),Navbahor Namangan,€800k
Uzbekistan,754037,Abbosbek Fayzullaev,/abbosbek-fayzullaev/profil/spieler/754037,Right Winger,03/10/2003 (22),Basaksehir FK,€7.00m
Uzbekistan,294502,Dostonbek Khamdamov,/dostonbek-khamdamov/profil/spieler/294502,Right Winger,24/07/1996 (29),Pakhtakor Tashkent,€900k
Uzbekistan,358166,Eldor Shomurodov,/eldor-shomurodov/profil/spieler/358166,Centre-Forward,29/06/1995 (31),Basaksehir FK,€7.00m
Uzbekistan,185372,Igor Sergeev,/igor-sergeev/profil/spieler/185372,Centre-Forward,30/04/1993 (33),Persepolis FC,€1.20m
Uzbekistan,517918,Azizbek Amanov,/azizbek-amanov/profil/spieler/517918,Centre-Forward,30/10/1997 (28),Dinamo Samarqand,€500k
