player_id,nombre,competicion_raw,partidos_raw,goles_raw,asistencias_raw,amarillas_raw,rojas_raw,minutos_raw,extraccion_exitosa
1007720,Tyler Bindon,Championship,25,1,-,1,-,"2,029'",True
1007720,Tyler Bindon,EFL Cup,1,-,-,-,-,34',True
1007720,Tyler Bindon,FA Cup,-,-,-,-,-,-,True
1007720,Tyler Bindon,TOTAL,26,1,-,1,-,"2,063'",True
100986,Thomas Meunier,Ligue 1,25,2,2,3,-,"1,910'",True
100986,Thomas Meunier,Europa League,8,-,1,-,-,481',True
100986,Thomas Meunier,Coupe de France,2,-,-,-,-,158',True
100986,Thomas Meunier,TOTAL,35,2,3,3,-,"2,549'",True
1012564,Rayan,Premier League,15,5,2,1,-,"1,120'",True
1012564,Rayan,Campeonato Carioca,1,2,-,-,-,85',True
1012564,Rayan,TOTAL,16,7,2,1,-,"1,205'",True
1016015,Ngal'ayel Mukau,Ligue 1,30,1,-,3,-,"1,540'",True
1016015,Ngal'ayel Mukau,Europa League,11,1,-,1,-,713',True
1016015,Ngal'ayel Mukau,Coupe de France,1,-,-,-,-,30',True
1016015,Ngal'ayel Mukau,TOTAL,42,2,-,4,-,"2,283'",True
1017735,Woodensky Pierre,CONCACAF Champions Cup,5,-,-,-,-,242',True
1017735,Woodensky Pierre,CONCACAF Caribbean Cup,3,-,-,-,-,202',True
1017735,Woodensky Pierre,TOTAL,8,-,-,-,-,444',True
1045375,Niko Sigur,SuperSport HNL,29,1,3,4,-,"2,227'",True
1045375,Niko Sigur,UECL Qualifying,4,-,-,-,-,153',True
1045375,Niko Sigur,Hrvatski nogometni kup,2,-,-,-,-,148',True
1045375,Niko Sigur,TOTAL,35,1,3,4,-,"2,528'",True
104951,El Mahdi Soliman,CAF Confederation Cup,6,3,2,2,-,480',True
104951,El Mahdi Soliman,Premier League,6,3,3,1,-,476',True
104951,El Mahdi Soliman,Championship Playoff,5,4,3,-,-,450',True
104951,El Mahdi Soliman,Egyptian League Cup,3,5,-,-,-,270',True
104951,El Mahdi Soliman,Egypt Cup,1,2,-,-,-,90',True
104951,El Mahdi Soliman,Egyptian Super Cup,-,-,-,-,-,-,True
104951,El Mahdi Soliman,TOTAL,21,17,8,3,-,"1,766'",True
1049911,Tyler Fletcher,Premier League 2,15,-,1,-,-,"1,192'",True
1049911,Tyler Fletcher,Premier League Int. Cup U21,4,-,1,-,-,390',True
1049911,Tyler Fletcher,National League Cup,4,-,-,-,-,288',True
1049911,Tyler Fletcher,PL2 Playoffs,3,-,1,-,-,270',True
1049911,Tyler Fletcher,EFL Trophy,3,-,-,-,-,270',True
1049911,Tyler Fletcher,Premier League,2,-,-,-,-,17',True
1049911,Tyler Fletcher,FA Cup,-,-,-,-,-,-,True
1049911,Tyler Fletcher,TOTAL,31,-,3,-,-,"2,427'",True
1051591,Amirmohammad Razzaghinia,Persian Gulf League,21,-,-,3,-,"1,494'",True
1051591,Amirmohammad Razzaghinia,AFC Champions League Two,6,-,-,1,-,443',True
1051591,Amirmohammad Razzaghinia,Hazfi Cup,1,-,-,-,-,34',True
1051591,Amirmohammad Razzaghinia,Iran Super Cup,1,-,-,-,-,1',True
1051591,Amirmohammad Razzaghinia,TOTAL,29,-,-,4,-,"1,972'",True
1052439,Kendry Páez,Ligue 1,15,1,-,-,-,420',True
1052439,Kendry Páez,Torneo Apertura,8,1,-,1,-,315',True
1052439,Kendry Páez,Conference League,5,-,-,2,-,280',True
1052439,Kendry Páez,Copa Sudamericana,4,-,1,-,-,102',True
1052439,Kendry Páez,Playoff Torneo Apertura,2,-,-,-,-,44',True
1052439,Kendry Páez,UECL Qualifying,1,-,-,-,-,18',True
1052439,Kendry Páez,Copa Argentina,-,-,-,-,-,-,True
1052439,Kendry Páez,Coupe de France,-,-,-,-,-,-,True
1052439,Kendry Páez,TOTAL,35,2,1,3,-,"1,179'",True
1054631,Ayoub Al-Oui,Stars League,19,1,-,5,-,"1,682'",True
1054631,Ayoub Al-Oui,AFC Champions League,7,1,-,1,-,485',True
1054631,Ayoub Al-Oui,Amir Cup,4,-,-,-,-,360',True
1054631,Ayoub Al-Oui,QSL Cup,-,-,-,-,-,-,True
1054631,Ayoub Al-Oui,TOTAL,30,2,-,6,-,"2,527'",True
105470,Alisson,Premier League,26,31,8,1,-,"2,340'",True
105470,Alisson,UEFA Champions League,6,3,4,-,-,506',True
105470,Alisson,FA Cup,2,1,1,-,-,180',True
105470,Alisson,Community Shield,1,2,-,-,-,90',True
105470,Alisson,EFL Cup,-,-,-,-,-,-,True
105470,Alisson,TOTAL,35,37,13,1,-,"3,116'",True
1059056,Ali Azaizeh,Saudi Pro League,15,2,1,-,-,627',True
1059056,Ali Azaizeh,TOTAL,15,2,1,-,-,627',True
1061046,Keeto Thermoncy,Promotion League,22,2,1,4,-,"1,895'",True
1061046,Keeto Thermoncy,Super League,-,-,-,-,-,-,True
1061046,Keeto Thermoncy,Europa League,-,-,-,-,-,-,True
1061046,Keeto Thermoncy,TOTAL,22,2,1,4,-,"1,895'",True
1061282,Assane Diao,Serie A,17,2,1,2,-,"1,084'",True
1061282,Assane Diao,Italy Cup,3,-,-,-,-,73',True
1061282,Assane Diao,TOTAL,20,2,1,2,-,"1,157'",True
1064377,Paul Okon-Engstler,A-League Men,23,-,2,6,-,"1,935'",True
1064377,Paul Okon-Engstler,A-League Fin.,4,-,-,3,-,390',True
1064377,Paul Okon-Engstler,TOTAL,27,-,2,9,-,"2,325'",True
1066953,Mateo Chávez,Eredivisie,20,1,2,5,-,826',True
1066953,Mateo Chávez,Conference League,7,-,-,4,-,453',True
1066953,Mateo Chávez,KNVB Beker,3,-,-,1,-,216',True
1066953,Mateo Chávez,Keuken Kampioen Divisie,2,-,-,1,-,127',True
1066953,Mateo Chávez,UECL Qualifying,2,-,-,-,-,93',True
1066953,Mateo Chávez,TOTAL,34,1,2,11,-,"1,715'",True
1067904,Bazoumana Touré,Bundesliga,30,5,12,2,-,"2,326'",True
1067904,Bazoumana Touré,DFB-Pokal,2,-,-,-,-,199',True
1067904,Bazoumana Touré,TOTAL,32,5,12,2,-,"2,525'",True
1069801,Olwethu Makhanya,MLS,13,-,-,4,1,"1,170'",True
1069801,Olwethu Makhanya,CONCACAF Champions Cup,4,1,-,1,-,298',True
1069801,Olwethu Makhanya,TOTAL,17,1,-,5,1,"1,468'",True
106987,Marcel Sabitzer,Bundesliga,26,1,2,3,-,"1,823'",True
106987,Marcel Sabitzer,UEFA Champions League,6,-,2,-,-,344',True
106987,Marcel Sabitzer,DFB-Pokal,2,-,-,-,-,181',True
106987,Marcel Sabitzer,TOTAL,34,1,4,3,-,"2,348'",True
1072017,Wagner Pina,Süper Lig,31,-,7,4,-,"2,444'",True
1072017,Wagner Pina,Türkiye Kupasi,8,-,2,2,-,600',True
1072017,Wagner Pina,TFF Süper Kupa,1,-,-,-,-,88',True
1072017,Wagner Pina,TOTAL,40,-,9,6,-,"3,132'",True
107318,Roberto Fernández,Primera División Apertura,3,2,2,-,-,270',True
107318,Roberto Fernández,Libertadores,-,-,-,-,-,-,True
107318,Roberto Fernández,TOTAL,3,2,2,-,-,270',True
1080301,Danial Eiri,Persian Gulf League,22,-,-,1,-,"1,892'",True
1080301,Danial Eiri,Hazfi Cup,2,-,-,2,-,210',True
1080301,Danial Eiri,TOTAL,24,-,-,3,-,"2,102'",True
1082993,Findlay Curtis,Premiership,19,2,1,1,-,845',True
1082993,Findlay Curtis,Premiership Relegation,5,4,-,-,-,425',True
1082993,Findlay Curtis,Champions League Qu.,4,1,-,-,-,184',True
1082993,Findlay Curtis,Europa League,4,-,1,1,-,119',True
1082993,Findlay Curtis,League Cup,2,1,-,-,-,9',True
1082993,Findlay Curtis,SFA Cup,1,-,1,-,-,90',True
1082993,Findlay Curtis,TOTAL,35,8,3,2,-,"1,672'",True
108354,Jordan Ayew,Championship,42,6,3,5,-,"2,259'",True
108354,Jordan Ayew,FA Cup,2,-,-,-,-,99',True
108354,Jordan Ayew,EFL Cup,1,-,-,-,-,8',True
108354,Jordan Ayew,TOTAL,45,6,3,5,-,"2,366'",True
108390,Thibaut Courtois,LaLiga,32,28,13,1,-,"2,880'",True
108390,Thibaut Courtois,UEFA Champions League,11,11,4,-,-,945',True
108390,Thibaut Courtois,Supercopa,2,4,-,-,-,180',True
108390,Thibaut Courtois,Copa del Rey,-,-,-,-,-,-,True
108390,Thibaut Courtois,TOTAL,45,43,17,1,-,"4,005'",True
108725,Chris Wood,Premier League,15,3,-,-,-,907',True
108725,Chris Wood,Europa League,5,2,-,-,-,237',True
108725,Chris Wood,Premier League 2,1,1,-,-,-,45',True
108725,Chris Wood,FA Cup,-,-,-,-,-,-,True
108725,Chris Wood,EFL Cup,-,-,-,-,-,-,True
108725,Chris Wood,TOTAL,21,6,-,-,-,"1,189'",True
1087789,Tarek Alaa,Relegation Playoff,9,-,1,-,-,618',True
1087789,Tarek Alaa,Premier League,4,-,-,1,-,322',True
1087789,Tarek Alaa,Egypt Cup,3,-,-,2,-,294',True
1087789,Tarek Alaa,Egyptian Super Cup,1,-,-,1,-,72',True
1087789,Tarek Alaa,Egyptian League Cup,-,-,-,-,-,-,True
1087789,Tarek Alaa,CAF-Champions League,-,-,-,-,-,-,True
1087789,Tarek Alaa,FIFA Intercontinental Cup,-,-,-,-,-,-,True
1087789,Tarek Alaa,CAF-Supercup,-,-,-,-,-,-,True
1087789,Tarek Alaa,TOTAL,17,-,1,4,-,"1,306'",True
1089202,Moïse Bombito,Ligue 1,2,-,-,1,-,146',True
1089202,Moïse Bombito,L1/L2 Playoffs,-,-,-,-,-,-,True
1089202,Moïse Bombito,Coupe de France,-,-,-,-,-,-,True
1089202,Moïse Bombito,Europa League,-,-,-,-,-,-,True
1089202,Moïse Bombito,Champions League Qu.,-,-,-,-,-,-,True
1089202,Moïse Bombito,TOTAL,2,-,-,1,-,146',True
1097139,Ayyoub Bouaddi,Ligue 1,30,-,1,7,-,"2,328'",True
1097139,Ayyoub Bouaddi,Europa League,10,-,-,2,-,666',True
1097139,Ayyoub Bouaddi,Coupe de France,2,-,-,-,-,159',True
1097139,Ayyoub Bouaddi,TOTAL,42,-,1,9,-,"3,153'",True
1107265,Ime Okon,2. Bundesliga,25,2,-,4,-,"1,716'",True
1107265,Ime Okon,DFB-Pokal,1,-,-,1,-,90',True
1107265,Ime Okon,TOTAL,26,2,-,5,-,"1,806'",True
1109254,Thabang Matuludi,Betway Premiership,23,2,-,4,-,"1,950'",True
1109254,Thabang Matuludi,Nedbank Cup,1,-,-,-,-,120',True
1109254,Thabang Matuludi,Carling Knockout,1,-,-,-,-,120',True
1109254,Thabang Matuludi,MTN8,-,-,-,-,-,-,True
1109254,Thabang Matuludi,TOTAL,25,2,-,4,-,"2,190'",True
1109358,Lachlan Bayliss,A-League Men,25,5,3,5,-,"1,644'",True
1109358,Lachlan Bayliss,A-League Fin.,2,-,-,-,-,191',True
1109358,Lachlan Bayliss,TOTAL,27,5,3,5,-,"1,835'",True
1111589,El Hadji Malick Diouf,Premier League,32,-,5,6,-,"2,711'",True
1111589,El Hadji Malick Diouf,FA Cup,1,-,-,-,-,105',True
1111589,El Hadji Malick Diouf,EFL Cup,1,-,-,-,-,90',True
1111589,El Hadji Malick Diouf,TOTAL,34,-,5,6,-,"2,906'",True
1113451,Kojo Peprah Oppong,Ligue 1,29,1,-,4,-,"2,429'",True
1113451,Kojo Peprah Oppong,Coupe de France,5,-,-,1,-,360',True
1113451,Kojo Peprah Oppong,Europa League,5,-,-,1,-,361',True
1113451,Kojo Peprah Oppong,L1/L2 Playoffs,2,-,-,-,-,180',True
1113451,Kojo Peprah Oppong,Champions League Qu.,2,-,-,-,-,135',True
1113451,Kojo Peprah Oppong,TOTAL,43,1,-,6,-,"3,465'",True
111627,Ryan Mendes,1.Lig,29,5,2,3,-,"1,872'",True
111627,Ryan Mendes,Türkiye Kupasi,4,-,-,-,-,164',True
111627,Ryan Mendes,Süper Lig,4,-,-,-,-,273',True
111627,Ryan Mendes,TOTAL,37,5,2,3,-,"2,309'",True
111873,Emiliano Martínez,Premier League,32,39,8,2,-,"2,835'",True
111873,Emiliano Martínez,Europa League,11,7,6,1,-,990',True
111873,Emiliano Martínez,FA Cup,1,3,-,-,-,45',True
111873,Emiliano Martínez,EFL Cup,-,-,-,-,-,-,True
111873,Emiliano Martínez,TOTAL,44,49,14,3,-,"3,870'",True
1119447,Christopher Bonsu Baah,Saudi Pro League,32,3,12,5,-,"2,684'",True
1119447,Christopher Bonsu Baah,King's Cup,3,-,-,-,-,155',True
1119447,Christopher Bonsu Baah,Saudi Super Cup,1,-,1,-,-,42',True
1119447,Christopher Bonsu Baah,TOTAL,36,3,13,5,-,"2,881'",True
1125037,Relebohile Mofokeng,Betway Premiership,27,10,8,2,-,"2,132'",True
1125037,Relebohile Mofokeng,MTN8,4,-,-,1,-,375',True
1125037,Relebohile Mofokeng,Carling Knockout,3,1,-,-,-,199',True
1125037,Relebohile Mofokeng,CAF-Champions League,1,-,1,-,-,76',True
1125037,Relebohile Mofokeng,Nedbank Cup,1,-,-,-,-,120',True
1125037,Relebohile Mofokeng,TOTAL,36,11,9,3,-,"2,902'",True
1130514,Samir El Mourabet,Ligue 1,33,1,3,4,-,"2,137'",True
1130514,Samir El Mourabet,Conference League,10,1,-,3,-,754',True
1130514,Samir El Mourabet,Coupe de France,5,-,-,-,-,337',True
1130514,Samir El Mourabet,UECL Qualifying,-,-,-,-,-,-,True
1130514,Samir El Mourabet,TOTAL,48,2,3,7,-,"3,228'",True
1132850,Zaid Ismail,Iraq Stars League,30,4,3,10,-,"2,614'",True
1132850,Zaid Ismail,TOTAL,30,4,3,10,-,"2,614'",True
113915,Abdulaziz Hatim,Stars League,18,-,1,2,1,921',True
113915,Abdulaziz Hatim,QSL Cup,2,-,-,1,-,106',True
113915,Abdulaziz Hatim,Amir Cup,1,-,-,-,-,76',True
113915,Abdulaziz Hatim,TOTAL,21,-,1,3,1,"1,103'",True
1143849,Tahsin Mohammed Jamshid,Stars League,14,1,-,1,-,372',True
1143849,Tahsin Mohammed Jamshid,AFC Champions League,4,-,-,1,-,41',True
1143849,Tahsin Mohammed Jamshid,Amir Cup,2,1,-,-,-,58',True
1143849,Tahsin Mohammed Jamshid,QSL Cup,1,1,-,-,-,79',True
1143849,Tahsin Mohammed Jamshid,AFC CL Elite Qualif.,-,-,-,-,-,-,True
1143849,Tahsin Mohammed Jamshid,TOTAL,21,3,-,2,-,550',True
1144627,Kento Shiogai,Eredivisie,12,7,-,1,-,363',True
1144627,Kento Shiogai,Bundesliga,12,1,-,3,-,313',True
1144627,Kento Shiogai,KNVB Beker,2,2,-,-,-,171',True
1144627,Kento Shiogai,Bundesliga Playoffs,1,-,-,-,-,15',True
1144627,Kento Shiogai,TOTAL,27,10,-,4,-,862',True
1151929,Gessime Yassine,Ligue 2,13,2,7,1,-,804',True
1151929,Gessime Yassine,Ligue 1,12,-,2,-,-,510',True
1151929,Gessime Yassine,Coupe de France,5,1,1,2,-,236',True
1151929,Gessime Yassine,Conference League,4,-,-,-,-,169',True
1151929,Gessime Yassine,TOTAL,34,3,10,3,-,"1,719'",True
1155723,Gilberto Mora,Liga MX Apertura,11,3,1,-,-,808',True
1155723,Gilberto Mora,Liga MX Clausura,6,1,-,-,-,330',True
1155723,Gilberto Mora,Liguilla Apertura,3,2,-,1,-,256',True
1155723,Gilberto Mora,TOTAL,20,6,1,1,-,"1,394'",True
1175086,Samukele Kabini,Eliteserien,7,-,1,1,1,618',True
1175086,Samukele Kabini,NM-Cup,2,-,-,-,-,210',True
1175086,Samukele Kabini,TOTAL,9,-,1,1,1,828',True
1181852,Mohammed Abu Al-Shamat,Saudi Pro League,31,3,8,3,-,"2,497'",True
1181852,Mohammed Abu Al-Shamat,King's Cup,3,-,-,-,-,217',True
1181852,Mohammed Abu Al-Shamat,Saudi Super Cup,-,-,-,-,-,-,True
1181852,Mohammed Abu Al-Shamat,TOTAL,34,3,8,3,-,"2,714'",True
118397,Alessandro Schöpf,Bundesliga,24,5,5,2,-,"1,804'",True
118397,Alessandro Schöpf,ÖFB-Cup,4,-,1,1,-,331',True
118397,Alessandro Schöpf,UECL Qualifying,2,-,-,1,-,210',True
118397,Alessandro Schöpf,Europa League Qualifying,2,-,-,-,-,191',True
118397,Alessandro Schöpf,Bundesliga EC-Play-off,1,-,-,-,-,20',True
118397,Alessandro Schöpf,TOTAL,33,5,6,4,-,"2,556'",True
1185888,Ibrahim Mbaye,Ligue 1,24,3,2,-,-,998',True
1185888,Ibrahim Mbaye,UEFA Champions League,4,-,-,-,-,101',True
1185888,Ibrahim Mbaye,FIFA Intercontinental Cup,1,-,-,-,-,30',True
1185888,Ibrahim Mbaye,National U19 - Grp. A,1,-,-,-,-,90',True
1185888,Ibrahim Mbaye,UEFA Super Cup,1,-,-,-,-,23',True
1185888,Ibrahim Mbaye,Coupe de France,-,-,-,-,-,-,True
1185888,Ibrahim Mbaye,Trophée des Champions,-,-,-,-,-,-,True
1185888,Ibrahim Mbaye,TOTAL,31,3,2,-,-,"1,242'",True
120205,Michael Gregoritsch,Bundesliga,17,6,3,2,-,917',True
120205,Michael Gregoritsch,Superliga,11,2,1,2,-,370',True
120205,Michael Gregoritsch,UECL Qualifying,2,1,-,1,-,41',True
120205,Michael Gregoritsch,Oddset Pokalen,1,-,-,-,-,15',True
120205,Michael Gregoritsch,DFB-Pokal,-,-,-,-,-,-,True
120205,Michael Gregoritsch,TOTAL,31,9,4,5,-,"1,343'",True
120443,Santiago Arias,Torneo Apertura,12,-,2,1,-,823',True
120443,Santiago Arias,Copa Argentina,1,-,-,-,-,90',True
120443,Santiago Arias,Playoff Torneo Apertura,1,-,-,-,-,90',True
120443,Santiago Arias,TOTAL,14,-,2,1,-,"1,003'",True
1206877,Hugo Sochurek,Chance Liga,6,-,2,-,-,416',True
1206877,Hugo Sochurek,1. liga U19,6,-,1,-,-,502',True
1206877,Hugo Sochurek,ChNL,5,-,-,-,-,298',True
1206877,Hugo Sochurek,Chance Liga Champion Gr.,2,-,-,-,-,96',True
1206877,Hugo Sochurek,Conference League,1,-,-,-,-,90',True
1206877,Hugo Sochurek,MOL Cup,1,-,-,1,-,29',True
1206877,Hugo Sochurek,TOTAL,21,-,3,1,-,"1,431'",True
121385,Grant Hanley,Premiership,21,-,-,2,-,"1,709'",True
121385,Grant Hanley,Scottish Premiership Top Six Split,3,-,-,-,-,223',True
121385,Grant Hanley,League Cup,2,-,-,-,-,180',True
121385,Grant Hanley,SFA Cup,-,-,-,-,-,-,True
121385,Grant Hanley,UECL Qualifying,-,-,-,-,-,-,True
121385,Grant Hanley,TOTAL,26,-,-,2,-,"2,112'",True
121791,Éric Davis,Liga Panameña Clausura,11,2,2,2,-,926',True
121791,Éric Davis,Central American Cup,8,1,3,-,-,692',True
121791,Éric Davis,LPF Clausura Playoff,3,-,3,1,-,236',True
121791,Éric Davis,TOTAL,22,3,8,3,-,"1,854'",True
122582,Juan Fernando Quintero,Torneo Apertura,12,2,2,-,-,548',True
122582,Juan Fernando Quintero,Playoff Torneo Apertura,3,1,1,-,-,90',True
122582,Juan Fernando Quintero,Copa Sudamericana,3,-,1,-,-,220',True
122582,Juan Fernando Quintero,Copa Argentina,1,1,-,-,-,90',True
122582,Juan Fernando Quintero,TOTAL,19,4,4,-,-,948',True
1240763,Caleb Yirenkyi,Superliga,21,2,5,7,-,"1,804'",True
1240763,Caleb Yirenkyi,Superliga Championship round,9,-,1,2,-,810',True
1240763,Caleb Yirenkyi,Oddset Pokalen,4,-,-,1,-,385',True
1240763,Caleb Yirenkyi,TOTAL,34,2,6,10,-,"2,999'",True
1252806,Mohammad Abu Ghoush,Jordanian Pro League,24,4,6,3,-,"1,860'",True
1252806,Mohammad Abu Ghoush,AFC Champions League Two,2,-,-,-,-,105',True
1252806,Mohammad Abu Ghoush,TOTAL,26,4,6,3,-,"1,965'",True
125714,Mark Flekken,Bundesliga,24,38,5,1,-,"2,130'",True
125714,Mark Flekken,UEFA Champions League,6,12,2,-,-,540',True
125714,Mark Flekken,DFB-Pokal,4,4,2,-,-,390',True
125714,Mark Flekken,TOTAL,34,54,9,1,-,"3,060'",True
12589,Craig Gordon,Premiership,3,2,2,-,-,225',True
12589,Craig Gordon,Scottish Premiership Top Six Split,-,-,-,-,-,-,True
12589,Craig Gordon,SFA Cup,-,-,-,-,-,-,True
12589,Craig Gordon,League Cup,-,-,-,-,-,-,True
12589,Craig Gordon,TOTAL,3,2,2,-,-,225',True
1259085,Hamza Abdelkarim,Egyptian League Cup,6,-,-,-,-,285',True
1259085,Hamza Abdelkarim,CAF-Champions League,1,-,-,-,-,1',True
1259085,Hamza Abdelkarim,Premier League,1,-,-,-,-,2',True
1259085,Hamza Abdelkarim,Egypt Cup,1,-,-,-,-,74',True
1259085,Hamza Abdelkarim,Egyptian Super Cup,-,-,-,-,-,-,True
1259085,Hamza Abdelkarim,TOTAL,9,-,-,-,-,362',True
126014,Leandro Bacuna,1.Lig,35,9,4,4,-,"2,900'",True
126014,Leandro Bacuna,Türkiye Kupasi,3,-,-,1,-,139',True
126014,Leandro Bacuna,TOTAL,38,9,4,5,-,"3,039'",True
126019,Alberto Quintero,Liga Panameña Clausura,13,3,2,2,-,"1,013'",True
126019,Alberto Quintero,Central American Cup,7,2,1,-,-,580',True
126019,Alberto Quintero,LPF Clausura Playoff,3,-,1,1,-,249',True
126019,Alberto Quintero,TOTAL,23,5,4,3,-,"1,842'",True
126214,Mathew Leckie,A-League Men,6,-,1,-,-,237',True
126214,Mathew Leckie,A-League Fin.,1,-,-,-,-,120',True
126214,Mathew Leckie,AFC Champions League,1,-,-,-,-,45',True
126214,Mathew Leckie,TOTAL,8,-,1,-,-,402',True
1264176,Issa Laye,Stars League,12,-,1,1,-,869',True
1264176,Issa Laye,Amir Cup,1,-,-,-,-,20',True
1264176,Issa Laye,QSL Cup,-,-,-,-,-,-,True
1264176,Issa Laye,TOTAL,13,-,1,1,-,889',True
126600,Kenny McLean,Championship,42,3,4,6,-,"3,620'",True
126600,Kenny McLean,FA Cup,2,-,-,-,-,99',True
126600,Kenny McLean,EFL Cup,1,-,-,-,-,26',True
126600,Kenny McLean,TOTAL,45,3,4,6,-,"3,745'",True
126664,Lucas Digne,Premier League,31,-,6,3,-,"1,852'",True
126664,Lucas Digne,Europa League,11,-,1,2,-,817',True
126664,Lucas Digne,FA Cup,2,-,-,1,-,102',True
126664,Lucas Digne,EFL Cup,-,-,-,-,-,-,True
126664,Lucas Digne,TOTAL,44,-,7,6,-,"2,771'",True
126665,Idrissa Gueye,Premier League,25,2,3,1,-,"2,102'",True
126665,Idrissa Gueye,FA Cup,-,-,-,-,-,-,True
126665,Idrissa Gueye,EFL Cup,-,-,-,-,-,-,True
126665,Idrissa Gueye,TOTAL,25,2,3,1,-,"2,102'",True
127048,Cédric Bakambu,LaLiga,18,3,1,1,-,562',True
127048,Cédric Bakambu,Europa League,6,1,2,3,-,420',True
127048,Cédric Bakambu,Copa del Rey,3,-,-,-,-,193',True
127048,Cédric Bakambu,TOTAL,27,4,3,4,-,"1,175'",True
127573,Phillipp Mwene,Bundesliga,29,1,5,4,-,"2,073'",True
127573,Phillipp Mwene,Conference League,7,-,-,-,-,478',True
127573,Phillipp Mwene,UECL Qualifying,2,-,-,-,-,161',True
127573,Phillipp Mwene,DFB-Pokal,1,-,-,-,-,69',True
127573,Phillipp Mwene,TOTAL,39,1,5,4,-,"2,781'",True
1279526,Christ Inao Oulaï,Süper Lig,25,2,4,9,-,"2,078'",True
1279526,Christ Inao Oulaï,Türkiye Kupasi,6,-,-,2,-,323',True
1279526,Christ Inao Oulaï,TFF Süper Kupa,-,-,-,-,-,-,True
1279526,Christ Inao Oulaï,Ligue 2,-,-,-,-,-,-,True
1279526,Christ Inao Oulaï,TOTAL,31,2,4,11,-,"2,401'",True
1279984,Lucas Herrington,MLS,15,1,1,4,-,"1,350'",True
1279984,Lucas Herrington,A-League Men,11,1,-,2,-,930',True
1279984,Lucas Herrington,US Open Cup,2,-,-,-,-,210',True
1279984,Lucas Herrington,TOTAL,28,2,1,6,-,"2,490'",True
1283140,Khulumani Ndamane,Betway Premiership,26,-,1,9,-,"2,270'",True
1283140,Khulumani Ndamane,CAF-Champions League,9,-,-,1,-,677',True
1283140,Khulumani Ndamane,MTN8,1,-,1,-,-,65',True
1283140,Khulumani Ndamane,Carling Knockout,1,-,-,-,-,120',True
1283140,Khulumani Ndamane,Nedbank Cup,-,-,-,-,-,-,True
1283140,Khulumani Ndamane,TOTAL,37,-,2,10,-,"3,132'",True
128969,Mathew Ryan,LaLiga,36,56,9,4,-,"3,240'",True
128969,Mathew Ryan,Copa del Rey,-,-,-,-,-,-,True
128969,Mathew Ryan,TOTAL,36,56,9,4,-,"3,240'",True
129586,Joris Kayembe,Jupiler Pro League,20,-,1,4,-,"1,654'",True
129586,Joris Kayembe,Europa League,9,-,-,1,-,681',True
129586,Joris Kayembe,JPL Europe Play-Offs,8,-,-,1,-,453',True
129586,Joris Kayembe,Europa League Qualifying,2,-,-,-,-,102',True
129586,Joris Kayembe,Jupiler Pro League playoff Europa League,-,-,-,-,-,-,True
129586,Joris Kayembe,Croky Cup,-,-,-,-,-,-,True
129586,Joris Kayembe,TOTAL,39,-,1,6,-,"2,890'",True
130164,Jordan Pickford,Premier League,38,50,11,4,-,"3,420'",True
130164,Jordan Pickford,FA Cup,1,1,-,-,-,120',True
130164,Jordan Pickford,EFL Cup,-,-,-,-,-,-,True
130164,Jordan Pickford,TOTAL,39,51,11,4,-,"3,540'",True
1307898,Mohamed Alaa,Premier League,19,15,7,1,-,"1,710'",True
1307898,Mohamed Alaa,Relegation Playoff,10,6,5,2,-,900',True
1307898,Mohamed Alaa,Egyptian League Cup,2,-,2,-,-,139',True
1307898,Mohamed Alaa,Egypt Cup,1,3,-,-,-,90',True
1307898,Mohamed Alaa,TOTAL,32,24,14,3,-,"2,839'",True
131225,Nicolás Tagliafico,Ligue 1,20,-,3,4,1,"1,310'",True
131225,Nicolás Tagliafico,Europa League,8,-,-,2,1,560',True
131225,Nicolás Tagliafico,Coupe de France,2,-,-,1,-,149',True
131225,Nicolás Tagliafico,TOTAL,30,-,3,7,2,"2,019'",True
132098,Harry Kane,Bundesliga,31,36,5,1,-,"2,382'",True
132098,Harry Kane,UEFA Champions League,13,14,2,-,-,"1,041'",True
132098,Harry Kane,DFB-Pokal,6,10,-,1,-,537',True
132098,Harry Kane,DFL-Supercup,1,1,-,1,-,90',True
132098,Harry Kane,TOTAL,51,61,7,3,-,"4,050'",True
132561,Seyed Hossein Hosseini,Persian Gulf League,15,9,8,-,-,"1,350'",True
132561,Seyed Hossein Hosseini,AFC Champions League Two,5,5,2,-,-,480',True
132561,Seyed Hossein Hosseini,Hazfi Cup,2,3,1,-,-,180',True
132561,Seyed Hossein Hosseini,AFC CL Elite Qualif.,1,3,-,-,-,90',True
132561,Seyed Hossein Hosseini,TOTAL,23,20,11,-,-,"2,100'",True
133179,Marten de Roon,Serie A,34,1,2,6,1,"2,704'",True
133179,Marten de Roon,UEFA Champions League,12,-,2,2,-,899',True
133179,Marten de Roon,Italy Cup,4,1,-,1,-,315',True
133179,Marten de Roon,TOTAL,50,2,4,9,1,"3,918'",True
134270,Dan Burn,Premier League,29,1,3,9,1,"2,199'",True
134270,Dan Burn,UEFA Champions League,11,1,2,2,-,965',True
134270,Dan Burn,FA Cup,2,-,1,-,-,117',True
134270,Dan Burn,EFL Cup,2,-,-,-,-,180',True
134270,Dan Burn,TOTAL,44,2,6,11,1,"3,461'",True
134573,Mohamed El Shenawy,Premier League,15,13,5,2,-,"1,350'",True
134573,Mohamed El Shenawy,CAF-Champions League,2,1,1,-,-,169',True
134573,Mohamed El Shenawy,Egyptian Super Cup,2,1,1,-,-,180',True
134573,Mohamed El Shenawy,Championship Playoff,-,-,-,-,1,-,True
134573,Mohamed El Shenawy,Egyptian League Cup,-,-,-,-,-,-,True
134573,Mohamed El Shenawy,Egypt Cup,-,-,-,-,-,-,True
134573,Mohamed El Shenawy,TOTAL,19,15,7,2,1,"1,699'",True
136834,Aziz Behich,A-League Men,24,3,1,5,-,"2,160'",True
136834,Aziz Behich,AFC Champions League,9,-,1,2,-,831',True
136834,Aziz Behich,A-League Fin.,1,-,1,-,-,120',True
136834,Aziz Behich,TOTAL,34,3,3,7,-,"3,111'",True
1371519,Alexandro Maidana,Torneo Apertura,8,2,-,2,-,645',True
1371519,Alexandro Maidana,Primera División Apertura,6,-,-,-,-,467',True
1371519,Alexandro Maidana,Libertadores,2,-,-,-,-,180',True
1371519,Alexandro Maidana,Copa Argentina,1,-,-,-,-,90',True
1371519,Alexandro Maidana,Playoff Torneo Apertura,1,-,-,-,-,78',True
1371519,Alexandro Maidana,TOTAL,18,2,-,2,-,"1,460'",True
137576,Hans Vanaken,Jupiler Pro League,29,4,1,2,-,"2,565'",True
137576,Hans Vanaken,Jupiler Pro League Champions' Play-Offs,10,3,2,-,-,801',True
137576,Hans Vanaken,UEFA Champions League,10,2,3,2,-,900',True
137576,Hans Vanaken,Champions League Qu.,4,2,1,-,-,360',True
137576,Hans Vanaken,Croky Cup,3,-,-,-,-,225',True
137576,Hans Vanaken,Volkswagen Supercup,1,1,-,-,-,90',True
137576,Hans Vanaken,TOTAL,57,12,7,4,-,"4,941'",True
1378320,Mbekezeli Mbokazi,MLS,12,-,-,2,-,"1,050'",True
1378320,Mbekezeli Mbokazi,Betway Premiership,11,-,-,1,-,909',True
1378320,Mbekezeli Mbokazi,Carling Knockout,4,1,-,1,-,390',True
1378320,Mbekezeli Mbokazi,MTN8,4,-,1,-,-,390',True
1378320,Mbekezeli Mbokazi,US Open Cup,2,-,-,-,-,130',True
1378320,Mbekezeli Mbokazi,CAF-Champions League,2,-,-,-,-,180',True
1378320,Mbekezeli Mbokazi,TOTAL,35,1,1,4,-,"3,049'",True
1378902,Anas Badawi,Jordanian Pro League,16,-,1,2,1,"1,079'",True
1378902,Anas Badawi,TOTAL,16,-,1,2,1,"1,079'",True
1390649,Yan Diomande,Bundesliga,33,12,9,2,-,"2,483'",True
1390649,Yan Diomande,DFB-Pokal,3,1,1,-,-,241',True
1390649,Yan Diomande,TOTAL,36,13,10,2,-,"2,724'",True
139208,Virgil van Dijk,Premier League,38,6,-,4,-,"3,420'",True
139208,Virgil van Dijk,UEFA Champions League,12,2,3,2,-,"1,080'",True
139208,Virgil van Dijk,FA Cup,4,-,-,-,-,351',True
139208,Virgil van Dijk,Community Shield,1,-,-,-,-,90',True
139208,Virgil van Dijk,EFL Cup,-,-,-,-,-,-,True
139208,Virgil van Dijk,TOTAL,55,8,3,6,-,"4,941'",True
139503,Enner Valencia,Liga MX Apertura,9,3,-,-,-,692',True
139503,Enner Valencia,Liga MX Clausura,8,2,-,1,1,298',True
139503,Enner Valencia,Liguilla Clausura,4,2,-,-,-,319',True
139503,Enner Valencia,Liguilla Apertura,1,1,1,-,-,56',True
139503,Enner Valencia,TOTAL,22,8,1,1,1,"1,365'",True
142219,Jaroslav Zelený,Chance Liga,21,1,1,2,-,"1,446'",True
142219,Jaroslav Zelený,Conference League,7,-,-,1,-,611',True
142219,Jaroslav Zelený,Chance Liga Champion Gr.,4,-,2,-,-,315',True
142219,Jaroslav Zelený,UECL Qualifying,3,-,-,1,-,180',True
142219,Jaroslav Zelený,MOL Cup,1,-,-,-,-,45',True
142219,Jaroslav Zelený,TOTAL,36,1,3,4,-,"2,597'",True
144028,Leandro Trossard,Premier League,31,6,6,2,-,"2,008'",True
144028,Leandro Trossard,UEFA Champions League,11,1,5,-,-,631',True
144028,Leandro Trossard,EFL Cup,6,1,-,1,-,217',True
144028,Leandro Trossard,FA Cup,2,-,-,-,-,66',True
144028,Leandro Trossard,TOTAL,50,8,11,3,-,"2,922'",True
145707,Danilo,Série A,4,-,-,-,1,204',True
145707,Danilo,Libertadores,4,-,-,-,-,360',True
145707,Danilo,Campeonato Carioca,3,-,-,-,-,270',True
145707,Danilo,Copa do Brasil,2,-,-,1,-,180',True
145707,Danilo,FIFA Intercontinental Cup,1,1,-,-,-,90',True
145707,Danilo,Recopa Sudamericana,1,-,-,-,-,92',True
145707,Danilo,Supercopa Rei,-,-,-,-,-,-,True
145707,Danilo,TOTAL,15,1,-,1,1,"1,196'",True
148455,Mohamed Salah,Premier League,27,7,7,1,-,"2,150'",True
148455,Mohamed Salah,UEFA Champions League,10,3,2,-,-,687',True
148455,Mohamed Salah,FA Cup,3,2,1,-,-,223',True
148455,Mohamed Salah,Community Shield,1,-,-,1,-,90',True
148455,Mohamed Salah,EFL Cup,-,-,-,-,-,-,True
148455,Mohamed Salah,TOTAL,41,12,10,2,-,"3,150'",True
1497653,Bara Sapoko Ndiaye,Bundesliga,4,-,-,-,-,142',True
1497653,Bara Sapoko Ndiaye,DFB-Pokal,-,-,-,-,-,-,True
1497653,Bara Sapoko Ndiaye,UEFA Champions League,-,-,-,-,-,-,True
1497653,Bara Sapoko Ndiaye,TOTAL,4,-,-,-,-,142',True
149901,Tim Payne,A-League Men,14,-,5,-,-,868',True
149901,Tim Payne,TOTAL,14,-,5,-,-,868',True
153084,Leon Goretzka,Bundesliga,31,5,4,4,-,"1,954'",True
153084,Leon Goretzka,UEFA Champions League,10,-,-,-,-,185',True
153084,Leon Goretzka,DFB-Pokal,6,-,1,-,-,120',True
153084,Leon Goretzka,DFL-Supercup,1,-,-,-,-,90',True
153084,Leon Goretzka,TOTAL,48,5,5,4,-,"2,349'",True
156990,Marco Friedl,Bundesliga,30,1,-,9,-,"2,549'",True
156990,Marco Friedl,DFB-Pokal,1,-,-,1,-,90',True
156990,Marco Friedl,TOTAL,31,1,-,10,-,"2,639'",True
157154,Roderick Miller,Premyer Liqa,24,-,2,8,-,"2,020'",True
157154,Roderick Miller,Azerbaycan Kuboku,4,-,-,-,-,279',True
157154,Roderick Miller,TOTAL,28,-,2,8,-,"2,299'",True
157672,Vladimír Coufal,Bundesliga,34,1,9,4,-,"3,018'",True
157672,Vladimír Coufal,DFB-Pokal,1,-,-,-,-,90',True
157672,Vladimír Coufal,TOTAL,35,1,9,4,-,"3,108'",True
161056,Joshua Kimmich,Bundesliga,29,2,8,4,-,"2,282'",True
161056,Joshua Kimmich,UEFA Champions League,13,-,2,4,-,"1,161'",True
161056,Joshua Kimmich,DFB-Pokal,6,-,3,-,-,540',True
161056,Joshua Kimmich,DFL-Supercup,1,-,-,-,-,90',True
161056,Joshua Kimmich,TOTAL,49,2,13,8,-,"4,073'",True
161671,Aníbal Godoy,MLS,14,-,1,3,-,797',True
161671,Aníbal Godoy,CONCACAF Champions Cup,3,-,-,2,-,239',True
161671,Aníbal Godoy,TOTAL,17,-,1,5,-,"1,036'",True
16306,Casemiro,Premier League,34,9,2,9,1,"2,589'",True
16306,Casemiro,FA Cup,1,-,-,-,-,11',True
16306,Casemiro,EFL Cup,-,-,-,-,-,-,True
16306,Casemiro,TOTAL,35,9,2,9,1,"2,600'",True
164904,Mory Diaw,Ligue 1,30,41,7,1,-,"2,655'",True
164904,Mory Diaw,Coupe de France,-,-,-,-,-,-,True
164904,Mory Diaw,TOTAL,30,41,7,1,-,"2,655'",True
164915,Lionel Mpasi-Nzau,Ligue 1,4,2,1,1,-,315',True
164915,Lionel Mpasi-Nzau,Coupe de France,-,-,-,-,-,-,True
164915,Lionel Mpasi-Nzau,TOTAL,4,2,1,1,-,315',True
166158,Roberto Lopes,Premier Division,13,3,-,2,1,"1,124'",True
166158,Roberto Lopes,Conference League,6,-,-,2,-,540',True
166158,Roberto Lopes,UECL Qualifying,6,-,-,-,-,495',True
166158,Roberto Lopes,President's Cup,1,-,-,-,-,90',True
166158,Roberto Lopes,Leinster Senior Cup,-,-,-,-,-,-,True
166158,Roberto Lopes,TOTAL,26,3,-,4,1,"2,249'",True
166237,Leandro Paredes,Torneo Apertura,14,2,3,6,-,978',True
166237,Leandro Paredes,Libertadores,6,1,1,2,-,536',True
166237,Leandro Paredes,Playoff Torneo Apertura,1,-,-,1,-,120',True
166237,Leandro Paredes,Copa Argentina,-,-,-,-,-,-,True
166237,Leandro Paredes,TOTAL,21,3,4,9,-,"1,634'",True
166240,Jürgen Locadia,USLC,10,4,-,1,-,753',True
166240,Jürgen Locadia,USL Cup,2,1,2,-,-,141',True
166240,Jürgen Locadia,TOTAL,12,5,2,1,-,894',True
166460,Frans Putros,Super League,28,1,2,7,-,"2,128'",True
166460,Frans Putros,AFC Champions League Two,7,1,-,-,-,604',True
166460,Frans Putros,AFC CL Two Qualif.,1,-,-,-,-,90',True
166460,Frans Putros,TOTAL,36,2,2,7,-,"2,822'",True
167850,Memphis Depay,Série A,8,1,-,-,-,465',True
167850,Memphis Depay,Campeonato Paulista,4,-,1,-,-,263',True
167850,Memphis Depay,Libertadores,1,-,-,-,-,45',True
167850,Memphis Depay,Supercopa Rei,1,-,-,1,-,77',True
167850,Memphis Depay,Copa do Brasil,-,-,-,-,-,-,True
167850,Memphis Depay,TOTAL,14,1,1,1,-,850',True
170895,Garry Rodrigues,Cyprus League,31,6,5,5,-,"1,907'",True
170895,Garry Rodrigues,Kypello Kyprou,5,-,3,-,-,385',True
170895,Garry Rodrigues,TOTAL,36,6,8,5,-,"2,292'",True
171424,Riyad Mahrez,Saudi Pro League,27,4,9,2,-,"2,315'",True
171424,Riyad Mahrez,AFC Champions League,11,4,2,-,-,920',True
171424,Riyad Mahrez,King's Cup,3,-,1,-,-,318',True
171424,Riyad Mahrez,Saudi Super Cup,2,-,3,-,-,168',True
171424,Riyad Mahrez,FIFA Intercontinental Cup,1,-,-,-,-,90',True
171424,Riyad Mahrez,TOTAL,44,8,15,2,-,"3,811'",True
17259,Manuel Neuer,Bundesliga,22,20,7,-,-,"1,860'",True
17259,Manuel Neuer,UEFA Champions League,11,17,2,2,-,990',True
17259,Manuel Neuer,DFB-Pokal,3,2,2,1,-,270',True
17259,Manuel Neuer,DFL-Supercup,1,1,-,-,-,90',True
17259,Manuel Neuer,TOTAL,37,40,11,3,-,"3,210'",True
172623,Ramy Rabia,UAE Pro League,18,2,1,1,-,"1,472'",True
172623,Ramy Rabia,UAE League Cup,5,-,-,1,-,434',True
172623,Ramy Rabia,UAE President's Cup,2,-,-,-,-,210',True
172623,Ramy Rabia,TOTAL,25,2,1,2,-,"2,116'",True
175577,Ronwen Williams,Betway Premiership,29,21,13,-,-,"2,610'",True
175577,Ronwen Williams,CAF-Champions League,12,8,6,2,-,"1,080'",True
175577,Ronwen Williams,MTN8,3,2,1,1,-,270',True
175577,Ronwen Williams,Carling Knockout,1,-,-,-,-,120',True
175577,Ronwen Williams,Nedbank Cup,-,-,-,-,-,-,True
175577,Ronwen Williams,TOTAL,45,31,20,3,-,"4,080'",True
176578,Themba Zwane,Betway Premiership,15,-,1,-,-,533',True
176578,Themba Zwane,CAF-Champions League,4,-,-,-,-,33',True
176578,Themba Zwane,Nedbank Cup,2,-,-,-,-,100',True
176578,Themba Zwane,MTN8,2,-,-,-,-,88',True
176578,Themba Zwane,TOTAL,23,-,1,-,-,754',True
177064,Cecilio Waterman,Liga Primera,11,3,1,-,-,965',True
177064,Cecilio Waterman,Copa de la Liga,2,-,-,1,-,180',True
177064,Cecilio Waterman,Copa Chile,-,-,-,-,-,-,True
177064,Cecilio Waterman,TOTAL,13,3,1,1,-,"1,145'",True
177476,Nathan Aké,Premier League,18,-,-,1,-,688',True
177476,Nathan Aké,EFL Cup,6,-,-,-,-,493',True
177476,Nathan Aké,UEFA Champions League,5,-,-,-,-,238',True
177476,Nathan Aké,FA Cup,3,-,-,-,-,225',True
177476,Nathan Aké,TOTAL,32,-,-,1,-,"1,644'",True
177956,Ahmed Al-Kassar,Saudi Pro League,3,2,1,-,-,205',True
177956,Ahmed Al-Kassar,King's Cup,-,-,-,-,-,-,True
177956,Ahmed Al-Kassar,Saudi Super Cup,-,-,-,-,-,-,True
177956,Ahmed Al-Kassar,TOTAL,3,2,1,-,-,205',True
178614,Jean Michaël Seri,Prva Liga,14,-,1,3,-,760',True
178614,Jean Michaël Seri,Pokal Slovenije,-,-,-,-,-,-,True
178614,Jean Michaël Seri,TOTAL,14,-,1,3,-,760',True
179643,Vladimír Darida,Chance Liga,29,10,6,2,-,"2,505'",True
179643,Vladimír Darida,Chance Liga Champion Gr.,3,1,-,-,-,270',True
179643,Vladimír Darida,MOL Cup,3,1,-,2,-,184',True
179643,Vladimír Darida,TOTAL,35,12,6,4,-,"2,959'",True
181380,Arthur Masuaku,Ligue 1,4,-,-,1,-,229',True
181380,Arthur Masuaku,Premier League,3,-,-,1,-,127',True
181380,Arthur Masuaku,Coupe de France,2,-,-,-,-,35',True
181380,Arthur Masuaku,EFL Cup,1,-,-,1,-,90',True
181380,Arthur Masuaku,FA Cup,-,-,-,-,-,-,True
181380,Arthur Masuaku,TOTAL,10,-,-,3,-,481',True
181767,Marquinhos,UEFA Champions League,15,2,-,2,-,"1,320'",True
181767,Marquinhos,Ligue 1,14,-,-,-,-,"1,049'",True
181767,Marquinhos,Trophée des Champions,1,-,-,-,-,90',True
181767,Marquinhos,FIFA Intercontinental Cup,1,-,-,-,-,120',True
181767,Marquinhos,UEFA Super Cup,1,-,-,-,-,90',True
181767,Marquinhos,Coupe de France,-,-,-,-,-,-,True
181767,Marquinhos,TOTAL,32,2,-,2,-,"2,669'",True
181921,Paul Izzo,Superliga,17,22,6,1,-,"1,530'",True
181921,Paul Izzo,Superliga Relegation round,9,15,2,-,-,810',True
181921,Paul Izzo,Future Cup,1,5,-,-,-,90',True
181921,Paul Izzo,Oddset Pokalen,-,-,-,-,-,-,True
181921,Paul Izzo,TOTAL,27,42,8,1,-,"2,430'",True
182712,João Cancelo,LaLiga,16,2,3,1,-,953',True
182712,João Cancelo,AFC Champions League,4,1,2,1,-,294',True
182712,João Cancelo,UEFA Champions League,4,-,-,1,-,331',True
182712,João Cancelo,Copa del Rey,3,-,1,2,-,148',True
182712,João Cancelo,Saudi Pro League,2,-,-,-,-,175',True
182712,João Cancelo,King's Cup,-,-,-,-,-,-,True
182712,João Cancelo,TOTAL,29,3,6,5,-,"1,901'",True
182893,Seko Fofana,Liga Portugal,12,3,1,1,-,276',True
182893,Seko Fofana,Ligue 1,12,1,-,-,-,654',True
182893,Seko Fofana,Europa League,4,-,-,-,-,317',True
182893,Seko Fofana,Taça de Portugal,2,-,-,-,-,83',True
182893,Seko Fofana,Coupe de France,-,-,-,-,-,-,True
182893,Seko Fofana,TOTAL,30,4,1,1,-,"1,330'",True
182906,Mike Maignan,Serie A,37,35,14,4,-,"3,296'",True
182906,Mike Maignan,Italy Cup,3,1,2,-,-,270',True
182906,Mike Maignan,Supercoppa Italiana,1,2,-,-,-,90',True
182906,Mike Maignan,TOTAL,41,38,16,4,-,"3,656'",True
182913,Adrien Rabiot,Serie A,29,6,5,4,1,"2,550'",True
182913,Adrien Rabiot,Italy Cup,2,-,-,-,-,180',True
182913,Adrien Rabiot,Supercoppa Italiana,1,-,-,1,-,90',True
182913,Adrien Rabiot,Ligue 1,1,-,-,1,-,90',True
182913,Adrien Rabiot,TOTAL,33,6,5,6,1,"2,910'",True
185175,Jason Geria,J2/J3 Special Season,11,1,1,3,-,985',True
185175,Jason Geria,TOTAL,11,1,1,3,-,985',True
185245,Jhon Córdoba,Premier Liga,28,17,6,4,1,"2,484'",True
185245,Jhon Córdoba,Russian Cup,12,5,4,2,-,667',True
185245,Jhon Córdoba,Russian Super Cup,1,-,-,-,-,90',True
185245,Jhon Córdoba,TOTAL,41,22,10,6,1,"3,241'",True
186374,Alexander Schlager,Bundesliga,31,40,5,4,-,"2,790'",True
186374,Alexander Schlager,Europa League,7,15,-,-,-,630',True
186374,Alexander Schlager,ÖFB-Cup,5,3,2,1,-,480',True
186374,Alexander Schlager,Champions League Qu.,4,6,-,-,-,360',True
186374,Alexander Schlager,TOTAL,47,64,7,5,-,"4,260'",True
186590,John Stones,Premier League,9,-,-,-,-,439',True
186590,John Stones,UEFA Champions League,4,-,-,-,-,343',True
186590,John Stones,FA Cup,3,-,-,-,-,245',True
186590,John Stones,EFL Cup,2,-,-,-,-,117',True
186590,John Stones,TOTAL,18,-,-,-,-,"1,144'",True
187353,Milos Degenek,Super liga Srbije,13,1,-,2,-,"1,052'",True
187353,Milos Degenek,Cyprus League,10,1,-,2,-,720',True
187353,Milos Degenek,Kypello Kyprou,1,-,-,1,-,90',True
187353,Milos Degenek,Kup Srbije,1,-,-,-,-,90',True
187353,Milos Degenek,TOTAL,25,2,-,5,-,"1,952'",True
187987,Ahmed Alaaeldin,Stars League,20,3,2,-,-,919',True
187987,Ahmed Alaaeldin,QSL Cup,4,2,-,-,-,287',True
187987,Ahmed Alaaeldin,Amir Cup,2,-,-,1,-,42',True
187987,Ahmed Alaaeldin,TOTAL,26,5,2,1,-,"1,248'",True
188077,Ryan Christie,Premier League,26,2,-,3,-,986',True
188077,Ryan Christie,EFL Cup,1,-,-,-,-,74',True
188077,Ryan Christie,FA Cup,-,-,-,-,-,-,True
188077,Ryan Christie,TOTAL,27,2,-,3,-,"1,060'",True
188312,Ramin Rezaeian,Persian Gulf League,13,2,5,2,-,939',True
188312,Ramin Rezaeian,AFC Champions League Two,3,-,-,1,-,182',True
188312,Ramin Rezaeian,Iran Super Cup,1,-,1,-,-,90',True
188312,Ramin Rezaeian,Hazfi Cup,1,-,-,-,-,120',True
188312,Ramin Rezaeian,TOTAL,18,2,6,3,-,"1,331'",True
189014,Maxime Crépeau,MLS,14,38,-,2,-,"1,186'",True
189014,Maxime Crépeau,US Open Cup,-,-,-,-,-,-,True
189014,Maxime Crépeau,MLS Next Pro,-,-,-,-,-,-,True
189014,Maxime Crépeau,TOTAL,14,38,-,2,-,"1,186'",True
191056,Brice Samba,Ligue 1,32,44,10,5,-,"2,880'",True
191056,Brice Samba,Coupe de France,2,4,-,-,-,180',True
191056,Brice Samba,TOTAL,34,48,10,5,-,"3,060'",True
192557,Jackson Irvine,Bundesliga,24,-,1,-,1,"1,625'",True
192557,Jackson Irvine,DFB-Pokal,2,-,-,1,-,112',True
192557,Jackson Irvine,TOTAL,26,-,1,1,1,"1,737'",True
192565,Leroy Sané,Süper Lig,28,7,5,-,-,"2,288'",True
192565,Leroy Sané,UEFA Champions League,10,-,2,-,-,723',True
192565,Leroy Sané,Türkiye Kupasi,3,-,1,-,-,191',True
192565,Leroy Sané,TFF Süper Kupa,2,-,1,1,-,169',True
192565,Leroy Sané,TOTAL,43,7,9,1,-,"3,371'",True
193004,Waldemar Anton,Bundesliga,32,2,-,3,-,"2,880'",True
193004,Waldemar Anton,UEFA Champions League,9,1,-,2,-,747',True
193004,Waldemar Anton,DFB-Pokal,3,-,-,1,-,300',True
193004,Waldemar Anton,TOTAL,44,3,-,6,-,"3,927'",True
193116,John McGinn,Premier League,30,5,5,5,-,"2,158'",True
193116,John McGinn,Europa League,12,5,2,3,-,716',True
193116,John McGinn,EFL Cup,1,-,1,-,-,90',True
193116,John McGinn,FA Cup,1,-,-,-,-,65',True
193116,John McGinn,TOTAL,44,10,8,8,-,"3,029'",True
195332,Salem Al-Dawsari,Saudi Pro League,26,8,10,-,-,"1,889'",True
195332,Salem Al-Dawsari,AFC Champions League,5,2,-,-,-,271',True
195332,Salem Al-Dawsari,King's Cup,4,-,-,-,-,287',True
195332,Salem Al-Dawsari,TOTAL,35,10,10,-,-,"2,447'",True
195736,Florian Grillitsch,Liga Portugal,20,1,1,3,-,"1,129'",True
195736,Florian Grillitsch,Europa League,10,2,1,2,-,676',True
195736,Florian Grillitsch,Taça de Portugal,3,-,-,-,-,205',True
195736,Florian Grillitsch,Allianz Cup,3,-,-,1,-,179',True
195736,Florian Grillitsch,Bundesliga,-,-,-,-,-,-,True
195736,Florian Grillitsch,DFB-Pokal,-,-,-,-,-,-,True
195736,Florian Grillitsch,TOTAL,36,3,2,6,-,"2,189'",True
195778,Alexander Nübel,Bundesliga,34,49,11,-,-,"3,060'",True
195778,Alexander Nübel,Europa League,11,13,2,-,-,990',True
195778,Alexander Nübel,DFB-Pokal,4,8,1,-,-,420',True
195778,Alexander Nübel,DFL-Supercup,-,-,-,-,-,-,True
195778,Alexander Nübel,TOTAL,49,70,14,-,-,"4,470'",True
196357,Jonathan Tah,Bundesliga,28,2,1,7,-,"2,019'",True
196357,Jonathan Tah,UEFA Champions League,14,1,1,3,-,"1,120'",True
196357,Jonathan Tah,DFB-Pokal,6,-,-,-,-,540',True
196357,Jonathan Tah,DFL-Supercup,1,-,-,-,-,90',True
196357,Jonathan Tah,TOTAL,49,3,2,10,-,"3,769'",True
198614,Tomas Chory,Chance Liga,22,17,5,3,-,"1,761'",True
198614,Tomas Chory,UEFA Champions League,7,-,-,1,-,451',True
198614,Tomas Chory,MOL Cup,2,-,1,-,-,60',True
198614,Tomas Chory,Chance Liga Champion Gr.,2,-,-,-,-,149',True
198614,Tomas Chory,TOTAL,33,17,6,4,-,"2,421'",True
200512,Sadio Mané,Saudi Pro League,25,10,6,6,-,"2,136'",True
200512,Sadio Mané,AFC Champions League Two,8,3,3,1,-,439',True
200512,Sadio Mané,King's Cup,2,-,-,-,-,117',True
200512,Sadio Mané,Saudi Super Cup,1,1,-,-,-,25',True
200512,Sadio Mané,TOTAL,36,14,9,7,-,"2,717'",True
201574,Angus Gunn,Premier League,1,-,-,-,-,45',True
201574,Angus Gunn,Europa League,-,-,-,-,-,-,True
201574,Angus Gunn,FA Cup,-,-,-,-,-,-,True
201574,Angus Gunn,EFL Cup,-,-,-,-,-,-,True
201574,Angus Gunn,TOTAL,1,-,-,-,-,45',True
203123,Haris Tabakovic,Bundesliga,32,13,2,5,-,"2,396'",True
203123,Haris Tabakovic,DFB-Pokal,3,2,1,-,-,266',True
203123,Haris Tabakovic,TOTAL,35,15,3,5,-,"2,662'",True
203348,Chancel Mbemba,Ligue 1,13,-,-,3,-,952',True
203348,Chancel Mbemba,Europa League,8,-,1,-,-,705',True
203348,Chancel Mbemba,Coupe de France,-,-,-,-,-,-,True
203348,Chancel Mbemba,TOTAL,21,-,1,3,-,"1,657'",True
203357,Ryan Thomas,Eredivisie,27,1,1,7,-,"2,157'",True
203357,Ryan Thomas,KNVB Beker,1,-,-,-,-,11',True
203357,Ryan Thomas,TOTAL,28,1,1,7,-,"2,168'",True
203517,Steven Moreira,MLS,14,-,-,1,-,"1,136'",True
203517,Steven Moreira,US Open Cup,1,-,-,-,-,75',True
203517,Steven Moreira,TOTAL,15,-,-,1,-,"1,211'",True
204294,Saman Ghoddos,UAE Pro League,25,5,4,3,-,"1,806'",True
204294,Saman Ghoddos,UAE President's Cup,1,-,-,-,-,90',True
204294,Saman Ghoddos,UAE League Cup,1,-,-,-,-,77',True
204294,Saman Ghoddos,TOTAL,27,5,4,3,-,"1,973'",True
205927,Dominik Livakovic,SuperSport HNL,14,10,7,-,-,"1,260'",True
205927,Dominik Livakovic,Europa League,2,6,-,-,-,210',True
205927,Dominik Livakovic,Hrvatski nogometni kup,1,-,1,-,-,90',True
205927,Dominik Livakovic,Süper Lig,1,1,-,-,-,90',True
205927,Dominik Livakovic,Champions League Qu.,1,1,-,-,-,90',True
205927,Dominik Livakovic,LaLiga,-,-,-,-,-,-,True
205927,Dominik Livakovic,Copa del Rey,-,-,-,-,-,-,True
205927,Dominik Livakovic,TOTAL,19,18,8,-,-,"1,740'",True
205938,Mario Pašalić,Serie A,33,3,4,3,-,"1,931'",True
205938,Mario Pašalić,UEFA Champions League,9,3,2,-,-,604',True
205938,Mario Pašalić,Italy Cup,4,4,1,1,-,236',True
205938,Mario Pašalić,TOTAL,46,10,7,4,-,"2,771'",True
206040,Raúl Jiménez,Premier League,36,9,3,5,-,"2,199'",True
206040,Raúl Jiménez,EFL Cup,4,1,-,-,-,315',True
206040,Raúl Jiménez,FA Cup,3,-,-,-,-,48',True
206040,Raúl Jiménez,TOTAL,43,10,3,5,-,"2,562'",True
206782,Jalal Hassan,Iraq Stars League,18,14,8,2,-,"1,510'",True
206782,Jalal Hassan,AFC Champions League Two,8,17,1,1,-,750',True
206782,Jalal Hassan,TOTAL,26,31,9,3,-,"2,260'",True
207006,Joshua Brenet,Premiership,14,-,1,-,-,884',True
207006,Joshua Brenet,Süper Lig,11,-,2,1,-,797',True
207006,Joshua Brenet,SFA Cup,1,-,1,-,-,120',True
207006,Joshua Brenet,TOTAL,26,-,4,1,-,"1,801'",True
207061,Francis de Vries,A-League Men,22,1,7,2,-,"1,980'",True
207061,Francis de Vries,A-League Fin.,3,-,-,-,-,43',True
207061,Francis de Vries,OFC Pro League,-,-,-,-,-,-,True
207061,Francis de Vries,TOTAL,25,1,7,2,-,"2,023'",True
207834,Yassine Bounou,Saudi Pro League,26,20,14,-,-,"2,340'",True
207834,Yassine Bounou,King's Cup,5,3,2,-,-,480',True
207834,Yassine Bounou,AFC Champions League,5,8,-,-,-,480',True
207834,Yassine Bounou,TOTAL,36,31,16,-,-,"3,300'",True
207843,Max Crocombe,Championship,23,25,9,-,-,"2,070'",True
207843,Max Crocombe,EFL Cup,2,1,1,-,-,180',True
207843,Max Crocombe,Championship Play-Offs,-,-,-,-,-,-,True
207843,Max Crocombe,FA Cup,-,-,-,-,-,-,True
207843,Max Crocombe,TOTAL,25,26,10,-,-,"2,250'",True
208772,Liam Kelly,SFA Cup,2,-,2,-,-,180',True
208772,Liam Kelly,League Cup,1,2,-,-,-,90',True
208772,Liam Kelly,Scottish Premiership Top Six Split,-,-,-,-,-,-,True
208772,Liam Kelly,Premiership,-,-,-,-,-,-,True
208772,Liam Kelly,Europa League,-,-,-,-,-,-,True
208772,Liam Kelly,Champions League Qu.,-,-,-,-,-,-,True
208772,Liam Kelly,TOTAL,3,2,2,-,-,270',True
210009,Marwane Saadane,Saudi Pro League,29,-,1,6,-,"2,496'",True
210009,Marwane Saadane,King's Cup,3,-,-,-,-,270',True
210009,Marwane Saadane,TOTAL,32,-,1,6,-,"2,766'",True
210349,Sultan Mandash,Saudi Pro League,28,6,5,3,-,"1,330'",True
210349,Sultan Mandash,King's Cup,4,2,-,-,-,247',True
210349,Sultan Mandash,AFC Champions League,3,-,1,-,-,155',True
210349,Sultan Mandash,TOTAL,35,8,6,3,-,"1,732'",True
213268,Alireza Jahanbakhsh,Jupiler Pro League,16,-,-,3,-,531',True
213268,Alireza Jahanbakhsh,JPL Relegation Play-Offs,5,1,1,2,-,372',True
213268,Alireza Jahanbakhsh,Croky Cup,2,-,1,-,-,131',True
213268,Alireza Jahanbakhsh,Jupiler Pro League Abstiegs-Playoffs,-,-,-,-,-,-,True
213268,Alireza Jahanbakhsh,TOTAL,23,1,2,5,-,"1,034'",True
213715,Shoja Khalilzadeh,Persian Gulf League,21,-,-,7,-,"1,882'",True
213715,Shoja Khalilzadeh,AFC Champions League,9,1,1,3,-,805',True
213715,Shoja Khalilzadeh,Hazfi Cup,1,-,-,-,-,120',True
213715,Shoja Khalilzadeh,Iran Super Cup,1,-,-,-,-,90',True
213715,Shoja Khalilzadeh,TOTAL,32,1,1,10,-,"2,897'",True
215390,Gustavo Gómez,Série A,16,3,-,-,-,"1,430'",True
215390,Gustavo Gómez,Campeonato Paulista,10,-,-,2,-,855',True
215390,Gustavo Gómez,Libertadores,6,-,-,2,-,540',True
215390,Gustavo Gómez,Copa do Brasil,1,-,-,-,-,45',True
215390,Gustavo Gómez,TOTAL,33,3,-,4,-,"2,870'",True
216278,Tomas Holes,Chance Liga,22,1,2,4,-,"1,829'",True
216278,Tomas Holes,UEFA Champions League,4,-,1,-,-,188',True
216278,Tomas Holes,Chance Liga Champion Gr.,3,1,1,1,-,263',True
216278,Tomas Holes,MOL Cup,1,-,-,-,-,14',True
216278,Tomas Holes,TOTAL,30,2,4,5,-,"2,294'",True
216443,Riechedly Bazoer,Süper Lig,15,-,-,5,1,928',True
216443,Riechedly Bazoer,Türkiye Kupasi,2,-,-,1,-,105',True
216443,Riechedly Bazoer,TOTAL,17,-,-,6,1,"1,033'",True
217073,Rebin Sulaka,Thai League,24,-,-,4,-,"1,894'",True
217073,Rebin Sulaka,Thai Cup,3,-,-,1,-,205',True
217073,Rebin Sulaka,Thai FA Cup,1,-,1,1,-,90',True
217073,Rebin Sulaka,TOTAL,28,-,1,6,-,"2,189'",True
220793,Douglas Santos,Premier Liga,23,1,2,1,1,"1,922'",True
220793,Douglas Santos,Russian Cup,2,1,-,-,-,154',True
220793,Douglas Santos,TOTAL,25,2,2,1,1,"2,076'",True
222385,Karim Boudiaf,Stars League,12,1,-,2,-,738',True
222385,Karim Boudiaf,AFC Champions League,4,-,-,-,-,165',True
222385,Karim Boudiaf,Amir Cup,1,-,-,-,-,5',True
222385,Karim Boudiaf,QSL Cup,1,-,-,-,-,90',True
222385,Karim Boudiaf,AFC CL Elite Qualif.,1,-,-,-,-,90',True
222385,Karim Boudiaf,TOTAL,19,1,-,2,-,"1,088'",True
222669,Boualem Khoukhi,Stars League,18,1,-,3,-,"1,451'",True
222669,Boualem Khoukhi,AFC Champions League,7,-,-,-,-,663',True
222669,Boualem Khoukhi,Amir Cup,3,-,-,-,-,270',True
222669,Boualem Khoukhi,QSL Cup,-,-,-,-,-,-,True
222669,Boualem Khoukhi,TOTAL,28,1,-,3,-,"2,384'",True
223367,Fredrik Aursnes,Liga Portugal,28,3,3,2,-,"2,294'",True
223367,Fredrik Aursnes,UEFA Champions League,10,-,2,1,-,865',True
223367,Fredrik Aursnes,Champions League Qu.,4,1,2,-,-,354',True
223367,Fredrik Aursnes,Taça de Portugal,4,-,1,-,-,323',True
223367,Fredrik Aursnes,Allianz Cup,2,-,-,-,-,165',True
223367,Fredrik Aursnes,Portuguese Supercup,1,-,-,-,-,90',True
223367,Fredrik Aursnes,TOTAL,49,4,8,3,-,"4,091'",True
223967,Konrad Laimer,Bundesliga,29,3,9,9,-,"1,997'",True
223967,Konrad Laimer,UEFA Champions League,11,-,4,4,-,854',True
223967,Konrad Laimer,DFB-Pokal,6,-,-,1,-,374',True
223967,Konrad Laimer,DFL-Supercup,1,-,-,-,-,72',True
223967,Konrad Laimer,TOTAL,47,3,13,14,-,"3,297'",True
223972,Patrick Pentz,Superliga,20,20,8,-,-,"1,785'",True
223972,Patrick Pentz,Superliga Championship round,10,13,3,-,-,900',True
223972,Patrick Pentz,UECL Qualifying,6,7,3,-,-,540',True
223972,Patrick Pentz,Oddset Pokalen,2,5,-,-,-,210',True
223972,Patrick Pentz,Superliga Europa Playoff,1,3,-,-,-,120',True
223972,Patrick Pentz,TOTAL,39,48,14,-,-,"3,555'",True
223974,Stefan Posch,Bundesliga,16,-,-,4,-,"1,395'",True
223974,Stefan Posch,Serie A,14,1,-,1,-,384',True
223974,Stefan Posch,Conference League,4,2,-,2,-,360',True
223974,Stefan Posch,Italy Cup,1,-,-,-,-,45',True
223974,Stefan Posch,TOTAL,35,3,-,7,-,"2,184'",True
223979,Xaver Schlager,Bundesliga,26,3,1,6,-,"1,837'",True
223979,Xaver Schlager,DFB-Pokal,4,-,-,-,-,230',True
223979,Xaver Schlager,TOTAL,30,3,1,6,-,"2,067'",True
224884,Abdul Rahman Baba,Super League 1,19,2,1,1,-,"1,375'",True
224884,Abdul Rahman Baba,Europa League,10,1,1,-,-,833',True
224884,Abdul Rahman Baba,Kypello Elladas,8,-,-,2,-,665',True
224884,Abdul Rahman Baba,Super League Play-off,6,-,1,2,-,540',True
224884,Abdul Rahman Baba,Europa League Qualifying,4,-,-,-,-,388',True
224884,Abdul Rahman Baba,TOTAL,47,3,3,5,-,"3,801'",True
225083,N'Golo Kanté,Saudi Pro League,18,2,1,-,-,"1,567'",True
225083,N'Golo Kanté,Süper Lig,14,2,-,3,-,"1,144'",True
225083,N'Golo Kanté,AFC Champions League,5,-,-,-,-,450',True
225083,N'Golo Kanté,Türkiye Kupasi,2,-,-,-,-,190',True
225083,N'Golo Kanté,Europa League,2,-,-,-,-,166',True
225083,N'Golo Kanté,King's Cup,2,-,-,-,-,180',True
225083,N'Golo Kanté,Saudi Super Cup,1,-,-,-,-,90',True
225083,N'Golo Kanté,TOTAL,44,4,1,3,-,"3,787'",True
225122,Gonçalo Guedes,LaLiga,32,8,4,3,-,"1,832'",True
225122,Gonçalo Guedes,Copa del Rey,7,1,4,2,-,497',True
225122,Gonçalo Guedes,TOTAL,39,9,8,5,-,"2,329'",True
225161,Rúben Neves,Saudi Pro League,31,11,7,4,-,"2,751'",True
225161,Rúben Neves,AFC Champions League,8,-,3,1,-,657',True
225161,Rúben Neves,King's Cup,4,1,-,1,-,310',True
225161,Rúben Neves,TOTAL,43,12,10,6,-,"3,718'",True
225657,Philipp Lienhart,Bundesliga,20,1,-,2,1,"1,301'",True
225657,Philipp Lienhart,Europa League,11,1,-,3,-,849',True
225657,Philipp Lienhart,DFB-Pokal,3,-,-,1,-,300',True
225657,Philipp Lienhart,TOTAL,34,2,-,6,1,"2,450'",True
225693,Fabinho,Saudi Pro League,30,1,3,5,1,"2,642'",True
225693,Fabinho,AFC Champions League,10,2,1,2,-,874',True
225693,Fabinho,King's Cup,3,-,-,2,-,300',True
225693,Fabinho,Saudi Super Cup,1,-,-,1,-,90',True
225693,Fabinho,TOTAL,44,3,4,10,1,"3,906'",True
225744,Lawrence Shankland,Premiership,24,13,4,1,-,"2,050'",True
225744,Lawrence Shankland,Scottish Premiership Top Six Split,5,3,1,3,-,450',True
225744,Lawrence Shankland,League Cup,4,3,1,-,-,348',True
225744,Lawrence Shankland,SFA Cup,1,1,-,-,-,96',True
225744,Lawrence Shankland,TOTAL,34,20,6,4,-,"2,944'",True
226097,Ivan Šunjić,Cyprus League,29,4,3,10,-,"2,451'",True
226097,Ivan Šunjić,UEFA Champions League,7,-,-,3,-,630',True
226097,Ivan Šunjić,Champions League Qu.,6,-,-,1,-,540',True
226097,Ivan Šunjić,Kypello Kyprou,4,-,-,-,-,315',True
226097,Ivan Šunjić,Cypriot Super Cup,-,-,-,-,-,-,True
226097,Ivan Šunjić,TOTAL,46,4,3,14,-,"3,936'",True
226524,Morten Thorsby,Serie A,24,3,1,4,-,"1,374'",True
226524,Morten Thorsby,Italy Cup,1,-,1,-,-,24',True
226524,Morten Thorsby,TOTAL,25,3,2,4,-,"1,398'",True
228645,Wout Weghorst,Eredivisie,27,8,4,6,-,"1,782'",True
228645,Wout Weghorst,UEFA Champions League,5,1,-,2,-,298',True
228645,Wout Weghorst,Play-Offs Conference League,2,-,-,1,-,113',True
228645,Wout Weghorst,KNVB Beker,-,-,-,-,-,-,True
228645,Wout Weghorst,TOTAL,34,9,4,9,-,"2,193'",True
228727,Pedro Miguel,Stars League,18,2,3,7,-,"1,476'",True
228727,Pedro Miguel,AFC Champions League,8,-,1,2,-,672',True
228727,Pedro Miguel,Amir Cup,3,-,-,1,-,270',True
228727,Pedro Miguel,QSL Cup,1,-,-,1,-,45',True
228727,Pedro Miguel,TOTAL,30,2,4,11,-,"2,463'",True
229081,Alireza Beiranvand,Persian Gulf League,19,10,11,1,-,"1,710'",True
229081,Alireza Beiranvand,AFC Champions League,9,4,5,-,-,772',True
229081,Alireza Beiranvand,Hazfi Cup,1,1,-,1,-,120',True
229081,Alireza Beiranvand,Iran Super Cup,-,-,-,-,-,-,True
229081,Alireza Beiranvand,TOTAL,29,15,16,2,-,"2,602'",True
229604,Gerónimo Rulli,Ligue 1,29,34,8,3,-,"2,610'",True
229604,Gerónimo Rulli,UEFA Champions League,8,14,1,-,-,720',True
229604,Gerónimo Rulli,Coupe de France,1,2,-,-,-,90',True
229604,Gerónimo Rulli,Trophée des Champions,1,2,-,-,-,90',True
229604,Gerónimo Rulli,TOTAL,39,52,9,3,-,"3,510'",True
230784,Thomas Partey,LaLiga,25,-,-,1,-,923',True
230784,Thomas Partey,UEFA Champions League,5,-,-,1,-,286',True
230784,Thomas Partey,Copa del Rey,2,-,-,-,-,116',True
230784,Thomas Partey,TOTAL,32,-,-,2,-,"1,325'",True
231572,Nélson Semedo,Süper Lig,26,1,3,8,-,"1,943'",True
231572,Nélson Semedo,Europa League,9,-,-,2,-,731',True
231572,Nélson Semedo,Champions League Qu.,4,-,-,-,-,229',True
231572,Nélson Semedo,Türkiye Kupasi,1,-,-,1,-,120',True
231572,Nélson Semedo,TFF Süper Kupa,-,-,-,-,-,-,True
231572,Nélson Semedo,TOTAL,40,1,3,11,-,"3,023'",True
232219,Brandley Kuwas,Eredivisie,32,5,4,4,-,"2,024'",True
232219,Brandley Kuwas,KNVB Beker,3,2,1,-,-,270',True
232219,Brandley Kuwas,Keuken Kampioen Play-Offs,2,-,-,-,-,107',True
232219,Brandley Kuwas,TOTAL,37,7,5,4,-,"2,401'",True
232454,Nadiem Amiri,Bundesliga,26,12,3,6,-,"2,092'",True
232454,Nadiem Amiri,Conference League,5,2,-,2,-,395',True
232454,Nadiem Amiri,UECL Qualifying,2,2,1,-,-,180',True
232454,Nadiem Amiri,DFB-Pokal,2,1,-,1,-,169',True
232454,Nadiem Amiri,TOTAL,35,17,4,9,-,"2,836'",True
234189,Trezeguet,Premier League,16,8,-,4,-,"1,248'",True
234189,Trezeguet,CAF-Champions League,9,6,1,-,-,690',True
234189,Trezeguet,Championship Playoff,5,3,-,-,-,441',True
234189,Trezeguet,Egyptian Super Cup,2,1,-,-,-,156',True
234189,Trezeguet,Egyptian League Cup,-,-,-,-,-,-,True
234189,Trezeguet,Egypt Cup,-,-,-,-,-,-,True
234189,Trezeguet,TOTAL,32,18,1,4,-,"2,535'",True
234523,Antonio Sanabria,Serie A,25,1,1,2,-,940',True
234523,Antonio Sanabria,Italy Cup,-,-,-,-,-,-,True
234523,Antonio Sanabria,TOTAL,25,1,1,2,-,940',True
234803,Andrew Robertson,Premier League,24,1,-,-,-,"1,172'",True
234803,Andrew Robertson,UEFA Champions League,7,1,1,-,-,486',True
234803,Andrew Robertson,FA Cup,2,1,1,-,-,180',True
234803,Andrew Robertson,EFL Cup,2,-,-,1,-,157',True
234803,Andrew Robertson,Community Shield,1,-,-,-,-,6',True
234803,Andrew Robertson,TOTAL,36,3,2,1,-,"2,001'",True
234811,Rui Silva,Liga Portugal,32,23,14,4,-,"2,880'",True
234811,Rui Silva,UEFA Champions League,11,14,3,-,-,"1,020'",True
234811,Rui Silva,Taça de Portugal,3,2,2,1,-,300',True
234811,Rui Silva,Allianz Cup,1,2,-,-,-,90',True
234811,Rui Silva,Portuguese Supercup,1,1,-,-,-,90',True
234811,Rui Silva,TOTAL,48,42,19,5,-,"4,380'",True
235767,John Souttar,Premiership,23,-,-,7,-,"1,924'",True
235767,John Souttar,Champions League Qu.,6,-,-,2,-,540',True
235767,John Souttar,Europa League,5,-,-,1,-,405',True
235767,John Souttar,League Cup,2,-,-,1,-,210',True
235767,John Souttar,Scottish Premiership Top Six Split,1,-,-,-,-,90',True
235767,John Souttar,SFA Cup,1,-,-,-,-,15',True
235767,John Souttar,TOTAL,38,-,-,11,-,"3,184'",True
236168,Brandon Mechele,Jupiler Pro League,29,4,2,4,-,"2,535'",True
236168,Brandon Mechele,UEFA Champions League,10,1,1,-,-,898',True
236168,Brandon Mechele,Jupiler Pro League Champions' Play-Offs,10,1,-,-,-,900',True
236168,Brandon Mechele,Champions League Qu.,4,1,-,-,-,360',True
236168,Brandon Mechele,Croky Cup,3,1,-,-,-,225',True
236168,Brandon Mechele,Volkswagen Supercup,1,-,-,-,-,90',True
236168,Brandon Mechele,TOTAL,57,8,3,4,-,"5,008'",True
237425,Yasser Ibrahim,Premier League,14,1,-,4,-,"1,215'",True
237425,Yasser Ibrahim,CAF-Champions League,10,-,-,2,-,813',True
237425,Yasser Ibrahim,Championship Playoff,4,1,-,-,-,351',True
237425,Yasser Ibrahim,Egyptian Super Cup,2,-,-,-,-,180',True
237425,Yasser Ibrahim,Egyptian League Cup,-,-,-,-,-,-,True
237425,Yasser Ibrahim,Egypt Cup,-,-,-,-,-,-,True
237425,Yasser Ibrahim,TOTAL,30,2,-,6,-,"2,559'",True
237846,Edmílson Junior,Stars League,19,5,1,4,-,"1,529'",True
237846,Edmílson Junior,AFC Champions League,8,2,3,-,-,705',True
237846,Edmílson Junior,Amir Cup,3,-,1,-,-,270',True
237846,Edmílson Junior,QSL Cup,1,-,-,-,-,90',True
237846,Edmílson Junior,AFC CL Elite Qualif.,1,-,-,-,-,73',True
237846,Edmílson Junior,TOTAL,32,7,5,4,-,"2,667'",True
238223,Ederson,Süper Lig,24,24,8,6,1,"2,132'",True
238223,Ederson,Europa League,9,10,3,1,-,810',True
238223,Ederson,TFF Süper Kupa,2,-,2,-,-,180',True
238223,Ederson,Türkiye Kupasi,1,1,-,-,-,120',True
238223,Ederson,Premier League,-,-,-,-,-,-,True
238223,Ederson,TOTAL,36,35,13,7,1,"3,242'",True
238266,Duje Caleta-Car,LaLiga,27,1,-,6,-,"2,150'",True
238266,Duje Caleta-Car,Copa del Rey,5,-,-,2,-,479',True
238266,Duje Caleta-Car,TOTAL,32,1,-,8,-,"2,629'",True
238407,Alexander Sørloth,LaLiga,35,13,-,4,-,"1,981'",True
238407,Alexander Sørloth,UEFA Champions League,14,6,1,1,-,617',True
238407,Alexander Sørloth,Copa del Rey,4,-,-,-,-,144',True
238407,Alexander Sørloth,Supercopa,1,1,-,-,-,74',True
238407,Alexander Sørloth,TOTAL,54,20,1,5,-,"2,816'",True
238997,Ahmed Reda Tagnaouti,Botola Pro Inwi,16,8,10,-,-,"1,434'",True
238997,Ahmed Reda Tagnaouti,CAF-Champions League,13,7,5,3,-,"1,170'",True
238997,Ahmed Reda Tagnaouti,Coupe du Trône Marocaine,-,-,-,-,-,-,True
238997,Ahmed Reda Tagnaouti,TOTAL,29,15,15,3,-,"2,604'",True
240306,Bruno Fernandes,Premier League,35,9,21,5,-,"3,068'",True
240306,Bruno Fernandes,FA Cup,1,-,1,-,-,90',True
240306,Bruno Fernandes,EFL Cup,1,-,-,-,-,45',True
240306,Bruno Fernandes,TOTAL,37,9,22,5,-,"3,203'",True
240752,Gervane Kastaneer,Super League,13,4,3,3,-,"1,077'",True
240752,Gervane Kastaneer,Super League,7,1,5,2,-,561',True
240752,Gervane Kastaneer,Piala Malaysia,2,1,-,1,-,171',True
240752,Gervane Kastaneer,TOTAL,22,6,8,6,-,"1,809'",True
241457,Derrick Luckassen,Cyprus League,28,5,-,11,1,"2,421'",True
241457,Derrick Luckassen,UEFA Champions League,8,1,-,1,-,720',True
241457,Derrick Luckassen,Champions League Qu.,6,-,-,1,-,540',True
241457,Derrick Luckassen,Kypello Kyprou,4,-,-,1,-,360',True
241457,Derrick Luckassen,Cypriot Super Cup,1,-,-,1,-,90',True
241457,Derrick Luckassen,TOTAL,47,6,-,15,1,"4,131'",True
241641,Bernardo Silva,Premier League,38,2,4,9,-,"2,888'",True
241641,Bernardo Silva,UEFA Champions League,8,1,-,3,-,551',True
241641,Bernardo Silva,FA Cup,4,-,-,1,-,211',True
241641,Bernardo Silva,EFL Cup,3,-,1,1,-,204',True
241641,Bernardo Silva,TOTAL,53,3,5,14,-,"3,854'",True
242086,Patrik Schick,Bundesliga,28,16,3,2,-,"1,996'",True
242086,Patrik Schick,UEFA Champions League,9,4,1,-,-,537',True
242086,Patrik Schick,DFB-Pokal,5,2,-,-,-,332',True
242086,Patrik Schick,TOTAL,42,22,4,2,-,"2,865'",True
242089,Jindrich Stanek,Chance Liga,18,17,6,1,-,"1,620'",True
242089,Jindrich Stanek,UEFA Champions League,6,16,1,-,-,540',True
242089,Jindrich Stanek,Chance Liga Champion Gr.,1,3,-,-,-,90',True
242089,Jindrich Stanek,MOL Cup,-,-,-,-,-,-,True
242089,Jindrich Stanek,TOTAL,25,36,7,1,-,"2,250'",True
242267,Saleh Al-Shehri,Saudi Pro League,18,3,2,1,-,422',True
242267,Saleh Al-Shehri,AFC Champions League,4,-,-,-,-,81',True
242267,Saleh Al-Shehri,King's Cup,2,1,-,-,-,139',True
242267,Saleh Al-Shehri,Saudi Super Cup,1,-,-,-,-,8',True
242267,Saleh Al-Shehri,TOTAL,25,4,2,1,-,650',True
242277,Vozinha,Liga Portugal 2,19,23,6,-,-,"1,710'",True
242277,Vozinha,Taça de Portugal,-,-,-,-,-,-,True
242277,Vozinha,TOTAL,19,23,6,-,-,"1,710'",True
242359,Juan Musso,,,,,,,,False
243298,Ismael Díaz,Liga MX Clausura,15,5,5,-,-,"1,162'",True
243298,Ismael Díaz,Liga MX Apertura,12,5,1,-,-,770',True
243298,Ismael Díaz,TOTAL,27,10,6,-,-,"1,932'",True
243633,Aaron Tshibola,Super League 1,10,-,-,-,-,373',True
243633,Aaron Tshibola,Premiership,9,-,-,3,-,464',True
243633,Aaron Tshibola,Premiership Relegation,5,-,-,-,-,422',True
243633,Aaron Tshibola,Kypello Elladas,5,-,-,1,-,372',True
243633,Aaron Tshibola,TOTAL,29,-,-,4,-,"1,631'",True
243879,Charles Pickel,LaLiga,24,1,-,2,1,693',True
243879,Charles Pickel,Copa del Rey,2,-,-,1,-,163',True
243879,Charles Pickel,Serie A,-,-,-,-,-,-,True
243879,Charles Pickel,Italy Cup,-,-,-,-,-,-,True
243879,Charles Pickel,TOTAL,26,1,-,3,1,856',True
245537,Nabil Bentaleb,Ligue 1,26,2,2,3,-,"1,278'",True
245537,Nabil Bentaleb,Europa League,9,-,-,-,-,548',True
245537,Nabil Bentaleb,Coupe de France,2,-,-,-,-,180',True
245537,Nabil Bentaleb,TOTAL,37,2,2,3,-,"2,006'",True
248454,Nikola Vasilj,Bundesliga,34,60,5,-,-,"3,060'",True
248454,Nikola Vasilj,DFB-Pokal,2,1,-,-,-,210',True
248454,Nikola Vasilj,TOTAL,36,61,5,-,-,"3,270'",True
249271,Saeed Ezatolahi,UAE Pro League,22,5,1,5,-,"1,701'",True
249271,Saeed Ezatolahi,AFC Champions League,10,3,1,2,-,785',True
249271,Saeed Ezatolahi,UAE President's Cup,3,1,-,2,-,211',True
249271,Saeed Ezatolahi,UAE Super Cup,1,-,-,-,-,13',True
249271,Saeed Ezatolahi,UAE League Cup,-,-,-,-,-,-,True
249271,Saeed Ezatolahi,TOTAL,36,9,2,9,-,"2,710'",True
249303,Dennis Eckert Ayensa,Jupiler Pro League,27,3,-,1,-,"1,638'",True
249303,Dennis Eckert Ayensa,JPL Europe Play-Offs,8,2,-,1,-,348',True
249303,Dennis Eckert Ayensa,Croky Cup,2,2,-,-,-,105',True
249303,Dennis Eckert Ayensa,TOTAL,37,7,-,2,-,"2,091'",True
249360,Ali Alipour,Persian Gulf League,22,6,6,3,-,"1,948'",True
249360,Ali Alipour,Hazfi Cup,1,-,1,-,-,120',True
249360,Ali Alipour,Champions League Two Play-off,-,-,-,-,-,-,True
249360,Ali Alipour,TOTAL,23,6,7,3,-,"2,068'",True
249400,Hossein Kanaani,Persian Gulf League,18,1,-,1,-,"1,482'",True
249400,Hossein Kanaani,Hazfi Cup,1,1,-,1,-,120',True
249400,Hossein Kanaani,Champions League Two Play-off,-,-,-,-,-,-,True
249400,Hossein Kanaani,TOTAL,19,2,-,2,-,"1,602'",True
249565,Youri Tielemans,Premier League,25,-,4,-,-,"1,863'",True
249565,Youri Tielemans,Europa League,9,2,3,2,-,642',True
249565,Youri Tielemans,FA Cup,1,-,-,-,-,81',True
249565,Youri Tielemans,EFL Cup,-,-,-,-,-,-,True
249565,Youri Tielemans,TOTAL,35,2,7,2,-,"2,586'",True
249994,José Sá,Premier League,23,37,4,2,-,"2,070'",True
249994,José Sá,EFL Cup,1,4,-,-,-,90',True
249994,José Sá,FA Cup,-,-,-,-,-,-,True
249994,José Sá,TOTAL,24,41,4,2,-,"2,160'",True
251183,Ahmed Fathi,Stars League,19,-,1,8,-,"1,578'",True
251183,Ahmed Fathi,Amir Cup,2,-,-,-,-,180',True
251183,Ahmed Fathi,QSL Cup,-,-,-,-,-,-,True
251183,Ahmed Fathi,TOTAL,21,-,1,8,-,"1,758'",True
251295,Dzenis Burnic,2. Bundesliga,32,1,2,9,-,"2,086'",True
251295,Dzenis Burnic,DFB-Pokal,1,-,-,-,-,30',True
251295,Dzenis Burnic,TOTAL,33,1,2,9,-,"2,116'",True
251664,Ivan Toney,Saudi Pro League,32,32,7,4,-,"2,750'",True
251664,Ivan Toney,AFC Champions League,10,2,3,2,-,810',True
251664,Ivan Toney,King's Cup,4,6,1,-,-,420',True
251664,Ivan Toney,Saudi Super Cup,2,1,-,2,-,180',True
251664,Ivan Toney,FIFA Intercontinental Cup,1,1,-,-,-,90',True
251664,Ivan Toney,TOTAL,49,42,11,8,-,"4,250'",True
254285,Lawrence Ati Zigi,Super League,35,45,7,1,-,"3,150'",True
254285,Lawrence Ati Zigi,Swiss Cup,2,-,2,-,-,135',True
254285,Lawrence Ati Zigi,TOTAL,37,45,9,1,-,"3,285'",True
255508,Iñaki Williams,LaLiga,30,3,6,2,-,"2,168'",True
255508,Iñaki Williams,Copa del Rey,5,1,-,-,-,313',True
255508,Iñaki Williams,UEFA Champions League,3,-,-,-,-,173',True
255508,Iñaki Williams,Supercopa,1,-,-,-,-,54',True
255508,Iñaki Williams,TOTAL,39,4,6,2,-,"2,708'",True
255729,Awer Mabil,LaLiga2,30,3,6,3,-,"1,721'",True
255729,Awer Mabil,Copa del Rey,1,-,-,-,-,85',True
255729,Awer Mabil,Promoción a LaLiga,-,-,-,-,-,-,True
255729,Awer Mabil,TOTAL,31,3,6,3,-,"1,806'",True
255788,Cameron Burgess,Championship,46,-,-,7,-,"4,140'",True
255788,Cameron Burgess,EFL Cup,4,2,-,1,-,332',True
255788,Cameron Burgess,FA Cup,1,-,-,-,-,59',True
255788,Cameron Burgess,TOTAL,51,2,-,8,-,"4,531'",True
255901,Rodrigo De Paul,MLS,13,4,4,4,-,"1,170'",True
255901,Rodrigo De Paul,CONCACAF Champions Cup,2,-,-,-,-,180',True
255901,Rodrigo De Paul,LaLiga,-,-,-,-,-,-,True
255901,Rodrigo De Paul,UEFA Champions League,-,-,-,-,-,-,True
255901,Rodrigo De Paul,Copa del Rey,-,-,-,-,-,-,True
255901,Rodrigo De Paul,Supercopa,-,-,-,-,-,-,True
255901,Rodrigo De Paul,TOTAL,15,4,4,4,-,"1,350'",True
255906,Scott McKenna,SuperSport HNL,30,2,3,3,-,"2,627'",True
255906,Scott McKenna,Europa League,10,-,-,-,-,909',True
255906,Scott McKenna,Hrvatski nogometni kup,2,-,-,1,-,180',True
255906,Scott McKenna,TOTAL,42,2,3,4,-,"3,716'",True
256019,Alex Rufer,A-League Men,23,2,1,8,-,"2,044'",True
256019,Alex Rufer,TOTAL,23,2,1,8,-,"2,044'",True
258004,Rúben Dias,Premier League,26,2,-,3,-,"2,140'",True
258004,Rúben Dias,UEFA Champions League,7,-,-,1,-,506',True
258004,Rúben Dias,FA Cup,-,-,-,-,-,-,True
258004,Rúben Dias,EFL Cup,-,-,-,-,-,-,True
258004,Rúben Dias,TOTAL,33,2,-,4,-,"2,646'",True
258304,Ricardo Goss,Betway Premiership,29,26,14,3,-,"2,610'",True
258304,Ricardo Goss,Nedbank Cup,1,3,-,-,-,120',True
258304,Ricardo Goss,Carling Knockout,-,-,-,-,-,-,True
258304,Ricardo Goss,TOTAL,30,29,14,3,-,"2,730'",True
258513,Laros Duarte,NB I.,30,-,6,5,-,"2,469'",True
258513,Laros Duarte,UECL Qualifying,2,-,-,1,-,164',True
258513,Laros Duarte,Magyar Kupa,1,-,-,-,-,76',True
258513,Laros Duarte,TOTAL,33,-,6,6,-,"2,709'",True
258919,Dean Henderson,Premier League,37,51,11,5,-,"3,330'",True
258919,Dean Henderson,Conference League,12,9,5,-,-,"1,080'",True
258919,Dean Henderson,UECL Qualifying,2,-,2,-,-,180',True
258919,Dean Henderson,Community Shield,1,2,-,-,-,90',True
258919,Dean Henderson,FA Cup,-,-,-,-,-,-,True
258919,Dean Henderson,EFL Cup,-,-,-,-,-,-,True
258919,Dean Henderson,TOTAL,52,62,18,5,-,"4,680'",True
258923,Marcus Rashford,LaLiga,32,8,9,3,-,"1,762'",True
258923,Marcus Rashford,UEFA Champions League,11,5,4,-,-,579',True
258923,Marcus Rashford,Copa del Rey,4,1,1,-,-,249',True
258923,Marcus Rashford,Supercopa,2,-,-,-,-,32',True
258923,Marcus Rashford,TOTAL,49,14,14,3,-,"2,622'",True
260807,Jonathan Osorio,MLS,14,-,3,5,-,"1,260'",True
260807,Jonathan Osorio,Canadian Championship,1,-,-,-,-,45',True
260807,Jonathan Osorio,TOTAL,15,-,3,5,-,"1,305'",True
260859,Hassan Kadesh,Saudi Pro League,27,1,-,-,-,"2,274'",True
260859,Hassan Kadesh,AFC Champions League,6,-,1,-,-,473',True
260859,Hassan Kadesh,King's Cup,2,-,-,-,-,210',True
260859,Hassan Kadesh,Saudi Super Cup,-,-,-,-,-,-,True
260859,Hassan Kadesh,TOTAL,35,1,1,-,-,"2,957'",True
261503,Álvaro Fidalgo,Liga MX Apertura,16,1,-,1,-,"1,096'",True
261503,Álvaro Fidalgo,LaLiga,9,1,-,-,-,547',True
261503,Álvaro Fidalgo,Europa League,3,-,-,-,-,157',True
261503,Álvaro Fidalgo,Liga MX Clausura,3,-,-,-,-,270',True
261503,Álvaro Fidalgo,Liguilla Apertura,2,-,-,-,-,168',True
261503,Álvaro Fidalgo,Copa del Rey,1,-,-,-,-,45',True
261503,Álvaro Fidalgo,TOTAL,34,2,-,1,-,"2,283'",True
261837,Noor Bane Ataya,Jordanian Pro League,24,22,7,1,-,"2,135'",True
261837,Noor Bane Ataya,TOTAL,24,22,7,1,-,"2,135'",True
261842,Rajaei Ayed,Jordanian Pro League,23,1,3,5,-,"1,929'",True
261842,Rajaei Ayed,AFC Champions League Two,7,-,-,-,-,574',True
261842,Rajaei Ayed,TOTAL,30,1,3,5,-,"2,503'",True
261850,Yazeed Abulaila,Jordanian Pro League,24,15,12,2,-,"2,160'",True
261850,Yazeed Abulaila,AFC Champions League Two,5,6,2,-,-,450',True
261850,Yazeed Abulaila,TOTAL,29,21,14,2,-,"2,610'",True
262226,Timothy Castagne,Premier League,30,-,-,4,-,"1,842'",True
262226,Timothy Castagne,EFL Cup,3,-,1,1,-,250',True
262226,Timothy Castagne,FA Cup,3,-,-,1,-,270',True
262226,Timothy Castagne,TOTAL,36,-,1,6,-,"2,362'",True
262845,Mohammed Al-Owais,Saudi First Division League,33,29,11,3,-,"2,970'",True
262845,Mohammed Al-Owais,First Div. Play-off,2,3,-,-,-,240',True
262845,Mohammed Al-Owais,TOTAL,35,32,11,3,-,"3,210'",True
262939,Johan Mojica,LaLiga,35,-,4,6,-,"2,726'",True
262939,Johan Mojica,Copa del Rey,-,-,-,-,-,-,True
262939,Johan Mojica,TOTAL,35,-,4,6,-,"2,726'",True
262980,Jefferson Lerma,Premier League,31,-,4,7,-,"1,724'",True
262980,Jefferson Lerma,Conference League,11,-,-,-,-,504',True
262980,Jefferson Lerma,EFL Cup,3,-,2,-,-,125',True
262980,Jefferson Lerma,UECL Qualifying,2,-,-,-,-,180',True
262980,Jefferson Lerma,Community Shield,1,-,-,-,-,5',True
262980,Jefferson Lerma,FA Cup,-,-,-,-,-,-,True
262980,Jefferson Lerma,TOTAL,48,-,6,7,-,"2,538'",True
263236,Kevin Danso,Premier League,24,-,-,8,-,"1,491'",True
263236,Kevin Danso,UEFA Champions League,8,-,-,1,-,477',True
263236,Kevin Danso,EFL Cup,2,-,-,-,-,180',True
263236,Kevin Danso,FA Cup,1,-,-,-,-,90',True
263236,Kevin Danso,UEFA Super Cup,1,-,-,1,-,90',True
263236,Kevin Danso,TOTAL,36,-,-,10,-,"2,328'",True
263268,Dominic Hyam,Championship,44,-,-,4,-,"3,952'",True
263268,Dominic Hyam,FA Cup,3,1,-,-,-,330',True
263268,Dominic Hyam,EFL Cup,-,-,-,-,-,-,True
263268,Dominic Hyam,TOTAL,47,1,-,4,-,"4,282'",True
264909,Ali Lajami,Saudi Pro League,25,-,-,-,-,627',True
264909,Ali Lajami,AFC Champions League,8,-,-,1,-,373',True
264909,Ali Lajami,King's Cup,5,-,-,-,-,184',True
264909,Ali Lajami,TOTAL,38,-,-,1,-,"1,184'",True
265383,Abdoulaye Seck,Ligat ha'Al,20,2,1,2,-,"1,774'",True
265383,Abdoulaye Seck,Ligat ha'Al -  Championship round,6,-,-,1,-,399',True
265383,Abdoulaye Seck,UECL Qualifying,4,1,-,1,-,360',True
265383,Abdoulaye Seck,Gvia haMedina,2,-,1,2,-,180',True
265383,Abdoulaye Seck,TOTAL,32,3,2,6,-,"2,713'",True
265625,Ajdin Hrustic,Eredivisie,27,1,6,5,-,"2,222'",True
265625,Ajdin Hrustic,KNVB Beker,3,3,1,1,-,300',True
265625,Ajdin Hrustic,TOTAL,30,4,7,6,-,"2,522'",True
266935,Mohammed Muntari,Stars League,7,-,-,3,-,336',True
266935,Mohammed Muntari,AFC Champions League,2,-,-,-,-,78',True
266935,Mohammed Muntari,Amir Cup,1,-,1,-,-,60',True
266935,Mohammed Muntari,QSL Cup,-,-,-,-,-,-,True
266935,Mohammed Muntari,TOTAL,10,-,1,3,-,474',True
272622,Issa Diop,Premier League,13,1,-,2,-,814',True
272622,Issa Diop,EFL Cup,3,-,-,-,-,270',True
272622,Issa Diop,FA Cup,2,-,-,1,-,180',True
272622,Issa Diop,TOTAL,18,1,-,3,-,"1,264'",True
272930,Jamiro Monteiro,Eredivisie,21,2,3,-,-,"1,276'",True
272930,Jamiro Monteiro,KNVB Beker,2,-,-,-,-,180',True
272930,Jamiro Monteiro,TOTAL,23,2,3,-,-,"1,456'",True
272999,Miguel Almirón,MLS,8,-,3,-,-,658',True
272999,Miguel Almirón,US Open Cup,1,-,-,-,-,25',True
272999,Miguel Almirón,TOTAL,9,-,3,-,-,683',True
273000,Júnior Alonso,Série A,10,-,-,2,-,900',True
273000,Júnior Alonso,Campeonato Mineiro,5,-,-,-,-,450',True
273000,Júnior Alonso,Copa Sudamericana,4,-,-,1,-,335',True
273000,Júnior Alonso,Copa do Brasil,-,-,-,-,-,-,True
273000,Júnior Alonso,TOTAL,19,-,-,3,-,"1,685'",True
273879,Roozbeh Cheshmi,Persian Gulf League,15,1,-,3,-,"1,075'",True
273879,Roozbeh Cheshmi,AFC Champions League Two,3,1,-,-,-,240',True
273879,Roozbeh Cheshmi,Iran Super Cup,1,1,-,1,-,90',True
273879,Roozbeh Cheshmi,Hazfi Cup,1,-,-,-,-,90',True
273879,Roozbeh Cheshmi,TOTAL,20,3,-,4,-,"1,495'",True
278145,Ricardo Adé,LigaPro Serie A,11,1,-,3,-,840',True
278145,Ricardo Adé,Libertadores,3,-,-,-,-,199',True
278145,Ricardo Adé,Copa Ecuador,-,-,-,-,-,-,True
278145,Ricardo Adé,TOTAL,14,1,-,3,-,"1,039'",True
27992,Luka Modrić,Serie A,34,2,3,4,-,"2,816'",True
27992,Luka Modrić,Italy Cup,2,-,-,-,-,33',True
27992,Luka Modrić,Supercoppa Italiana,1,-,-,-,-,15',True
27992,Luka Modrić,TOTAL,37,2,3,4,-,"2,864'",True
28003,Lionel Messi,MLS,14,12,7,2,-,"1,243'",True
28003,Lionel Messi,CONCACAF Champions Cup,2,1,-,-,-,180',True
28003,Lionel Messi,TOTAL,16,13,7,2,-,"1,423'",True
280701,Théo Bongonda,Premier Liga,4,-,-,-,-,47',True
280701,Théo Bongonda,Russian Cup,2,-,-,-,-,63',True
280701,Théo Bongonda,TOTAL,6,-,-,-,-,110',True
281963,Lucas Hernández,Ligue 1,25,-,3,4,-,"1,746'",True
281963,Lucas Hernández,UEFA Champions League,10,-,-,-,-,235',True
281963,Lucas Hernández,Coupe de France,1,-,-,-,-,90',True
281963,Lucas Hernández,Trophée des Champions,-,-,-,-,-,-,True
281963,Lucas Hernández,FIFA Intercontinental Cup,-,-,-,-,-,-,True
281963,Lucas Hernández,UEFA Super Cup,-,-,-,-,-,-,True
281963,Lucas Hernández,TOTAL,36,-,3,4,-,"2,071'",True
282144,Marin Pongracic,Serie A,35,-,-,12,-,"2,918'",True
282144,Marin Pongracic,Conference League,10,1,-,5,-,762',True
282144,Marin Pongracic,UECL Qualifying,2,-,-,-,-,115',True
282144,Marin Pongracic,Italy Cup,1,-,-,-,-,6',True
282144,Marin Pongracic,TOTAL,48,1,-,17,-,"3,801'",True
283473,Yoel Bárcenas,Liga MX Clausura,17,3,1,2,-,"1,398'",True
283473,Yoel Bárcenas,Liga MX Apertura,13,-,-,1,-,857',True
283473,Yoel Bárcenas,TOTAL,30,3,1,3,-,"2,255'",True
283489,Luca Zidane,LaLiga2,26,33,8,-,-,"2,340'",True
283489,Luca Zidane,Copa del Rey,1,-,1,-,-,90',True
283489,Luca Zidane,TOTAL,27,33,9,-,-,"2,430'",True
283628,Tomáš Souček,Premier League,35,5,-,3,-,"2,199'",True
283628,Tomáš Souček,FA Cup,3,-,-,1,-,244',True
283628,Tomáš Souček,EFL Cup,1,1,-,-,-,90',True
283628,Tomáš Souček,EFL Trophy,1,-,-,1,-,90',True
283628,Tomáš Souček,TOTAL,40,6,-,5,-,"2,623'",True
283833,Mehdi Torabi,Persian Gulf League,18,-,5,2,-,"1,208'",True
283833,Mehdi Torabi,AFC Champions League,6,1,-,-,-,311',True
283833,Mehdi Torabi,Hazfi Cup,1,1,-,-,-,87',True
283833,Mehdi Torabi,Iran Super Cup,1,-,-,-,-,67',True
283833,Mehdi Torabi,TOTAL,26,2,5,2,-,"1,673'",True
28396,Edin Dzeko,2. Bundesliga,11,6,3,-,-,599',True
28396,Edin Dzeko,Serie A,11,-,-,1,-,236',True
28396,Edin Dzeko,Conference League,5,1,-,-,-,376',True
28396,Edin Dzeko,UECL Qualifying,2,1,-,-,-,110',True
28396,Edin Dzeko,TOTAL,29,8,3,1,-,"1,321'",True
284732,Ramy Bensebaini,Bundesliga,21,5,2,6,-,"1,528'",True
284732,Ramy Bensebaini,UEFA Champions League,9,2,-,2,1,774',True
284732,Ramy Bensebaini,DFB-Pokal,2,-,1,-,-,94',True
284732,Ramy Bensebaini,TOTAL,32,7,3,8,1,"2,396'",True
285548,Fabián Balbuena,Série A,7,-,-,-,-,585',True
285548,Fabián Balbuena,Copa Sudamericana,3,-,-,-,-,234',True
285548,Fabián Balbuena,Campeonato Gaúcho,3,-,-,-,-,244',True
285548,Fabián Balbuena,Copa do Brasil,1,-,-,-,-,1',True
285548,Fabián Balbuena,TOTAL,14,-,-,-,-,"1,064'",True
287188,Dejan Ljubicic,2. Bundesliga,15,4,3,3,-,"1,182'",True
287188,Dejan Ljubicic,SuperSport HNL,15,-,3,1,-,"1,007'",True
287188,Dejan Ljubicic,Europa League,7,2,-,2,-,504',True
287188,Dejan Ljubicic,Hrvatski nogometni kup,-,-,-,-,-,-,True
287188,Dejan Ljubicic,TOTAL,37,6,6,6,-,"2,693'",True
287579,Sofyan Amrabat,LaLiga,17,-,-,4,-,"1,296'",True
287579,Sofyan Amrabat,Europa League,6,1,-,1,-,316',True
287579,Sofyan Amrabat,Champions League Qu.,4,1,-,2,-,315',True
287579,Sofyan Amrabat,Süper Lig,2,-,-,-,-,96',True
287579,Sofyan Amrabat,Copa del Rey,-,-,-,-,-,-,True
287579,Sofyan Amrabat,TOTAL,29,2,-,7,-,"2,023'",True
288230,Ousmane Dembélé,Ligue 1,22,10,7,-,-,"1,063'",True
288230,Ousmane Dembélé,UEFA Champions League,13,8,2,-,-,828',True
288230,Ousmane Dembélé,Coupe de France,2,1,1,-,-,87',True
288230,Ousmane Dembélé,Trophée des Champions,1,1,-,-,-,90',True
288230,Ousmane Dembélé,UEFA Super Cup,1,-,1,1,-,90',True
288230,Ousmane Dembélé,FIFA Intercontinental Cup,1,-,-,-,-,42',True
288230,Ousmane Dembélé,TOTAL,40,20,11,1,-,"2,200'",True
288431,Léo Pereira,Série A,14,1,-,6,-,"1,231'",True
288431,Léo Pereira,FIFA Intercontinental Cup,3,1,-,-,-,300',True
288431,Léo Pereira,Libertadores,3,-,-,-,-,270',True
288431,Léo Pereira,Campeonato Carioca,3,-,-,-,-,181',True
288431,Léo Pereira,Recopa Sudamericana,2,-,-,-,-,210',True
288431,Léo Pereira,Copa do Brasil,1,-,-,-,-,90',True
288431,Léo Pereira,Supercopa Rei,1,-,-,-,-,90',True
288431,Léo Pereira,TOTAL,27,2,-,6,-,"2,372'",True
289432,Dylan Batubinsika,Super League Play-out,8,-,-,-,-,692',True
289432,Dylan Batubinsika,Super League 1,8,-,-,2,-,720',True
289432,Dylan Batubinsika,National 2 - Grp. G,4,1,-,-,-,360',True
289432,Dylan Batubinsika,Ligue 2,1,-,-,-,-,90',True
289432,Dylan Batubinsika,Coupe de France,-,-,-,-,-,-,True
289432,Dylan Batubinsika,TOTAL,21,1,-,2,-,"1,862'",True
289446,Yerry Mina,Serie A,26,2,-,3,1,"2,153'",True
289446,Yerry Mina,Italy Cup,1,-,-,-,-,90',True
289446,Yerry Mina,TOTAL,27,2,-,3,1,"2,243'",True
291200,Moussa Niakhaté,Ligue 1,32,-,2,3,-,"2,758'",True
291200,Moussa Niakhaté,Europa League,9,1,-,1,-,739',True
291200,Moussa Niakhaté,Coupe de France,2,-,-,-,-,180',True
291200,Moussa Niakhaté,TOTAL,43,1,2,4,-,"3,677'",True
292779,Lukas Provod,Chance Liga,27,7,9,2,-,"2,222'",True
292779,Lukas Provod,UEFA Champions League,8,-,2,1,-,701',True
292779,Lukas Provod,Chance Liga Champion Gr.,3,-,2,-,-,270',True
292779,Lukas Provod,MOL Cup,1,1,-,-,-,23',True
292779,Lukas Provod,TOTAL,39,8,13,3,-,"3,216'",True
292985,Álvaro Montero,Torneo Apertura,16,12,7,-,-,"1,440'",True
292985,Álvaro Montero,Playoff Torneo Apertura,1,1,-,-,-,90',True
292985,Álvaro Montero,Copa Argentina,-,-,-,-,-,-,True
292985,Álvaro Montero,TOTAL,17,13,7,-,-,"1,530'",True
293200,Nikola Vlašić,Serie A,37,8,3,7,-,"3,055'",True
293200,Nikola Vlašić,Italy Cup,4,1,2,-,-,295',True
293200,Nikola Vlašić,TOTAL,41,9,5,7,-,"3,350'",True
293213,Amir Hadziahmetovic,Championship,37,-,3,1,-,"2,127'",True
293213,Amir Hadziahmetovic,FA Cup,2,-,-,-,-,184',True
293213,Amir Hadziahmetovic,UECL Qualifying,1,-,-,-,-,1',True
293213,Amir Hadziahmetovic,Europa League Qualifying,1,-,-,-,-,45',True
293213,Amir Hadziahmetovic,Championship Play-Offs,-,-,-,-,-,-,True
293213,Amir Hadziahmetovic,Süper Lig,-,-,-,-,-,-,True
293213,Amir Hadziahmetovic,TOTAL,41,-,3,1,-,"2,357'",True
294808,Franck Kessié,Saudi Pro League,26,5,4,5,-,"2,174'",True
294808,Franck Kessié,AFC Champions League,10,3,1,1,-,859',True
294808,Franck Kessié,King's Cup,3,1,1,-,-,330',True
294808,Franck Kessié,Saudi Super Cup,2,3,-,1,-,180',True
294808,Franck Kessié,FIFA Intercontinental Cup,1,-,-,-,-,90',True
294808,Franck Kessié,TOTAL,42,12,6,7,-,"3,633'",True
29559,Guillermo Ochoa,Cyprus League,22,34,5,3,-,"1,980'",True
29559,Guillermo Ochoa,Kypello Kyprou,4,6,1,-,-,390',True
29559,Guillermo Ochoa,TOTAL,26,40,6,3,-,"2,370'",True
298091,Harry Souttar,Championship,2,1,-,-,-,178',True
298091,Harry Souttar,FA Cup,-,-,-,-,-,-,True
298091,Harry Souttar,EFL Cup,-,-,-,-,-,-,True
298091,Harry Souttar,TOTAL,2,1,-,-,-,178',True
300716,Kieran Tierney,Premiership,30,5,7,1,-,"2,118'",True
300716,Kieran Tierney,Europa League,9,-,1,-,-,716',True
300716,Kieran Tierney,Scottish Premiership Top Six Split,5,1,1,1,-,397',True
300716,Kieran Tierney,League Cup,4,-,3,-,-,267',True
300716,Kieran Tierney,SFA Cup,3,-,-,-,-,258',True
300716,Kieran Tierney,Champions League Qu.,2,-,-,1,-,151',True
300716,Kieran Tierney,TOTAL,53,6,12,3,-,"3,907'",True
301722,Gastón Olveira,Primera División Apertura,18,11,10,2,-,"1,620'",True
301722,Gastón Olveira,Copa Sudamericana,7,6,3,-,-,630',True
301722,Gastón Olveira,TOTAL,25,17,13,2,-,"2,250'",True
303259,Dodi Lukébakio,Liga Portugal,17,-,5,1,-,745',True
303259,Dodi Lukébakio,UEFA Champions League,4,-,-,2,-,266',True
303259,Dodi Lukébakio,LaLiga,2,1,-,-,-,180',True
303259,Dodi Lukébakio,Allianz Cup,1,1,-,-,-,85',True
303259,Dodi Lukébakio,Taça de Portugal,1,-,-,-,-,75',True
303259,Dodi Lukébakio,TOTAL,25,2,5,3,-,"1,351'",True
303766,Amir Al-Ammari,Ekstraklasa,33,1,4,3,-,"2,507'",True
303766,Amir Al-Ammari,STS Polish Cup,1,-,-,-,-,90',True
303766,Amir Al-Ammari,TOTAL,34,1,4,3,-,"2,597'",True
306166,Nuno da Costa,Süper Lig,26,3,1,3,-,899',True
306166,Nuno da Costa,UECL Qualifying,6,1,1,-,-,320',True
306166,Nuno da Costa,Türkiye Kupasi,3,2,1,-,-,164',True
306166,Nuno da Costa,TOTAL,35,6,3,3,-,"1,383'",True
307058,Mehdi Taremi,Super League 1,19,10,4,1,-,"1,077'",True
307058,Mehdi Taremi,UEFA Champions League,10,2,2,2,-,485',True
307058,Mehdi Taremi,Super League Play-off,5,-,-,-,-,184',True
307058,Mehdi Taremi,Kypello Elladas,4,3,-,-,-,271',True
307058,Mehdi Taremi,Super Cup,1,1,-,-,-,106',True
307058,Mehdi Taremi,Serie A,-,-,-,-,-,-,True
307058,Mehdi Taremi,TOTAL,39,16,6,3,-,"2,123'",True
307870,Shogo Taniguchi,Jupiler Pro League,30,1,1,3,-,"2,248'",True
307870,Shogo Taniguchi,Jupiler Pro League Champions' Play-Offs,8,-,-,1,-,707',True
307870,Shogo Taniguchi,Croky Cup,-,-,-,-,-,-,True
307870,Shogo Taniguchi,TOTAL,38,1,1,4,-,"2,955'",True
308120,Mohamed Kanno,Saudi Pro League,32,5,4,2,-,"2,085'",True
308120,Mohamed Kanno,AFC Champions League,7,-,1,1,-,527',True
308120,Mohamed Kanno,King's Cup,5,-,1,-,-,394',True
308120,Mohamed Kanno,TOTAL,44,5,6,3,-,"3,006'",True
308439,Patrick Berg,UEFA Champions League,12,-,1,2,-,"1,110'",True
308439,Patrick Berg,Eliteserien,10,1,-,1,-,900',True
308439,Patrick Berg,NM-Cup,5,-,2,1,-,510',True
308439,Patrick Berg,Champions League Qu.,2,-,1,1,-,180',True
308439,Patrick Berg,TOTAL,29,1,4,5,-,"2,700'",True
309400,Kai Havertz,Premier League,12,2,3,1,-,583',True
309400,Kai Havertz,UEFA Champions League,6,4,1,1,-,226',True
309400,Kai Havertz,EFL Cup,3,1,-,-,-,95',True
309400,Kai Havertz,FA Cup,3,-,1,-,-,162',True
309400,Kai Havertz,TOTAL,24,7,5,2,-,"1,066'",True
310801,Mohammad Al-Dawoud,Jordanian Pro League,19,6,1,1,-,"1,258'",True
310801,Mohammad Al-Dawoud,TOTAL,19,6,1,1,-,"1,258'",True
310943,Ehsan Haddad,Jordanian Pro League,6,-,2,-,-,262',True
310943,Ehsan Haddad,AFC Champions League Two,1,-,-,-,-,75',True
310943,Ehsan Haddad,TOTAL,7,-,2,-,-,337',True
312317,Logan Rogerson,A-League Men,24,1,1,1,-,"1,174'",True
312317,Logan Rogerson,A-League Fin.,4,1,-,-,-,155',True
312317,Logan Rogerson,OFC Pro League,-,-,-,-,-,-,True
312317,Logan Rogerson,TOTAL,28,2,1,1,-,"1,329'",True
314678,Brahim Díaz,LaLiga,30,1,8,2,-,"1,252'",True
314678,Brahim Díaz,UEFA Champions League,12,1,1,1,-,414',True
314678,Brahim Díaz,Copa del Rey,-,-,-,-,-,-,True
314678,Brahim Díaz,Supercopa,-,-,-,-,-,-,True
314678,Brahim Díaz,TOTAL,42,2,9,3,-,"1,666'",True
315211,Sherel Floranus,Eredivisie,32,1,3,5,-,"2,801'",True
315211,Sherel Floranus,KNVB Beker,2,-,1,-,-,180',True
315211,Sherel Floranus,TOTAL,34,1,4,5,-,"2,981'",True
315969,Scott McTominay,Serie A,33,10,3,1,-,"2,793'",True
315969,Scott McTominay,UEFA Champions League,8,4,1,-,-,699',True
315969,Scott McTominay,Supercoppa Italiana,2,-,-,1,-,180',True
315969,Scott McTominay,Italy Cup,1,-,-,-,-,29',True
315969,Scott McTominay,TOTAL,44,14,4,2,-,"3,701'",True
316264,Martin Ødegaard,Premier League,24,1,7,-,-,"1,371'",True
316264,Martin Ødegaard,UEFA Champions League,8,-,1,-,-,440',True
316264,Martin Ødegaard,FA Cup,2,-,-,-,-,82',True
316264,Martin Ødegaard,EFL Cup,2,-,-,-,-,91',True
316264,Martin Ødegaard,TOTAL,36,1,8,-,-,"1,984'",True
316934,Nikola Moro,Serie A,30,2,-,1,-,"1,798'",True
316934,Nikola Moro,Europa League,11,-,-,-,-,734',True
316934,Nikola Moro,Supercoppa Italiana,2,-,-,-,-,135',True
316934,Nikola Moro,Italy Cup,1,-,1,-,-,61',True
316934,Nikola Moro,TOTAL,44,2,1,1,-,"2,728'",True
318204,David Raum,Bundesliga,30,3,7,6,-,"2,556'",True
318204,David Raum,DFB-Pokal,4,-,2,1,-,360',True
318204,David Raum,TOTAL,34,3,9,7,-,"2,916'",True
318528,Marcus Thuram,Serie A,29,13,6,2,-,"1,913'",True
318528,Marcus Thuram,UEFA Champions League,9,2,1,1,-,577',True
318528,Marcus Thuram,Italy Cup,5,2,2,-,-,320',True
318528,Marcus Thuram,Supercoppa Italiana,1,1,-,-,-,71',True
318528,Marcus Thuram,TOTAL,44,18,9,3,-,"2,881'",True
320722,Zizo,Premier League,14,4,4,-,-,956',True
320722,Zizo,CAF-Champions League,7,-,1,1,-,590',True
320722,Zizo,Championship Playoff,6,1,2,-,-,310',True
320722,Zizo,Egyptian Super Cup,2,-,2,1,-,169',True
320722,Zizo,Egyptian League Cup,-,-,-,-,-,-,True
320722,Zizo,Egypt Cup,-,-,-,-,-,-,True
320722,Zizo,TOTAL,29,5,9,2,-,"2,025'",True
321204,Michal Sadílek,Chance Liga,25,1,5,6,-,"1,822'",True
321204,Michal Sadílek,UEFA Champions League,8,-,-,-,-,600',True
321204,Michal Sadílek,Chance Liga Champion Gr.,4,-,-,-,-,270',True
321204,Michal Sadílek,MOL Cup,2,1,-,-,-,180',True
321204,Michal Sadílek,TOTAL,39,2,5,6,-,"2,872'",True
321528,Denzel Dumfries,Serie A,20,3,1,2,-,"1,328'",True
321528,Denzel Dumfries,UEFA Champions League,5,2,-,-,-,342',True
321528,Denzel Dumfries,Italy Cup,3,-,1,-,-,106',True
321528,Denzel Dumfries,Supercoppa Italiana,-,-,-,-,-,-,True
321528,Denzel Dumfries,TOTAL,28,5,2,2,-,"1,776'",True
322065,Dennis Hadzikadunic,Serie B,28,-,1,4,-,"2,213'",True
322065,Dennis Hadzikadunic,Premier Liga,-,-,-,-,-,-,True
322065,Dennis Hadzikadunic,Russian Cup,-,-,-,-,-,-,True
322065,Dennis Hadzikadunic,TOTAL,28,-,1,4,-,"2,213'",True
323872,Andrés Cubas,MLS,11,-,1,5,-,864',True
323872,Andrés Cubas,CONCACAF Champions Cup,3,-,-,2,-,122',True
323872,Andrés Cubas,TOTAL,14,-,1,7,-,986',True
324358,Ollie Watkins,Premier League,37,16,3,4,-,"2,854'",True
324358,Ollie Watkins,Europa League,15,5,2,-,-,912',True
324358,Ollie Watkins,FA Cup,2,-,-,-,-,50',True
324358,Ollie Watkins,EFL Cup,1,-,-,-,-,23',True
324358,Ollie Watkins,TOTAL,55,21,5,4,-,"3,839'",True
326029,Donyell Malen,Premier League,21,4,1,-,-,645',True
326029,Donyell Malen,Serie A,18,14,2,1,-,"1,478'",True
326029,Donyell Malen,Europa League,8,4,1,-,-,539',True
326029,Donyell Malen,FA Cup,1,-,1,-,-,65',True
326029,Donyell Malen,EFL Cup,1,-,-,-,-,67',True
326029,Donyell Malen,TOTAL,49,22,5,1,-,"2,794'",True
326330,Frenkie de Jong,LaLiga,25,1,5,3,1,"1,631'",True
326330,Frenkie de Jong,UEFA Champions League,8,-,1,3,-,514',True
326330,Frenkie de Jong,Copa del Rey,3,-,2,-,-,270',True
326330,Frenkie de Jong,Supercopa,2,-,-,-,-,154',True
326330,Frenkie de Jong,TOTAL,38,1,8,6,1,"2,569'",True
328455,Juriën Gaari,Saudi First Division League,31,-,-,4,-,"2,790'",True
328455,Juriën Gaari,King's Cup,1,-,-,-,-,120',True
328455,Juriën Gaari,TOTAL,32,-,-,4,-,"2,910'",True
328609,Derek Cornelius,Premiership,7,1,1,1,-,560',True
328609,Derek Cornelius,Europa League,3,-,-,1,-,173',True
328609,Derek Cornelius,League Cup,2,-,-,1,-,210',True
328609,Derek Cornelius,Ligue 1,2,-,-,-,-,57',True
328609,Derek Cornelius,Scottish Premiership Top Six Split,-,-,-,-,-,-,True
328609,Derek Cornelius,SFA Cup,-,-,-,-,-,-,True
328609,Derek Cornelius,TOTAL,14,1,1,3,-,"1,000'",True
328658,Kristoffer Ajer,Premier League,27,-,1,4,-,"1,809'",True
328658,Kristoffer Ajer,EFL Cup,3,-,1,-,-,232',True
328658,Kristoffer Ajer,FA Cup,1,-,-,-,-,97',True
328658,Kristoffer Ajer,TOTAL,31,-,2,4,-,"2,138'",True
330659,Justin Kluivert,Premier League,20,2,-,5,-,953',True
330659,Justin Kluivert,EFL Cup,1,-,-,-,-,66',True
330659,Justin Kluivert,FA Cup,-,-,-,-,-,-,True
330659,Justin Kluivert,TOTAL,21,2,-,5,-,"1,019'",True
331059,Luis Chávez,Premier Liga,4,-,-,-,-,159',True
331059,Luis Chávez,Russian Cup,1,-,-,-,-,5',True
331059,Luis Chávez,TOTAL,5,-,-,-,-,164',True
331560,Takehiro Tomiyasu,Eredivisie,7,-,-,-,-,205',True
331560,Takehiro Tomiyasu,Play-Offs Conference League,2,-,1,-,-,31',True
331560,Takehiro Tomiyasu,UEFA Champions League,-,-,-,-,-,-,True
331560,Takehiro Tomiyasu,KNVB Beker,-,-,-,-,-,-,True
331560,Takehiro Tomiyasu,TOTAL,9,-,1,-,-,236',True
332560,Deiver Machado,Ligue 1,19,-,1,3,-,"1,186'",True
332560,Deiver Machado,Coupe de France,2,-,-,1,-,123',True
332560,Deiver Machado,TOTAL,21,-,1,4,-,"1,309'",True
333004,Karim Hafez,Premier League,14,1,1,4,-,944',True
333004,Karim Hafez,CAF-Champions League,9,-,1,2,-,419',True
333004,Karim Hafez,Egypt Cup,4,1,1,-,-,266',True
333004,Karim Hafez,Championship Playoff,4,1,-,-,-,270',True
333004,Karim Hafez,FIFA Intercontinental Cup,2,-,-,-,-,83',True
333004,Karim Hafez,Egyptian Super Cup,2,-,-,-,-,100',True
333004,Karim Hafez,Egyptian League Cup,-,-,-,-,-,-,True
333004,Karim Hafez,CAF-Supercup,-,-,-,-,-,-,True
333004,Karim Hafez,TOTAL,35,3,3,6,-,"2,082'",True
333014,Sander Berge,Premier League,35,-,1,5,-,"2,911'",True
333014,Sander Berge,FA Cup,2,-,-,-,-,5',True
333014,Sander Berge,EFL Cup,2,-,-,-,-,98',True
333014,Sander Berge,TOTAL,39,-,1,5,-,"3,014'",True
333355,Milad Mohammadi,Persian Gulf League,20,-,3,2,-,"1,447'",True
333355,Milad Mohammadi,Hazfi Cup,1,-,-,-,-,120',True
333355,Milad Mohammadi,Champions League Two Play-off,-,-,-,-,-,-,True
333355,Milad Mohammadi,TOTAL,21,-,3,2,-,"1,567'",True
334042,Orbelín Pineda,Super League 1,25,4,1,5,-,"1,982'",True
334042,Orbelín Pineda,Conference League,10,-,2,2,-,883',True
334042,Orbelín Pineda,Super League Play-off,6,1,1,1,-,498',True
334042,Orbelín Pineda,UECL Qualifying,6,-,1,1,-,375',True
334042,Orbelín Pineda,Kypello Elladas,3,-,-,1,-,139',True
334042,Orbelín Pineda,TOTAL,50,5,5,10,-,"3,877'",True
334802,Jan Kuchta,Chance Liga,25,10,6,6,-,"1,263'",True
334802,Jan Kuchta,Conference League,8,-,2,2,-,382',True
334802,Jan Kuchta,UECL Qualifying,5,3,1,-,-,347',True
334802,Jan Kuchta,Chance Liga Champion Gr.,5,2,2,-,-,422',True
334802,Jan Kuchta,MOL Cup,2,-,-,-,-,121',True
334802,Jan Kuchta,TOTAL,45,15,11,8,-,"2,535'",True
335457,Ermedin Demirovic,Bundesliga,25,12,4,5,-,"1,498'",True
335457,Ermedin Demirovic,Europa League,8,1,-,2,-,547',True
335457,Ermedin Demirovic,DFB-Pokal,4,2,1,-,-,303',True
335457,Ermedin Demirovic,DFL-Supercup,1,-,-,-,-,19',True
335457,Ermedin Demirovic,TOTAL,38,15,5,7,-,"2,367'",True
336646,Akram Afif,Stars League,22,15,12,3,-,"1,938'",True
336646,Akram Afif,AFC Champions League,10,1,5,2,-,951',True
336646,Akram Afif,Amir Cup,4,2,1,-,-,329',True
336646,Akram Afif,QSL Cup,-,-,-,-,-,-,True
336646,Akram Afif,TOTAL,36,18,18,5,-,"3,218'",True
336665,Sultan Al-Brake,Stars League,18,1,2,3,-,"1,435'",True
336665,Sultan Al-Brake,AFC Champions League,8,-,-,1,-,653',True
336665,Sultan Al-Brake,Amir Cup,3,-,1,-,-,270',True
336665,Sultan Al-Brake,QSL Cup,1,-,-,-,-,60',True
336665,Sultan Al-Brake,AFC CL Elite Qualif.,-,-,-,-,-,-,True
336665,Sultan Al-Brake,TOTAL,30,1,3,4,-,"2,418'",True
336667,Assim Madibo,Stars League,13,-,-,8,-,"1,089'",True
336667,Assim Madibo,Amir Cup,2,-,-,2,-,171',True
336667,Assim Madibo,QSL Cup,-,-,-,-,-,-,True
336667,Assim Madibo,TOTAL,15,-,-,10,-,"1,260'",True
338635,Hannes Delcroix,Super League,14,1,-,1,-,"1,155'",True
338635,Hannes Delcroix,Premier League 2,3,-,1,-,-,225',True
338635,Hannes Delcroix,Premier League Cup,2,-,-,-,-,180',True
338635,Hannes Delcroix,FA Cup,-,-,-,-,-,-,True
338635,Hannes Delcroix,Premier League,-,-,-,-,-,-,True
338635,Hannes Delcroix,National League Cup,-,-,-,-,-,-,True
338635,Hannes Delcroix,EFL Cup,-,-,-,-,-,-,True
338635,Hannes Delcroix,TOTAL,19,1,1,1,-,"1,560'",True
339314,Deniz Undav,Bundesliga,29,19,6,5,-,"2,249'",True
339314,Deniz Undav,Europa League,10,3,6,2,-,765',True
339314,Deniz Undav,DFB-Pokal,6,3,2,1,-,541',True
339314,Deniz Undav,DFL-Supercup,1,-,-,-,-,90',True
339314,Deniz Undav,TOTAL,46,25,14,8,-,"3,645'",True
339332,Noa Lang,Serie A,18,1,2,2,-,661',True
339332,Noa Lang,Süper Lig,13,-,3,2,-,704',True
339332,Noa Lang,UEFA Champions League,10,2,-,2,-,500',True
339332,Noa Lang,Türkiye Kupasi,2,-,-,-,-,135',True
339332,Noa Lang,Supercoppa Italiana,2,-,-,-,-,35',True
339332,Noa Lang,Italy Cup,1,-,-,-,-,16',True
339332,Noa Lang,TOTAL,46,3,5,6,-,"2,051'",True
339337,Armando Obispo,Eredivisie,17,2,-,1,-,807',True
339337,Armando Obispo,UEFA Champions League,6,-,-,1,-,322',True
339337,Armando Obispo,KNVB Beker,3,-,-,-,-,270',True
339337,Armando Obispo,Johan Cruijff Schaal,1,-,-,-,-,4',True
339337,Armando Obispo,TOTAL,27,2,-,2,-,"1,403'",True
339808,Theo Hernández,Saudi Pro League,31,5,3,7,-,"2,744'",True
339808,Theo Hernández,AFC Champions League,8,2,2,-,-,733',True
339808,Theo Hernández,King's Cup,5,2,1,-,-,330',True
339808,Theo Hernández,TOTAL,44,9,6,7,-,"3,807'",True
340303,Hamdy Fathy,Stars League,18,2,-,5,-,"1,483'",True
340303,Hamdy Fathy,Amir Cup,3,-,-,-,-,270',True
340303,Hamdy Fathy,QSL Cup,1,-,-,-,-,67',True
340303,Hamdy Fathy,TOTAL,22,2,-,5,-,"1,820'",True
340456,Noussair Mazraoui,Premier League,20,-,-,3,-,984',True
340456,Noussair Mazraoui,FA Cup,-,-,-,-,-,-,True
340456,Noussair Mazraoui,EFL Cup,-,-,-,-,-,-,True
340456,Noussair Mazraoui,TOTAL,20,-,-,3,-,984',True
340990,Alfie Jones,Championship,22,1,1,3,-,"1,886'",True
340990,Alfie Jones,EFL Cup,1,-,-,-,-,90',True
340990,Alfie Jones,Championship Play-Offs,-,-,-,-,-,-,True
340990,Alfie Jones,FA Cup,-,-,-,-,-,-,True
340990,Alfie Jones,TOTAL,23,1,1,3,-,"1,976'",True
341429,Davinson Sánchez,Süper Lig,30,1,-,6,-,"2,425'",True
341429,Davinson Sánchez,UEFA Champions League,11,1,-,3,-,"1,020'",True
341429,Davinson Sánchez,Türkiye Kupasi,2,-,-,-,-,115',True
341429,Davinson Sánchez,TFF Süper Kupa,2,-,-,1,-,124',True
341429,Davinson Sánchez,TOTAL,45,2,-,10,-,"3,684'",True
342046,Axel Tuanzebe,Premier League,14,1,-,1,-,"1,202'",True
342046,Axel Tuanzebe,EFL Cup,2,-,-,-,-,135',True
342046,Axel Tuanzebe,FA Cup,-,-,-,-,-,-,True
342046,Axel Tuanzebe,TOTAL,16,1,-,1,-,"1,337'",True
342229,Kylian Mbappé,LaLiga,31,25,5,3,-,"2,606'",True
342229,Kylian Mbappé,UEFA Champions League,11,15,1,2,-,911',True
342229,Kylian Mbappé,Copa del Rey,1,2,1,-,-,90',True
342229,Kylian Mbappé,Supercopa,1,-,-,-,-,14',True
342229,Kylian Mbappé,TOTAL,44,42,7,5,-,"3,621'",True
342878,Yassin Fortuné,Liga Portugal 2,23,3,1,5,-,"1,248'",True
342878,Yassin Fortuné,Taça de Portugal,1,-,-,-,-,71',True
342878,Yassin Fortuné,TOTAL,24,3,1,5,-,"1,319'",True
343044,Payam Niazmand,Persian Gulf League,21,18,10,3,-,"1,890'",True
343044,Payam Niazmand,Hazfi Cup,1,1,-,-,-,120',True
343044,Payam Niazmand,Champions League Two Play-off,-,-,-,-,-,-,True
343044,Payam Niazmand,TOTAL,22,19,10,3,-,"2,010'",True
343052,Nicolas Pépé,LaLiga,36,8,10,4,-,"2,397'",True
343052,Nicolas Pépé,UEFA Champions League,8,-,1,1,-,611',True
343052,Nicolas Pépé,Copa del Rey,2,-,-,-,-,175',True
343052,Nicolas Pépé,TOTAL,46,8,11,5,-,"3,183'",True
343463,Cyle Larin,Championship,16,8,1,2,-,853',True
343463,Cyle Larin,Eredivisie,8,-,1,1,-,152',True
343463,Cyle Larin,Europa League,7,1,-,1,-,250',True
343463,Cyle Larin,FA Cup,4,1,-,-,-,204',True
343463,Cyle Larin,Championship Play-Offs,2,-,-,2,-,96',True
343463,Cyle Larin,KNVB Beker,-,-,-,-,-,-,True
343463,Cyle Larin,LaLiga,-,-,-,-,-,-,True
343463,Cyle Larin,TOTAL,37,10,2,6,-,"1,555'",True
343974,Mohamed Hany,Premier League,18,-,4,2,1,"1,538'",True
343974,Mohamed Hany,CAF-Champions League,10,-,1,2,-,837',True
343974,Mohamed Hany,Championship Playoff,5,-,1,1,-,425',True
343974,Mohamed Hany,Egyptian Super Cup,2,-,-,-,-,180',True
343974,Mohamed Hany,Egyptian League Cup,-,-,-,-,-,-,True
343974,Mohamed Hany,Egypt Cup,-,-,-,-,-,-,True
343974,Mohamed Hany,TOTAL,35,-,6,5,1,"2,980'",True
344695,Dayot Upamecano,Bundesliga,24,1,1,4,-,"1,798'",True
344695,Dayot Upamecano,UEFA Champions League,12,1,2,2,-,"1,013'",True
344695,Dayot Upamecano,DFB-Pokal,5,-,-,2,-,450',True
344695,Dayot Upamecano,DFL-Supercup,1,-,-,1,-,80',True
344695,Dayot Upamecano,TOTAL,42,2,3,9,-,"3,341'",True
344830,Tahith Chong,Championship,21,-,1,2,-,669',True
344830,Tahith Chong,FA Cup,1,-,-,-,-,57',True
344830,Tahith Chong,League One,-,-,-,-,-,-,True
344830,Tahith Chong,EFL Cup,-,-,-,-,-,-,True
344830,Tahith Chong,TOTAL,22,-,1,2,-,726',True
344854,Jesús Gallardo,Liga MX Apertura,14,4,1,6,-,"1,170'",True
344854,Jesús Gallardo,Liga MX Clausura,13,1,4,5,-,987',True
344854,Jesús Gallardo,Liguilla Apertura,6,-,-,2,-,570',True
344854,Jesús Gallardo,CONCACAF Champions Cup,5,3,1,-,-,444',True
344854,Jesús Gallardo,Liguilla Clausura,-,-,-,-,-,-,True
344854,Jesús Gallardo,TOTAL,38,8,6,13,-,"3,171'",True
344864,Jean-Kévin Duverne,Jupiler Pro League,14,-,1,4,-,735',True
344864,Jean-Kévin Duverne,Jupiler Pro League Champions' Play-Offs,8,1,-,1,-,421',True
344864,Jean-Kévin Duverne,Croky Cup,2,-,-,-,-,55',True
344864,Jean-Kévin Duverne,Jupiler Pro League playoff Europa League,-,-,-,-,-,-,True
344864,Jean-Kévin Duverne,Ligue 1,-,-,-,-,-,-,True
344864,Jean-Kévin Duverne,TOTAL,24,1,1,5,-,"1,211'",True
344869,Simon Banza,UAE Pro League,16,9,1,1,-,"1,142'",True
344869,Simon Banza,UAE President's Cup,2,-,-,-,-,165',True
344869,Simon Banza,UAE League Cup,2,-,-,-,-,114',True
344869,Simon Banza,Liga Portugal,-,-,-,-,-,-,True
344869,Simon Banza,Europa League Qualifying,-,-,-,-,-,-,True
344869,Simon Banza,TOTAL,20,9,1,1,-,"1,421'",True
345095,Almoez Ali,Stars League,4,1,-,-,-,168',True
345095,Almoez Ali,Amir Cup,2,-,1,1,-,135',True
345095,Almoez Ali,AFC Champions League,2,-,-,1,-,75',True
345095,Almoez Ali,QSL Cup,-,-,-,-,-,-,True
345095,Almoez Ali,AFC CL Elite Qualif.,-,-,-,-,-,-,True
345095,Almoez Ali,TOTAL,8,1,1,2,-,378',True
345700,Joe Bell,Eliteserien,6,-,1,-,-,520',True
345700,Joe Bell,UECL Qualifying,3,-,3,-,-,243',True
345700,Joe Bell,NM-Cup,1,-,-,-,-,90',True
345700,Joe Bell,TOTAL,10,-,4,-,-,853',True
345716,Fidel Escobar,Primera División Apertura,16,-,1,3,-,"1,412'",True
345716,Fidel Escobar,Apertura Play-Off,4,1,-,-,-,360',True
345716,Fidel Escobar,Primera División Clausura,4,-,-,1,-,278',True
345716,Fidel Escobar,Central American Cup,4,-,-,2,-,287',True
345716,Fidel Escobar,Copa de Costa Rica,1,1,-,-,-,90',True
345716,Fidel Escobar,Clausura Play-Off,1,-,-,-,-,90',True
345716,Fidel Escobar,TOTAL,30,2,1,6,-,"2,517'",True
345763,Duckens Nazon,Persian Gulf League,10,1,1,-,-,429',True
345763,Duckens Nazon,AFC Champions League Two,7,1,1,1,-,275',True
345763,Duckens Nazon,Hazfi Cup,1,-,-,-,-,45',True
345763,Duckens Nazon,Iran Super Cup,1,-,-,-,-,33',True
345763,Duckens Nazon,TOTAL,19,2,2,1,-,782',True
345911,Ladislav Krejčí,Premier League,28,2,1,3,1,"2,361'",True
345911,Ladislav Krejčí,FA Cup,2,-,-,-,-,180',True
345911,Ladislav Krejčí,EFL Cup,2,-,-,1,-,135',True
345911,Ladislav Krejčí,LaLiga,2,-,-,1,-,180',True
345911,Ladislav Krejčí,TOTAL,34,2,1,5,1,"2,856'",True
346314,Trevoh Chalobah,Premier League,34,3,-,3,-,"2,782'",True
346314,Trevoh Chalobah,UEFA Champions League,8,-,-,1,-,571',True
346314,Trevoh Chalobah,EFL Cup,4,-,-,-,-,276',True
346314,Trevoh Chalobah,FA Cup,1,-,-,-,-,90',True
346314,Trevoh Chalobah,TOTAL,47,3,-,4,-,"3,719'",True
346779,Ché Adams,Serie A,33,6,3,-,-,"1,897'",True
346779,Ché Adams,Italy Cup,3,2,-,-,-,213',True
346779,Ché Adams,TOTAL,36,8,3,-,-,"2,110'",True
346853,Romano Schmid,Bundesliga,34,4,8,4,-,"2,993'",True
346853,Romano Schmid,DFB-Pokal,1,-,-,-,-,90',True
346853,Romano Schmid,TOTAL,35,4,8,4,-,"3,083'",True
347138,Lyndon Dykes,Championship,41,5,4,4,-,"1,937'",True
347138,Lyndon Dykes,EFL Cup,2,-,-,-,-,80',True
347138,Lyndon Dykes,FA Cup,-,-,-,-,-,-,True
347138,Lyndon Dykes,TOTAL,43,5,4,4,-,"2,017'",True
347932,Guillermo Martínez,Liga MX Clausura,15,5,-,3,-,493',True
347932,Guillermo Martínez,Liga MX Apertura,11,4,-,3,-,849',True
347932,Guillermo Martínez,CONCACAF Champions Cup,2,-,-,-,-,43',True
347932,Guillermo Martínez,Liguilla Clausura,-,-,-,-,-,-,True
347932,Guillermo Martínez,Liguilla Apertura,-,-,-,-,-,-,True
347932,Guillermo Martínez,TOTAL,28,9,-,6,-,"1,385'",True
348791,Junya Ito,Jupiler Pro League,18,4,2,3,-,"1,027'",True
348791,Junya Ito,JPL Europe Play-Offs,10,2,3,1,-,760',True
348791,Junya Ito,Europa League,6,-,-,-,-,420',True
348791,Junya Ito,Europa League Qualifying,2,1,-,1,-,87',True
348791,Junya Ito,Jupiler Pro League playoff Europa League,-,-,-,-,-,-,True
348791,Junya Ito,Croky Cup,-,-,-,-,-,-,True
348791,Junya Ito,TOTAL,36,7,5,5,-,"2,294'",True
348795,Giovani Lo Celso,LaLiga,24,2,3,4,-,"1,397'",True
348795,Giovani Lo Celso,Europa League,6,1,-,-,-,321',True
348795,Giovani Lo Celso,Copa del Rey,2,-,-,-,-,59',True
348795,Giovani Lo Celso,TOTAL,32,3,3,4,-,"1,777'",True
348863,Juninho Bacuna,Eredivisie,13,-,2,1,-,709',True
348863,Juninho Bacuna,Süper Lig,9,-,-,1,-,214',True
348863,Juninho Bacuna,Türkiye Kupasi,3,1,1,1,-,249',True
348863,Juninho Bacuna,Keuken Kampioen Play-Offs,2,-,-,1,-,151',True
348863,Juninho Bacuna,KNVB Beker,-,-,-,-,-,-,True
348863,Juninho Bacuna,TOTAL,27,1,3,4,-,"1,323'",True
349570,Diney Borges,UAE Pro League,25,2,-,6,-,"2,250'",True
349570,Diney Borges,UAE President's Cup,1,-,-,-,-,120',True
349570,Diney Borges,UAE League Cup,-,-,-,-,-,-,True
349570,Diney Borges,TOTAL,26,2,-,6,-,"2,370'",True
349599,Pervis Estupiñán,Serie A,19,1,1,5,-,"1,036'",True
349599,Pervis Estupiñán,Italy Cup,2,-,-,1,-,177',True
349599,Pervis Estupiñán,Supercoppa Italiana,1,-,-,-,-,90',True
349599,Pervis Estupiñán,TOTAL,22,1,1,6,-,"1,303'",True
350347,Michael Woud,A-League Men,24,26,7,2,-,"2,091'",True
350347,Michael Woud,A-League Fin.,4,2,2,-,-,390',True
350347,Michael Woud,OFC Pro League,-,-,-,-,-,-,True
350347,Michael Woud,TOTAL,28,28,9,2,-,"2,481'",True
350357,Sarpreet Singh,Super liga Srbije,15,2,1,3,-,887',True
350357,Sarpreet Singh,A-League Men,2,-,-,-,-,74',True
350357,Sarpreet Singh,Kup Srbije,1,-,-,-,-,90',True
350357,Sarpreet Singh,TOTAL,18,2,1,3,-,"1,051'",True
35047,Axel Witsel,LaLiga,32,1,2,-,1,"2,533'",True
35047,Axel Witsel,Copa del Rey,-,-,-,-,-,-,True
35047,Axel Witsel,TOTAL,32,1,2,-,1,"2,533'",True
351567,Koki Ogawa,Eredivisie,26,8,4,1,-,"1,274'",True
351567,Koki Ogawa,KNVB Beker,3,1,-,-,-,101',True
351567,Koki Ogawa,TOTAL,29,9,4,1,-,"1,375'",True
351941,Gonzalo Valle,LigaPro Serie A,14,13,4,2,-,"1,260'",True
351941,Gonzalo Valle,Libertadores,6,5,3,1,-,540',True
351941,Gonzalo Valle,Copa Ecuador,-,-,-,-,-,-,True
351941,Gonzalo Valle,TOTAL,20,18,7,3,-,"1,800'",True
353032,Omar Alderete,Premier League,33,1,1,6,-,"2,802'",True
353032,Omar Alderete,FA Cup,1,-,-,-,-,90',True
353032,Omar Alderete,EFL Cup,-,-,-,-,-,-,True
353032,Omar Alderete,TOTAL,34,1,1,6,-,"2,892'",True
353403,Samuel Moutoussamy,Super League 1,21,3,-,3,-,"1,761'",True
353403,Samuel Moutoussamy,Super League Play-out,7,-,-,2,-,577',True
353403,Samuel Moutoussamy,1.Lig,4,-,-,1,-,203',True
353403,Samuel Moutoussamy,Kypello Elladas,3,-,-,1,-,116',True
353403,Samuel Moutoussamy,TOTAL,35,3,-,7,-,"2,657'",True
353432,Aubrey Modiba,Betway Premiership,27,-,3,4,-,"2,018'",True
353432,Aubrey Modiba,CAF-Champions League,9,1,4,1,-,674',True
353432,Aubrey Modiba,MTN8,3,-,-,1,-,182',True
353432,Aubrey Modiba,Nedbank Cup,2,-,-,-,-,107',True
353432,Aubrey Modiba,Carling Knockout,1,-,-,1,-,120',True
353432,Aubrey Modiba,TOTAL,42,1,7,7,-,"3,101'",True
353583,Roberto Alvarado,Liga MX Clausura,17,1,2,1,-,"1,393'",True
353583,Roberto Alvarado,Liga MX Apertura,12,3,2,-,-,810',True
353583,Roberto Alvarado,Liguilla Apertura,2,-,1,-,-,166',True
353583,Roberto Alvarado,Liguilla Clausura,-,-,-,-,-,-,True
353583,Roberto Alvarado,TOTAL,31,4,5,1,-,"2,369'",True
353892,Hiroki Ito,Bundesliga,16,1,2,-,-,921',True
353892,Hiroki Ito,UEFA Champions League,4,-,-,-,-,122',True
353892,Hiroki Ito,DFB-Pokal,3,-,-,-,-,6',True
353892,Hiroki Ito,DFL-Supercup,-,-,-,-,-,-,True
353892,Hiroki Ito,TOTAL,23,1,2,-,-,"1,049'",True
354145,Jorge Carrascal,Série A,13,2,1,1,-,618',True
354145,Jorge Carrascal,Campeonato Carioca,7,1,3,-,-,429',True
354145,Jorge Carrascal,Libertadores,4,-,-,-,-,311',True
354145,Jorge Carrascal,FIFA Intercontinental Cup,3,-,-,-,-,209',True
354145,Jorge Carrascal,Recopa Sudamericana,2,-,-,1,-,148',True
354145,Jorge Carrascal,Copa do Brasil,1,-,-,1,-,63',True
354145,Jorge Carrascal,Supercopa Rei,1,-,-,-,-,45',True
354145,Jorge Carrascal,Russian Cup,-,-,-,-,-,-,True
354145,Jorge Carrascal,Premier Liga,-,-,-,-,-,-,True
354145,Jorge Carrascal,TOTAL,31,3,4,3,-,"1,823'",True
354482,Amir Murillo,Ligue 1,16,2,2,4,-,988',True
354482,Amir Murillo,Süper Lig,12,1,1,4,-,957',True
354482,Amir Murillo,UEFA Champions League,7,-,-,1,-,388',True
354482,Amir Murillo,Türkiye Kupasi,3,1,-,-,-,270',True
354482,Amir Murillo,Coupe de France,1,-,2,-,-,90',True
354482,Amir Murillo,Trophée des Champions,1,-,-,-,-,13',True
354482,Amir Murillo,TOTAL,40,4,5,9,-,"2,706'",True
354763,Derrick Etienne Jr.,MLS,11,2,-,-,-,647',True
354763,Derrick Etienne Jr.,Canadian Championship,1,-,1,1,-,90',True
354763,Derrick Etienne Jr.,TOTAL,12,2,1,1,-,737',True
355816,Ko Itakura,Eredivisie,18,1,-,2,-,"1,344'",True
355816,Ko Itakura,UEFA Champions League,6,-,-,1,-,455',True
355816,Ko Itakura,Play-Offs Conference League,1,-,-,-,-,35',True
355816,Ko Itakura,KNVB Beker,1,-,-,-,-,81',True
355816,Ko Itakura,TOTAL,26,1,-,3,-,"1,915'",True
355817,Kaku,UAE Pro League,22,4,7,3,-,"1,836'",True
355817,Kaku,UAE League Cup,5,-,1,-,-,434',True
355817,Kaku,UAE President's Cup,3,-,2,-,-,180',True
355817,Kaku,TOTAL,30,4,10,3,-,"2,450'",True
355915,Cristian Romero,Premier League,23,4,1,9,1,"1,873'",True
355915,Cristian Romero,UEFA Champions League,8,1,3,2,-,694',True
355915,Cristian Romero,UEFA Super Cup,1,1,-,-,-,90',True
355915,Cristian Romero,FA Cup,-,-,-,-,-,-,True
355915,Cristian Romero,EFL Cup,-,-,-,-,-,-,True
355915,Cristian Romero,TOTAL,32,6,4,11,1,"2,657'",True
356042,Carlos Acevedo,Liga MX Apertura,17,28,5,1,-,"1,530'",True
356042,Carlos Acevedo,Liga MX Clausura,15,36,-,-,-,"1,330'",True
356042,Carlos Acevedo,TOTAL,32,64,5,1,-,"2,860'",True
356044,Jorge Sánchez,Liga MX Apertura,12,-,1,1,-,"1,011'",True
356044,Jorge Sánchez,Super League 1,6,-,1,-,-,450',True
356044,Jorge Sánchez,Super League Play-off,4,-,-,2,-,183',True
356044,Jorge Sánchez,Liga MX Clausura,4,-,-,-,-,218',True
356044,Jorge Sánchez,Liguilla Apertura,3,-,-,-,-,198',True
356044,Jorge Sánchez,FIFA Intercontinental Cup,1,1,-,-,-,87',True
356044,Jorge Sánchez,Europa League,1,-,-,-,-,90',True
356044,Jorge Sánchez,Kypello Elladas,-,-,-,-,-,-,True
356044,Jorge Sánchez,TOTAL,31,1,2,3,-,"2,237'",True
356141,Daichi Kamada,Premier League,28,-,1,3,-,"1,909'",True
356141,Daichi Kamada,Conference League,14,1,4,-,-,"1,004'",True
356141,Daichi Kamada,EFL Cup,2,-,-,1,-,180',True
356141,Daichi Kamada,UECL Qualifying,1,-,-,-,-,90',True
356141,Daichi Kamada,Community Shield,1,-,-,-,-,29',True
356141,Daichi Kamada,FA Cup,-,-,-,-,-,-,True
356141,Daichi Kamada,TOTAL,46,1,5,4,-,"3,212'",True
357003,Martin Erlić,Superliga,11,1,-,3,-,838',True
357003,Martin Erlić,Europa League,8,4,1,3,-,734',True
357003,Martin Erlić,Superliga Championship round,7,1,-,1,-,585',True
357003,Martin Erlić,Oddset Pokalen,5,-,-,1,-,431',True
357003,Martin Erlić,Europa League Qualifying,3,-,-,1,-,238',True
357003,Martin Erlić,Future Cup,1,-,-,-,-,45',True
357003,Martin Erlić,TOTAL,35,6,1,9,-,"2,871'",True
357117,Alban Lafont,Super League 1,16,13,6,1,-,"1,395'",True
357117,Alban Lafont,Europa League,10,12,3,1,-,930',True
357117,Alban Lafont,Super League Play-off,6,7,2,1,-,540',True
357117,Alban Lafont,Kypello Elladas,5,4,2,-,-,450',True
357117,Alban Lafont,Europa League Qualifying,-,-,-,-,-,-,True
357117,Alban Lafont,Champions League Qu.,-,-,-,-,-,-,True
357117,Alban Lafont,TOTAL,37,36,13,3,-,"3,315'",True
357119,Ibrahima Konaté,Premier League,36,1,-,7,-,"3,100'",True
357119,Ibrahima Konaté,UEFA Champions League,10,1,-,1,-,871',True
357119,Ibrahima Konaté,FA Cup,4,-,-,1,-,219',True
357119,Ibrahima Konaté,Community Shield,1,-,-,1,-,90',True
357119,Ibrahima Konaté,EFL Cup,-,-,-,-,-,-,True
357119,Ibrahima Konaté,TOTAL,51,2,-,10,-,"4,280'",True
357125,Shahriar Moghanlou,UAE Pro League,25,8,2,4,-,"1,921'",True
357125,Shahriar Moghanlou,UAE President's Cup,1,-,-,-,-,86',True
357125,Shahriar Moghanlou,UAE League Cup,1,-,-,-,-,66',True
357125,Shahriar Moghanlou,TOTAL,27,8,2,4,-,"2,073'",True
357147,Diogo Dalot,Premier League,34,1,3,5,-,"2,616'",True
357147,Diogo Dalot,FA Cup,1,-,-,-,-,90',True
357147,Diogo Dalot,EFL Cup,1,-,-,-,-,90',True
357147,Diogo Dalot,TOTAL,36,1,3,5,-,"2,796'",True
357153,Diogo Costa,Liga Portugal,33,15,21,3,-,"2,907'",True
357153,Diogo Costa,Europa League,12,10,3,-,-,"1,080'",True
357153,Diogo Costa,Taça de Portugal,4,2,2,-,-,360',True
357153,Diogo Costa,Allianz Cup,-,-,-,-,-,-,True
357153,Diogo Costa,TOTAL,49,27,26,3,-,"4,347'",True
357164,Rafael Leão,Serie A,29,9,3,5,-,"1,861'",True
357164,Rafael Leão,Italy Cup,2,1,-,-,-,107',True
357164,Rafael Leão,Supercoppa Italiana,-,-,-,-,-,-,True
357164,Rafael Leão,TOTAL,31,10,3,5,-,"1,968'",True
357662,Declan Rice,Premier League,36,4,7,3,-,"3,099'",True
357662,Declan Rice,UEFA Champions League,13,1,2,4,-,"1,069'",True
357662,Declan Rice,EFL Cup,6,-,2,-,-,288',True
357662,Declan Rice,FA Cup,-,-,-,-,-,-,True
357662,Declan Rice,TOTAL,55,5,11,7,-,"4,456'",True
358418,Gabriel Ávalos,Torneo Apertura,16,9,5,2,-,"1,420'",True
358418,Gabriel Ávalos,Playoff Torneo Apertura,1,1,-,-,-,90',True
358418,Gabriel Ávalos,Copa Argentina,1,-,-,-,-,72',True
358418,Gabriel Ávalos,TOTAL,18,10,5,2,-,"1,582'",True
358504,Ritsu Doan,Bundesliga,31,5,5,5,-,"2,379'",True
358504,Ritsu Doan,UEFA Champions League,7,-,1,1,-,478',True
358504,Ritsu Doan,DFB-Pokal,2,2,-,-,-,200',True
358504,Ritsu Doan,TOTAL,40,7,6,6,-,"3,057'",True
360412,Jordy Caicedo,Torneo Apertura,15,8,-,7,-,"1,328'",True
360412,Jordy Caicedo,LaLiga2,10,-,-,1,-,123',True
360412,Jordy Caicedo,Copa del Rey,3,-,-,-,-,251',True
360412,Jordy Caicedo,Playoff Torneo Apertura,2,-,-,1,-,165',True
360412,Jordy Caicedo,Copa Argentina,-,-,-,-,-,-,True
360412,Jordy Caicedo,Liga MX Clausura,-,-,-,-,-,-,True
360412,Jordy Caicedo,TOTAL,30,8,-,9,-,"1,867'",True
360518,Teun Koopmeiners,Serie A,33,-,-,5,-,"1,819'",True
360518,Teun Koopmeiners,UEFA Champions League,10,2,1,-,-,744',True
360518,Teun Koopmeiners,Italy Cup,2,-,-,-,-,106',True
360518,Teun Koopmeiners,TOTAL,45,2,1,5,-,"2,669'",True
363223,Jack Hendry,Saudi Pro League,30,1,-,8,-,"2,558'",True
363223,Jack Hendry,King's Cup,1,-,-,-,-,120',True
363223,Jack Hendry,TOTAL,31,1,-,8,-,"2,678'",True
364938,Fredrik Bjørkan,Eliteserien,10,1,-,-,-,636',True
364938,Fredrik Bjørkan,UEFA Champions League,10,-,2,1,-,912',True
364938,Fredrik Bjørkan,NM-Cup,4,-,-,-,-,260',True
364938,Fredrik Bjørkan,Champions League Qu.,2,-,1,-,-,180',True
364938,Fredrik Bjørkan,TOTAL,26,1,3,1,-,"1,988'",True
367284,Leo Østigård,Serie A,30,5,1,7,-,"2,623'",True
367284,Leo Østigård,Italy Cup,1,-,-,-,-,21',True
367284,Leo Østigård,TOTAL,31,5,1,7,-,"2,644'",True
368891,Arthur Theate,Bundesliga,24,1,1,8,-,"2,144'",True
368891,Arthur Theate,UEFA Champions League,8,-,-,-,-,720',True
368891,Arthur Theate,DFB-Pokal,1,-,-,-,-,120',True
368891,Arthur Theate,TOTAL,33,1,1,8,-,"2,984'",True
369567,Sasa Kalajdzic,Bundesliga,23,6,7,2,-,"1,324'",True
369567,Sasa Kalajdzic,ÖFB-Cup,4,1,4,1,-,392',True
369567,Sasa Kalajdzic,Premier League,1,-,-,-,-,14',True
369567,Sasa Kalajdzic,EFL Cup,1,-,-,-,-,9',True
369567,Sasa Kalajdzic,TOTAL,29,7,11,3,-,"1,739'",True
370789,Julian Ryerson,Bundesliga,31,-,15,8,-,"2,274'",True
370789,Julian Ryerson,UEFA Champions League,9,-,2,2,-,606',True
370789,Julian Ryerson,DFB-Pokal,2,-,1,-,-,187',True
370789,Julian Ryerson,TOTAL,42,-,18,10,-,"3,067'",True
370997,Dominik Kotarski,Superliga,22,34,4,1,-,"1,980'",True
370997,Dominik Kotarski,Superliga Relegation round,8,6,4,-,-,720',True
370997,Dominik Kotarski,UEFA Champions League,8,21,-,-,-,720',True
370997,Dominik Kotarski,Oddset Pokalen,6,5,2,-,-,540',True
370997,Dominik Kotarski,Champions League Qu.,6,1,5,-,-,540',True
370997,Dominik Kotarski,Superliga Europa Playoff,1,1,-,1,-,120',True
370997,Dominik Kotarski,TOTAL,51,68,15,2,-,"4,620'",True
371001,Josip Sutalo,Eredivisie,24,-,-,1,-,"1,797'",True
371001,Josip Sutalo,UEFA Champions League,6,-,-,-,-,401',True
371001,Josip Sutalo,KNVB Beker,1,-,-,-,-,90',True
371001,Josip Sutalo,Play-Offs Conference League,-,-,-,-,-,-,True
371001,Josip Sutalo,TOTAL,31,-,-,1,-,"2,288'",True
371013,Ivor Pandur,Championship,45,65,11,8,-,"4,050'",True
371013,Ivor Pandur,Championship Play-Offs,3,-,3,-,-,270',True
371013,Ivor Pandur,FA Cup,-,-,-,-,-,-,True
371013,Ivor Pandur,EFL Cup,-,-,-,-,-,-,True
371013,Ivor Pandur,TOTAL,48,65,14,8,-,"4,320'",True
371149,Evan Ndicka,Serie A,31,3,-,5,-,"2,683'",True
371149,Evan Ndicka,Europa League,10,2,-,2,-,752',True
371149,Evan Ndicka,Italy Cup,1,-,-,-,-,45',True
371149,Evan Ndicka,TOTAL,42,5,-,7,-,"3,480'",True
371686,Carlens Arcus,Ligue 1,26,-,3,7,-,"2,045'",True
371686,Carlens Arcus,Coupe de France,2,-,-,-,-,106',True
371686,Carlens Arcus,TOTAL,28,-,3,7,-,"2,151'",True
371998,Vinicius Junior,LaLiga,36,16,6,8,-,"2,825'",True
371998,Vinicius Junior,UEFA Champions League,14,5,8,2,-,"1,171'",True
371998,Vinicius Junior,Supercopa,2,1,-,1,-,163',True
371998,Vinicius Junior,Copa del Rey,1,-,-,-,-,90',True
371998,Vinicius Junior,TOTAL,53,22,14,11,-,"4,249'",True
372267,Guus Til,Eredivisie,29,14,5,2,-,"2,247'",True
372267,Guus Til,UEFA Champions League,8,2,3,2,-,583',True
372267,Guus Til,KNVB Beker,2,1,-,-,-,129',True
372267,Guus Til,Johan Cruijff Schaal,1,-,-,-,-,28',True
372267,Guus Til,TOTAL,40,17,8,4,-,"2,987'",True
374889,Kenji Gorré,Ligat ha'Al,24,4,7,4,-,"1,515'",True
374889,Kenji Gorré,Gvia haMedina,3,1,3,-,-,265',True
374889,Kenji Gorré,UECL Qualifying,1,-,1,-,-,26',True
374889,Kenji Gorré,Ligat ha'Al -  Championship round,1,-,-,-,-,90',True
374889,Kenji Gorré,TOTAL,29,5,11,4,-,"1,896'",True
374954,Kristijan Jakic,Bundesliga,26,2,1,5,-,"1,654'",True
374954,Kristijan Jakic,DFB-Pokal,2,-,-,1,-,180',True
374954,Kristijan Jakic,TOTAL,28,2,1,6,-,"1,834'",True
375137,Ismail Jakobs,Süper Lig,25,-,1,1,-,"1,299'",True
375137,Ismail Jakobs,UEFA Champions League,12,-,-,2,-,871',True
375137,Ismail Jakobs,Türkiye Kupasi,2,-,-,-,-,105',True
375137,Ismail Jakobs,TFF Süper Kupa,-,-,-,-,-,-,True
375137,Ismail Jakobs,TOTAL,39,-,1,3,-,"2,275'",True
375300,Adalberto Carrasquilla,Liga MX Apertura,17,-,4,5,-,"1,253'",True
375300,Adalberto Carrasquilla,Liga MX Clausura,15,2,1,5,-,"1,173'",True
375300,Adalberto Carrasquilla,Liguilla Clausura,6,-,1,1,-,428',True
375300,Adalberto Carrasquilla,CONCACAF Champions Cup,2,-,1,-,-,78',True
375300,Adalberto Carrasquilla,Liguilla Apertura,-,-,-,-,-,-,True
375300,Adalberto Carrasquilla,TOTAL,40,2,7,11,-,"2,932'",True
375472,Duke Lacroix,USLC,1,-,-,-,-,4',True
375472,Duke Lacroix,USL Cup,1,-,-,-,-,63',True
375472,Duke Lacroix,US Open Cup,-,-,-,-,-,-,True
375472,Duke Lacroix,TOTAL,2,-,-,-,-,67',True
375885,Ibrahim Sangaré,Premier League,28,2,2,5,-,"2,080'",True
375885,Ibrahim Sangaré,Europa League,14,-,1,1,-,739',True
375885,Ibrahim Sangaré,EFL Cup,1,-,-,-,-,6',True
375885,Ibrahim Sangaré,FA Cup,-,-,-,-,-,-,True
375885,Ibrahim Sangaré,TOTAL,43,2,3,6,-,"2,825'",True
377268,Fahad Talib,Iraq Stars League,28,24,10,2,-,"2,465'",True
377268,Fahad Talib,TOTAL,28,24,10,2,-,"2,465'",True
380744,Egil Selvik,Championship,40,56,7,3,-,"3,555'",True
380744,Egil Selvik,EFL Cup,1,2,-,-,-,90',True
380744,Egil Selvik,FA Cup,-,-,-,-,-,-,True
380744,Egil Selvik,TOTAL,41,58,7,3,-,"3,645'",True
380919,Nihad Mujakic,Süper Lig,27,-,1,4,-,"2,203'",True
380919,Nihad Mujakic,Türkiye Kupasi,2,-,-,-,-,180',True
380919,Nihad Mujakic,TOTAL,29,-,1,4,-,"2,383'",True
381950,Alexis Saelemaekers,Serie A,35,3,4,5,-,"2,802'",True
381950,Alexis Saelemaekers,Italy Cup,3,-,1,-,-,206',True
381950,Alexis Saelemaekers,Supercoppa Italiana,1,-,-,-,-,69',True
381950,Alexis Saelemaekers,TOTAL,39,3,5,5,-,"3,077'",True
384568,Stjepan Radeljic,SuperSport HNL,25,2,1,8,-,"1,978'",True
384568,Stjepan Radeljic,Conference League,7,-,3,2,-,623',True
384568,Stjepan Radeljic,Hrvatski nogometni kup,4,-,-,1,-,336',True
384568,Stjepan Radeljic,Europa League Qualifying,4,-,-,-,-,360',True
384568,Stjepan Radeljic,Champions League Qu.,2,-,-,-,-,210',True
384568,Stjepan Radeljic,TOTAL,42,2,4,11,-,"3,507'",True
385918,Aiden O'Neill,MLS,11,-,1,2,-,909',True
385918,Aiden O'Neill,US Open Cup,1,-,-,-,-,90',True
385918,Aiden O'Neill,TOTAL,12,-,1,2,-,999',True
387110,Petar Musa,MLS,13,12,3,1,-,"1,044'",True
387110,Petar Musa,TOTAL,13,12,3,1,-,"1,044'",True
387687,César Montes,Premier Liga,26,4,1,5,-,"2,206'",True
387687,César Montes,Russian Cup,3,-,-,1,-,210',True
387687,César Montes,TOTAL,29,4,1,6,-,"2,416'",True
388165,Yoane Wissa,Premier League,19,1,1,3,-,521',True
388165,Yoane Wissa,UEFA Champions League,4,1,1,-,-,101',True
388165,Yoane Wissa,EFL Cup,3,1,-,-,-,186',True
388165,Yoane Wissa,FA Cup,2,-,-,1,-,96',True
388165,Yoane Wissa,TOTAL,28,3,2,4,-,904',True
388171,Anthony Ralston,Premiership,20,-,-,3,-,"1,186'",True
388171,Anthony Ralston,Europa League,5,-,-,-,-,172',True
388171,Anthony Ralston,Scottish Premiership Top Six Split,4,-,-,1,-,114',True
388171,Anthony Ralston,SFA Cup,2,1,-,-,-,210',True
388171,Anthony Ralston,League Cup,2,-,-,1,-,193',True
388171,Anthony Ralston,Champions League Qu.,2,-,-,-,-,161',True
388171,Anthony Ralston,TOTAL,35,1,-,5,-,"2,036'",True
388198,Nico Schlotterbeck,Bundesliga,28,5,2,8,-,"2,520'",True
388198,Nico Schlotterbeck,UEFA Champions League,7,-,-,-,-,560',True
388198,Nico Schlotterbeck,DFB-Pokal,2,-,-,-,-,210',True
388198,Nico Schlotterbeck,TOTAL,37,5,2,8,-,"3,290'",True
389399,Gustavo Velázquez,Primera División Apertura,11,-,-,2,-,990',True
389399,Gustavo Velázquez,Libertadores,6,-,-,1,-,539',True
389399,Gustavo Velázquez,TOTAL,17,-,-,3,-,"1,529'",True
390814,Trevor Doornbusch,KNVB Beker,1,2,-,-,-,56',True
390814,Trevor Doornbusch,Keuken Kampioen Divisie,-,-,-,-,-,-,True
390814,Trevor Doornbusch,TOTAL,1,2,-,-,-,56',True
392757,Marc Guéhi,Premier League,35,3,4,6,-,"3,150'",True
392757,Marc Guéhi,Conference League,6,-,1,2,-,431',True
392757,Marc Guéhi,FA Cup,4,1,-,1,-,295',True
392757,Marc Guéhi,EFL Cup,3,1,-,-,-,241',True
392757,Marc Guéhi,UEFA Champions League,2,-,-,-,-,135',True
392757,Marc Guéhi,UECL Qualifying,2,-,-,-,-,180',True
392757,Marc Guéhi,Community Shield,1,-,-,-,-,90',True
392757,Marc Guéhi,TOTAL,53,5,5,9,-,"4,522'",True
393241,Godfried Roemeratoe,Keuken Kampioen Divisie,32,-,1,6,-,"2,283'",True
393241,Godfried Roemeratoe,Keuken Kampioen Play-Offs,3,-,-,1,-,131',True
393241,Godfried Roemeratoe,KNVB Beker,2,-,1,-,-,147',True
393241,Godfried Roemeratoe,TOTAL,37,-,2,7,-,"2,561'",True
393999,Florian Wiegele,Chance Liga,16,14,7,-,-,"1,425'",True
393999,Florian Wiegele,Europa League,6,4,3,1,-,570',True
393999,Florian Wiegele,Chance Liga Champion Gr.,4,1,3,-,-,360',True
393999,Florian Wiegele,MOL Cup,3,4,1,-,-,270',True
393999,Florian Wiegele,Champions League Qu.,2,4,-,-,-,180',True
393999,Florian Wiegele,TOTAL,31,27,14,1,-,"2,805'",True
395685,Gédéon Kalulu,Cyprus League,17,-,1,4,-,"1,197'",True
395685,Gédéon Kalulu,Kypello Kyprou,2,-,-,-,-,180',True
395685,Gédéon Kalulu,Ligue 1,-,-,-,-,-,-,True
395685,Gédéon Kalulu,TOTAL,19,-,1,4,-,"1,377'",True
395693,Houssem Aouar,Saudi Pro League,23,8,3,3,-,"1,904'",True
395693,Houssem Aouar,AFC Champions League,8,6,1,-,-,658',True
395693,Houssem Aouar,King's Cup,3,1,-,1,-,217',True
395693,Houssem Aouar,Saudi Super Cup,1,-,-,-,-,82',True
395693,Houssem Aouar,TOTAL,35,15,4,4,-,"2,861'",True
395695,Elisha Owusu,Ligue 1,29,-,-,7,-,"2,349'",True
395695,Elisha Owusu,Coupe de France,-,-,-,-,-,-,True
395695,Elisha Owusu,TOTAL,29,-,-,7,-,"2,349'",True
395928,Marco Pašalić,MLS,10,2,-,3,-,644',True
395928,Marco Pašalić,US Open Cup,1,-,-,-,-,6',True
395928,Marco Pašalić,TOTAL,11,2,-,3,-,650',True
397171,Gideon Mensah,Ligue 1,30,-,1,8,-,"2,334'",True
397171,Gideon Mensah,Coupe de France,1,-,-,-,-,90',True
397171,Gideon Mensah,TOTAL,31,-,1,8,-,"2,424'",True
398048,Márcio Rosa,efbet Liga,19,27,4,4,-,"1,710'",True
398048,Márcio Rosa,Bulgarian Cup,1,1,-,-,-,90',True
398048,Márcio Rosa,TOTAL,20,28,4,4,-,"1,800'",True
398073,Achraf Hakimi,Ligue 1,18,2,2,3,-,"1,374'",True
398073,Achraf Hakimi,UEFA Champions League,13,1,7,2,-,"1,155'",True
398073,Achraf Hakimi,UEFA Super Cup,1,-,-,-,-,90',True
398073,Achraf Hakimi,Coupe de France,-,-,-,-,-,-,True
398073,Achraf Hakimi,Trophée des Champions,-,-,-,-,-,-,True
398073,Achraf Hakimi,FIFA Intercontinental Cup,-,-,-,-,-,-,True
398073,Achraf Hakimi,TOTAL,32,3,9,5,-,"2,619'",True
399068,Nkosinathi Sibisi,Betway Premiership,23,-,-,3,-,"1,963'",True
399068,Nkosinathi Sibisi,Nedbank Cup,2,-,-,-,-,200',True
399068,Nkosinathi Sibisi,Carling Knockout,2,-,-,-,-,105',True
399068,Nkosinathi Sibisi,MTN8,2,-,-,-,-,105',True
399068,Nkosinathi Sibisi,CAF-Champions League,1,-,-,-,-,90',True
399068,Nkosinathi Sibisi,TOTAL,30,-,-,3,-,"2,463'",True
399162,Cammy Devlin,Premiership,25,1,-,5,-,"2,232'",True
399162,Cammy Devlin,League Cup,5,-,1,-,-,385',True
399162,Cammy Devlin,Scottish Premiership Top Six Split,3,1,-,1,-,160',True
399162,Cammy Devlin,SFA Cup,-,-,-,-,-,-,True
399162,Cammy Devlin,TOTAL,33,2,1,6,-,"2,777'",True
400797,Callum McCowatt,Superliga,22,8,2,1,-,"1,683'",True
400797,Callum McCowatt,Superliga Relegation round,10,3,3,3,-,816',True
400797,Callum McCowatt,UECL Qualifying,4,1,-,-,-,353',True
400797,Callum McCowatt,Oddset Pokalen,1,-,-,-,-,17',True
400797,Callum McCowatt,TOTAL,37,12,5,4,-,"2,869'",True
400960,Alan Franco,Série A,15,-,1,3,-,"1,305'",True
400960,Alan Franco,Campeonato Mineiro,10,-,1,2,-,811',True
400960,Alan Franco,Copa Sudamericana,4,-,-,1,-,250',True
400960,Alan Franco,Copa do Brasil,2,-,-,1,-,180',True
400960,Alan Franco,TOTAL,31,-,2,7,-,"2,546'",True
401029,Roshon van Eijma,Keuken Kampioen Divisie,27,-,-,3,-,"2,047'",True
401029,Roshon van Eijma,Keuken Kampioen Play-Offs,3,-,-,-,-,218',True
401029,Roshon van Eijma,KNVB Beker,1,-,-,-,-,9',True
401029,Roshon van Eijma,TOTAL,31,-,-,3,-,"2,274'",True
401054,Aymen Hussein,Iraq Stars League,18,9,1,3,-,901',True
401054,Aymen Hussein,Iraq FA Cup,-,-,-,-,-,-,True
401054,Aymen Hussein,TOTAL,18,9,1,3,-,901',True
401086,Mahmoud Al-Mardi,Jordanian Pro League,11,2,5,1,-,834',True
401086,Mahmoud Al-Mardi,UAE Pro League,8,1,1,-,-,451',True
401086,Mahmoud Al-Mardi,AFC Champions League Two,3,-,1,2,-,264',True
401086,Mahmoud Al-Mardi,UAE League Cup,1,-,-,-,-,58',True
401086,Mahmoud Al-Mardi,UAE President's Cup,-,-,-,-,-,-,True
401086,Mahmoud Al-Mardi,TOTAL,23,3,7,3,-,"1,607'",True
401356,Edson Álvarez,Süper Lig,12,-,1,4,-,768',True
401356,Edson Álvarez,Europa League,5,-,-,2,-,313',True
401356,Edson Álvarez,Türkiye Kupasi,1,-,-,-,-,45',True
401356,Edson Álvarez,TFF Süper Kupa,-,-,-,-,-,-,True
401356,Edson Álvarez,Champions League Qu.,-,-,-,-,-,-,True
401356,Edson Álvarez,Premier League,-,-,-,-,-,-,True
401356,Edson Álvarez,TOTAL,18,-,1,6,-,"1,126'",True
401578,Exequiel Palacios,Bundesliga,18,-,1,3,-,"1,097'",True
401578,Exequiel Palacios,UEFA Champions League,5,-,-,2,-,335',True
401578,Exequiel Palacios,DFB-Pokal,2,-,-,-,-,148',True
401578,Exequiel Palacios,TOTAL,25,-,1,5,-,"1,580'",True
401736,Yaya Sithole,Liga Portugal,26,1,-,6,-,"1,542'",True
401736,Yaya Sithole,Taça de Portugal,2,1,-,1,-,117',True
401736,Yaya Sithole,Allianz Cup,-,-,-,-,-,-,True
401736,Yaya Sithole,TOTAL,28,2,-,7,-,"1,659'",True
402627,José Canale,Torneo Apertura,12,-,-,1,-,"1,080'",True
402627,José Canale,Libertadores,6,-,-,2,-,532',True
402627,José Canale,Recopa Sudamericana,2,1,-,-,-,210',True
402627,José Canale,Copa Argentina,1,-,-,-,-,90',True
402627,José Canale,Playoff Torneo Apertura,1,-,-,-,-,90',True
402627,José Canale,TOTAL,22,1,-,3,-,"2,002'",True
402733,Gonzalo Montiel,Torneo Apertura,14,4,1,4,-,"1,260'",True
402733,Gonzalo Montiel,Copa Sudamericana,2,-,-,-,-,135',True
402733,Gonzalo Montiel,Playoff Torneo Apertura,2,-,-,-,-,165',True
402733,Gonzalo Montiel,Copa Argentina,1,-,-,-,-,90',True
402733,Gonzalo Montiel,TOTAL,19,4,1,4,-,"1,650'",True
402979,Orlando Mosquera,Saudi Pro League,32,50,7,-,-,"2,880'",True
402979,Orlando Mosquera,King's Cup,1,-,-,-,-,120',True
402979,Orlando Mosquera,TOTAL,33,50,7,-,-,"3,000'",True
403808,Andrés Andrade,Bundesliga,30,1,3,1,-,"2,697'",True
403808,Andrés Andrade,ÖFB-Cup,6,2,-,-,-,600',True
403808,Andrés Andrade,TOTAL,36,3,3,1,-,"3,297'",True
403809,Jiovany Ramos,Liga FUTVE Apertura,8,-,-,2,-,714',True
403809,Jiovany Ramos,Copa Sudamericana,7,1,-,1,-,623',True
403809,Jiovany Ramos,Apertura. Fase Final,2,-,-,1,-,180',True
403809,Jiovany Ramos,TOTAL,17,1,-,4,-,"1,517'",True
404950,Nicolas Seiwald,Bundesliga,33,-,2,2,-,"2,704'",True
404950,Nicolas Seiwald,DFB-Pokal,4,-,-,1,-,342',True
404950,Nicolas Seiwald,TOTAL,37,-,2,3,-,"3,046'",True
405385,Yukinari Sugawara,Bundesliga,31,-,6,2,-,"2,434'",True
405385,Yukinari Sugawara,Championship,2,-,-,-,-,67',True
405385,Yukinari Sugawara,EFL Cup,1,-,-,-,-,90',True
405385,Yukinari Sugawara,TOTAL,34,-,6,2,-,"2,591'",True
405389,Ayumu Seko,Ligue 1,30,-,-,6,-,"2,625'",True
405389,Ayumu Seko,Coupe de France,-,-,-,-,-,-,True
405389,Ayumu Seko,TOTAL,30,-,-,6,-,"2,625'",True
405397,Keito Nakamura,Ligue 2,29,14,2,2,-,"2,357'",True
405397,Keito Nakamura,Coupe de France,3,-,1,-,-,134',True
405397,Keito Nakamura,TOTAL,32,14,3,2,-,"2,491'",True
405398,Takefusa Kubo,LaLiga,24,2,4,2,-,"1,509'",True
405398,Takefusa Kubo,Copa del Rey,3,-,-,1,-,237',True
405398,Takefusa Kubo,TOTAL,27,2,4,3,-,"1,746'",True
405855,Mojmír Chytil,Chance Liga,24,11,1,-,-,"1,273'",True
405855,Mojmír Chytil,UEFA Champions League,6,-,-,1,-,143',True
405855,Mojmír Chytil,Chance Liga Champion Gr.,5,2,-,-,-,229',True
405855,Mojmír Chytil,MOL Cup,2,1,-,-,-,150',True
405855,Mojmír Chytil,TOTAL,37,14,1,1,-,"1,795'",True
406625,Lautaro Martínez,Serie A,30,17,6,4,-,"2,178'",True
406625,Lautaro Martínez,UEFA Champions League,8,4,-,2,-,459',True
406625,Lautaro Martínez,Italy Cup,2,1,-,-,-,111',True
406625,Lautaro Martínez,Supercoppa Italiana,1,-,-,-,-,19',True
406625,Lautaro Martínez,TOTAL,41,22,6,6,-,"2,767'",True
406640,Felix Nmecha,Bundesliga,29,2,3,-,-,"2,190'",True
406640,Felix Nmecha,UEFA Champions League,10,3,-,-,-,753',True
406640,Felix Nmecha,DFB-Pokal,3,-,-,-,-,193',True
406640,Felix Nmecha,TOTAL,42,5,3,-,-,"3,136'",True
408563,Jerome Opoku,Süper Lig,32,-,2,10,-,"2,741'",True
408563,Jerome Opoku,Türkiye Kupasi,2,1,-,-,-,180',True
408563,Jerome Opoku,UECL Qualifying,2,-,-,-,-,135',True
408563,Jerome Opoku,TOTAL,36,1,2,10,-,"3,056'",True
410225,Ismaïla Sarr,Premier League,28,9,1,2,-,"2,177'",True
410225,Ismaïla Sarr,Conference League,13,9,-,2,-,"1,103'",True
410225,Ismaïla Sarr,UECL Qualifying,2,-,-,-,-,180',True
410225,Ismaïla Sarr,EFL Cup,1,2,-,-,-,62',True
410225,Ismaïla Sarr,Community Shield,1,1,1,-,-,90',True
410225,Ismaïla Sarr,FA Cup,-,-,-,-,-,-,True
410225,Ismaïla Sarr,TOTAL,45,21,2,4,-,"3,612'",True
411295,Raphinha,LaLiga,22,13,3,5,-,"1,389'",True
411295,Raphinha,UEFA Champions League,7,3,3,-,-,544',True
411295,Raphinha,Supercopa,2,4,1,-,-,148',True
411295,Raphinha,Copa del Rey,2,1,1,-,-,113',True
411295,Raphinha,TOTAL,33,21,8,5,-,"2,194'",True
411975,Jules Koundé,LaLiga,30,1,3,6,-,"2,261'",True
411975,Jules Koundé,UEFA Champions League,10,2,1,1,-,868',True
411975,Jules Koundé,Copa del Rey,5,-,-,-,-,220',True
411975,Jules Koundé,Supercopa,2,-,-,-,-,180',True
411975,Jules Koundé,TOTAL,47,3,4,7,-,"3,529'",True
412669,Francisco Trincão,Liga Portugal,34,7,13,1,-,"2,857'",True
412669,Francisco Trincão,UEFA Champions League,11,4,3,-,-,957',True
412669,Francisco Trincão,Taça de Portugal,7,2,1,-,-,609',True
412669,Francisco Trincão,Allianz Cup,1,-,1,-,-,90',True
412669,Francisco Trincão,Portuguese Supercup,1,-,-,-,-,90',True
412669,Francisco Trincão,TOTAL,54,13,18,1,-,"4,603'",True
412937,Shurandy Sambo,Eredivisie,25,-,2,6,-,"1,627'",True
412937,Shurandy Sambo,KNVB Beker,2,-,-,-,-,127',True
412937,Shurandy Sambo,TOTAL,27,-,2,6,-,"1,754'",True
413112,Aurélien Tchouaméni,LaLiga,33,1,-,8,-,"2,623'",True
413112,Aurélien Tchouaméni,UEFA Champions League,13,1,1,3,-,"1,125'",True
413112,Aurélien Tchouaméni,Supercopa,2,-,-,-,-,180',True
413112,Aurélien Tchouaméni,Copa del Rey,1,-,1,-,-,13',True
413112,Aurélien Tchouaméni,TOTAL,49,2,2,11,-,"3,941'",True
413268,Kevin Yakob,Superliga,17,3,3,1,-,841',True
413268,Kevin Yakob,Superliga Championship round,9,1,-,1,-,605',True
413268,Kevin Yakob,Oddset Pokalen,6,-,-,-,-,408',True
413268,Kevin Yakob,Future Cup,1,-,-,-,-,45',True
413268,Kevin Yakob,TOTAL,33,4,3,2,-,"1,899'",True
413403,Ezri Konsa,Premier League,34,-,-,-,-,"3,036'",True
413403,Ezri Konsa,Europa League,12,2,1,1,-,954',True
413403,Ezri Konsa,FA Cup,1,-,-,-,-,90',True
413403,Ezri Konsa,EFL Cup,1,-,-,-,-,90',True
413403,Ezri Konsa,TOTAL,48,2,1,1,-,"4,170'",True
413565,Jhon Lucumí,Serie A,29,1,-,5,-,"2,287'",True
413565,Jhon Lucumí,Europa League,10,-,1,3,-,930',True
413565,Jhon Lucumí,Italy Cup,2,-,-,-,-,170',True
413565,Jhon Lucumí,Supercoppa Italiana,2,-,-,-,-,180',True
413565,Jhon Lucumí,TOTAL,43,1,1,8,-,"3,567'",True
41384,Marko Arnautovic,Super liga Srbije,13,5,8,-,-,793',True
41384,Marko Arnautovic,Europa League,10,2,1,2,-,665',True
41384,Marko Arnautovic,Super liga Championship round,3,2,-,-,-,200',True
41384,Marko Arnautovic,Kup Srbije,3,1,-,-,-,207',True
41384,Marko Arnautovic,Champions League Qu.,3,-,-,-,-,63',True
41384,Marko Arnautovic,TOTAL,32,10,9,2,-,"1,928'",True
415381,Mats Wieffer,Premier League,26,2,3,8,-,"1,908'",True
415381,Mats Wieffer,FA Cup,1,-,-,-,-,9',True
415381,Mats Wieffer,EFL Cup,1,-,-,-,-,23',True
415381,Mats Wieffer,TOTAL,28,2,3,8,-,"1,940'",True
415521,Keisuke Osako,J1 Special Season,16,17,4,-,-,"1,440'",True
415521,Keisuke Osako,AFC Champions League,9,9,3,-,-,810',True
415521,Keisuke Osako,TOTAL,25,26,7,-,-,"2,250'",True
416090,Julián Quiñones,Saudi Pro League,31,33,4,3,-,"2,724'",True
416090,Julián Quiñones,King's Cup,3,4,-,-,-,250',True
416090,Julián Quiñones,Saudi Super Cup,1,-,-,-,-,67',True
416090,Julián Quiñones,TOTAL,35,37,4,3,-,"3,041'",True
416660,Ramiz Zerrouki,Eredivisie,32,3,2,2,-,"2,667'",True
416660,Ramiz Zerrouki,KNVB Beker,3,-,3,1,-,269',True
416660,Ramiz Zerrouki,TOTAL,35,3,5,3,-,"2,936'",True
417348,Richie Laryea,MLS,9,2,1,2,-,810',True
417348,Richie Laryea,Canadian Championship,-,-,-,-,-,-,True
417348,Richie Laryea,TOTAL,9,2,1,2,-,810',True
418560,Erling Haaland,Premier League,35,27,8,2,-,"2,959'",True
418560,Erling Haaland,UEFA Champions League,10,8,-,-,-,755',True
418560,Erling Haaland,FA Cup,4,3,1,-,-,231',True
418560,Erling Haaland,EFL Cup,3,-,-,-,-,199',True
418560,Erling Haaland,TOTAL,52,38,9,2,-,"4,144'",True
418651,Yahia Fofana,Süper Lig,27,42,6,2,-,"2,430'",True
418651,Yahia Fofana,National 2 - Grp. B,1,2,-,-,-,90',True
418651,Yahia Fofana,Türkiye Kupasi,-,-,-,-,-,-,True
418651,Yahia Fofana,Ligue 1,-,-,-,-,-,-,True
418651,Yahia Fofana,TOTAL,28,44,6,2,-,"2,520'",True
418659,Amine Gouiri,Ligue 1,22,8,3,1,-,"1,331'",True
418659,Amine Gouiri,UEFA Champions League,3,-,-,1,-,165',True
418659,Amine Gouiri,Coupe de France,2,3,2,-,-,142',True
418659,Amine Gouiri,Trophée des Champions,1,-,-,-,-,67',True
418659,Amine Gouiri,TOTAL,28,11,5,2,-,"1,705'",True
419247,Cristian Martínez,Ligat ha'Al,25,4,-,4,-,"1,966'",True
419247,Cristian Martínez,Ligat ha'Al - Relegation round,6,-,1,-,-,471',True
419247,Cristian Martínez,Gvia haMedina,2,-,-,-,-,180',True
419247,Cristian Martínez,TOTAL,33,4,1,4,-,"2,617'",True
420002,Jean-Philippe Mateta,Premier League,32,12,-,2,-,"2,223'",True
420002,Jean-Philippe Mateta,Conference League,12,2,3,1,-,682',True
420002,Jean-Philippe Mateta,EFL Cup,3,-,-,-,-,225',True
420002,Jean-Philippe Mateta,UECL Qualifying,2,1,-,1,-,180',True
420002,Jean-Philippe Mateta,Community Shield,1,1,-,-,-,90',True
420002,Jean-Philippe Mateta,FA Cup,-,-,-,-,-,-,True
420002,Jean-Philippe Mateta,TOTAL,50,16,3,4,-,"3,400'",True
420210,Lutsharel Geertruida,Premier League,28,-,-,2,-,"1,685'",True
420210,Lutsharel Geertruida,FA Cup,2,-,-,-,-,180',True
420210,Lutsharel Geertruida,Premier League Int. Cup U21,1,-,-,-,-,45',True
420210,Lutsharel Geertruida,Bundesliga,-,-,-,-,-,-,True
420210,Lutsharel Geertruida,DFB-Pokal,-,-,-,-,-,-,True
420210,Lutsharel Geertruida,TOTAL,31,-,-,2,-,"1,910'",True
420213,Quinten Timber,Eredivisie,17,2,4,1,-,"1,317'",True
420213,Quinten Timber,Ligue 1,15,-,-,5,-,"1,112'",True
420213,Quinten Timber,Europa League,4,1,-,1,-,239',True
420213,Quinten Timber,Champions League Qu.,2,1,-,-,-,151',True
420213,Quinten Timber,Coupe de France,1,-,-,-,-,70',True
420213,Quinten Timber,KNVB Beker,1,-,-,-,-,90',True
420213,Quinten Timber,UEFA Champions League,-,-,-,-,-,-,True
420213,Quinten Timber,TOTAL,40,4,4,7,-,"2,979'",True
420808,George Hirst,Championship,42,11,4,5,-,"2,111'",True
420808,George Hirst,FA Cup,1,-,-,-,-,90',True
420808,George Hirst,EFL Cup,1,-,-,-,-,19',True
420808,George Hirst,TOTAL,44,11,4,5,-,"2,220'",True
420931,Daizen Maeda,Premiership,31,7,5,3,-,"2,386'",True
420931,Daizen Maeda,Europa League,9,-,3,2,-,612',True
420931,Daizen Maeda,Scottish Premiership Top Six Split,5,7,1,3,-,450',True
420931,Daizen Maeda,League Cup,4,1,-,1,-,294',True
420931,Daizen Maeda,SFA Cup,3,2,1,-,-,289',True
420931,Daizen Maeda,Champions League Qu.,2,-,-,-,-,210',True
420931,Daizen Maeda,TOTAL,54,17,10,9,-,"4,241'",True
422051,Nikola Katic,2. Bundesliga,26,1,3,5,1,"2,268'",True
422051,Nikola Katic,DFB-Pokal,2,-,1,1,-,183',True
422051,Nikola Katic,TOTAL,28,1,4,6,1,"2,451'",True
422355,Jens Petter Hauge,UEFA Champions League,12,6,2,-,-,988',True
422355,Jens Petter Hauge,Eliteserien,10,1,1,1,-,784',True
422355,Jens Petter Hauge,NM-Cup,5,1,2,-,-,471',True
422355,Jens Petter Hauge,Champions League Qu.,2,-,4,-,-,130',True
422355,Jens Petter Hauge,TOTAL,29,8,9,1,-,"2,373'",True
422763,Nicolas Raskin,Premiership,31,5,7,7,-,"2,620'",True
422763,Nicolas Raskin,Europa League,8,-,1,1,-,691',True
422763,Nicolas Raskin,Champions League Qu.,6,-,1,2,-,431',True
422763,Nicolas Raskin,Scottish Premiership Top Six Split,2,1,-,-,-,165',True
422763,Nicolas Raskin,League Cup,2,1,-,1,-,177',True
422763,Nicolas Raskin,SFA Cup,1,-,-,-,-,120',True
422763,Nicolas Raskin,TOTAL,50,7,9,11,-,"4,204'",True
422850,Ghislain Konan,Liga Portugal,30,-,-,5,-,"2,661'",True
422850,Ghislain Konan,Taça de Portugal,1,-,-,-,-,45',True
422850,Ghislain Konan,TOTAL,31,-,-,5,-,"2,706'",True
423678,Meschack Elia,Süper Lig,22,3,-,1,-,813',True
423678,Meschack Elia,Türkiye Kupasi,3,-,1,-,-,176',True
423678,Meschack Elia,Super League,-,-,-,-,-,-,True
423678,Meschack Elia,Europa League Qualifying,-,-,-,-,-,-,True
423678,Meschack Elia,Swiss Cup,-,-,-,-,-,-,True
423678,Meschack Elia,TOTAL,25,3,1,1,-,989',True
424015,Nathan Patterson,Premier League,7,-,-,-,-,240',True
424015,Nathan Patterson,FA Cup,1,-,-,-,-,116',True
424015,Nathan Patterson,EFL Trophy,1,-,-,1,-,90',True
424015,Nathan Patterson,EFL Cup,-,-,-,-,-,-,True
424015,Nathan Patterson,TOTAL,9,-,-,1,-,446',True
424042,Nahuel Molina,LaLiga,26,2,2,4,-,"1,321'",True
424042,Nahuel Molina,UEFA Champions League,13,-,-,1,-,697',True
424042,Nahuel Molina,Copa del Rey,6,-,2,-,-,372',True
424042,Nahuel Molina,Supercopa,1,-,-,-,-,10',True
424042,Nahuel Molina,TOTAL,46,2,4,5,-,"2,400'",True
424204,Alphonso Davies,Bundesliga,13,1,3,1,-,523',True
424204,Alphonso Davies,UEFA Champions League,8,-,2,-,-,212',True
424204,Alphonso Davies,DFB-Pokal,2,-,-,-,-,106',True
424204,Alphonso Davies,DFL-Supercup,-,-,-,-,-,-,True
424204,Alphonso Davies,TOTAL,23,1,5,1,-,841',True
42460,Ivan Perišić,Eredivisie,30,7,12,5,-,"2,219'",True
42460,Ivan Perišić,UEFA Champions League,8,1,2,2,-,537',True
42460,Ivan Perišić,KNVB Beker,4,2,1,-,-,214',True
42460,Ivan Perišić,Johan Cruijff Schaal,1,-,1,-,-,90',True
42460,Ivan Perišić,TOTAL,43,10,16,7,-,"3,060'",True
424689,Alexis Vega,Liga MX Apertura,13,4,9,3,-,935',True
424689,Alexis Vega,Liga MX Clausura,8,-,2,1,-,554',True
424689,Alexis Vega,CONCACAF Champions Cup,4,-,1,-,-,136',True
424689,Alexis Vega,Liguilla Apertura,1,-,-,-,-,40',True
424689,Alexis Vega,Liguilla Clausura,-,-,-,-,-,-,True
424689,Alexis Vega,TOTAL,26,4,12,4,-,"1,665'",True
424784,Luis Suárez,Liga Portugal,32,28,7,7,-,"2,699'",True
424784,Luis Suárez,UEFA Champions League,12,5,2,2,-,956',True
424784,Luis Suárez,Taça de Portugal,7,4,-,2,-,606',True
424784,Luis Suárez,Allianz Cup,1,1,-,-,-,90',True
424784,Luis Suárez,Portuguese Supercup,1,-,-,1,-,22',True
424784,Luis Suárez,TOTAL,53,38,9,12,-,"4,373'",True
425028,José Luis Rodríguez,Liga MX Apertura,17,1,3,4,-,"1,288'",True
425028,José Luis Rodríguez,Liga MX Clausura,16,2,4,2,-,"1,336'",True
425028,José Luis Rodríguez,Liguilla Apertura,4,1,2,-,-,309',True
425028,José Luis Rodríguez,TOTAL,37,4,9,6,-,"2,933'",True
428563,Lewis Ferguson,Serie A,27,1,-,5,1,"1,596'",True
428563,Lewis Ferguson,Europa League,14,-,-,2,-,"1,065'",True
428563,Lewis Ferguson,Italy Cup,2,-,-,-,-,180',True
428563,Lewis Ferguson,Supercoppa Italiana,2,-,-,-,-,84',True
428563,Lewis Ferguson,TOTAL,45,1,-,7,1,"2,925'",True
429915,Maxim De Cuyper,Premier League,30,2,3,2,-,"1,414'",True
429915,Maxim De Cuyper,EFL Cup,1,-,-,-,-,67',True
429915,Maxim De Cuyper,FA Cup,-,-,-,-,-,-,True
429915,Maxim De Cuyper,TOTAL,31,2,3,2,-,"1,481'",True
429983,Jørgen Strand Larsen,Premier League,36,4,1,4,-,"2,315'",True
429983,Jørgen Strand Larsen,Conference League,8,1,1,3,-,465',True
429983,Jørgen Strand Larsen,EFL Cup,3,2,-,-,-,107',True
429983,Jørgen Strand Larsen,FA Cup,1,3,1,-,-,74',True
429983,Jørgen Strand Larsen,TOTAL,48,10,3,7,-,"2,961'",True
432298,Zion Suzuki,Serie A,20,28,5,1,-,"1,800'",True
432298,Zion Suzuki,Italy Cup,2,2,1,-,-,180',True
432298,Zion Suzuki,TOTAL,22,30,6,1,-,"1,980'",True
432758,Toni Fruk,SuperSport HNL,31,12,3,2,-,"2,132'",True
432758,Toni Fruk,Conference League,10,5,-,1,-,849',True
432758,Toni Fruk,Hrvatski nogometni kup,4,1,-,1,-,316',True
432758,Toni Fruk,Europa League Qualifying,3,1,-,-,-,259',True
432758,Toni Fruk,Champions League Qu.,2,-,-,-,-,180',True
432758,Toni Fruk,TOTAL,50,19,3,4,-,"3,736'",True
432852,Deroy Duarte,efbet Liga,33,2,2,3,-,"2,368'",True
432852,Deroy Duarte,Europa League,9,-,-,-,-,781',True
432852,Deroy Duarte,Bulgarian Cup,5,-,-,-,-,381',True
432852,Deroy Duarte,Champions League Qu.,5,-,-,1,-,158',True
432852,Deroy Duarte,Europa League Qualifying,2,1,1,-,-,134',True
432852,Deroy Duarte,UECL Playoffs Efbet Liga,1,-,-,-,-,98',True
432852,Deroy Duarte,Bulgarian Super Cup,1,-,-,1,-,90',True
432852,Deroy Duarte,TOTAL,56,3,3,5,-,"4,010'",True
433177,Bukayo Saka,Premier League,31,7,7,2,-,"2,226'",True
433177,Bukayo Saka,UEFA Champions League,11,3,2,1,-,687',True
433177,Bukayo Saka,EFL Cup,5,1,-,-,-,285',True
433177,Bukayo Saka,FA Cup,2,-,-,-,-,58',True
433177,Bukayo Saka,TOTAL,49,11,9,3,-,"3,256'",True
433933,Kevin Felida,Keuken Kampioen Divisie,34,4,3,4,-,"2,928'",True
433933,Kevin Felida,KNVB Beker,3,-,-,-,-,300',True
433933,Kevin Felida,Keuken Kampioen Play-Offs,2,-,-,-,-,154',True
433933,Kevin Felida,TOTAL,39,4,3,4,-,"3,382'",True
434116,Alexander Prass,Bundesliga,32,3,2,4,-,"1,298'",True
434116,Alexander Prass,DFB-Pokal,2,-,-,-,-,119',True
434116,Alexander Prass,TOTAL,34,3,2,4,-,"1,417'",True
434224,Maxence Lacroix,Premier League,35,1,2,4,-,"3,087'",True
434224,Maxence Lacroix,Conference League,14,2,1,2,-,"1,215'",True
434224,Maxence Lacroix,EFL Cup,3,-,-,-,-,270',True
434224,Maxence Lacroix,UECL Qualifying,2,-,-,-,-,180',True
434224,Maxence Lacroix,Community Shield,1,-,-,-,-,90',True
434224,Maxence Lacroix,FA Cup,-,-,-,-,-,-,True
434224,Maxence Lacroix,TOTAL,55,3,3,6,-,"4,842'",True
434675,Cody Gakpo,Premier League,36,7,5,3,-,"2,749'",True
434675,Cody Gakpo,UEFA Champions League,11,2,1,-,-,470',True
434675,Cody Gakpo,FA Cup,4,-,-,-,-,287',True
434675,Cody Gakpo,Community Shield,1,-,-,-,-,90',True
434675,Cody Gakpo,EFL Cup,-,-,-,-,-,-,True
434675,Cody Gakpo,TOTAL,52,9,6,3,-,"3,596'",True
435338,Gabriel,Premier League,32,3,4,4,-,"2,751'",True
435338,Gabriel,UEFA Champions League,12,1,1,1,-,"1,002'",True
435338,Gabriel,EFL Cup,5,-,-,-,-,309',True
435338,Gabriel,FA Cup,2,-,-,-,-,148',True
435338,Gabriel,TOTAL,51,4,5,5,-,"4,210'",True
435772,Charles De Ketelaere,Serie A,31,3,5,4,-,"2,190'",True
435772,Charles De Ketelaere,UEFA Champions League,8,2,2,-,-,585',True
435772,Charles De Ketelaere,Italy Cup,3,-,-,-,-,264',True
435772,Charles De Ketelaere,TOTAL,42,5,7,4,-,"3,039'",True
436372,Teboho Mokoena,Betway Premiership,23,4,2,5,1,"1,618'",True
436372,Teboho Mokoena,CAF-Champions League,14,2,-,2,-,"1,228'",True
436372,Teboho Mokoena,MTN8,3,1,-,1,-,270',True
436372,Teboho Mokoena,Carling Knockout,1,-,-,1,-,59',True
436372,Teboho Mokoena,Nedbank Cup,-,-,-,-,-,-,True
436372,Teboho Mokoena,TOTAL,41,7,2,9,1,"3,175'",True
437903,Abdullah Al-Khaibari,Saudi Pro League,32,-,1,5,-,"1,679'",True
437903,Abdullah Al-Khaibari,AFC Champions League Two,9,1,-,-,-,462',True
437903,Abdullah Al-Khaibari,King's Cup,2,-,-,1,-,130',True
437903,Abdullah Al-Khaibari,Saudi Super Cup,2,-,-,-,-,180',True
437903,Abdullah Al-Khaibari,TOTAL,45,1,1,6,-,"2,451'",True
437982,Oussama Benbout,Ligue 1,14,10,5,1,-,"1,260'",True
437982,Oussama Benbout,CAF Confederation Cup,13,7,8,1,-,"1,170'",True
437982,Oussama Benbout,Coupe d'Algerie,4,2,2,-,-,390',True
437982,Oussama Benbout,Supercoupe d'Algérie,1,1,-,-,-,90',True
437982,Oussama Benbout,TOTAL,32,20,15,2,-,"2,910'",True
438961,Michael Svoboda,Serie B,29,3,2,7,-,"2,527'",True
438961,Michael Svoboda,Italy Cup,1,-,-,-,-,15',True
438961,Michael Svoboda,TOTAL,30,3,2,7,-,"2,542'",True
439750,Dayne St. Clair,MLS,14,28,2,3,-,"1,260'",True
439750,Dayne St. Clair,CONCACAF Champions Cup,2,1,1,-,-,180',True
439750,Dayne St. Clair,TOTAL,16,29,3,3,-,"1,440'",True
439914,John Yeboah,Serie B,34,10,10,2,-,"2,620'",True
439914,John Yeboah,Italy Cup,2,2,1,-,-,97',True
439914,John Yeboah,TOTAL,36,12,11,2,-,"2,717'",True
440383,César Blackman,Niké Liga,18,2,5,2,-,"1,369'",True
440383,César Blackman,Niké Liga - Championship Group,9,-,2,2,-,808',True
440383,César Blackman,Conference League,6,1,-,2,-,520',True
440383,César Blackman,Champions League Qu.,4,-,-,1,-,361',True
440383,César Blackman,Europa League Qualifying,2,-,-,-,-,160',True
440383,César Blackman,Slovnaft Cup,1,-,-,-,-,90',True
440383,César Blackman,TOTAL,40,3,7,7,-,"3,308'",True
441738,Joel Waterman,MLS,10,-,-,2,-,643',True
441738,Joel Waterman,US Open Cup,2,-,-,2,-,180',True
441738,Joel Waterman,TOTAL,12,-,-,4,-,823',True
442531,Edouard Mendy,Saudi Pro League,26,18,14,2,-,"2,340'",True
442531,Edouard Mendy,AFC Champions League,9,7,4,4,-,870',True
442531,Edouard Mendy,King's Cup,3,4,1,1,-,330',True
442531,Edouard Mendy,Saudi Super Cup,2,3,-,-,-,180',True
442531,Edouard Mendy,FIFA Intercontinental Cup,1,3,-,-,-,90',True
442531,Edouard Mendy,TOTAL,41,35,19,7,-,"3,810'",True
443379,Jorge Gutiérrez,Liga FUTVE Apertura,10,-,-,-,-,900',True
443379,Jorge Gutiérrez,Libertadores,6,-,1,1,-,537',True
443379,Jorge Gutiérrez,Apertura. Fase Final,2,-,-,-,-,180',True
443379,Jorge Gutiérrez,TOTAL,18,-,1,1,-,"1,617'",True
443710,Angelo Stiller,Bundesliga,34,2,6,1,-,"2,746'",True
443710,Angelo Stiller,Europa League,11,-,3,2,-,854',True
443710,Angelo Stiller,DFB-Pokal,6,-,1,-,-,562',True
443710,Angelo Stiller,DFL-Supercup,1,-,-,-,-,87',True
443710,Angelo Stiller,TOTAL,52,2,10,3,-,"4,249'",True
443937,Alaa Hejji,Saudi Pro League,24,3,1,1,-,"1,343'",True
443937,Alaa Hejji,King's Cup,-,-,-,-,-,-,True
443937,Alaa Hejji,TOTAL,24,3,1,1,-,"1,343'",True
444523,Lucas Paquetá,Premier League,18,4,1,5,1,"1,522'",True
444523,Lucas Paquetá,Série A,12,3,-,2,-,819',True
444523,Lucas Paquetá,Campeonato Carioca,5,3,-,-,-,306',True
444523,Lucas Paquetá,Libertadores,4,2,-,-,-,212',True
444523,Lucas Paquetá,Recopa Sudamericana,2,-,-,1,-,146',True
444523,Lucas Paquetá,EFL Cup,1,1,-,-,-,90',True
444523,Lucas Paquetá,Supercopa Rei,1,-,-,-,-,32',True
444523,Lucas Paquetá,Copa do Brasil,-,-,-,-,-,-,True
444523,Lucas Paquetá,FA Cup,-,-,-,-,-,-,True
444523,Lucas Paquetá,TOTAL,43,13,1,8,1,"3,127'",True
445939,Omar Marmoush,Premier League,21,3,3,3,-,699',True
445939,Omar Marmoush,UEFA Champions League,8,-,-,-,-,222',True
445939,Omar Marmoush,FA Cup,5,2,-,-,-,292',True
445939,Omar Marmoush,EFL Cup,2,3,-,-,-,180',True
445939,Omar Marmoush,TOTAL,36,8,3,3,-,"1,393'",True
447995,Ross Stewart,Championship,25,8,2,2,-,979',True
447995,Ross Stewart,FA Cup,4,2,-,-,-,166',True
447995,Ross Stewart,Championship Play-Offs,2,1,-,-,-,114',True
447995,Ross Stewart,EFL Cup,2,-,1,-,-,74',True
447995,Ross Stewart,TOTAL,33,11,3,2,-,"1,333'",True
448466,Jovane Cabral,Liga Portugal,27,7,1,5,-,"1,679'",True
448466,Jovane Cabral,Taça de Portugal,-,-,-,-,-,-,True
448466,Jovane Cabral,TOTAL,27,7,1,5,-,"1,679'",True
448632,Yehvann Diouf,Ligue 1,26,45,5,1,-,"2,340'",True
448632,Yehvann Diouf,Europa League,6,13,-,-,-,540',True
448632,Yehvann Diouf,L1/L2 Playoffs,2,1,1,-,-,180',True
448632,Yehvann Diouf,Coupe de France,2,2,-,1,-,180',True
448632,Yehvann Diouf,Champions League Qu.,2,4,-,-,-,180',True
448632,Yehvann Diouf,TOTAL,38,65,6,2,-,"3,420'",True
450050,Jean-Ricner Bellegarde,Premier League,26,1,1,5,-,"1,250'",True
450050,Jean-Ricner Bellegarde,EFL Cup,3,-,-,-,-,172',True
450050,Jean-Ricner Bellegarde,FA Cup,2,-,-,-,-,91',True
450050,Jean-Ricner Bellegarde,TOTAL,31,1,1,5,-,"1,513'",True
450233,Moisés Ramírez,Super League 1,20,31,4,6,-,"1,800'",True
450233,Moisés Ramírez,Super League Play-out,8,6,4,2,-,720',True
450233,Moisés Ramírez,Kypello Elladas,2,3,-,-,-,180',True
450233,Moisés Ramírez,TOTAL,30,40,8,8,-,"2,700'",True
450241,Angelo Preciado,Chance Liga,14,-,3,4,-,964',True
450241,Angelo Preciado,Série A,7,-,-,1,-,376',True
450241,Angelo Preciado,Campeonato Mineiro,6,-,-,-,-,287',True
450241,Angelo Preciado,UECL Qualifying,5,-,3,-,-,337',True
450241,Angelo Preciado,Conference League,4,1,1,2,-,284',True
450241,Angelo Preciado,Copa Sudamericana,2,-,-,-,1,148',True
450241,Angelo Preciado,Copa do Brasil,1,-,-,1,-,90',True
450241,Angelo Preciado,MOL Cup,-,-,-,-,-,-,True
450241,Angelo Preciado,TOTAL,39,1,7,8,1,"2,486'",True
450806,Khuliso Mudau,Betway Premiership,21,-,2,8,-,"1,527'",True
450806,Khuliso Mudau,CAF-Champions League,14,1,1,2,-,"1,239'",True
450806,Khuliso Mudau,Carling Knockout,1,-,-,-,-,99',True
450806,Khuliso Mudau,Nedbank Cup,-,-,-,-,-,-,True
450806,Khuliso Mudau,TOTAL,36,1,3,10,-,"2,865'",True
451747,Brandon Thomas-Asante,Championship,32,13,4,-,-,"1,865'",True
451747,Brandon Thomas-Asante,EFL Cup,2,-,-,-,-,105',True
451747,Brandon Thomas-Asante,FA Cup,-,-,-,-,-,-,True
451747,Brandon Thomas-Asante,TOTAL,34,13,4,-,-,"1,970'",True
451801,Abdul Mumin,LaLiga,3,-,-,-,-,78',True
451801,Abdul Mumin,Conference League,-,-,-,-,-,-,True
451801,Abdul Mumin,Copa del Rey,-,-,-,-,-,-,True
451801,Abdul Mumin,UECL Qualifying,-,-,-,-,-,-,True
451801,Abdul Mumin,TOTAL,3,-,-,-,-,78',True
452483,David Affengruber,LaLiga,36,1,1,7,-,"2,953'",True
452483,David Affengruber,Copa del Rey,3,-,1,-,-,143',True
452483,David Affengruber,TOTAL,39,1,2,7,-,"3,096'",True
453370,Sipho Chaine,Betway Premiership,30,12,21,-,-,"2,700'",True
453370,Sipho Chaine,Carling Knockout,4,1,3,1,-,390',True
453370,Sipho Chaine,MTN8,4,2,2,1,-,390',True
453370,Sipho Chaine,CAF-Champions League,3,-,2,-,-,231',True
453370,Sipho Chaine,Nedbank Cup,1,-,-,-,-,120',True
453370,Sipho Chaine,TOTAL,42,15,28,2,-,"3,831'",True
455425,Nando Pijnaker,A-League Men,13,-,-,-,-,719',True
455425,Nando Pijnaker,A-League Fin.,4,-,-,1,-,249',True
455425,Nando Pijnaker,OFC Pro League,-,-,-,-,-,-,True
455425,Nando Pijnaker,TOTAL,17,-,-,1,-,968',True
455661,Nick Woltemade,Premier League,33,8,3,-,-,"1,914'",True
455661,Nick Woltemade,UEFA Champions League,10,1,1,-,-,654',True
455661,Nick Woltemade,EFL Cup,5,1,-,1,-,176',True
455661,Nick Woltemade,FA Cup,3,1,1,-,-,282',True
455661,Nick Woltemade,DFB-Pokal,1,1,-,-,-,49',True
455661,Nick Woltemade,Bundesliga,1,-,-,-,-,90',True
455661,Nick Woltemade,DFL-Supercup,1,-,-,-,-,90',True
455661,Nick Woltemade,TOTAL,54,12,5,1,-,"3,255'",True
457738,Jovo Lukić,SuperLiga,25,15,2,5,-,"1,969'",True
457738,Jovo Lukić,SuperLiga - Championship group,7,3,-,3,-,536',True
457738,Jovo Lukić,Romanian Cup,5,1,1,1,-,448',True
457738,Jovo Lukić,UECL Qualifying,2,1,-,-,-,130',True
457738,Jovo Lukić,TOTAL,39,20,3,9,-,"3,083'",True
459463,Cucho Hernández,LaLiga,32,11,3,5,-,"2,595'",True
459463,Cucho Hernández,Europa League,7,3,-,-,-,448',True
459463,Cucho Hernández,Copa del Rey,1,1,-,1,-,87',True
459463,Cucho Hernández,TOTAL,40,15,3,6,-,"3,130'",True
460939,Tijjani Reijnders,Premier League,28,5,2,2,-,"1,636'",True
460939,Tijjani Reijnders,UEFA Champions League,10,-,3,-,-,579',True
460939,Tijjani Reijnders,FA Cup,5,1,2,-,-,374',True
460939,Tijjani Reijnders,EFL Cup,4,1,1,-,-,221',True
460939,Tijjani Reijnders,TOTAL,47,7,8,2,-,"2,810'",True
462250,João Félix,Saudi Pro League,33,20,14,7,-,"2,912'",True
462250,João Félix,AFC Champions League Two,10,4,4,-,-,595',True
462250,João Félix,King's Cup,2,1,1,-,-,94',True
462250,João Félix,Saudi Super Cup,2,1,-,-,-,180',True
462250,João Félix,TOTAL,47,26,19,7,-,"3,781'",True
46413,Ante Budimir,LaLiga,37,17,-,3,-,"2,953'",True
46413,Ante Budimir,Copa del Rey,3,2,-,1,-,60',True
46413,Ante Budimir,TOTAL,40,19,-,4,-,"3,013'",True
464469,Torbjørn Heggem,Serie A,27,-,-,-,-,"2,113'",True
464469,Torbjørn Heggem,Europa League,8,-,-,1,-,488',True
464469,Torbjørn Heggem,Supercoppa Italiana,2,-,-,1,-,180',True
464469,Torbjørn Heggem,Italy Cup,1,-,-,-,-,90',True
464469,Torbjørn Heggem,Championship,1,-,-,-,-,90',True
464469,Torbjørn Heggem,EFL Cup,-,-,-,-,-,-,True
464469,Torbjørn Heggem,TOTAL,39,-,-,2,-,"2,961'",True
46580,Andrej Kramaric,Bundesliga,34,14,6,2,-,"2,223'",True
46580,Andrej Kramaric,DFB-Pokal,2,1,2,1,-,199',True
46580,Andrej Kramaric,TOTAL,36,15,8,3,-,"2,422'",True
465966,Ahmed Fatouh,Premier League,12,1,2,1,-,557',True
465966,Ahmed Fatouh,CAF Confederation Cup,10,-,2,2,-,790',True
465966,Ahmed Fatouh,Championship Playoff,5,-,1,1,-,331',True
465966,Ahmed Fatouh,Egyptian Super Cup,2,-,-,-,-,180',True
465966,Ahmed Fatouh,TOTAL,29,1,5,4,-,"1,858'",True
467623,Lyle Foster,Premier League,26,3,2,4,-,"1,372'",True
467623,Lyle Foster,FA Cup,1,-,1,-,-,90',True
467623,Lyle Foster,EFL Cup,-,-,-,-,-,-,True
467623,Lyle Foster,TOTAL,27,3,3,4,-,"1,462'",True
468174,Félix Torres,Série A,12,1,-,3,-,948',True
468174,Félix Torres,Campeonato Gaúcho,5,1,-,-,-,369',True
468174,Félix Torres,Copa do Brasil,2,-,-,-,-,180',True
468174,Félix Torres,Recopa Gáucha,-,-,-,-,-,-,True
468174,Félix Torres,Campeonato Paulista,-,-,-,-,-,-,True
468174,Félix Torres,TOTAL,19,2,-,3,-,"1,497'",True
469211,Liberato Cacace,Championship,12,-,-,-,-,722',True
469211,Liberato Cacace,FA Cup,1,1,-,-,-,60',True
469211,Liberato Cacace,EFL Cup,-,-,-,-,-,-,True
469211,Liberato Cacace,TOTAL,13,1,-,-,-,782',True
469781,Marcos Senesi,Premier League,37,-,5,8,-,"3,290'",True
469781,Marcos Senesi,FA Cup,1,-,-,-,-,30',True
469781,Marcos Senesi,EFL Cup,1,-,-,-,-,45',True
469781,Marcos Senesi,TOTAL,39,-,5,8,-,"3,365'",True
469976,Christopher Operi,Süper Lig,22,-,4,3,-,"1,824'",True
469976,Christopher Operi,UECL Qualifying,6,2,2,-,1,530',True
469976,Christopher Operi,Türkiye Kupasi,3,-,-,-,-,238',True
469976,Christopher Operi,TOTAL,31,2,6,3,1,"2,592'",True
472423,Reece James,Premier League,29,2,5,4,-,"1,960'",True
472423,Reece James,UEFA Champions League,8,-,2,1,-,564',True
472423,Reece James,FA Cup,2,-,-,-,-,143',True
472423,Reece James,EFL Cup,-,-,-,-,-,-,True
472423,Reece James,TOTAL,39,2,7,5,-,"2,667'",True
473169,Brian Brobbey,Premier League,31,7,1,6,-,"1,934'",True
473169,Brian Brobbey,Premier League Int. Cup U21,1,1,-,-,-,61',True
473169,Brian Brobbey,FA Cup,1,-,-,-,-,34',True
473169,Brian Brobbey,Eredivisie,-,-,-,-,-,-,True
473169,Brian Brobbey,TOTAL,33,8,1,6,-,"2,029'",True
474701,Crysencio Summerville,Premier League,31,5,4,6,-,"2,484'",True
474701,Crysencio Summerville,FA Cup,3,2,1,1,-,231',True
474701,Crysencio Summerville,EFL Cup,-,-,-,-,-,-,True
474701,Crysencio Summerville,TOTAL,34,7,5,7,-,"2,715'",True
474800,Facundo Medina,Ligue 1,17,-,1,7,-,"1,366'",True
474800,Facundo Medina,Coupe de France,4,-,-,-,-,253',True
474800,Facundo Medina,UEFA Champions League,4,-,-,1,-,306',True
474800,Facundo Medina,Trophée des Champions,1,-,-,1,-,90',True
474800,Facundo Medina,TOTAL,26,-,1,9,-,"2,015'",True
475959,Josko Gvardiol,Premier League,18,2,2,2,-,"1,374'",True
475959,Josko Gvardiol,UEFA Champions League,5,-,2,-,-,440',True
475959,Josko Gvardiol,EFL Cup,2,-,1,-,-,52',True
475959,Josko Gvardiol,FA Cup,-,-,-,-,-,-,True
475959,Josko Gvardiol,TOTAL,25,2,5,2,-,"1,866'",True
477758,Aaron Wan-Bissaka,Premier League,25,-,3,4,-,"2,084'",True
477758,Aaron Wan-Bissaka,FA Cup,2,-,-,1,-,120',True
477758,Aaron Wan-Bissaka,EFL Cup,-,-,-,-,-,-,True
477758,Aaron Wan-Bissaka,TOTAL,27,-,3,5,-,"2,204'",True
478192,Mehdi Ghayedi,UAE Pro League,20,4,6,1,-,"1,308'",True
478192,Mehdi Ghayedi,UAE League Cup,5,2,-,-,-,275',True
478192,Mehdi Ghayedi,UAE President's Cup,-,-,-,-,-,-,True
478192,Mehdi Ghayedi,TOTAL,25,6,6,1,-,"1,583'",True
478573,Ryan Gravenberch,Premier League,36,5,3,5,-,"2,996'",True
478573,Ryan Gravenberch,UEFA Champions League,11,1,2,2,-,961',True
478573,Ryan Gravenberch,FA Cup,3,-,1,1,-,174',True
478573,Ryan Gravenberch,EFL Cup,-,-,-,-,-,-,True
478573,Ryan Gravenberch,Community Shield,-,-,-,-,-,-,True
478573,Ryan Gravenberch,TOTAL,50,6,6,8,-,"4,131'",True
479682,Mohanad Lasheen,Premier League,18,-,2,-,-,"1,540'",True
479682,Mohanad Lasheen,CAF-Champions League,10,-,-,-,-,779',True
479682,Mohanad Lasheen,Championship Playoff,6,-,-,-,-,540',True
479682,Mohanad Lasheen,Egypt Cup,3,-,1,1,-,270',True
479682,Mohanad Lasheen,FIFA Intercontinental Cup,3,-,-,-,-,270',True
479682,Mohanad Lasheen,Egyptian Super Cup,1,-,-,1,-,90',True
479682,Mohanad Lasheen,CAF-Supercup,1,-,-,-,-,90',True
479682,Mohanad Lasheen,Egyptian League Cup,-,-,-,-,-,-,True
479682,Mohanad Lasheen,TOTAL,42,-,3,2,-,"3,579'",True
479683,Nabil Dunga,Saudi Pro League,12,-,-,3,-,914',True
479683,Nabil Dunga,Premier League,11,-,1,5,-,765',True
479683,Nabil Dunga,CAF Confederation Cup,2,-,-,2,-,114',True
479683,Nabil Dunga,Egyptian League Cup,-,-,-,-,-,-,True
479683,Nabil Dunga,Egypt Cup,-,-,-,-,-,-,True
479683,Nabil Dunga,Egyptian Super Cup,-,-,-,-,-,-,True
479683,Nabil Dunga,TOTAL,25,-,1,10,-,"1,793'",True
479999,Eberechi Eze,Premier League,33,7,2,1,-,"1,900'",True
479999,Eberechi Eze,UEFA Champions League,13,1,2,-,-,772',True
479999,Eberechi Eze,EFL Cup,4,1,-,-,-,321',True
479999,Eberechi Eze,FA Cup,3,1,2,1,-,208',True
479999,Eberechi Eze,Community Shield,1,-,-,-,-,90',True
479999,Eberechi Eze,UECL Qualifying,-,-,-,-,-,-,True
479999,Eberechi Eze,TOTAL,54,10,6,2,-,"3,291'",True
480692,Luis Díaz,Bundesliga,32,15,17,5,1,"2,451'",True
480692,Luis Díaz,UEFA Champions League,12,7,4,2,-,981',True
480692,Luis Díaz,DFB-Pokal,6,3,2,1,-,538',True
480692,Luis Díaz,DFL-Supercup,1,1,-,-,-,90',True
480692,Luis Díaz,TOTAL,51,26,23,8,1,"4,060'",True
480705,Cherif Ndiaye,Süper Lig,23,7,3,2,1,"1,422'",True
480705,Cherif Ndiaye,Champions League Qu.,5,2,2,-,-,370',True
480705,Cherif Ndiaye,Conference League,4,2,-,-,-,245',True
480705,Cherif Ndiaye,Super liga Srbije,3,1,-,-,-,111',True
480705,Cherif Ndiaye,Türkiye Kupasi,2,1,-,-,1,136',True
480705,Cherif Ndiaye,TFF Süper Kupa,-,-,-,-,-,-,True
480705,Cherif Ndiaye,TOTAL,37,13,5,2,2,"2,284'",True
480762,Lisandro Martínez,Premier League,18,-,-,-,-,"1,231'",True
480762,Lisandro Martínez,FA Cup,1,-,-,-,-,79',True
480762,Lisandro Martínez,EFL Cup,-,-,-,-,-,-,True
480762,Lisandro Martínez,TOTAL,19,-,-,-,-,"1,310'",True
482204,Callan Elliot,A-League Men,23,-,1,1,-,"1,407'",True
482204,Callan Elliot,A-League Fin.,4,-,-,1,-,337',True
482204,Callan Elliot,OFC Pro League,-,-,-,-,-,-,True
482204,Callan Elliot,TOTAL,27,-,1,2,-,"1,744'",True
483046,Josip Stanisic,Bundesliga,26,2,4,1,-,"1,855'",True
483046,Josip Stanisic,UEFA Champions League,10,1,1,2,-,769',True
483046,Josip Stanisic,DFB-Pokal,6,-,2,1,-,439',True
483046,Josip Stanisic,DFL-Supercup,1,-,-,-,-,90',True
483046,Josip Stanisic,TOTAL,43,3,7,4,-,"3,153'",True
483348,Djed Spence,Premier League,30,-,-,4,-,"2,056'",True
483348,Djed Spence,UEFA Champions League,10,-,-,1,-,706',True
483348,Djed Spence,EFL Cup,2,-,-,-,-,165',True
483348,Djed Spence,FA Cup,1,-,-,-,-,7',True
483348,Djed Spence,UEFA Super Cup,1,-,-,-,-,90',True
483348,Djed Spence,TOTAL,44,-,-,5,-,"3,024'",True
484988,Logan Costa,LaLiga,2,-,-,-,-,28',True
484988,Logan Costa,UEFA Champions League,-,-,-,-,-,-,True
484988,Logan Costa,Copa del Rey,-,-,-,-,-,-,True
484988,Logan Costa,TOTAL,2,-,-,-,-,28',True
485582,Sontje Hansen,Championship,17,1,-,1,-,491',True
485582,Sontje Hansen,Championship Play-Offs,2,-,-,-,-,15',True
485582,Sontje Hansen,Premier League 2,2,-,-,-,-,180',True
485582,Sontje Hansen,FA Cup,1,-,-,-,-,4',True
485582,Sontje Hansen,Eredivisie,-,-,-,-,-,-,True
485582,Sontje Hansen,TOTAL,22,1,-,1,-,690',True
485584,Anass Salah-Eddine,Eredivisie,17,-,1,3,-,"1,092'",True
485584,Anass Salah-Eddine,UEFA Champions League,7,-,-,-,-,511',True
485584,Anass Salah-Eddine,KNVB Beker,1,-,-,-,-,27',True
485584,Anass Salah-Eddine,Serie A,-,-,-,-,-,-,True
485584,Anass Salah-Eddine,TOTAL,25,-,1,3,-,"1,630'",True
485672,Elijah Just,Premiership,30,7,8,2,-,"2,294'",True
485672,Elijah Just,League Cup,6,-,-,-,-,410',True
485672,Elijah Just,Scottish Premiership Top Six Split,5,-,-,2,-,409',True
485672,Elijah Just,SFA Cup,2,-,-,-,-,102',True
485672,Elijah Just,TOTAL,43,7,8,4,-,"3,215'",True
485706,Amadou Onana,Premier League,25,2,-,3,-,"1,764'",True
485706,Amadou Onana,Europa League,12,-,-,1,-,783',True
485706,Amadou Onana,FA Cup,1,-,-,-,-,90',True
485706,Amadou Onana,EFL Cup,-,-,-,-,-,-,True
485706,Amadou Onana,TOTAL,38,2,-,4,-,"2,637'",True
485963,Pape Gueye,LaLiga,30,5,2,8,-,"2,143'",True
485963,Pape Gueye,UEFA Champions League,7,-,-,3,-,526',True
485963,Pape Gueye,Copa del Rey,2,-,-,1,-,165',True
485963,Pape Gueye,TOTAL,39,5,2,12,-,"2,834'",True
486031,Nico González,LaLiga,24,5,-,4,-,"1,454'",True
486031,Nico González,UEFA Champions League,11,-,-,-,-,394',True
486031,Nico González,Copa del Rey,2,-,-,-,-,66',True
486031,Nico González,Serie A,2,-,-,-,-,17',True
486031,Nico González,Supercopa,-,-,-,-,-,-,True
486031,Nico González,TOTAL,39,5,-,4,-,"1,931'",True
486049,Jérémy Doku,Premier League,30,5,7,-,-,"1,786'",True
486049,Jérémy Doku,UEFA Champions League,9,1,3,-,-,630',True
486049,Jérémy Doku,FA Cup,5,1,4,-,-,289',True
486049,Jérémy Doku,EFL Cup,3,1,-,-,-,257',True
486049,Jérémy Doku,TOTAL,47,8,14,-,-,"2,962'",True
486477,Edo Kayembe,Championship,37,4,1,4,-,"2,497'",True
486477,Edo Kayembe,EFL Cup,1,-,-,1,-,90',True
486477,Edo Kayembe,FA Cup,-,-,-,-,-,-,True
486477,Edo Kayembe,TOTAL,38,4,1,5,-,"2,587'",True
487417,Liam Millar,Championship,33,3,5,3,-,"1,848'",True
487417,Liam Millar,Championship Play-Offs,3,-,-,-,-,210',True
487417,Liam Millar,FA Cup,2,-,-,-,-,154',True
487417,Liam Millar,EFL Cup,-,-,-,-,-,-,True
487417,Liam Millar,TOTAL,38,3,5,3,-,"2,212'",True
487465,Pedro Neto,Premier League,34,5,6,2,1,"2,643'",True
487465,Pedro Neto,UEFA Champions League,8,-,1,1,-,614',True
487465,Pedro Neto,FA Cup,6,4,2,2,-,362',True
487465,Pedro Neto,EFL Cup,4,1,1,1,-,148',True
487465,Pedro Neto,TOTAL,52,10,10,6,1,"3,767'",True
487469,Vitinha,Ligue 1,29,1,7,2,-,"2,121'",True
487469,Vitinha,UEFA Champions League,17,6,1,-,-,"1,545'",True
487469,Vitinha,Trophée des Champions,1,-,1,-,-,90',True
487469,Vitinha,UEFA Super Cup,1,-,1,-,-,90',True
487469,Vitinha,Coupe de France,1,-,-,-,-,90',True
487469,Vitinha,FIFA Intercontinental Cup,1,-,-,1,-,120',True
487469,Vitinha,TOTAL,50,7,10,3,-,"4,056'",True
487474,Francisco Conceição,Serie A,31,3,5,3,-,"2,098'",True
487474,Francisco Conceição,UEFA Champions League,9,1,-,1,-,500',True
487474,Francisco Conceição,Italy Cup,2,-,-,-,-,96',True
487474,Francisco Conceição,TOTAL,42,4,5,4,-,"2,694'",True
489359,Ao Tanaka,Premier League,28,2,-,1,-,"1,318'",True
489359,Ao Tanaka,FA Cup,5,2,-,1,-,381',True
489359,Ao Tanaka,EFL Cup,-,-,-,-,-,-,True
489359,Ao Tanaka,TOTAL,33,4,-,2,-,"1,699'",True
490369,Josué Duverger,OL RP/Saar,22,38,3,-,-,"1,980'",True
490369,Josué Duverger,Rheinlandpokal,1,4,-,-,-,90',True
490369,Josué Duverger,TOTAL,23,42,3,-,-,"2,070'",True
490384,Koni De Winter,Serie A,26,1,1,1,-,"1,798'",True
490384,Koni De Winter,Italy Cup,2,-,-,1,-,180',True
490384,Koni De Winter,Supercoppa Italiana,1,-,-,-,-,69',True
490384,Koni De Winter,TOTAL,29,1,1,2,-,"2,047'",True
490426,Krépin Diatta,Ligue 1,18,-,1,2,-,"1,011'",True
490426,Krépin Diatta,UEFA Champions League,3,-,1,1,-,179',True
490426,Krépin Diatta,Coupe de France,1,-,-,-,-,45',True
490426,Krépin Diatta,TOTAL,22,-,2,3,-,"1,235'",True
491553,Jáminton Campaz,Torneo Apertura,11,1,4,-,-,731',True
491553,Jáminton Campaz,Libertadores,6,-,1,1,-,405',True
491553,Jáminton Campaz,Playoff Torneo Apertura,1,-,-,-,-,19',True
491553,Jáminton Campaz,Copa Argentina,-,-,-,-,-,-,True
491553,Jáminton Campaz,TOTAL,18,1,5,1,-,"1,155'",True
491596,Braian Ojeda,MLS,15,-,1,1,-,"1,337'",True
491596,Braian Ojeda,US Open Cup,3,-,3,-,-,215',True
491596,Braian Ojeda,TOTAL,18,-,4,1,-,"1,552'",True
491616,Jackson Porozo,Liga MX Apertura,17,2,-,5,-,"1,530'",True
491616,Jackson Porozo,Liga MX Clausura,16,-,-,2,-,"1,409'",True
491616,Jackson Porozo,Liguilla Apertura,2,-,-,2,-,180',True
491616,Jackson Porozo,Ligue 2,-,-,-,-,-,-,True
491616,Jackson Porozo,TOTAL,35,2,-,9,-,"3,119'",True
492955,Frantzdy Pierrot,Süper Lig,10,-,-,-,-,115',True
492955,Frantzdy Pierrot,Super League 1,9,2,1,2,-,537',True
492955,Frantzdy Pierrot,UECL Qualifying,6,-,-,1,-,337',True
492955,Frantzdy Pierrot,Kypello Elladas,3,2,-,-,-,243',True
492955,Frantzdy Pierrot,Conference League,3,-,-,-,-,140',True
492955,Frantzdy Pierrot,Türkiye Kupasi,1,-,-,-,-,67',True
492955,Frantzdy Pierrot,TOTAL,32,4,1,3,-,"1,439'",True
493003,Daniel Muñoz,Premier League,29,4,3,7,-,"2,404'",True
493003,Daniel Muñoz,Conference League,12,1,1,-,-,"1,043'",True
493003,Daniel Muñoz,EFL Cup,2,-,-,-,-,164',True
493003,Daniel Muñoz,UECL Qualifying,2,-,-,-,-,180',True
493003,Daniel Muñoz,Community Shield,1,-,-,-,-,90',True
493003,Daniel Muñoz,FA Cup,-,-,-,-,-,-,True
493003,Daniel Muñoz,TOTAL,46,5,4,7,-,"3,881'",True
493758,David Doudera,Chance Liga,20,1,4,6,-,"1,357'",True
493758,David Doudera,UEFA Champions League,7,-,1,1,-,439',True
493758,David Doudera,Chance Liga Champion Gr.,2,-,-,-,-,144',True
493758,David Doudera,MOL Cup,-,-,-,-,-,-,True
493758,David Doudera,TOTAL,29,1,5,7,-,"1,940'",True
494237,Wilson Isidor,Premier League,32,6,-,2,-,"1,159'",True
494237,Wilson Isidor,FA Cup,3,-,-,1,-,101',True
494237,Wilson Isidor,EFL Cup,1,-,-,-,-,78',True
494237,Wilson Isidor,TOTAL,36,6,-,3,-,"1,338'",True
495320,Martin Zlomislic,SuperSport HNL,33,36,11,1,-,"2,970'",True
495320,Martin Zlomislic,Conference League,10,6,5,-,-,900',True
495320,Martin Zlomislic,Hrvatski nogometni kup,4,5,1,-,-,329',True
495320,Martin Zlomislic,Europa League Qualifying,4,8,1,-,-,360',True
495320,Martin Zlomislic,Champions League Qu.,2,3,1,-,-,210',True
495320,Martin Zlomislic,TOTAL,53,58,19,1,-,"4,769'",True
495666,William Saliba,Premier League,31,1,-,2,-,"2,615'",True
495666,William Saliba,UEFA Champions League,12,-,-,1,-,"1,110'",True
495666,William Saliba,EFL Cup,5,-,1,-,-,450',True
495666,William Saliba,FA Cup,2,-,-,-,-,79',True
495666,William Saliba,TOTAL,50,1,1,3,-,"4,254'",True
500053,Pavel Sulc,Ligue 1,27,11,3,3,-,"1,569'",True
500053,Pavel Sulc,Europa League,8,1,3,1,-,477',True
500053,Pavel Sulc,Coupe de France,3,2,1,1,-,217',True
500053,Pavel Sulc,Chance Liga,2,1,3,-,-,161',True
500053,Pavel Sulc,Champions League Qu.,2,-,-,-,-,180',True
500053,Pavel Sulc,TOTAL,42,15,10,5,-,"2,604'",True
500054,David Jurásek,Chance Liga,11,-,2,-,-,984',True
500054,David Jurásek,Süper Lig,10,-,-,-,-,637',True
500054,David Jurásek,Chance Liga Champion Gr.,5,1,4,-,-,363',True
500054,David Jurásek,UECL Qualifying,4,-,-,-,-,234',True
500054,David Jurásek,Europa League Qualifying,2,-,-,-,-,93',True
500054,David Jurásek,MOL Cup,1,-,-,-,-,120',True
500054,David Jurásek,Türkiye Kupasi,1,-,-,-,-,71',True
500054,David Jurásek,UEFA Champions League,-,-,-,-,-,-,True
500054,David Jurásek,Taça de Portugal,-,-,-,-,-,-,True
500054,David Jurásek,TOTAL,34,1,6,-,-,"2,502'",True
500689,Evann Guessand,Premier League,21,1,1,-,-,916',True
500689,Evann Guessand,Europa League,7,2,-,1,-,539',True
500689,Evann Guessand,Conference League,6,1,-,-,-,335',True
500689,Evann Guessand,EFL Cup,1,-,-,1,-,80',True
500689,Evann Guessand,FA Cup,-,-,-,-,-,-,True
500689,Evann Guessand,Champions League Qu.,-,-,-,-,-,-,True
500689,Evann Guessand,TOTAL,35,4,1,2,-,"1,870'",True
50200,Kosta Barbarouses,A-League Men,22,4,1,1,-,"1,334'",True
50200,Kosta Barbarouses,TOTAL,22,4,1,1,-,"1,334'",True
502722,Luka Sucic,LaLiga,22,3,1,1,-,"1,019'",True
502722,Luka Sucic,Copa del Rey,6,1,2,-,-,332',True
502722,Luka Sucic,TOTAL,28,4,3,1,-,"1,351'",True
503733,Anthony Gordon,Premier League,26,6,2,3,-,"1,814'",True
503733,Anthony Gordon,UEFA Champions League,12,10,2,1,-,771',True
503733,Anthony Gordon,EFL Cup,5,-,-,-,-,188',True
503733,Anthony Gordon,FA Cup,3,1,1,-,-,96',True
503733,Anthony Gordon,TOTAL,46,17,5,4,-,"2,869'",True
503743,Morgan Rogers,Premier League,37,10,7,7,-,"3,285'",True
503743,Morgan Rogers,Europa League,15,3,5,2,-,"1,089'",True
503743,Morgan Rogers,FA Cup,2,1,-,-,-,167',True
503743,Morgan Rogers,EFL Cup,1,-,-,-,-,23',True
503743,Morgan Rogers,TOTAL,55,14,12,9,-,"4,564'",True
503883,Senne Lammens,Premier League,32,39,8,-,-,"2,880'",True
503883,Senne Lammens,Jupiler Pro League,4,4,-,-,-,360',True
503883,Senne Lammens,FA Cup,1,2,-,-,-,90',True
503883,Senne Lammens,TOTAL,37,45,8,-,-,"3,330'",True
503987,Noni Madueke,Premier League,26,3,1,-,-,"1,217'",True
503987,Noni Madueke,UEFA Champions League,10,3,1,1,-,609',True
503987,Noni Madueke,FA Cup,4,2,2,-,-,271',True
503987,Noni Madueke,EFL Cup,3,-,-,-,-,160',True
503987,Noni Madueke,TOTAL,43,8,4,1,-,"2,257'",True
504087,Tomás Araújo,Liga Portugal,23,1,2,3,-,"1,684'",True
504087,Tomás Araújo,UEFA Champions League,9,-,-,-,-,656',True
504087,Tomás Araújo,Taça de Portugal,4,-,-,1,-,315',True
504087,Tomás Araújo,Allianz Cup,2,-,-,-,-,95',True
504087,Tomás Araújo,Liga Portugal 2,1,-,-,1,-,45',True
504087,Tomás Araújo,Champions League Qu.,-,-,-,-,-,-,True
504087,Tomás Araújo,Portuguese Supercup,-,-,-,-,-,-,True
504087,Tomás Araújo,TOTAL,39,1,2,5,-,"2,795'",True
509894,Abdulelah Al-Amri,Saudi Pro League,25,2,3,2,-,"1,789'",True
509894,Abdulelah Al-Amri,AFC Champions League Two,9,2,-,1,-,810',True
509894,Abdulelah Al-Amri,King's Cup,2,-,-,-,-,131',True
509894,Abdulelah Al-Amri,Saudi Super Cup,-,-,-,-,-,-,True
509894,Abdulelah Al-Amri,TOTAL,36,4,3,3,-,"2,730'",True
509897,Hassan Tambakti,Saudi Pro League,29,1,1,5,-,"2,351'",True
509897,Hassan Tambakti,AFC Champions League,4,-,-,-,-,345',True
509897,Hassan Tambakti,King's Cup,3,1,-,-,-,223',True
509897,Hassan Tambakti,TOTAL,36,2,1,5,-,"2,919'",True
509911,Nasser Al-Dawsari,Saudi Pro League,27,-,1,2,-,"1,621'",True
509911,Nasser Al-Dawsari,AFC Champions League,7,-,1,1,-,210',True
509911,Nasser Al-Dawsari,King's Cup,3,1,-,1,-,246',True
509911,Nasser Al-Dawsari,TOTAL,37,1,2,4,-,"2,077'",True
51035,Johny Placide,Ligue 2,24,24,8,2,-,"2,160'",True
51035,Johny Placide,Coupe de France,-,-,-,-,-,-,True
51035,Johny Placide,TOTAL,24,24,8,2,-,"2,160'",True
512913,Stephen Eustaquio,MLS,10,1,1,-,-,602',True
512913,Stephen Eustaquio,Liga Portugal,8,-,-,-,-,182',True
512913,Stephen Eustaquio,CONCACAF Champions Cup,4,-,-,-,-,148',True
512913,Stephen Eustaquio,Europa League,4,-,-,1,-,201',True
512913,Stephen Eustaquio,Taça de Portugal,3,-,-,-,-,108',True
512913,Stephen Eustaquio,Allianz Cup,1,-,-,-,-,90',True
512913,Stephen Eustaquio,TOTAL,30,1,1,1,-,"1,331'",True
51471,Mateo Kovacic,Premier League,6,-,1,-,-,126',True
51471,Mateo Kovacic,FA Cup,2,-,-,-,-,83',True
51471,Mateo Kovacic,UEFA Champions League,1,-,-,-,-,33',True
51471,Mateo Kovacic,EFL Cup,-,-,-,-,-,-,True
51471,Mateo Kovacic,TOTAL,9,-,1,-,-,242',True
516716,Bremer,Serie A,26,4,3,5,-,"2,175'",True
516716,Bremer,UEFA Champions League,4,-,-,-,-,304',True
516716,Bremer,Italy Cup,1,-,-,-,-,90',True
516716,Bremer,TOTAL,31,4,3,5,-,"2,569'",True
517894,Matheus Cunha,Premier League,33,10,4,4,-,"2,503'",True
517894,Matheus Cunha,FA Cup,1,-,-,-,-,90',True
517894,Matheus Cunha,EFL Cup,1,-,-,-,-,90',True
517894,Matheus Cunha,TOTAL,35,10,4,4,-,"2,683'",True
518505,Jamie Leweling,Bundesliga,32,7,9,4,-,"2,379'",True
518505,Jamie Leweling,Europa League,11,3,1,-,-,644',True
518505,Jamie Leweling,DFB-Pokal,6,-,2,2,-,424',True
518505,Jamie Leweling,DFL-Supercup,1,1,-,-,-,90',True
518505,Jamie Leweling,TOTAL,50,11,12,6,-,"3,537'",True
518804,Youssef Belammari,Botola Pro Inwi,7,-,-,2,-,630',True
518804,Youssef Belammari,Premier League,6,-,-,-,-,471',True
518804,Youssef Belammari,Championship Playoff,3,-,-,-,-,245',True
518804,Youssef Belammari,CAF-Champions League,3,-,-,1,-,195',True
518804,Youssef Belammari,TOTAL,19,-,-,3,-,"1,541'",True
519184,Amar Dedić,Liga Portugal,24,1,5,3,1,"1,903'",True
519184,Amar Dedić,UEFA Champions League,10,-,-,1,-,804',True
519184,Amar Dedić,Champions League Qu.,4,-,-,-,-,360',True
519184,Amar Dedić,Taça de Portugal,3,-,-,2,-,270',True
519184,Amar Dedić,Allianz Cup,1,-,-,-,-,90',True
519184,Amar Dedić,Portuguese Supercup,1,-,-,1,-,88',True
519184,Amar Dedić,TOTAL,43,1,5,7,1,"3,515'",True
520624,Bruno Guimarães,Premier League,29,9,6,6,-,"2,460'",True
520624,Bruno Guimarães,UEFA Champions League,7,-,-,1,-,544',True
520624,Bruno Guimarães,EFL Cup,4,-,2,1,-,277',True
520624,Bruno Guimarães,FA Cup,1,-,-,1,-,41',True
520624,Bruno Guimarães,TOTAL,41,9,8,9,-,"3,322'",True
521127,Ayoub El Kaabi,Super League 1,22,17,1,2,-,"1,682'",True
521127,Ayoub El Kaabi,UEFA Champions League,10,2,1,1,-,724',True
521127,Ayoub El Kaabi,Super League Play-off,6,1,-,-,-,428',True
521127,Ayoub El Kaabi,Kypello Elladas,2,1,-,-,-,23',True
521127,Ayoub El Kaabi,Super Cup,-,-,-,-,-,-,True
521127,Ayoub El Kaabi,TOTAL,40,21,2,3,-,"2,857'",True
521964,Malick Thiaw,Premier League,35,4,-,4,-,"2,964'",True
521964,Malick Thiaw,UEFA Champions League,11,1,-,3,-,927',True
521964,Malick Thiaw,EFL Cup,5,-,1,1,-,450',True
521964,Malick Thiaw,FA Cup,3,-,-,1,-,300',True
521964,Malick Thiaw,TOTAL,54,5,1,9,-,"4,641'",True
522223,Connor Metcalfe,Bundesliga,25,-,2,2,-,576',True
522223,Connor Metcalfe,DFB-Pokal,3,-,-,-,-,112',True
522223,Connor Metcalfe,TOTAL,28,-,2,2,-,688',True
524481,Roger Ibañez,Saudi Pro League,28,2,3,3,1,"2,426'",True
524481,Roger Ibañez,AFC Champions League,11,1,-,2,-,"1,005'",True
524481,Roger Ibañez,King's Cup,4,-,1,2,-,420',True
524481,Roger Ibañez,Saudi Super Cup,2,1,-,-,-,180',True
524481,Roger Ibañez,FIFA Intercontinental Cup,1,-,-,-,-,90',True
524481,Roger Ibañez,TOTAL,46,4,4,7,1,"4,121'",True
525578,Pathé Ciss,LaLiga,29,2,1,9,-,"1,994'",True
525578,Pathé Ciss,Conference League,12,-,1,5,-,957',True
525578,Pathé Ciss,Copa del Rey,2,-,1,-,-,168',True
525578,Pathé Ciss,UECL Qualifying,-,-,-,-,-,-,True
525578,Pathé Ciss,TOTAL,43,2,3,14,-,"3,119'",True
527092,Ali Nemati,Persian Gulf League,20,-,-,7,-,"1,728'",True
527092,Ali Nemati,Hazfi Cup,2,-,-,-,-,180',True
527092,Ali Nemati,TOTAL,22,-,-,7,-,"1,908'",True
530527,Merchas Doski,Chance Liga,26,1,1,6,-,"1,682'",True
530527,Merchas Doski,Europa League,7,-,2,3,-,597',True
530527,Merchas Doski,Chance Liga Champion Gr.,4,-,-,-,-,360',True
530527,Merchas Doski,MOL Cup,3,-,-,-,-,209',True
530527,Merchas Doski,Champions League Qu.,2,-,1,-,-,22',True
530527,Merchas Doski,TOTAL,42,1,4,9,-,"2,870'",True
531450,Willy Semedo,Cyprus League,28,17,9,5,-,"2,212'",True
531450,Willy Semedo,Conference League,8,1,-,1,-,539',True
531450,Willy Semedo,UECL Qualifying,6,4,1,1,-,483',True
531450,Willy Semedo,Kypello Kyprou,1,-,1,-,-,54',True
531450,Willy Semedo,TOTAL,43,22,11,7,-,"3,288'",True
532096,CJ dos Santos,MLS,2,5,-,-,-,180',True
532096,CJ dos Santos,CONCACAF Champions Cup,-,-,-,-,-,-,True
532096,CJ dos Santos,TOTAL,2,5,-,-,-,180',True
532937,Johan Vásquez,Serie A,36,1,-,2,-,"3,217'",True
532937,Johan Vásquez,Italy Cup,3,-,-,-,-,270',True
532937,Johan Vásquez,TOTAL,39,1,-,2,-,"3,487'",True
532938,Luis Romo,Liga MX Apertura,16,1,1,2,-,"1,423'",True
532938,Luis Romo,Liga MX Clausura,10,-,1,5,-,850',True
532938,Luis Romo,Liguilla Apertura,2,-,-,-,-,180',True
532938,Luis Romo,Liguilla Clausura,-,-,-,-,-,-,True
532938,Luis Romo,TOTAL,28,1,2,7,-,"2,453'",True
533295,Patrick Wimmer,Bundesliga,25,4,3,4,-,"1,634'",True
533295,Patrick Wimmer,DFB-Pokal,2,-,3,1,-,135',True
533295,Patrick Wimmer,Bundesliga Playoffs,-,-,-,-,-,-,True
533295,Patrick Wimmer,TOTAL,27,4,6,5,-,"1,769'",True
533738,Jonathan David,Serie A,35,6,4,-,-,"1,784'",True
533738,Jonathan David,UEFA Champions League,9,2,1,-,-,397',True
533738,Jonathan David,Italy Cup,2,-,-,-,-,148',True
533738,Jonathan David,TOTAL,46,8,5,-,-,"2,329'",True
534033,Alexis Mac Allister,Premier League,37,2,4,7,-,"2,663'",True
534033,Alexis Mac Allister,UEFA Champions League,12,3,1,3,-,853',True
534033,Alexis Mac Allister,FA Cup,4,-,2,-,-,283',True
534033,Alexis Mac Allister,EFL Cup,1,-,-,-,-,67',True
534033,Alexis Mac Allister,Community Shield,1,-,-,-,-,19',True
534033,Alexis Mac Allister,TOTAL,55,5,7,10,-,"3,885'",True
534398,Melvin Mastil,Challenge League,32,50,6,-,-,"2,880'",True
534398,Melvin Mastil,Swiss Cup,2,2,-,-,-,240',True
534398,Melvin Mastil,TOTAL,34,52,6,-,-,"3,120'",True
536520,Ruben Providence,Keuken Kampioen Divisie,25,1,2,-,-,"1,028'",True
536520,Ruben Providence,Keuken Kampioen Play-Offs,3,-,-,-,-,27',True
536520,Ruben Providence,KNVB Beker,2,-,-,-,-,63',True
536520,Ruben Providence,TOTAL,30,1,2,-,-,"1,118'",True
536835,Amad Diallo,Premier League,32,2,4,2,-,"2,346'",True
536835,Amad Diallo,EFL Cup,1,-,-,-,-,82',True
536835,Amad Diallo,FA Cup,-,-,-,-,-,-,True
536835,Amad Diallo,TOTAL,33,2,4,2,-,"2,428'",True
538006,Kwasi Sibo,LaLiga,26,-,-,3,-,"1,686'",True
538006,Kwasi Sibo,Copa del Rey,1,-,-,-,-,120',True
538006,Kwasi Sibo,TOTAL,27,-,-,3,-,"1,806'",True
538958,Jearl Margaritha,Challenger Pro League,32,7,12,1,-,"2,382'",True
538958,Jearl Margaritha,Croky Cup,1,-,-,-,-,75',True
538958,Jearl Margaritha,TOTAL,33,7,12,1,-,"2,457'",True
539502,Ben Waine,League One,27,3,1,2,-,"1,133'",True
539502,Ben Waine,FA Cup,5,3,-,1,-,424',True
539502,Ben Waine,EFL Trophy,4,2,-,-,-,288',True
539502,Ben Waine,EFL Cup,1,-,-,-,-,90',True
539502,Ben Waine,TOTAL,37,8,1,3,-,"1,935'",True
539961,Yazan Al-Arab,K League 1,12,1,1,2,-,855',True
539961,Yazan Al-Arab,AFC Champions League,5,-,-,1,-,360',True
539961,Yazan Al-Arab,TOTAL,17,1,1,3,-,"1,215'",True
540315,César Huerta,Jupiler Pro League,7,1,-,4,-,387',True
540315,César Huerta,Jupiler Pro League Champions' Play-Offs,4,-,-,-,-,156',True
540315,César Huerta,UECL Qualifying,4,-,-,1,-,207',True
540315,César Huerta,Croky Cup,2,1,-,-,-,82',True
540315,César Huerta,Europa League Qualifying,-,-,-,-,-,-,True
540315,César Huerta,TOTAL,17,2,-,5,-,832',True
541420,Timothy Fayulu,Conference League,5,5,1,-,-,450',True
541420,Timothy Fayulu,Premier League,4,6,1,-,-,360',True
541420,Timothy Fayulu,Armenian Independence Cup,1,1,-,-,-,90',True
541420,Timothy Fayulu,Armenian Supercup,-,-,-,-,-,-,True
541420,Timothy Fayulu,Super League,-,-,-,-,-,-,True
541420,Timothy Fayulu,Swiss Cup,-,-,-,-,-,-,True
541420,Timothy Fayulu,TOTAL,10,12,2,-,-,900',True
542380,Amirhossein Hosseinzadeh,Persian Gulf League,22,10,5,1,-,"1,978'",True
542380,Amirhossein Hosseinzadeh,AFC Champions League,9,2,2,-,-,810',True
542380,Amirhossein Hosseinzadeh,Iran Super Cup,1,1,-,-,-,90',True
542380,Amirhossein Hosseinzadeh,Hazfi Cup,1,-,-,1,-,120',True
542380,Amirhossein Hosseinzadeh,TOTAL,33,13,7,2,-,"2,998'",True
54381,Tommy Smith,National League,17,-,1,2,-,"1,217'",True
54381,Tommy Smith,National League Cup,3,-,-,-,-,159',True
54381,Tommy Smith,FA Cup,1,-,-,-,-,22',True
54381,Tommy Smith,TOTAL,21,-,1,2,-,"1,398'",True
544149,David Zima,Chance Liga,22,-,2,2,-,"1,680'",True
544149,David Zima,UEFA Champions League,8,-,-,2,-,690',True
544149,David Zima,Chance Liga Champion Gr.,2,1,1,-,-,180',True
544149,David Zima,MOL Cup,1,-,-,-,-,46',True
544149,David Zima,TOTAL,33,1,3,4,-,"2,596'",True
544586,Kevin Pina,Premier Liga,27,1,-,5,-,"1,195'",True
544586,Kevin Pina,Russian Cup,12,1,-,4,-,827',True
544586,Kevin Pina,Russian Super Cup,1,-,-,-,-,24',True
544586,Kevin Pina,TOTAL,40,2,-,9,-,"2,046'",True
545810,Jacob Italiano,Bundesliga,24,4,2,1,-,"2,067'",True
545810,Jacob Italiano,ÖFB-Cup,1,-,-,-,-,90',True
545810,Jacob Italiano,TOTAL,25,4,2,1,-,"2,157'",True
546803,José Fajardo,LigaPro Serie A,15,3,1,3,-,927',True
546803,José Fajardo,Libertadores,2,2,-,1,-,164',True
546803,José Fajardo,Supercopa Ecuador,1,-,-,1,-,66',True
546803,José Fajardo,Copa Ecuador,-,-,-,-,-,-,True
546803,José Fajardo,TOTAL,18,5,1,5,-,"1,157'",True
54781,Nicolás Otamendi,Liga Portugal,30,2,3,7,-,"2,605'",True
54781,Nicolás Otamendi,UEFA Champions League,10,-,1,3,-,900',True
54781,Nicolás Otamendi,Champions League Qu.,4,-,-,-,-,360',True
54781,Nicolás Otamendi,Allianz Cup,2,1,-,-,1,179',True
54781,Nicolás Otamendi,Taça de Portugal,2,-,-,1,-,180',True
54781,Nicolás Otamendi,Portuguese Supercup,1,-,-,1,-,90',True
54781,Nicolás Otamendi,TOTAL,49,3,4,12,1,"4,314'",True
548193,Zeno Debast,Liga Portugal,17,-,2,2,-,"1,177'",True
548193,Zeno Debast,UEFA Champions League,4,-,-,1,-,179',True
548193,Zeno Debast,Taça de Portugal,2,-,-,-,-,126',True
548193,Zeno Debast,Portuguese Supercup,1,-,-,-,-,21',True
548193,Zeno Debast,Allianz Cup,-,-,-,-,-,-,True
548193,Zeno Debast,TOTAL,24,-,2,3,-,"1,503'",True
548254,Nathan Ngoy,Ligue 1,29,1,2,10,-,"2,404'",True
548254,Nathan Ngoy,Europa League,8,1,-,2,-,610',True
548254,Nathan Ngoy,Coupe de France,1,1,-,-,-,90',True
548254,Nathan Ngoy,TOTAL,38,3,2,12,-,"3,104'",True
549006,Gonçalo Inácio,Liga Portugal,29,2,3,4,-,"2,506'",True
549006,Gonçalo Inácio,UEFA Champions League,11,1,-,-,-,956',True
549006,Gonçalo Inácio,Taça de Portugal,5,-,-,1,-,455',True
549006,Gonçalo Inácio,Portuguese Supercup,1,-,-,-,-,90',True
549006,Gonçalo Inácio,Allianz Cup,-,-,-,-,-,-,True
549006,Gonçalo Inácio,TOTAL,46,3,3,5,-,"4,007'",True
549378,Sander Tangvik,UECL Qualifying,6,5,4,-,-,540',True
549378,Sander Tangvik,Bundesliga,1,1,-,-,-,90',True
549378,Sander Tangvik,NM-Cup,1,1,-,-,-,120',True
549378,Sander Tangvik,TOTAL,8,7,4,-,-,750',True
550550,Gonçalo Ramos,Ligue 1,30,6,1,2,1,"1,309'",True
550550,Gonçalo Ramos,UEFA Champions League,11,2,-,-,-,201',True
550550,Gonçalo Ramos,Coupe de France,2,2,1,-,-,180',True
550550,Gonçalo Ramos,Trophée des Champions,1,1,-,-,-,1',True
550550,Gonçalo Ramos,UEFA Super Cup,1,1,-,-,-,13',True
550550,Gonçalo Ramos,FIFA Intercontinental Cup,-,-,-,-,-,-,True
550550,Gonçalo Ramos,TOTAL,45,12,2,2,1,"1,704'",True
550580,Shuto Machino,Bundesliga,32,3,1,2,-,"1,063'",True
550580,Shuto Machino,DFB-Pokal,2,1,-,-,-,163',True
550580,Shuto Machino,TOTAL,34,4,1,2,-,"1,226'",True
550829,Matej Kovar,Eredivisie,31,41,7,-,-,"2,790'",True
550829,Matej Kovar,UEFA Champions League,8,16,-,-,-,720',True
550829,Matej Kovar,KNVB Beker,4,5,1,-,-,360',True
550829,Matej Kovar,Johan Cruijff Schaal,1,1,-,-,-,90',True
550829,Matej Kovar,TOTAL,44,63,8,-,-,"3,960'",True
55089,Oliver Baumann,Bundesliga,34,52,7,3,-,"3,060'",True
55089,Oliver Baumann,DFB-Pokal,2,2,1,-,-,210',True
55089,Oliver Baumann,TOTAL,36,54,8,3,-,"3,270'",True
551505,Mousa Tamari,Ligue 1,33,6,9,4,-,"2,228'",True
551505,Mousa Tamari,Coupe de France,3,1,2,-,-,265',True
551505,Mousa Tamari,TOTAL,36,7,11,4,-,"2,493'",True
552057,Adam Hlozek,Bundesliga,5,-,-,-,-,37',True
552057,Adam Hlozek,3. Liga,1,-,-,-,-,31',True
552057,Adam Hlozek,DFB-Pokal,-,-,-,-,-,-,True
552057,Adam Hlozek,TOTAL,6,-,-,-,-,68',True
552955,Santiago Gimenez,Serie A,16,-,2,2,-,896',True
552955,Santiago Gimenez,Italy Cup,2,1,1,-,-,141',True
552955,Santiago Gimenez,Supercoppa Italiana,-,-,-,-,-,-,True
552955,Santiago Gimenez,TOTAL,18,1,3,2,-,"1,037'",True
555209,Bradley Cross,Betway Premiership,22,-,1,2,-,"1,722'",True
555209,Bradley Cross,CAF Confederation Cup,5,-,-,-,-,366',True
555209,Bradley Cross,Carling Knockout,1,-,-,-,-,120',True
555209,Bradley Cross,Nedbank Cup,-,-,-,-,-,-,True
555209,Bradley Cross,TOTAL,28,-,1,2,-,"2,208'",True
556713,Homam Al-Amin,LaLiga2,14,-,-,2,-,683',True
556713,Homam Al-Amin,Stars League,9,-,-,1,-,448',True
556713,Homam Al-Amin,AFC Champions League,6,-,-,1,-,303',True
556713,Homam Al-Amin,QSL Cup,1,-,-,-,-,90',True
556713,Homam Al-Amin,AFC CL Elite Qualif.,1,-,-,-,-,90',True
556713,Homam Al-Amin,TOTAL,31,-,-,4,-,"1,614'",True
557459,Micky van de Ven,Premier League,35,4,1,9,-,"3,043'",True
557459,Micky van de Ven,UEFA Champions League,8,2,-,3,-,720',True
557459,Micky van de Ven,UEFA Super Cup,1,1,-,-,-,90',True
557459,Micky van de Ven,FA Cup,1,-,-,-,-,90',True
557459,Micky van de Ven,EFL Cup,-,-,-,-,-,-,True
557459,Micky van de Ven,TOTAL,45,7,1,12,-,"3,943'",True
557614,Nathanaël Mbuku,Ligue 2,30,4,6,5,-,"2,192'",True
557614,Nathanaël Mbuku,Coupe de France,2,-,-,-,-,102',True
557614,Nathanaël Mbuku,TOTAL,32,4,6,5,-,"2,294'",True
560423,Meshaal Barsham,Stars League,20,26,6,1,-,"1,800'",True
560423,Meshaal Barsham,AFC Champions League,10,22,1,-,-,960',True
560423,Meshaal Barsham,Amir Cup,3,9,-,-,-,270',True
560423,Meshaal Barsham,QSL Cup,-,-,-,-,-,-,True
560423,Meshaal Barsham,TOTAL,33,57,7,1,-,"3,030'",True
560593,Hicham Boudaoui,Ligue 1,25,1,2,5,-,"1,694'",True
560593,Hicham Boudaoui,Europa League,3,-,-,-,-,105',True
560593,Hicham Boudaoui,Coupe de France,2,-,-,1,-,180',True
560593,Hicham Boudaoui,L1/L2 Playoffs,1,-,-,-,-,11',True
560593,Hicham Boudaoui,Champions League Qu.,1,-,-,-,-,90',True
560593,Hicham Boudaoui,TOTAL,32,1,2,6,-,"2,080'",True
560952,Ahmed Basil Fadhil,Iraq Stars League,27,23,12,2,-,"2,371'",True
560952,Ahmed Basil Fadhil,AFC Champions League,5,13,-,-,-,450',True
560952,Ahmed Basil Fadhil,TOTAL,32,36,12,2,-,"2,821'",True
560957,Ibrahim Bayesh,Saudi Pro League,12,1,-,3,1,"1,026'",True
560957,Ibrahim Bayesh,UAE Pro League,9,-,-,1,-,592',True
560957,Ibrahim Bayesh,King's Cup,1,-,-,1,-,63',True
560957,Ibrahim Bayesh,TOTAL,22,1,-,5,1,"1,681'",True
561481,Saed Al-Rousan,Jordanian Pro League,22,2,1,7,-,"1,749'",True
561481,Saed Al-Rousan,AFC Champions League Two,7,-,-,1,-,630',True
561481,Saed Al-Rousan,TOTAL,29,2,1,8,-,"2,379'",True
561485,Noor Al-Rawabdeh,Super League,20,2,3,2,-,"1,342'",True
561485,Noor Al-Rawabdeh,ASEAN Club Championship,7,-,-,-,-,619',True
561485,Noor Al-Rawabdeh,AFC Champions League Two,5,-,-,-,-,394',True
561485,Noor Al-Rawabdeh,Malaysia FA Cup,4,-,3,1,-,274',True
561485,Noor Al-Rawabdeh,Piala Malaysia,4,-,-,1,-,250',True
561485,Noor Al-Rawabdeh,TOTAL,40,2,6,4,-,"2,879'",True
564785,Kristian Thorstvedt,Serie A,32,4,4,9,-,"2,458'",True
564785,Kristian Thorstvedt,Italy Cup,1,-,-,-,-,21',True
564785,Kristian Thorstvedt,TOTAL,33,4,4,9,-,"2,479'",True
565093,Bart Verbruggen,Premier League,38,46,10,3,-,"3,420'",True
565093,Bart Verbruggen,FA Cup,-,-,-,-,-,-,True
565093,Bart Verbruggen,EFL Cup,-,-,-,-,-,-,True
565093,Bart Verbruggen,TOTAL,38,46,10,3,-,"3,420'",True
566025,Mohamed Abdelmonem,L1/L2 Playoffs,-,-,-,-,-,-,True
566025,Mohamed Abdelmonem,Coupe de France,-,-,-,-,-,-,True
566025,Mohamed Abdelmonem,Ligue 1,-,-,-,-,-,-,True
566025,Mohamed Abdelmonem,Europa League,-,-,-,-,-,-,True
566025,Mohamed Abdelmonem,Champions League Qu.,-,-,-,-,-,-,True
566025,Mohamed Abdelmonem,TOTAL,-,-,-,-,-,-,True
566723,Michael Olise,Bundesliga,32,15,21,8,-,"2,320'",True
566723,Michael Olise,UEFA Champions League,13,5,7,3,-,"1,082'",True
566723,Michael Olise,DFB-Pokal,6,2,3,-,-,523',True
566723,Michael Olise,DFL-Supercup,1,-,-,1,-,90',True
566723,Michael Olise,TOTAL,52,22,31,12,-,"4,015'",True
566799,James Trafford,FA Cup,6,3,3,-,-,540',True
566799,James Trafford,EFL Cup,6,2,4,-,-,540',True
566799,James Trafford,Premier League,4,6,1,-,-,360',True
566799,James Trafford,UEFA Champions League,1,2,-,-,-,90',True
566799,James Trafford,TOTAL,17,13,8,-,-,"1,530'",True
567576,Elliot Anderson,Premier League,38,4,4,8,-,"3,335'",True
567576,Elliot Anderson,Europa League,12,-,1,3,-,833',True
567576,Elliot Anderson,FA Cup,-,-,-,-,-,-,True
567576,Elliot Anderson,EFL Cup,-,-,-,-,-,-,True
567576,Elliot Anderson,TOTAL,50,4,5,11,-,"4,168'",True
568693,Pape Matar Sarr,Premier League,26,2,4,3,-,"1,389'",True
568693,Pape Matar Sarr,UEFA Champions League,9,-,-,-,-,643',True
568693,Pape Matar Sarr,EFL Cup,1,-,-,-,-,90',True
568693,Pape Matar Sarr,UEFA Super Cup,1,-,-,-,-,90',True
568693,Pape Matar Sarr,FA Cup,-,-,-,-,-,-,True
568693,Pape Matar Sarr,TOTAL,37,2,4,3,-,"2,212'",True
569205,Tomás Rodríguez,Primera División Clausura,18,5,-,2,-,"1,220'",True
569205,Tomás Rodríguez,Clausura Play-Off,4,1,-,1,-,336',True
569205,Tomás Rodríguez,Copa de Costa Rica,3,1,1,1,-,47',True
569205,Tomás Rodríguez,TOTAL,25,7,1,4,-,"1,603'",True
572519,Ar'jany Martha,League One,41,1,2,7,-,"2,579'",True
572519,Ar'jany Martha,EFL Trophy,3,-,1,-,-,184',True
572519,Ar'jany Martha,EFL Cup,2,1,-,1,-,180',True
572519,Ar'jany Martha,FA Cup,1,-,-,-,-,120',True
572519,Ar'jany Martha,TOTAL,47,2,3,8,-,"3,063'",True
576024,Julián Alvarez,LaLiga,29,8,4,2,-,"1,903'",True
576024,Julián Alvarez,UEFA Champions League,15,10,4,-,-,"1,241'",True
576024,Julián Alvarez,Copa del Rey,4,2,1,-,-,315',True
576024,Julián Alvarez,Supercopa,1,-,-,-,-,90',True
576024,Julián Alvarez,TOTAL,49,20,9,2,-,"3,549'",True
576028,Thiago Almada,LaLiga,27,3,1,2,-,"1,312'",True
576028,Thiago Almada,UEFA Champions League,7,-,-,2,-,172',True
576028,Thiago Almada,Copa del Rey,5,1,1,-,-,204',True
576028,Thiago Almada,Supercopa,1,-,-,-,-,16',True
576028,Thiago Almada,TOTAL,40,4,2,4,-,"1,704'",True
576099,Joseph Anang,Premier Division,19,17,6,1,-,"1,710'",True
576099,Joseph Anang,UECL Qualifying,6,9,3,-,-,570',True
576099,Joseph Anang,Leinster Senior Cup,-,-,-,-,-,-,True
576099,Joseph Anang,TOTAL,25,26,9,1,-,"2,280'",True
576265,Ali Yousif,Iraq Stars League,20,3,1,2,-,760',True
576265,Ali Yousif,AFC Champions League Two,-,-,-,-,-,-,True
576265,Ali Yousif,TOTAL,20,3,1,2,-,760',True
576314,Jan Paul van Hecke,Premier League,36,3,3,9,-,"3,211'",True
576314,Jan Paul van Hecke,FA Cup,2,-,-,1,-,85',True
576314,Jan Paul van Hecke,EFL Cup,2,-,-,-,-,115',True
576314,Jan Paul van Hecke,TOTAL,40,3,3,10,-,"3,411'",True
578391,Rayan Aït-Nouri,Premier League,17,-,2,2,-,976',True
578391,Rayan Aït-Nouri,UEFA Champions League,6,-,-,1,-,339',True
578391,Rayan Aït-Nouri,EFL Cup,3,-,2,1,-,155',True
578391,Rayan Aït-Nouri,FA Cup,2,-,1,-,-,135',True
578391,Rayan Aït-Nouri,TOTAL,28,-,5,4,-,"1,605'",True
578392,Maximilian Beier,Bundesliga,32,9,9,3,-,"2,037'",True
578392,Maximilian Beier,UEFA Champions League,9,1,1,1,-,528',True
578392,Maximilian Beier,DFB-Pokal,3,-,-,-,-,171',True
578392,Maximilian Beier,TOTAL,44,10,10,4,-,"2,736'",True
579263,Augustine Boakye,Ligue 2,31,5,9,11,-,"2,477'",True
579263,Augustine Boakye,Coupe de France,3,1,-,-,-,225',True
579263,Augustine Boakye,L1/L2 Playoffs,2,-,-,-,-,180',True
579263,Augustine Boakye,TOTAL,36,6,9,11,-,"2,882'",True
579294,Aimar Sher,Eliteserien,9,1,1,1,-,807',True
579294,Aimar Sher,NM-Cup,2,-,-,1,-,104',True
579294,Aimar Sher,TOTAL,11,1,1,2,-,911',True
580195,Jamal Musiala,Bundesliga,15,3,4,1,-,679',True
580195,Jamal Musiala,UEFA Champions League,6,2,1,1,-,314',True
580195,Jamal Musiala,DFB-Pokal,3,-,1,-,-,181',True
580195,Jamal Musiala,DFL-Supercup,-,-,-,-,-,-,True
580195,Jamal Musiala,TOTAL,24,5,6,2,-,"1,174'",True
580451,Martin Baturina,Serie A,29,6,3,-,-,"1,569'",True
580451,Martin Baturina,Italy Cup,5,2,1,1,-,266',True
580451,Martin Baturina,TOTAL,34,8,4,1,-,"1,835'",True
581678,Jude Bellingham,LaLiga,28,6,4,3,-,"1,918'",True
581678,Jude Bellingham,UEFA Champions League,9,2,1,2,-,607',True
581678,Jude Bellingham,Supercopa,2,-,-,-,-,180',True
581678,Jude Bellingham,Copa del Rey,1,-,-,1,-,13',True
581678,Jude Bellingham,TOTAL,40,8,5,6,-,"2,718'",True
583255,Antoine Semenyo,Premier League,37,17,4,7,-,"3,205'",True
583255,Antoine Semenyo,FA Cup,5,3,2,-,-,267',True
583255,Antoine Semenyo,EFL Cup,4,1,-,-,-,296',True
583255,Antoine Semenyo,UEFA Champions League,2,-,-,-,-,102',True
583255,Antoine Semenyo,TOTAL,48,21,6,7,-,"3,870'",True
583404,Marcus Pedersen,Serie A,29,1,3,3,-,"2,135'",True
583404,Marcus Pedersen,Italy Cup,3,-,1,-,-,203',True
583404,Marcus Pedersen,TOTAL,32,1,4,3,-,"2,338'",True
585325,Hussein Ali,Ekstraklasa,16,2,-,5,1,515',True
585325,Hussein Ali,STS Polish Cup,-,-,-,-,-,-,True
585325,Hussein Ali,TOTAL,16,2,-,5,1,515',True
585747,Juan Portilla,Série A,15,-,-,3,-,799',True
585747,Juan Portilla,Copa do Brasil,2,-,-,1,-,112',True
585747,Juan Portilla,Campeonato Paranaense,2,-,-,-,-,110',True
585747,Juan Portilla,TOTAL,19,-,-,4,-,"1,021'",True
588989,Jhon Arias,Premier League,23,1,-,1,-,"1,124'",True
588989,Jhon Arias,Série A,13,3,-,4,-,"1,016'",True
588989,Jhon Arias,Libertadores,6,3,1,-,-,505',True
588989,Jhon Arias,Campeonato Paulista,4,-,1,1,-,146',True
588989,Jhon Arias,Copa do Brasil,2,-,-,-,-,35',True
588989,Jhon Arias,EFL Cup,2,-,-,-,-,171',True
588989,Jhon Arias,FA Cup,1,1,1,-,-,84',True
588989,Jhon Arias,TOTAL,51,8,3,6,-,"3,081'",True
589006,Mathieu Choinière,MLS,15,2,1,-,-,751',True
589006,Mathieu Choinière,CONCACAF Champions Cup,8,-,2,-,-,614',True
589006,Mathieu Choinière,Super League,-,-,-,-,-,-,True
589006,Mathieu Choinière,TOTAL,23,2,3,-,-,"1,365'",True
589099,Yusuf Abdurisag,Stars League,18,4,2,3,-,"1,031'",True
589099,Yusuf Abdurisag,Amir Cup,3,-,-,-,-,254',True
589099,Yusuf Abdurisag,QSL Cup,2,-,-,-,-,135',True
589099,Yusuf Abdurisag,TOTAL,23,4,2,3,-,"1,420'",True
589128,Ayase Ueda,Eredivisie,31,25,2,2,-,"2,534'",True
589128,Ayase Ueda,Europa League,6,1,-,-,-,435',True
589128,Ayase Ueda,Champions League Qu.,2,-,-,-,-,167',True
589128,Ayase Ueda,KNVB Beker,1,-,-,-,-,90',True
589128,Ayase Ueda,TOTAL,40,26,2,2,-,"3,226'",True
589646,Mohanad Ali,UAE Pro League,20,6,1,3,-,"1,334'",True
589646,Mohanad Ali,UAE President's Cup,1,1,-,-,-,88',True
589646,Mohanad Ali,UAE League Cup,-,-,-,-,-,-,True
589646,Mohanad Ali,TOTAL,21,7,1,3,-,"1,422'",True
59016,David Alaba,LaLiga,11,-,-,1,-,421',True
59016,David Alaba,UEFA Champions League,3,-,-,-,-,115',True
59016,David Alaba,Copa del Rey,1,-,-,-,-,25',True
59016,David Alaba,Supercopa,1,-,-,-,-,14',True
59016,David Alaba,TOTAL,16,-,-,1,-,575',True
591949,Aaron Hickey,Premier League,21,-,-,1,-,686',True
591949,Aaron Hickey,EFL Cup,3,1,-,-,-,152',True
591949,Aaron Hickey,FA Cup,2,-,-,-,-,180',True
591949,Aaron Hickey,TOTAL,26,1,-,1,-,"1,018'",True
592396,Mohamed Amine Tougai,Ligue 1,15,2,-,3,-,"1,229'",True
592396,Mohamed Amine Tougai,CAF-Champions League,7,2,-,1,-,630',True
592396,Mohamed Amine Tougai,Tunisian Cup,-,-,-,-,-,-,True
592396,Mohamed Amine Tougai,TOTAL,22,4,-,4,-,"1,859'",True
592735,Gonzalo Plata,Série A,10,2,2,1,-,561',True
592735,Gonzalo Plata,Campeonato Carioca,6,-,-,1,-,320',True
592735,Gonzalo Plata,Libertadores,4,-,1,-,-,227',True
592735,Gonzalo Plata,FIFA Intercontinental Cup,3,-,-,1,-,243',True
592735,Gonzalo Plata,Copa do Brasil,1,-,-,-,-,18',True
592735,Gonzalo Plata,Recopa Sudamericana,1,-,-,-,-,64',True
592735,Gonzalo Plata,Supercopa Rei,1,-,-,-,-,81',True
592735,Gonzalo Plata,TOTAL,26,2,3,3,-,"1,514'",True
593482,Azzedine Ounahi,LaLiga,24,5,3,6,-,"1,766'",True
593482,Azzedine Ounahi,Copa del Rey,-,-,-,-,-,-,True
593482,Azzedine Ounahi,Ligue 1,-,-,-,-,-,-,True
593482,Azzedine Ounahi,TOTAL,24,5,3,6,-,"1,766'",True
594273,Jeremy Antonisse,Super League 1,22,1,2,5,-,"1,567'",True
594273,Jeremy Antonisse,Super League Play-out,6,-,-,2,-,436',True
594273,Jeremy Antonisse,Kypello Elladas,4,-,-,1,-,192',True
594273,Jeremy Antonisse,TOTAL,32,1,2,8,-,"2,195'",True
598145,Jordy Alcívar,LigaPro Serie A,7,-,1,1,-,421',True
598145,Jordy Alcívar,Libertadores,6,1,1,-,-,504',True
598145,Jordy Alcívar,Supercopa Ecuador,1,-,-,-,-,90',True
598145,Jordy Alcívar,Copa Ecuador,-,-,-,-,-,-,True
598145,Jordy Alcívar,TOTAL,14,1,2,1,-,"1,015'",True
598506,Soufiane Rahimi,UAE Pro League,16,9,2,1,-,"1,350'",True
598506,Soufiane Rahimi,UAE League Cup,4,2,1,-,-,299',True
598506,Soufiane Rahimi,UAE President's Cup,3,4,-,2,-,279',True
598506,Soufiane Rahimi,TOTAL,23,15,3,3,-,"1,928'",True
598577,Florian Wirtz,Premier League,33,5,4,1,-,"2,390'",True
598577,Florian Wirtz,UEFA Champions League,11,1,4,-,-,840',True
598577,Florian Wirtz,FA Cup,4,1,1,-,-,190',True
598577,Florian Wirtz,Community Shield,1,-,1,1,-,84',True
598577,Florian Wirtz,EFL Cup,-,-,-,-,-,-,True
598577,Florian Wirtz,TOTAL,49,7,10,2,-,"3,504'",True
598791,Tsuyoshi Watanabe,Eredivisie,30,2,-,1,-,"2,637'",True
598791,Tsuyoshi Watanabe,Europa League,6,1,-,-,-,413',True
598791,Tsuyoshi Watanabe,Champions League Qu.,2,2,-,-,-,180',True
598791,Tsuyoshi Watanabe,KNVB Beker,1,-,-,-,-,90',True
598791,Tsuyoshi Watanabe,TOTAL,39,5,-,1,-,"3,320'",True
601883,Matheus Nunes,Premier League,34,1,7,5,-,"2,865'",True
601883,Matheus Nunes,UEFA Champions League,6,-,-,-,-,434',True
601883,Matheus Nunes,EFL Cup,5,-,1,3,-,356',True
601883,Matheus Nunes,FA Cup,4,-,1,-,-,360',True
601883,Matheus Nunes,TOTAL,49,1,9,8,-,"4,015'",True
602324,Érik Lira,Liga MX Clausura,17,-,-,4,-,"1,285'",True
602324,Érik Lira,Liga MX Apertura,16,-,-,3,-,"1,358'",True
602324,Érik Lira,CONCACAF Champions Cup,6,1,-,-,-,487',True
602324,Érik Lira,Liguilla Apertura,4,-,-,1,-,360',True
602324,Érik Lira,FIFA Intercontinental Cup,1,-,-,-,-,90',True
602324,Érik Lira,Liguilla Clausura,-,-,-,-,-,-,True
602324,Érik Lira,TOTAL,44,1,-,8,-,"3,580'",True
603149,Mohammad Mohebi,Premier Liga,28,3,3,3,-,"1,612'",True
603149,Mohammad Mohebi,Russian Cup,3,-,-,2,1,159',True
603149,Mohammad Mohebi,TOTAL,31,3,3,5,1,"1,771'",True
604008,Emam Ashour,Premier League,7,2,3,-,-,531',True
604008,Emam Ashour,Championship Playoff,6,-,2,-,-,444',True
604008,Emam Ashour,CAF-Champions League,6,-,1,-,-,296',True
604008,Emam Ashour,Egyptian League Cup,-,-,-,-,-,-,True
604008,Emam Ashour,Egypt Cup,-,-,-,-,-,-,True
604008,Emam Ashour,Egyptian Super Cup,-,-,-,-,-,-,True
604008,Emam Ashour,TOTAL,19,2,6,-,-,"1,271'",True
605268,Igor Matanovic,Bundesliga,31,11,2,-,-,"1,563'",True
605268,Igor Matanovic,Europa League,15,3,1,2,-,812',True
605268,Igor Matanovic,DFB-Pokal,4,1,1,2,-,261',True
605268,Igor Matanovic,TOTAL,50,15,4,4,-,"2,636'",True
607223,Rayan Cherki,Premier League,33,4,12,1,-,"1,786'",True
607223,Rayan Cherki,UEFA Champions League,8,3,-,1,-,394',True
607223,Rayan Cherki,FA Cup,6,-,2,-,-,397',True
607223,Rayan Cherki,EFL Cup,5,3,1,-,-,277',True
607223,Rayan Cherki,TOTAL,52,10,15,2,-,"2,854'",True
607854,Éderson,Serie A,30,2,1,3,-,"2,235'",True
607854,Éderson,UEFA Champions League,9,1,1,1,-,724',True
607854,Éderson,Italy Cup,2,-,-,-,-,210',True
607854,Éderson,TOTAL,41,3,2,4,-,"3,169'",True
609255,Willer Ditta,Liga MX Apertura,17,-,-,3,-,"1,463'",True
609255,Willer Ditta,Liga MX Clausura,16,-,2,6,-,"1,440'",True
609255,Willer Ditta,Liguilla Clausura,6,-,-,-,-,540',True
609255,Willer Ditta,CONCACAF Champions Cup,5,-,-,2,-,405',True
609255,Willer Ditta,Liguilla Apertura,4,-,-,1,-,360',True
609255,Willer Ditta,FIFA Intercontinental Cup,1,-,-,1,-,90',True
609255,Willer Ditta,TOTAL,49,-,2,13,-,"4,298'",True
609691,Wilguens Paugain,Jupiler Pro League,19,1,-,1,-,"1,011'",True
609691,Wilguens Paugain,JPL Relegation Play-Offs,5,-,-,-,-,269',True
609691,Wilguens Paugain,Croky Cup,1,-,-,-,-,63',True
609691,Wilguens Paugain,2de Nationale VV A,1,-,-,-,-,45',True
609691,Wilguens Paugain,TOTAL,26,1,-,1,-,"1,388'",True
610581,Ali Al-Hamadi,League One,13,1,1,1,-,413',True
610581,Ali Al-Hamadi,FA Cup,1,-,-,-,-,28',True
610581,Ali Al-Hamadi,Championship,1,-,-,-,-,11',True
610581,Ali Al-Hamadi,EFL Cup,1,-,-,-,-,90',True
610581,Ali Al-Hamadi,EFL Trophy,-,-,-,-,-,-,True
610581,Ali Al-Hamadi,TOTAL,16,1,1,1,-,542',True
611049,Lukas Cerv,Chance Liga,29,1,2,3,-,"2,388'",True
611049,Lukas Cerv,Europa League,10,1,1,1,-,875',True
611049,Lukas Cerv,Champions League Qu.,4,-,-,1,-,360',True
611049,Lukas Cerv,MOL Cup,3,1,-,-,-,90',True
611049,Lukas Cerv,Chance Liga Champion Gr.,3,-,1,1,-,270',True
611049,Lukas Cerv,TOTAL,49,3,4,6,-,"3,983'",True
611855,Sidny Lopes Cabral,Liga Portugal,23,6,6,4,-,"1,680'",True
611855,Sidny Lopes Cabral,UEFA Champions League,2,-,-,-,-,11',True
611855,Sidny Lopes Cabral,Taça de Portugal,2,-,-,1,-,116',True
611855,Sidny Lopes Cabral,Allianz Cup,1,-,-,-,-,26',True
611855,Sidny Lopes Cabral,TOTAL,28,6,6,5,-,"1,833'",True
616341,Nuno Mendes,Ligue 1,20,4,5,1,-,"1,250'",True
616341,Nuno Mendes,UEFA Champions League,17,2,2,4,-,"1,403'",True
616341,Nuno Mendes,Coupe de France,1,-,-,-,-,26',True
616341,Nuno Mendes,Trophée des Champions,1,-,-,-,-,90',True
616341,Nuno Mendes,FIFA Intercontinental Cup,1,-,-,-,-,120',True
616341,Nuno Mendes,UEFA Super Cup,1,-,-,-,-,90',True
616341,Nuno Mendes,TOTAL,41,6,7,5,-,"2,979'",True
61651,Jordan Henderson,Premier League,32,1,3,6,-,"1,921'",True
61651,Jordan Henderson,FA Cup,2,-,-,-,-,165',True
61651,Jordan Henderson,EFL Cup,-,-,-,-,-,-,True
61651,Jordan Henderson,TOTAL,34,1,3,6,-,"2,086'",True
617009,Alex Paulsen,Ekstraklasa,24,41,2,2,-,"2,160'",True
617009,Alex Paulsen,STS Polish Cup,3,4,1,-,-,300',True
617009,Alex Paulsen,Premier League,-,-,-,-,-,-,True
617009,Alex Paulsen,TOTAL,27,45,3,2,-,"2,460'",True
617018,Marko Stamenić,Championship,36,3,2,12,-,"2,500'",True
617018,Marko Stamenić,EFL Cup,1,-,1,-,-,62',True
617018,Marko Stamenić,FA Cup,1,-,-,1,-,82',True
617018,Marko Stamenić,Premier League,-,-,-,-,-,-,True
617018,Marko Stamenić,TOTAL,38,3,3,13,-,"2,644'",True
617021,Ben Old,Ligue 2,30,1,2,1,-,"1,879'",True
617021,Ben Old,Coupe de France,2,4,1,1,-,180',True
617021,Ben Old,L1/L2 Playoffs,1,-,-,-,-,90',True
617021,Ben Old,National 2 - Grp. G,1,-,-,-,-,90',True
617021,Ben Old,TOTAL,34,5,3,2,-,"2,239'",True
620164,Haissem Hassan,LaLiga,37,-,3,1,-,"1,943'",True
620164,Haissem Hassan,Copa del Rey,1,-,-,-,-,81',True
620164,Haissem Hassan,TOTAL,38,-,3,1,-,"2,024'",True
620217,Robin Hranac,Bundesliga,29,1,-,5,-,"2,251'",True
620217,Robin Hranac,DFB-Pokal,2,-,-,1,-,172',True
620217,Robin Hranac,TOTAL,31,1,-,6,-,"2,423'",True
620307,Yannick Semedo,Liga Portugal 2,29,-,3,5,-,"2,011'",True
620307,Yannick Semedo,Liga Portugal 2 - Play-Off,2,-,-,1,-,137',True
620307,Yannick Semedo,Taça de Portugal,-,-,-,-,-,-,True
620307,Yannick Semedo,TOTAL,31,-,3,6,-,"2,148'",True
620322,Malo Gusto,Premier League,34,2,3,3,1,"2,268'",True
620322,Malo Gusto,UEFA Champions League,7,1,1,1,-,476',True
620322,Malo Gusto,FA Cup,4,-,1,-,-,300',True
620322,Malo Gusto,EFL Cup,4,-,-,1,-,261',True
620322,Malo Gusto,TOTAL,49,3,5,5,1,"3,305'",True
620560,Ivan Basic,Premier Liga,10,1,2,2,-,890',True
620560,Ivan Basic,UECL Qualifying,4,2,1,2,-,360',True
620560,Ivan Basic,Kazakhstan Cup,-,-,-,-,-,-,True
620560,Ivan Basic,TOTAL,14,3,3,4,-,"1,250'",True
623570,Iliman Ndiaye,Premier League,32,6,3,2,-,"2,789'",True
623570,Iliman Ndiaye,EFL Cup,2,-,-,-,-,44',True
623570,Iliman Ndiaye,FA Cup,-,-,-,-,-,-,True
623570,Iliman Ndiaye,TOTAL,34,6,3,2,-,"2,833'",True
623965,João Paulo,SuperLiga,26,1,3,3,-,"2,003'",True
623965,João Paulo,SuperLiga - Relegation group,8,1,-,-,-,598',True
623965,João Paulo,Romanian Cup,3,-,-,1,-,241',True
623965,João Paulo,Playoff Conference League,2,1,-,-,-,201',True
623965,João Paulo,Super Liga,-,-,-,-,-,-,True
623965,João Paulo,TOTAL,39,3,3,4,-,"3,043'",True
624690,Manu Koné,Serie A,29,2,3,2,-,"2,459'",True
624690,Manu Koné,Europa League,7,-,-,1,-,266',True
624690,Manu Koné,Italy Cup,1,-,-,-,-,33',True
624690,Manu Koné,TOTAL,37,2,3,3,-,"2,758'",True
624913,Parfait Guiagon,Jupiler Pro League,26,8,5,5,-,"2,084'",True
624913,Parfait Guiagon,JPL Europe Play-Offs,7,1,-,1,-,474',True
624913,Parfait Guiagon,Croky Cup,5,3,-,-,-,431',True
624913,Parfait Guiagon,UECL Qualifying,2,-,-,2,-,194',True
624913,Parfait Guiagon,TOTAL,40,12,5,8,-,"3,183'",True
625142,Zineddine Belaid,Ligue 1,22,1,-,3,-,"1,967'",True
625142,Zineddine Belaid,CAF-Champions League,10,-,-,-,-,855',True
625142,Zineddine Belaid,Coupe d'Algerie,1,-,-,-,-,90',True
625142,Zineddine Belaid,Jupiler Pro League,-,-,-,-,-,-,True
625142,Zineddine Belaid,TOTAL,33,1,-,3,-,"2,912'",True
626764,Livano Comenencia,Super League,24,-,-,3,1,"1,523'",True
626764,Livano Comenencia,Swiss Cup,1,-,-,-,-,120',True
626764,Livano Comenencia,TOTAL,25,-,-,3,1,"1,643'",True
628806,Carlos Harvey,MLS,4,-,-,-,-,97',True
628806,Carlos Harvey,MLS Next Pro,1,-,-,1,-,45',True
628806,Carlos Harvey,US Open Cup,1,-,-,-,-,120',True
628806,Carlos Harvey,TOTAL,6,-,-,1,-,262',True
628834,Danley Jean Jacques,MLS,14,2,-,5,-,"1,151'",True
628834,Danley Jean Jacques,CONCACAF Champions Cup,3,-,-,-,-,144',True
628834,Danley Jean Jacques,TOTAL,17,2,-,5,-,"1,295'",True
629773,Lukas Hornicek,Liga Portugal,33,33,12,3,-,"2,960'",True
629773,Lukas Hornicek,Europa League,14,14,7,-,-,"1,260'",True
629773,Lukas Hornicek,Europa League Qualifying,5,1,4,-,-,480',True
629773,Lukas Hornicek,Allianz Cup,3,3,1,1,-,270',True
629773,Lukas Hornicek,Taça de Portugal,-,-,-,-,-,-,True
629773,Lukas Hornicek,TOTAL,55,51,24,4,-,"4,970'",True
631922,Firas Al-Buraikan,Saudi Pro League,34,5,1,1,-,"1,729'",True
631922,Firas Al-Buraikan,AFC Champions League,11,2,-,-,-,534',True
631922,Firas Al-Buraikan,King's Cup,3,1,-,-,-,135',True
631922,Firas Al-Buraikan,Saudi Super Cup,2,-,-,-,-,156',True
631922,Firas Al-Buraikan,FIFA Intercontinental Cup,1,-,-,-,-,22',True
631922,Firas Al-Buraikan,TOTAL,51,8,1,1,-,"2,576'",True
631923,Khalid Al-Ghannam,Saudi Pro League,32,13,7,4,-,"2,175'",True
631923,Khalid Al-Ghannam,King's Cup,1,-,-,-,-,86',True
631923,Khalid Al-Ghannam,TOTAL,33,13,7,4,-,"2,261'",True
631927,Saud Abdulhamid,Ligue 1,25,2,5,4,-,"1,345'",True
631927,Saud Abdulhamid,Coupe de France,6,1,3,1,-,493',True
631927,Saud Abdulhamid,TOTAL,31,3,8,5,-,"1,838'",True
632349,Jarell Quansah,Bundesliga,28,4,-,9,-,"2,302'",True
632349,Jarell Quansah,UEFA Champions League,11,-,-,-,-,990',True
632349,Jarell Quansah,DFB-Pokal,5,1,-,-,-,414',True
632349,Jarell Quansah,TOTAL,44,5,-,9,-,"3,706'",True
632912,Salah Zakaria,Stars League,14,17,3,1,-,"1,205'",True
632912,Salah Zakaria,AFC Champions League,4,7,-,2,-,390',True
632912,Salah Zakaria,Amir Cup,3,4,2,-,-,270',True
632912,Salah Zakaria,AFC CL Elite Qualif.,1,2,-,-,-,90',True
632912,Salah Zakaria,QSL Cup,-,-,-,-,-,-,True
632912,Salah Zakaria,TOTAL,22,30,5,3,-,"1,955'",True
635445,Jayden Nelson,MLS,10,2,-,2,-,455',True
635445,Jayden Nelson,US Open Cup,1,-,-,-,-,64',True
635445,Jayden Nelson,TOTAL,11,2,-,2,-,519',True
637446,Alistair Johnston,Scottish Premiership Top Six Split,5,-,1,2,-,323',True
637446,Alistair Johnston,Premiership,2,-,-,-,-,178',True
637446,Alistair Johnston,League Cup,1,1,-,-,-,90',True
637446,Alistair Johnston,SFA Cup,1,-,1,-,-,90',True
637446,Alistair Johnston,Europa League,1,-,-,-,-,26',True
637446,Alistair Johnston,Champions League Qu.,1,-,-,-,-,35',True
637446,Alistair Johnston,TOTAL,11,1,2,2,-,742',True
637632,Jacob Shaffelburg,MLS,6,-,2,-,-,224',True
637632,Jacob Shaffelburg,CONCACAF Champions Cup,4,-,-,1,-,178',True
637632,Jacob Shaffelburg,TOTAL,10,-,2,1,-,402',True
638793,Tajon Buchanan,LaLiga,34,7,1,8,-,"1,821'",True
638793,Tajon Buchanan,UEFA Champions League,7,-,-,-,-,430',True
638793,Tajon Buchanan,Copa del Rey,2,-,-,1,-,80',True
638793,Tajon Buchanan,TOTAL,43,7,1,9,-,"2,331'",True
638990,Amar Memić,Chance Liga,27,3,8,3,-,"2,091'",True
638990,Amar Memić,Europa League,10,-,1,1,-,903',True
638990,Amar Memić,Champions League Qu.,4,-,1,-,-,251',True
638990,Amar Memić,Chance Liga Champion Gr.,3,-,-,1,-,254',True
638990,Amar Memić,MOL Cup,-,-,-,-,-,-,True
638990,Amar Memić,TOTAL,44,3,10,5,-,"3,499'",True
643259,Orlando Gill,Torneo Apertura,14,11,9,-,-,"1,260'",True
643259,Orlando Gill,Copa Sudamericana,6,5,2,1,-,540',True
643259,Orlando Gill,Playoff Torneo Apertura,1,2,-,-,-,120',True
643259,Orlando Gill,Copa Argentina,1,-,1,-,-,90',True
643259,Orlando Gill,TOTAL,22,18,12,1,-,"2,010'",True
643574,Kaishu Sano,Bundesliga,34,1,3,1,-,"3,060'",True
643574,Kaishu Sano,Conference League,10,1,2,-,-,744',True
643574,Kaishu Sano,DFB-Pokal,2,-,-,-,-,180',True
643574,Kaishu Sano,UECL Qualifying,2,-,-,-,-,180',True
643574,Kaishu Sano,TOTAL,48,2,5,1,-,"4,164'",True
644771,Odilon Kossounou,Serie A,19,1,-,1,-,985',True
644771,Odilon Kossounou,UEFA Champions League,10,-,-,2,-,812',True
644771,Odilon Kossounou,Italy Cup,3,-,-,-,-,89',True
644771,Odilon Kossounou,TOTAL,32,1,-,3,-,"1,886'",True
646108,Louicius Deedson,MLS,7,1,-,-,-,253',True
646108,Louicius Deedson,Superliga,-,-,-,-,-,-,True
646108,Louicius Deedson,TOTAL,7,1,-,-,-,253',True
646991,Robin Roefs,Premier League,35,46,10,4,-,"3,150'",True
646991,Robin Roefs,FA Cup,2,1,1,-,-,210',True
646991,Robin Roefs,EFL Cup,-,-,-,-,-,-,True
646991,Robin Roefs,TOTAL,37,47,11,4,-,"3,360'",True
647384,Thelo Aasgaard,Premiership,28,5,3,4,-,"1,515'",True
647384,Thelo Aasgaard,Europa League,8,-,1,-,-,417',True
647384,Thelo Aasgaard,Scottish Premiership Top Six Split,5,2,-,-,-,292',True
647384,Thelo Aasgaard,League Cup,3,-,-,-,-,149',True
647384,Thelo Aasgaard,SFA Cup,2,1,1,-,-,55',True
647384,Thelo Aasgaard,Champions League Qu.,2,-,-,1,-,74',True
647384,Thelo Aasgaard,TOTAL,48,8,5,5,-,"2,502'",True
648195,Enzo Fernández,Premier League,36,10,4,10,-,"3,121'",True
648195,Enzo Fernández,UEFA Champions League,10,3,2,2,-,748',True
648195,Enzo Fernández,FA Cup,4,2,1,1,-,231',True
648195,Enzo Fernández,EFL Cup,4,-,-,1,-,279',True
648195,Enzo Fernández,TOTAL,54,15,7,14,-,"4,379'",True
648779,Wilfried Singo,Süper Lig,19,2,2,3,-,949',True
648779,Wilfried Singo,UEFA Champions League,7,-,1,-,-,480',True
648779,Wilfried Singo,Türkiye Kupasi,3,-,-,-,-,128',True
648779,Wilfried Singo,TFF Süper Kupa,-,-,-,-,-,-,True
648779,Wilfried Singo,Ligue 1,-,-,-,-,-,-,True
648779,Wilfried Singo,TOTAL,29,2,3,3,-,"1,557'",True
651269,Armin Gigovic,Super League,31,1,5,3,1,"2,117'",True
651269,Armin Gigovic,Europa League,6,1,-,-,-,329',True
651269,Armin Gigovic,Europa League Qualifying,2,2,-,-,-,168',True
651269,Armin Gigovic,Swiss Cup,2,-,-,-,-,122',True
651269,Armin Gigovic,2. Bundesliga,1,1,-,-,-,87',True
651269,Armin Gigovic,TOTAL,42,5,5,3,1,"2,823'",True
652060,Denis Visinsky,Chance Liga,23,6,2,6,-,"1,369'",True
652060,Denis Visinsky,Europa League,10,1,-,1,-,458',True
652060,Denis Visinsky,Chance Liga Champion Gr.,4,2,1,-,-,299',True
652060,Denis Visinsky,MOL Cup,2,-,-,-,-,156',True
652060,Denis Visinsky,Champions League Qu.,2,-,-,-,-,34',True
652060,Denis Visinsky,TOTAL,41,9,3,7,-,"2,316'",True
654982,Bilal El Khannouss,Bundesliga,25,4,5,6,-,"1,635'",True
654982,Bilal El Khannouss,Europa League,11,5,-,4,-,641',True
654982,Bilal El Khannouss,DFB-Pokal,5,-,2,1,-,302',True
654982,Bilal El Khannouss,Championship,2,-,2,-,-,135',True
654982,Bilal El Khannouss,EFL Cup,1,-,-,-,-,7',True
654982,Bilal El Khannouss,TOTAL,44,9,9,11,-,"2,720'",True
655006,Diego Moreira,Ligue 1,27,4,7,4,-,"2,045'",True
655006,Diego Moreira,Conference League,10,-,1,4,-,514',True
655006,Diego Moreira,Coupe de France,4,1,-,1,-,285',True
655006,Diego Moreira,UECL Qualifying,1,-,1,1,-,88',True
655006,Diego Moreira,TOTAL,42,5,9,10,-,"2,932'",True
655488,Gabriel Martinelli,Premier League,30,1,4,3,-,"1,073'",True
655488,Gabriel Martinelli,UEFA Champions League,14,6,2,1,-,698',True
655488,Gabriel Martinelli,EFL Cup,5,-,-,-,-,261',True
655488,Gabriel Martinelli,FA Cup,4,4,1,1,-,352',True
655488,Gabriel Martinelli,TOTAL,53,11,7,5,-,"2,384'",True
657430,Samú Costa,LaLiga,34,7,2,11,-,"2,707'",True
657430,Samú Costa,Copa del Rey,2,-,-,-,-,103',True
657430,Samú Costa,TOTAL,36,7,2,11,-,"2,810'",True
658052,Mohammad Abualnadi,Super League,18,-,2,1,-,"1,169'",True
658052,Mohammad Abualnadi,ASEAN Club Championship,7,-,-,-,-,618',True
658052,Mohammad Abualnadi,AFC Champions League Two,6,-,-,1,-,464',True
658052,Mohammad Abualnadi,Piala Malaysia,5,-,1,1,-,274',True
658052,Mohammad Abualnadi,Malaysia FA Cup,2,-,-,-,-,95',True
658052,Mohammad Abualnadi,TOTAL,38,-,3,3,-,"2,620'",True
658536,Simon Adingra,Ligue 1,14,3,2,-,-,862',True
658536,Simon Adingra,Premier League,14,1,1,2,-,658',True
658536,Simon Adingra,UEFA Champions League,2,-,-,-,-,86',True
658536,Simon Adingra,Coupe de France,1,-,-,-,-,45',True
658536,Simon Adingra,FA Cup,1,-,-,-,-,71',True
658536,Simon Adingra,EFL Cup,-,-,-,-,-,-,True
658536,Simon Adingra,TOTAL,32,4,3,2,-,"1,722'",True
658805,Abdallah Al-Fakhouri,Jordanian Pro League,20,18,7,4,-,"1,728'",True
658805,Abdallah Al-Fakhouri,AFC Champions League Two,5,9,-,-,-,389',True
658805,Abdallah Al-Fakhouri,TOTAL,25,27,7,4,-,"2,117'",True
658807,Saleem Obaid,Jordanian Pro League,22,2,1,4,-,"1,771'",True
658807,Saleem Obaid,AFC Champions League Two,6,-,-,-,-,501',True
658807,Saleem Obaid,TOTAL,28,2,1,4,-,"2,272'",True
659459,Carney Chukwuemeka,Bundesliga,28,2,-,2,-,907',True
659459,Carney Chukwuemeka,UEFA Champions League,8,1,2,-,-,221',True
659459,Carney Chukwuemeka,DFB-Pokal,2,-,-,-,-,96',True
659459,Carney Chukwuemeka,Premier League,-,-,-,-,-,-,True
659459,Carney Chukwuemeka,TOTAL,38,3,2,2,-,"1,224'",True
659542,Elye Wahi,Ligue 1,14,5,1,5,-,929',True
659542,Elye Wahi,Bundesliga,10,-,1,1,-,320',True
659542,Elye Wahi,Coupe de France,4,2,1,-,-,313',True
659542,Elye Wahi,UEFA Champions League,3,-,1,-,-,52',True
659542,Elye Wahi,L1/L2 Playoffs,1,2,-,1,-,90',True
659542,Elye Wahi,DFB-Pokal,1,1,1,-,-,28',True
659542,Elye Wahi,Europa League,-,-,-,-,-,-,True
659542,Elye Wahi,TOTAL,33,10,5,7,-,"1,732'",True
659806,Pedro Vite,Liga MX Clausura,17,1,-,2,-,"1,405'",True
659806,Pedro Vite,Liga MX Apertura,14,1,-,1,-,907',True
659806,Pedro Vite,Liguilla Clausura,6,-,1,1,-,540',True
659806,Pedro Vite,CONCACAF Champions Cup,2,1,-,-,-,173',True
659806,Pedro Vite,Liguilla Apertura,1,1,-,-,-,45',True
659806,Pedro Vite,TOTAL,40,4,1,4,-,"3,070'",True
659813,Piero Hincapié,Premier League,25,1,2,2,-,"1,792'",True
659813,Piero Hincapié,UEFA Champions League,10,-,-,-,-,694',True
659813,Piero Hincapié,EFL Cup,3,-,-,1,-,225',True
659813,Piero Hincapié,FA Cup,1,-,-,-,-,52',True
659813,Piero Hincapié,Bundesliga,1,-,-,-,-,90',True
659813,Piero Hincapié,DFB-Pokal,1,-,-,-,-,65',True
659813,Piero Hincapié,TOTAL,41,1,2,3,-,"2,918'",True
660867,Julio Enciso,Ligue 1,27,3,6,2,-,"1,893'",True
660867,Julio Enciso,Conference League,10,3,3,-,-,690',True
660867,Julio Enciso,Coupe de France,5,6,-,-,-,384',True
660867,Julio Enciso,Premier League,-,-,-,-,-,-,True
660867,Julio Enciso,EFL Cup,-,-,-,-,-,-,True
660867,Julio Enciso,TOTAL,42,12,9,2,-,"2,967'",True
661171,Willian Pacho,Ligue 1,23,-,-,-,-,"1,915'",True
661171,Willian Pacho,UEFA Champions League,17,2,1,-,-,"1,560'",True
661171,Willian Pacho,Coupe de France,1,-,-,-,-,64',True
661171,Willian Pacho,Trophée des Champions,1,-,-,-,-,90',True
661171,Willian Pacho,FIFA Intercontinental Cup,1,-,-,1,-,120',True
661171,Willian Pacho,UEFA Super Cup,1,-,-,1,-,90',True
661171,Willian Pacho,TOTAL,44,2,1,2,-,"3,839'",True
661207,Oscar Bobb,Premier League,23,-,1,1,-,"1,037'",True
661207,Oscar Bobb,UEFA Champions League,3,-,-,-,-,73',True
661207,Oscar Bobb,EFL Cup,3,-,-,-,-,199',True
661207,Oscar Bobb,FA Cup,2,-,-,-,-,176',True
661207,Oscar Bobb,TOTAL,31,-,1,1,-,"1,485'",True
661269,Matías Galarza,MLS,10,-,-,2,-,667',True
661269,Matías Galarza,US Open Cup,3,-,-,-,-,180',True
661269,Matías Galarza,Torneo Apertura,-,-,-,-,-,-,True
661269,Matías Galarza,Copa Argentina,-,-,-,-,-,-,True
661269,Matías Galarza,TOTAL,13,-,-,2,-,847',True
661427,David Møller Wolfe,Premier League,22,-,2,1,-,"1,048'",True
661427,David Møller Wolfe,FA Cup,3,-,1,-,-,182',True
661427,David Møller Wolfe,EFL Cup,1,2,-,-,-,90',True
661427,David Møller Wolfe,UECL Qualifying,-,-,-,-,-,-,True
661427,David Møller Wolfe,TOTAL,26,2,3,1,-,"1,320'",True
661455,Oufa Shobeir,CAF-Champions League,9,6,4,1,-,731',True
661455,Oufa Shobeir,Championship Playoff,6,5,3,2,-,540',True
661455,Oufa Shobeir,Premier League,5,6,1,-,-,450',True
661455,Oufa Shobeir,Egyptian League Cup,-,-,-,-,-,-,True
661455,Oufa Shobeir,Egypt Cup,-,-,-,-,-,-,True
661455,Oufa Shobeir,Egyptian Super Cup,-,-,-,-,-,-,True
661455,Oufa Shobeir,TOTAL,20,17,8,3,-,"1,721'",True
662119,Kelvin Pires,Veikkausliiga,7,1,-,4,-,630',True
662119,Kelvin Pires,Liigacup,5,-,-,3,-,330',True
662119,Kelvin Pires,Suomen Cup,-,-,-,-,-,-,True
662119,Kelvin Pires,UECL Qualifying,-,-,-,-,-,-,True
662119,Kelvin Pires,TOTAL,12,1,-,7,-,960',True
663153,Marko Farji,Serie B,2,-,-,-,-,21',True
663153,Marko Farji,NM-Cup,1,-,-,-,-,74',True
663153,Marko Farji,TOTAL,3,-,-,-,-,95',True
663961,Tyrick Bodak,Eredivisie,-,-,-,-,-,-,True
663961,Tyrick Bodak,KNVB Beker,-,-,-,-,-,-,True
663961,Tyrick Bodak,TOTAL,-,-,-,-,-,-,True
664057,Ali Olwan,Iraq Stars League,11,5,1,1,-,905',True
664057,Ali Olwan,Stars League,2,-,-,-,-,126',True
664057,Ali Olwan,Amir Cup,-,-,-,-,-,-,True
664057,Ali Olwan,QSL Cup,-,-,-,-,-,-,True
664057,Ali Olwan,Iraq FA Cup,-,-,-,-,-,-,True
664057,Ali Olwan,TOTAL,13,5,1,1,-,"1,031'",True
668167,Samir Chergui,Ligue 1,15,1,-,1,-,"1,155'",True
668167,Samir Chergui,Coupe de France,-,-,-,-,-,-,True
668167,Samir Chergui,TOTAL,15,1,-,1,-,"1,155'",True
668207,Petar Sučić,Serie A,34,2,2,5,-,"1,764'",True
668207,Petar Sučić,UEFA Champions League,10,1,-,-,-,480',True
668207,Petar Sučić,Italy Cup,5,1,2,1,-,301',True
668207,Petar Sučić,Supercoppa Italiana,1,-,-,-,-,4',True
668207,Petar Sučić,TOTAL,50,4,4,6,-,"2,549'",True
668606,Yuito Suzuki,Bundesliga,25,4,3,3,-,"1,637'",True
668606,Yuito Suzuki,Europa League,11,4,3,1,-,892',True
668606,Yuito Suzuki,DFB-Pokal,5,1,1,-,-,422',True
668606,Yuito Suzuki,TOTAL,41,9,7,4,-,"2,951'",True
669629,Mahmoud Abunada,Stars League,20,27,5,2,-,"1,800'",True
669629,Mahmoud Abunada,Amir Cup,2,3,1,-,-,180',True
669629,Mahmoud Abunada,QSL Cup,1,-,1,-,-,90',True
669629,Mahmoud Abunada,TOTAL,23,30,7,2,-,"2,070'",True
670103,Andreas Schjelderup,Liga Portugal,28,7,6,2,-,"1,733'",True
670103,Andreas Schjelderup,UEFA Champions League,7,2,-,-,-,422',True
670103,Andreas Schjelderup,Taça de Portugal,4,-,-,-,-,188',True
670103,Andreas Schjelderup,Champions League Qu.,3,1,1,1,-,143',True
670103,Andreas Schjelderup,Allianz Cup,1,-,-,-,-,64',True
670103,Andreas Schjelderup,Portuguese Supercup,-,-,-,-,-,-,True
670103,Andreas Schjelderup,TOTAL,43,10,7,3,-,"2,550'",True
670659,Ahmed Al-Ganehi,Stars League,11,2,3,4,-,902',True
670659,Ahmed Al-Ganehi,Amir Cup,3,1,1,1,-,262',True
670659,Ahmed Al-Ganehi,AFC Champions League,3,-,-,-,-,195',True
670659,Ahmed Al-Ganehi,QSL Cup,-,-,-,-,-,-,True
670659,Ahmed Al-Ganehi,TOTAL,17,3,4,5,-,"1,359'",True
670681,João Neves,Ligue 1,21,5,1,-,-,"1,286'",True
670681,João Neves,UEFA Champions League,14,2,3,1,-,"1,144'",True
670681,João Neves,Coupe de France,1,-,-,-,-,61',True
670681,João Neves,Trophée des Champions,1,-,-,-,-,90',True
670681,João Neves,FIFA Intercontinental Cup,1,-,-,-,-,120',True
670681,João Neves,UEFA Super Cup,-,-,-,-,-,-,True
670681,João Neves,TOTAL,38,7,4,1,-,"2,701'",True
672391,Ali Majrashi,Saudi Pro League,27,1,4,5,1,"2,171'",True
672391,Ali Majrashi,AFC Champions League,9,-,1,1,-,621',True
672391,Ali Majrashi,King's Cup,4,-,-,1,-,280',True
672391,Ali Majrashi,Saudi Super Cup,2,-,-,-,-,114',True
672391,Ali Majrashi,FIFA Intercontinental Cup,1,-,-,-,-,22',True
672391,Ali Majrashi,TOTAL,43,1,5,7,1,"3,208'",True
673381,Oswin Appollis,Betway Premiership,30,9,6,-,-,"2,170'",True
673381,Oswin Appollis,MTN8,4,1,2,-,-,233',True
673381,Oswin Appollis,Carling Knockout,4,-,1,-,-,348',True
673381,Oswin Appollis,CAF-Champions League,3,2,-,-,-,270',True
673381,Oswin Appollis,Nedbank Cup,2,-,-,-,-,119',True
673381,Oswin Appollis,TOTAL,43,12,9,-,-,"3,140'",True
675178,Isidro Pitta,Série A,17,5,2,2,-,"1,144'",True
675178,Isidro Pitta,Copa Sudamericana,6,3,1,1,-,319',True
675178,Isidro Pitta,Campeonato Paulista,3,1,1,1,-,185',True
675178,Isidro Pitta,Copa do Brasil,2,-,1,-,-,180',True
675178,Isidro Pitta,TOTAL,28,9,5,4,-,"1,828'",True
676411,Dailon Livramento,Liga Portugal,24,-,1,2,-,940',True
676411,Dailon Livramento,Liga Portugal - Play-Off,2,-,-,-,-,98',True
676411,Dailon Livramento,Taça de Portugal,2,-,-,-,-,109',True
676411,Dailon Livramento,Italy Cup,1,-,-,-,-,27',True
676411,Dailon Livramento,Serie A,-,-,-,-,-,-,True
676411,Dailon Livramento,TOTAL,29,-,1,2,-,"1,174'",True
677278,Ibrahim Adel,Superliga Championship round,10,3,1,2,-,603',True
677278,Ibrahim Adel,UAE Pro League,8,-,-,1,-,578',True
677278,Ibrahim Adel,UAE League Cup,3,-,-,-,-,253',True
677278,Ibrahim Adel,Future Cup,1,-,-,-,-,45',True
677278,Ibrahim Adel,Superliga,1,-,-,-,-,27',True
677278,Ibrahim Adel,UAE President's Cup,-,-,-,-,-,-,True
677278,Ibrahim Adel,TOTAL,23,3,1,3,-,"1,506'",True
677509,Jesse Randall,A-League Men,26,9,6,2,-,"2,123'",True
677509,Jesse Randall,A-League Fin.,4,-,2,-,-,354',True
677509,Jesse Randall,OFC Pro League,-,-,-,-,-,-,True
677509,Jesse Randall,TOTAL,30,9,8,2,-,"2,477'",True
677986,Mohammad Abu Zrayq,Botola Pro Inwi,11,2,2,1,-,616',True
677986,Mohammad Abu Zrayq,Jordanian Pro League,10,4,1,2,-,828',True
677986,Mohammad Abu Zrayq,Coupe du Trône Marocaine,-,-,-,-,-,-,True
677986,Mohammad Abu Zrayq,TOTAL,21,6,3,3,-,"1,444'",True
678439,Mauricio,Série A,15,1,1,1,-,943',True
678439,Mauricio,Campeonato Paulista,9,2,1,2,-,710',True
678439,Mauricio,Libertadores,4,-,-,-,-,107',True
678439,Mauricio,Copa do Brasil,2,1,-,-,-,137',True
678439,Mauricio,TOTAL,30,4,2,3,-,"1,897'",True
679423,Tarik Muharemović,Serie A,32,2,2,7,-,"2,835'",True
679423,Tarik Muharemović,Italy Cup,1,-,-,-,-,90',True
679423,Tarik Muharemović,TOTAL,33,2,2,7,-,"2,925'",True
679709,Steve Kapuadi,Ekstraklasa,27,1,-,3,-,"2,309'",True
679709,Steve Kapuadi,Europa League Qualifying,6,-,-,-,-,540',True
679709,Steve Kapuadi,Conference League,4,-,-,-,-,360',True
679709,Steve Kapuadi,STS Polish Cup,2,-,-,1,-,240',True
679709,Steve Kapuadi,UECL Qualifying,2,-,-,-,-,210',True
679709,Steve Kapuadi,Superpuchar,1,-,-,-,-,90',True
679709,Steve Kapuadi,TOTAL,42,1,-,4,-,"3,749'",True
680218,Matthieu Epolo,Jupiler Pro League,21,27,6,1,-,"1,890'",True
680218,Matthieu Epolo,JPL Europe Play-Offs,8,8,2,-,-,720',True
680218,Matthieu Epolo,Croky Cup,2,4,-,-,-,180',True
680218,Matthieu Epolo,TOTAL,31,39,8,1,-,"2,790'",True
68290,Neymar,Série A,8,4,2,5,-,686',True
68290,Neymar,Copa Sudamericana,3,2,-,1,-,270',True
68290,Neymar,Copa do Brasil,2,-,1,1,-,174',True
68290,Neymar,Campeonato Paulista,2,-,1,-,-,135',True
68290,Neymar,TOTAL,15,6,4,7,-,"1,265'",True
683271,Tomoki Hayakawa,J1 Special Season,17,9,10,-,-,"1,530'",True
683271,Tomoki Hayakawa,TOTAL,17,9,10,-,-,"1,530'",True
683895,Emmanuel Agbadou,Premier League,14,-,-,1,-,"1,101'",True
683895,Emmanuel Agbadou,Süper Lig,13,1,1,4,-,"1,090'",True
683895,Emmanuel Agbadou,EFL Cup,3,-,2,1,-,183',True
683895,Emmanuel Agbadou,Türkiye Kupasi,3,-,1,2,-,270',True
683895,Emmanuel Agbadou,FA Cup,-,-,-,-,-,-,True
683895,Emmanuel Agbadou,TOTAL,33,1,4,8,-,"2,644'",True
684159,Kevin Rodríguez,Jupiler Pro League,21,8,1,1,-,"1,164'",True
684159,Kevin Rodríguez,Jupiler Pro League Champions' Play-Offs,10,2,1,1,-,662',True
684159,Kevin Rodríguez,UEFA Champions League,6,-,1,-,-,378',True
684159,Kevin Rodríguez,Croky Cup,4,4,1,-,-,241',True
684159,Kevin Rodríguez,Volkswagen Supercup,1,-,1,-,-,77',True
684159,Kevin Rodríguez,TOTAL,42,14,5,2,-,"2,522'",True
684307,Youssef Amyn,Cyprus League,14,2,2,2,-,670',True
684307,Youssef Amyn,Europa League Qualifying,2,-,-,-,-,25',True
684307,Youssef Amyn,Kypello Kyprou,1,-,-,-,-,15',True
684307,Youssef Amyn,Conference League,-,-,-,-,-,-,True
684307,Youssef Amyn,Cypriot Super Cup,-,-,-,-,-,-,True
684307,Youssef Amyn,TOTAL,17,2,2,2,-,710',True
68626,Abdullah Al-Hamdan,Saudi Pro League,25,3,2,-,-,316',True
68626,Abdullah Al-Hamdan,AFC Champions League Two,5,2,1,-,-,225',True
68626,Abdullah Al-Hamdan,AFC Champions League,3,-,-,-,-,250',True
68626,Abdullah Al-Hamdan,King's Cup,2,1,-,1,-,144',True
68626,Abdullah Al-Hamdan,TOTAL,35,6,3,1,-,935',True
686845,Zidane Iqbal,Keuken Kampioen Divisie,11,-,1,2,-,506',True
686845,Zidane Iqbal,Eredivisie,5,-,-,1,-,255',True
686845,Zidane Iqbal,Europa League,2,-,-,-,-,103',True
686845,Zidane Iqbal,Play-Offs Conference League,-,-,-,-,-,-,True
686845,Zidane Iqbal,KNVB Beker,-,-,-,-,-,-,True
686845,Zidane Iqbal,Europa League Qualifying,-,-,-,-,-,-,True
686845,Zidane Iqbal,TOTAL,18,-,1,3,-,864',True
687558,Israel Reyes,Liga MX Apertura,16,-,1,-,-,"1,311'",True
687558,Israel Reyes,Liga MX Clausura,15,-,1,2,-,"1,350'",True
687558,Israel Reyes,CONCACAF Champions Cup,5,-,-,-,-,450',True
687558,Israel Reyes,Liguilla Apertura,2,-,-,1,-,180',True
687558,Israel Reyes,Liguilla Clausura,-,-,-,-,-,-,True
687558,Israel Reyes,TOTAL,38,-,2,3,-,"3,291'",True
687626,Moisés Caicedo,Premier League,33,3,1,11,-,"2,802'",True
687626,Moisés Caicedo,UEFA Champions League,10,2,-,1,-,851',True
687626,Moisés Caicedo,FA Cup,4,-,-,2,-,331',True
687626,Moisés Caicedo,EFL Cup,3,-,-,2,-,185',True
687626,Moisés Caicedo,TOTAL,50,5,1,16,-,"4,169'",True
689637,Chadi Riad,Premier League,9,-,1,2,-,554',True
689637,Chadi Riad,Conference League,3,-,-,2,-,226',True
689637,Chadi Riad,Premier League 2,2,1,-,-,-,117',True
689637,Chadi Riad,FA Cup,-,-,-,-,-,-,True
689637,Chadi Riad,EFL Cup,-,-,-,-,-,-,True
689637,Chadi Riad,UECL Qualifying,-,-,-,-,-,-,True
689637,Chadi Riad,Community Shield,-,-,-,-,-,-,True
689637,Chadi Riad,TOTAL,14,1,1,4,-,897',True
691326,Kai Trewin,MLS,15,-,-,3,-,"1,256'",True
691326,Kai Trewin,A-League Men,13,-,-,-,-,"1,104'",True
691326,Kai Trewin,AFC Champions League,6,-,-,-,-,540',True
691326,Kai Trewin,US Open Cup,3,1,-,1,-,267',True
691326,Kai Trewin,TOTAL,37,1,-,4,-,"3,167'",True
691892,Nathaniel Brown,Bundesliga,33,4,4,3,-,"2,658'",True
691892,Nathaniel Brown,UEFA Champions League,8,-,2,1,-,683',True
691892,Nathaniel Brown,DFB-Pokal,1,-,-,-,-,120',True
691892,Nathaniel Brown,TOTAL,42,4,6,4,-,"3,461'",True
69400,Weverton,Série A,17,20,5,1,-,"1,530'",True
69400,Weverton,Campeonato Gaúcho,7,7,3,1,-,630',True
69400,Weverton,Copa Sudamericana,6,3,4,-,-,540',True
69400,Weverton,Copa do Brasil,2,-,2,-,-,180',True
69400,Weverton,Campeonato Paulista,-,-,-,-,-,-,True
69400,Weverton,TOTAL,32,30,14,2,-,"2,880'",True
697155,Saleh Hardani,Persian Gulf League,18,-,2,7,-,"1,506'",True
697155,Saleh Hardani,AFC Champions League Two,6,-,1,-,-,538',True
697155,Saleh Hardani,Hazfi Cup,1,-,-,-,-,90',True
697155,Saleh Hardani,Iran Super Cup,-,-,-,-,-,-,True
697155,Saleh Hardani,TOTAL,25,-,3,7,-,"2,134'",True
698415,José Córdoba,Championship,28,1,1,5,-,"2,251'",True
698415,José Córdoba,FA Cup,2,-,-,1,-,180',True
698415,José Córdoba,EFL Cup,-,-,-,-,-,-,True
698415,José Córdoba,TOTAL,30,1,1,6,-,"2,431'",True
700565,Brian Cipenga,LaLiga2,30,6,9,1,-,"2,250'",True
700565,Brian Cipenga,Promoción a LaLiga,-,-,-,-,-,-,True
700565,Brian Cipenga,Copa del Rey,-,-,-,-,-,-,True
700565,Brian Cipenga,TOTAL,30,6,9,1,-,"2,250'",True
702869,Ismael Saibari,Eredivisie,27,15,8,2,-,"2,146'",True
702869,Ismael Saibari,UEFA Champions League,7,3,-,3,-,606',True
702869,Ismael Saibari,KNVB Beker,2,1,1,-,-,135',True
702869,Ismael Saibari,Johan Cruijff Schaal,1,-,-,-,-,90',True
702869,Ismael Saibari,TOTAL,37,19,9,5,-,"2,977'",True
708005,Tyrese Noslin,Eredivisie,34,2,3,5,-,"2,307'",True
708005,Tyrese Noslin,KNVB Beker,5,1,1,-,-,325',True
708005,Tyrese Noslin,TOTAL,39,3,4,5,-,"2,632'",True
708265,Bradley Barcola,Ligue 1,29,11,2,2,-,"1,750'",True
708265,Bradley Barcola,UEFA Champions League,16,2,4,-,-,990',True
708265,Bradley Barcola,Trophée des Champions,1,-,1,-,-,18',True
708265,Bradley Barcola,Coupe de France,1,-,-,-,-,90',True
708265,Bradley Barcola,FIFA Intercontinental Cup,1,-,-,-,-,56',True
708265,Bradley Barcola,UEFA Super Cup,1,-,-,1,-,67',True
708265,Bradley Barcola,TOTAL,49,13,7,3,-,"2,971'",True
708989,Deveron Fonville,Eredivisie,29,-,2,3,-,"1,458'",True
708989,Deveron Fonville,KNVB Beker,5,-,1,1,-,252',True
708989,Deveron Fonville,Keuken Kampioen Divisie,4,-,1,1,-,360',True
708989,Deveron Fonville,TOTAL,38,-,4,5,-,"2,070'",True
709974,Ibrahim Saadeh,Iraq Stars League,33,-,5,4,-,"1,993'",True
709974,Ibrahim Saadeh,Iraq FA Cup,1,-,-,-,-,62',True
709974,Ibrahim Saadeh,TOTAL,34,-,5,4,-,"2,055'",True
710969,Samed Bazdar,Ekstraklasa,15,3,-,-,-,397',True
710969,Samed Bazdar,LaLiga2,8,1,-,-,-,222',True
710969,Samed Bazdar,Conference League,2,-,-,1,-,143',True
710969,Samed Bazdar,Betclic 3 Liga - Group I,1,2,1,-,-,68',True
710969,Samed Bazdar,Copa del Rey,1,-,1,1,-,45',True
710969,Samed Bazdar,TOTAL,27,6,2,2,-,875',True
711980,Guéla Doué,Ligue 1,24,2,6,3,-,"2,064'",True
711980,Guéla Doué,Conference League,8,-,1,4,-,576',True
711980,Guéla Doué,Coupe de France,2,-,-,-,-,180',True
711980,Guéla Doué,UECL Qualifying,-,-,-,-,-,-,True
711980,Guéla Doué,TOTAL,34,2,7,7,-,"2,820'",True
718244,Carl Sainté,USLC,5,-,-,1,-,185',True
718244,Carl Sainté,USL Cup,1,-,-,-,-,64',True
718244,Carl Sainté,US Open Cup,-,-,-,-,-,-,True
718244,Carl Sainté,TOTAL,6,-,-,1,-,249',True
719673,Ben Gannon-Doak,Premier League,8,-,1,-,-,105',True
719673,Ben Gannon-Doak,Premier League Cup,1,-,-,-,-,66',True
719673,Ben Gannon-Doak,EFL Cup,1,-,-,-,-,45',True
719673,Ben Gannon-Doak,FA Cup,-,-,-,-,-,-,True
719673,Ben Gannon-Doak,Community Shield,-,-,-,-,-,-,True
719673,Ben Gannon-Doak,TOTAL,10,-,1,-,-,216',True
724129,Matias Fernandez-Pardo,Ligue 1,29,8,5,5,-,"2,382'",True
724129,Matias Fernandez-Pardo,Europa League,11,-,2,1,-,629',True
724129,Matias Fernandez-Pardo,Coupe de France,1,-,-,-,-,90',True
724129,Matias Fernandez-Pardo,TOTAL,41,8,7,6,-,"3,101'",True
724443,Brian Gutiérrez,Liga MX Clausura,17,2,2,4,-,916',True
724443,Brian Gutiérrez,Liguilla Clausura,-,-,-,-,-,-,True
724443,Brian Gutiérrez,TOTAL,17,2,2,4,-,916',True
724809,Finn Surman,MLS,14,-,1,1,-,"1,215'",True
724809,Finn Surman,TOTAL,14,-,1,1,-,"1,215'",True
727089,Noah Sadiki,Premier League,33,-,1,9,-,"2,896'",True
727089,Noah Sadiki,FA Cup,2,-,-,2,-,146',True
727089,Noah Sadiki,EFL Cup,-,-,-,-,-,-,True
727089,Noah Sadiki,TOTAL,35,-,1,11,-,"3,042'",True
727157,Fiston Mayele,Premier League,18,3,1,1,-,"1,221'",True
727157,Fiston Mayele,CAF-Champions League,11,4,-,1,-,911',True
727157,Fiston Mayele,Championship Playoff,6,2,1,1,-,377',True
727157,Fiston Mayele,FIFA Intercontinental Cup,3,3,-,-,-,244',True
727157,Fiston Mayele,Egypt Cup,3,1,-,1,-,181',True
727157,Fiston Mayele,CAF-Supercup,1,1,-,-,-,90',True
727157,Fiston Mayele,Egyptian Super Cup,1,-,-,-,-,90',True
727157,Fiston Mayele,Egyptian League Cup,-,-,-,-,-,-,True
727157,Fiston Mayele,TOTAL,43,14,2,4,-,"3,114'",True
729390,Mahmoud Saber,Premier League,18,3,5,1,-,"1,201'",True
729390,Mahmoud Saber,Relegation Playoff,8,2,1,-,-,651',True
729390,Mahmoud Saber,Egypt Cup,4,1,1,1,-,308',True
729390,Mahmoud Saber,Egyptian League Cup,-,-,-,-,-,-,True
729390,Mahmoud Saber,TOTAL,30,6,7,2,-,"2,160'",True
73396,David Ospina,Liga DIMAYOR I,9,4,6,-,-,810',True
73396,David Ospina,Fase Final LBD I,3,2,1,-,-,270',True
73396,David Ospina,Copa Sudamericana,1,3,-,1,-,90',True
73396,David Ospina,TOTAL,13,9,7,1,-,"1,170'",True
734542,Marwan Ateya,Premier League,15,-,-,3,-,"1,198'",True
734542,Marwan Ateya,CAF-Champions League,10,-,-,-,-,771',True
734542,Marwan Ateya,Championship Playoff,6,-,-,-,-,530',True
734542,Marwan Ateya,Egyptian Super Cup,2,1,-,1,-,180',True
734542,Marwan Ateya,Egyptian League Cup,-,-,-,-,-,-,True
734542,Marwan Ateya,Egypt Cup,-,-,-,-,-,-,True
734542,Marwan Ateya,TOTAL,33,1,-,4,-,"2,679'",True
734676,Jonas Adjetey,Super League,15,-,-,2,-,"1,255'",True
734676,Jonas Adjetey,Europa League,6,-,-,1,-,533',True
734676,Jonas Adjetey,Bundesliga,4,-,-,1,-,137',True
734676,Jonas Adjetey,Swiss Cup,1,-,-,1,-,120',True
734676,Jonas Adjetey,Champions League Qu.,1,-,-,-,1,82',True
734676,Jonas Adjetey,Bundesliga Playoffs,-,-,-,-,-,-,True
734676,Jonas Adjetey,TOTAL,27,-,-,5,1,"2,127'",True
734751,Nizar Al-Rashdan,Stars League,11,-,2,3,-,966',True
734751,Nizar Al-Rashdan,Iraq Stars League,6,1,-,-,-,397',True
734751,Nizar Al-Rashdan,AFC Champions League Two,6,1,-,2,-,509',True
734751,Nizar Al-Rashdan,Amir Cup,1,-,-,-,-,90',True
734751,Nizar Al-Rashdan,QSL Cup,-,-,-,-,-,-,True
734751,Nizar Al-Rashdan,TOTAL,24,2,2,5,-,"1,962'",True
734799,Prince Adu,Chance Liga,25,7,1,7,-,"1,412'",True
734799,Prince Adu,Europa League,9,1,-,2,-,458',True
734799,Prince Adu,Chance Liga Champion Gr.,4,-,-,-,-,148',True
734799,Prince Adu,Champions League Qu.,3,-,-,-,-,171',True
734799,Prince Adu,MOL Cup,2,-,-,-,-,45',True
734799,Prince Adu,TOTAL,43,8,1,9,-,"2,234'",True
73517,Ørjan Nyland,LaLiga,5,8,1,1,-,450',True
73517,Ørjan Nyland,Copa del Rey,2,2,-,-,-,180',True
73517,Ørjan Nyland,TOTAL,7,10,1,1,-,630',True
735573,Richard Ríos,Liga Portugal,27,5,4,9,-,"2,284'",True
735573,Richard Ríos,UEFA Champions League,8,1,1,3,-,622',True
735573,Richard Ríos,Champions League Qu.,4,-,-,1,-,360',True
735573,Richard Ríos,Taça de Portugal,3,2,-,2,-,178',True
735573,Richard Ríos,Allianz Cup,2,-,1,1,-,103',True
735573,Richard Ríos,Portuguese Supercup,1,-,-,-,-,90',True
735573,Richard Ríos,TOTAL,45,8,6,16,-,"3,637'",True
735697,Thalente Mbatha,Betway Premiership,22,-,1,1,-,"1,606'",True
735697,Thalente Mbatha,MTN8,3,-,-,-,-,238',True
735697,Thalente Mbatha,Carling Knockout,2,-,-,-,-,173',True
735697,Thalente Mbatha,Nedbank Cup,1,1,-,-,-,90',True
735697,Thalente Mbatha,CAF-Champions League,1,-,-,-,-,90',True
735697,Thalente Mbatha,TOTAL,29,1,1,1,-,"2,197'",True
735813,Jassem Gaber,Stars League,15,-,-,3,-,700',True
735813,Jassem Gaber,QSL Cup,5,-,-,1,-,338',True
735813,Jassem Gaber,Amir Cup,2,-,-,1,-,152',True
735813,Jassem Gaber,TOTAL,22,-,-,5,-,"1,190'",True
735815,Ayman Yahya,Saudi Pro League,27,2,2,7,-,"1,249'",True
735815,Ayman Yahya,AFC Champions League Two,8,1,-,-,-,447',True
735815,Ayman Yahya,King's Cup,2,-,-,-,-,89',True
735815,Ayman Yahya,Saudi Super Cup,2,-,-,-,-,166',True
735815,Ayman Yahya,TOTAL,39,3,2,7,-,"1,951'",True
737524,Hossam Abdelmaguid,Premier League,19,3,-,3,-,"1,671'",True
737524,Hossam Abdelmaguid,CAF Confederation Cup,14,2,-,2,-,"1,215'",True
737524,Hossam Abdelmaguid,Championship Playoff,6,1,-,-,-,540',True
737524,Hossam Abdelmaguid,Egypt Cup,1,-,-,-,-,90',True
737524,Hossam Abdelmaguid,Egyptian Super Cup,1,-,-,-,-,45',True
737524,Hossam Abdelmaguid,Egyptian League Cup,-,-,-,-,-,-,True
737524,Hossam Abdelmaguid,TOTAL,41,6,-,5,-,"3,561'",True
737837,Sondre Langås,Championship,24,3,1,4,-,"1,970'",True
737837,Sondre Langås,Premier League 2,1,-,-,-,-,31',True
737837,Sondre Langås,FA Cup,1,-,-,-,-,90',True
737837,Sondre Langås,EFL Cup,-,-,-,-,-,-,True
737837,Sondre Langås,TOTAL,26,3,1,4,-,"2,091'",True
739443,Igor Thiago,Premier League,38,22,1,7,-,"3,287'",True
739443,Igor Thiago,FA Cup,1,2,-,-,-,120',True
739443,Igor Thiago,EFL Cup,1,1,-,1,-,30',True
739443,Igor Thiago,TOTAL,40,25,1,8,-,"3,437'",True
741098,César Yanis,Liga Primera,11,-,2,-,-,744',True
741098,César Yanis,Copa Sudamericana,1,-,1,-,-,90',True
741098,César Yanis,Copa de la Liga,1,-,-,-,-,90',True
741098,César Yanis,Copa Chile,-,-,-,-,-,-,True
741098,César Yanis,TOTAL,13,-,3,-,-,924',True
74113,Camilo Vargas,Liga MX Clausura,16,18,7,-,-,"1,440'",True
74113,Camilo Vargas,Liga MX Apertura,15,30,2,2,-,"1,350'",True
74113,Camilo Vargas,Liguilla Clausura,2,4,-,-,-,180',True
74113,Camilo Vargas,TOTAL,33,52,9,2,-,"2,970'",True
742201,Giuliano Simeone,LaLiga,31,4,6,2,-,"2,110'",True
742201,Giuliano Simeone,UEFA Champions League,15,2,1,2,-,"1,192'",True
742201,Giuliano Simeone,Copa del Rey,6,1,-,1,-,411',True
742201,Giuliano Simeone,Supercopa,1,-,1,-,-,90',True
742201,Giuliano Simeone,TOTAL,53,7,8,5,-,"3,803'",True
742770,Mohamed Touré,Superliga,17,4,4,4,-,"1,117'",True
742770,Mohamed Touré,Championship,11,9,3,2,-,595',True
742770,Mohamed Touré,Oddset Pokalen,2,-,1,-,-,141',True
742770,Mohamed Touré,FA Cup,1,1,-,-,-,29',True
742770,Mohamed Touré,TOTAL,31,14,8,6,-,"1,882'",True
74297,Gaël Kakuta,1.Lig,20,8,3,3,-,"1,611'",True
74297,Gaël Kakuta,Super League Play-out,7,1,1,-,-,201',True
74297,Gaël Kakuta,Super League 1,5,-,1,-,-,275',True
74297,Gaël Kakuta,Türkiye Kupasi,-,-,-,-,-,-,True
74297,Gaël Kakuta,TOTAL,32,9,5,3,-,"2,087'",True
743088,Henrik Falchener,Eliteserien,10,2,1,2,-,855',True
743088,Henrik Falchener,NM-Cup,3,-,-,-,-,204',True
743088,Henrik Falchener,UECL Qualifying,3,-,-,1,-,258',True
743088,Henrik Falchener,TOTAL,16,2,1,3,-,"1,317'",True
743384,Chemsdine Talbi,Premier League,28,4,2,-,-,"1,564'",True
743384,Chemsdine Talbi,FA Cup,2,-,-,-,-,149',True
743384,Chemsdine Talbi,EFL Cup,-,-,-,-,-,-,True
743384,Chemsdine Talbi,TOTAL,30,4,2,-,-,"1,713'",True
743413,Nico O'Reilly,Premier League,34,5,3,5,-,"2,649'",True
743413,Nico O'Reilly,UEFA Champions League,8,1,2,2,-,671',True
743413,Nico O'Reilly,FA Cup,6,1,1,-,-,360',True
743413,Nico O'Reilly,EFL Cup,5,2,-,1,-,364',True
743413,Nico O'Reilly,TOTAL,53,9,6,8,-,"4,044'",True
743515,Robin Risser,Ligue 1,33,35,11,2,-,"2,970'",True
743515,Robin Risser,Coupe de France,5,6,1,1,-,450',True
743515,Robin Risser,TOTAL,38,41,12,3,-,"3,420'",True
744040,Amer Jamous,Iraq Stars League,19,1,2,4,-,"1,416'",True
744040,Amer Jamous,Jordanian Pro League,9,2,1,-,-,749',True
744040,Amer Jamous,AFC Champions League Two,7,2,1,3,-,628',True
744040,Amer Jamous,TOTAL,35,5,4,7,-,"2,793'",True
745191,Ramón Sosa,Série A,15,2,1,2,-,685',True
745191,Ramón Sosa,Campeonato Paulista,10,1,4,2,-,473',True
745191,Ramón Sosa,Libertadores,4,2,-,-,-,267',True
745191,Ramón Sosa,Copa do Brasil,1,2,-,-,-,68',True
745191,Ramón Sosa,TOTAL,30,7,5,4,-,"1,493'",True
745200,Maghnes Akliouche,Ligue 1,31,6,7,3,-,"2,410'",True
745200,Maghnes Akliouche,UEFA Champions League,10,1,3,-,-,835',True
745200,Maghnes Akliouche,Coupe de France,2,-,1,-,-,180',True
745200,Maghnes Akliouche,TOTAL,43,7,11,3,-,"3,425'",True
746695,Kamaldeen Sulemana,Serie A,25,2,1,4,-,"1,002'",True
746695,Kamaldeen Sulemana,UEFA Champions League,9,-,-,-,-,288',True
746695,Kamaldeen Sulemana,Italy Cup,3,1,1,-,-,55',True
746695,Kamaldeen Sulemana,TOTAL,37,3,2,4,-,"1,345'",True
746891,Cristian Volpato,Serie A,24,2,4,4,-,"1,064'",True
746891,Cristian Volpato,Italy Cup,2,-,-,-,-,99',True
746891,Cristian Volpato,TOTAL,26,2,4,4,-,"1,163'",True
746910,Mohamed Amoura,Bundesliga,30,8,4,2,-,"1,928'",True
746910,Mohamed Amoura,Bundesliga Playoffs,2,-,-,-,-,40',True
746910,Mohamed Amoura,DFB-Pokal,1,-,-,1,-,90',True
746910,Mohamed Amoura,TOTAL,33,8,4,3,-,"2,058'",True
748443,Adil Boulbina,Stars League,19,5,5,5,-,"1,368'",True
748443,Adil Boulbina,AFC Champions League,8,6,1,-,-,716',True
748443,Adil Boulbina,Amir Cup,3,1,1,-,-,141',True
748443,Adil Boulbina,AFC CL Elite Qualif.,1,1,-,-,-,79',True
748443,Adil Boulbina,QSL Cup,1,-,-,-,-,90',True
748443,Adil Boulbina,TOTAL,32,13,7,5,-,"2,394'",True
748445,Yassine Titraoui,Jupiler Pro League,28,4,-,7,-,"2,367'",True
748445,Yassine Titraoui,JPL Europe Play-Offs,7,1,1,-,-,537',True
748445,Yassine Titraoui,Croky Cup,5,-,2,-,1,429',True
748445,Yassine Titraoui,UECL Qualifying,2,-,-,1,-,210',True
748445,Yassine Titraoui,TOTAL,42,5,3,8,1,"3,543'",True
750903,Jaouen Hadjam,Super League,20,2,4,4,-,"1,237'",True
750903,Jaouen Hadjam,Europa League,6,-,-,2,-,540',True
750903,Jaouen Hadjam,Swiss Cup,2,-,-,1,-,135',True
750903,Jaouen Hadjam,Europa League Qualifying,2,-,-,2,-,180',True
750903,Jaouen Hadjam,TOTAL,30,2,4,9,-,"2,092'",True
756494,Juan José Cáceres,Premier Liga,24,1,7,8,-,"2,064'",True
756494,Juan José Cáceres,Russian Cup,7,-,1,1,-,585',True
756494,Juan José Cáceres,TOTAL,31,1,8,9,-,"2,649'",True
763182,Josué Casimir,Ligue 1,31,1,-,4,1,"1,521'",True
763182,Josué Casimir,Coupe de France,-,-,-,-,-,-,True
763182,Josué Casimir,TOTAL,31,1,-,4,1,"1,521'",True
76715,Luis Mejía,Liga AUF Apertura,10,11,3,-,-,900',True
76715,Luis Mejía,Libertadores,5,8,2,1,-,405',True
76715,Luis Mejía,Liga AUF Intermedio,2,1,1,-,-,180',True
76715,Luis Mejía,Supercopa,1,-,-,-,-,120',True
76715,Luis Mejía,TOTAL,18,20,6,1,-,"1,605'",True
77127,Hernán Galíndez,Torneo Apertura,15,13,6,-,-,"1,350'",True
77127,Hernán Galíndez,Playoff Torneo Apertura,2,3,-,-,-,240',True
77127,Hernán Galíndez,Copa Argentina,-,-,-,-,-,-,True
77127,Hernán Galíndez,TOTAL,17,16,6,-,-,"1,590'",True
77547,Ehsan Hajsafi,Persian Gulf League,21,3,4,3,-,"1,827'",True
77547,Ehsan Hajsafi,AFC Champions League Two,6,-,2,-,-,502',True
77547,Ehsan Hajsafi,Hazfi Cup,2,-,-,-,-,180',True
77547,Ehsan Hajsafi,AFC CL Elite Qualif.,1,-,-,-,-,78',True
77547,Ehsan Hajsafi,TOTAL,30,3,6,3,-,"2,587'",True
776890,Nicolas Jackson,Bundesliga,23,8,2,2,-,"1,004'",True
776890,Nicolas Jackson,UEFA Champions League,10,3,2,-,-,313',True
776890,Nicolas Jackson,DFB-Pokal,1,-,-,-,-,3',True
776890,Nicolas Jackson,Premier League,-,-,-,-,-,-,True
776890,Nicolas Jackson,TOTAL,34,11,4,2,-,"1,320'",True
787907,Benjamin Tahirović,Superliga,20,1,1,3,-,"1,040'",True
787907,Benjamin Tahirović,UECL Qualifying,6,-,-,1,-,332',True
787907,Benjamin Tahirović,Superliga Championship round,5,-,-,2,-,160',True
787907,Benjamin Tahirović,Oddset Pokalen,1,-,-,-,-,76',True
787907,Benjamin Tahirović,Superliga Europa Playoff,-,-,-,-,-,-,True
787907,Benjamin Tahirović,TOTAL,32,1,1,6,-,"1,608'",True
791528,Telmo Arcanjo,Liga Portugal,29,1,-,-,1,"1,244'",True
791528,Telmo Arcanjo,Allianz Cup,3,-,-,-,-,144',True
791528,Telmo Arcanjo,Taça de Portugal,2,1,-,-,-,63',True
791528,Telmo Arcanjo,TOTAL,34,2,-,-,1,"1,451'",True
792380,Aleksandar Pavlovic,Bundesliga,24,3,1,2,-,"1,461'",True
792380,Aleksandar Pavlovic,UEFA Champions League,14,1,1,-,-,"1,176'",True
792380,Aleksandar Pavlovic,DFB-Pokal,6,-,-,3,-,449',True
792380,Aleksandar Pavlovic,DFL-Supercup,-,-,-,-,-,-,True
792380,Aleksandar Pavlovic,TOTAL,44,4,2,5,-,"3,086'",True
79294,Eloy Room,USLC,9,14,4,3,-,810',True
79294,Eloy Room,USL Cup,2,5,-,-,-,180',True
79294,Eloy Room,TOTAL,11,19,4,3,-,990',True
79522,Yuto Nagatomo,J1 Special Season,8,-,-,1,-,501',True
79522,Yuto Nagatomo,TOTAL,8,-,-,1,-,501',True
798404,Alidu Seidu,Ligue 1,21,-,1,1,-,"1,185'",True
798404,Alidu Seidu,Coupe de France,3,-,-,1,-,222',True
798404,Alidu Seidu,National 2 - Grp. C,2,-,-,1,-,142',True
798404,Alidu Seidu,TOTAL,26,-,1,3,-,"1,549'",True
79960,Alex Sandro,Série A,13,-,-,3,-,"1,068'",True
79960,Alex Sandro,Campeonato Carioca,4,-,1,-,-,280',True
79960,Alex Sandro,FIFA Intercontinental Cup,3,-,-,2,-,270',True
79960,Alex Sandro,Copa do Brasil,2,-,-,-,-,90',True
79960,Alex Sandro,Libertadores,1,-,-,-,-,90',True
79960,Alex Sandro,Recopa Sudamericana,1,-,-,-,-,90',True
79960,Alex Sandro,Supercopa Rei,1,-,-,-,-,81',True
79960,Alex Sandro,TOTAL,25,-,1,5,-,"1,969'",True
799993,Ayoube Amaimouni-Echghouyab,3. Liga,18,9,6,2,-,"1,555'",True
799993,Ayoube Amaimouni-Echghouyab,Bundesliga,17,2,3,1,-,580',True
799993,Ayoube Amaimouni-Echghouyab,UEFA Champions League,-,-,-,-,-,-,True
799993,Ayoube Amaimouni-Echghouyab,TOTAL,35,11,9,3,-,"2,135'",True
800175,Luiz Henrique,Premier Liga,28,6,4,2,-,"2,038'",True
800175,Luiz Henrique,Russian Cup,6,-,-,1,-,408',True
800175,Luiz Henrique,TOTAL,34,6,4,3,-,"2,446'",True
802855,Raúl Rangel,Liga MX Apertura,17,22,4,1,-,"1,530'",True
802855,Raúl Rangel,Liga MX Clausura,15,17,6,2,-,"1,350'",True
802855,Raúl Rangel,Liguilla Apertura,2,3,1,-,-,180',True
802855,Raúl Rangel,Liguilla Clausura,-,-,-,-,-,-,True
802855,Raúl Rangel,TOTAL,34,42,11,3,-,"3,060'",True
80293,Aïssa Mandi,Ligue 1,29,1,-,8,-,"2,427'",True
80293,Aïssa Mandi,Europa League,11,-,-,2,-,851',True
80293,Aïssa Mandi,Coupe de France,-,-,-,-,-,-,True
80293,Aïssa Mandi,TOTAL,40,1,-,10,-,"3,278'",True
803049,Ermin Mahmic,Chance Liga,25,6,3,4,-,"1,310'",True
803049,Ermin Mahmic,Chance Liga Champion Gr.,3,1,-,2,-,242',True
803049,Ermin Mahmic,MOL Cup,2,1,1,-,-,164',True
803049,Ermin Mahmic,CFL,1,-,1,-,-,73',True
803049,Ermin Mahmic,TOTAL,31,8,5,6,-,"1,789'",True
804472,Jayden Adams,Betway Premiership,23,1,-,3,1,"1,420'",True
804472,Jayden Adams,CAF-Champions League,10,1,-,2,-,704',True
804472,Jayden Adams,MTN8,3,-,-,-,-,167',True
804472,Jayden Adams,Nedbank Cup,1,-,1,-,-,90',True
804472,Jayden Adams,Carling Knockout,-,-,-,-,-,-,True
804472,Jayden Adams,TOTAL,37,2,1,5,1,"2,381'",True
80486,Stopira,Liga Portugal 2,31,2,-,1,-,"2,715'",True
80486,Stopira,Taça de Portugal,8,2,-,4,-,631',True
80486,Stopira,Liga Portugal - Play-Off,2,-,-,-,-,180',True
80486,Stopira,TOTAL,41,4,-,5,-,"3,526'",True
804885,Martin Expérience,Ligue 2,20,1,1,4,-,"1,272'",True
804885,Martin Expérience,Coupe de France,3,-,-,-,-,233',True
804885,Martin Expérience,TOTAL,23,1,1,4,-,"1,505'",True
805534,Arjan Malic,Bundesliga,18,1,-,2,-,"1,041'",True
805534,Arjan Malic,Europa League,5,-,-,3,-,370',True
805534,Arjan Malic,ÖFB-Cup,3,-,-,1,-,119',True
805534,Arjan Malic,Champions League Qu.,2,-,-,1,-,95',True
805534,Arjan Malic,TOTAL,28,1,-,7,-,"1,625'",True
805714,Renato Veiga,LaLiga,32,-,-,5,-,"2,478'",True
805714,Renato Veiga,UEFA Champions League,8,1,-,2,-,720',True
805714,Renato Veiga,Copa del Rey,2,-,-,-,-,154',True
805714,Renato Veiga,Premier League,-,-,-,-,-,-,True
805714,Renato Veiga,TOTAL,42,1,-,7,-,"3,352'",True
808509,Danilo,Série A,12,7,2,1,-,"1,071'",True
808509,Danilo,Campeonato Carioca,4,-,-,-,-,256',True
808509,Danilo,Copa Sudamericana,3,2,-,-,-,213',True
808509,Danilo,Libertadores,3,1,1,-,-,270',True
808509,Danilo,Copa do Brasil,2,-,-,-,-,180',True
808509,Danilo,Carioca - Taça Rio,-,-,-,-,-,-,True
808509,Danilo,TOTAL,24,10,3,1,-,"1,990'",True
810092,Warren Zaïre-Emery,Ligue 1,32,3,4,3,-,"2,454'",True
810092,Warren Zaïre-Emery,UEFA Champions League,17,-,1,1,-,"1,343'",True
810092,Warren Zaïre-Emery,Coupe de France,2,-,-,-,-,151',True
810092,Warren Zaïre-Emery,Trophée des Champions,1,-,-,1,-,89',True
810092,Warren Zaïre-Emery,FIFA Intercontinental Cup,1,-,-,-,-,120',True
810092,Warren Zaïre-Emery,UEFA Super Cup,1,-,-,-,-,67',True
810092,Warren Zaïre-Emery,TOTAL,54,3,5,5,-,"4,224'",True
814848,Owen Goodman,League One,32,47,5,1,-,"2,826'",True
814848,Owen Goodman,EFL Trophy,2,2,-,-,-,180',True
814848,Owen Goodman,FA Cup,-,-,-,-,-,-,True
814848,Owen Goodman,EFL Cup,-,-,-,-,-,-,True
814848,Owen Goodman,TOTAL,34,49,5,1,-,"3,006'",True
815359,Lenny Joseph,NB I.,25,7,2,3,-,"1,209'",True
815359,Lenny Joseph,Europa League,12,2,2,2,-,486',True
815359,Lenny Joseph,Champions League Qu.,6,2,3,-,-,459',True
815359,Lenny Joseph,Magyar Kupa,5,5,3,-,-,442',True
815359,Lenny Joseph,TOTAL,48,16,10,5,-,"2,596'",True
81723,Michael Boxall,MLS,7,-,-,-,-,397',True
81723,Michael Boxall,US Open Cup,-,-,-,-,-,-,True
81723,Michael Boxall,TOTAL,7,-,-,-,-,397',True
8198,Cristiano Ronaldo,Saudi Pro League,30,28,3,2,-,"2,614'",True
8198,Cristiano Ronaldo,AFC Champions League Two,4,1,1,-,-,280',True
8198,Cristiano Ronaldo,Saudi Super Cup,2,1,1,-,-,180',True
8198,Cristiano Ronaldo,King's Cup,1,-,-,-,-,90',True
8198,Cristiano Ronaldo,TOTAL,37,30,5,2,-,"3,164'",True
820252,Gilson Benchimol,Premier Liga,20,6,1,3,-,"1,061'",True
820252,Gilson Benchimol,Russian Cup,4,4,-,-,-,305',True
820252,Gilson Benchimol,Relegation Premier Liga,2,2,-,-,-,113',True
820252,Gilson Benchimol,TOTAL,26,12,1,3,-,"1,479'",True
820374,Kobbie Mainoo,Premier League,28,1,2,2,-,"1,654'",True
820374,Kobbie Mainoo,EFL Cup,1,-,1,-,-,90',True
820374,Kobbie Mainoo,FA Cup,1,-,-,1,-,62',True
820374,Kobbie Mainoo,TOTAL,30,1,3,3,-,"1,806'",True
820474,Zakaria El Ouahdi,Jupiler Pro League,24,7,2,3,-,"2,105'",True
820474,Zakaria El Ouahdi,JPL Europe Play-Offs,10,1,3,1,-,891',True
820474,Zakaria El Ouahdi,Europa League,9,4,1,3,-,828',True
820474,Zakaria El Ouahdi,Croky Cup,1,-,-,1,-,116',True
820474,Zakaria El Ouahdi,Europa League Qualifying,1,-,-,-,-,90',True
820474,Zakaria El Ouahdi,Jupiler Pro League playoff Europa League,-,-,-,-,-,-,True
820474,Zakaria El Ouahdi,TOTAL,45,12,6,8,-,"4,030'",True
821377,Nawaf Boushal,Saudi Pro League,32,-,6,2,-,"1,871'",True
821377,Nawaf Boushal,AFC Champions League Two,10,-,2,-,-,644',True
821377,Nawaf Boushal,King's Cup,2,-,-,-,-,175',True
821377,Nawaf Boushal,Saudi Super Cup,2,-,-,1,-,180',True
821377,Nawaf Boushal,TOTAL,46,-,8,3,-,"2,870'",True
822458,Bamba Dieng,Ligue 1,22,10,1,2,-,"1,219'",True
822458,Bamba Dieng,Coupe de France,3,5,-,1,-,209',True
822458,Bamba Dieng,National 1 - Grp. A,1,1,-,-,-,45',True
822458,Bamba Dieng,TOTAL,26,16,1,3,-,"1,473'",True
822935,Mohamed Manai,Stars League,19,5,1,3,-,"1,479'",True
822935,Mohamed Manai,Amir Cup,2,-,-,-,-,180',True
822935,Mohamed Manai,QSL Cup,1,-,-,-,-,27',True
822935,Mohamed Manai,TOTAL,22,5,1,3,-,"1,686'",True
826103,Alexandr Sojka,Chance Liga,28,1,2,1,-,"1,611'",True
826103,Alexandr Sojka,Chance Liga Champion Gr.,5,2,-,-,-,374',True
826103,Alexandr Sojka,MOL Cup,3,1,1,-,-,255',True
826103,Alexandr Sojka,Europa League,2,-,-,-,-,52',True
826103,Alexandr Sojka,TOTAL,38,4,3,1,-,"2,292'",True
827734,Ange-Yoan Bonny,Serie A,33,5,6,1,-,"1,130'",True
827734,Ange-Yoan Bonny,UEFA Champions League,10,-,3,-,-,282',True
827734,Ange-Yoan Bonny,Italy Cup,4,2,-,-,-,173',True
827734,Ange-Yoan Bonny,Supercoppa Italiana,1,-,-,-,-,90',True
827734,Ange-Yoan Bonny,TOTAL,48,7,9,1,-,"1,675'",True
82873,Pascal Groß,Premier League,19,1,3,2,-,"1,637'",True
82873,Pascal Groß,Bundesliga,11,-,1,-,-,615',True
82873,Pascal Groß,UEFA Champions League,3,-,1,-,-,37',True
82873,Pascal Groß,FA Cup,2,-,-,-,-,180',True
82873,Pascal Groß,DFB-Pokal,2,-,-,-,-,80',True
82873,Pascal Groß,TOTAL,37,1,5,2,-,"2,549'",True
830890,Marvin Senaya,Ligue 1,25,1,-,6,-,"1,785'",True
830890,Marvin Senaya,Coupe de France,1,-,-,1,-,90',True
830890,Marvin Senaya,TOTAL,26,1,-,7,-,"1,875'",True
833817,Ahmed Qasem,MLS,14,1,1,3,-,731',True
833817,Ahmed Qasem,CONCACAF Champions Cup,6,1,-,-,-,229',True
833817,Ahmed Qasem,TOTAL,20,2,1,3,-,960',True
834397,Mike Penders,Ligue 1,33,47,8,3,-,"2,970'",True
834397,Mike Penders,Conference League,12,11,2,-,-,"1,080'",True
834397,Mike Penders,Coupe de France,5,5,1,1,-,450',True
834397,Mike Penders,UECL Qualifying,2,2,1,1,-,131',True
834397,Mike Penders,TOTAL,52,65,12,5,-,"4,631'",True
837368,Benjamin Asare,Premier League,19,7,14,1,-,"1,710'",True
837368,Benjamin Asare,TOTAL,19,7,14,1,-,"1,710'",True
837619,Armando González,Liga MX Clausura,17,12,1,1,-,"1,265'",True
837619,Armando González,Liga MX Apertura,17,12,1,2,-,"1,129'",True
837619,Armando González,Liguilla Apertura,1,-,-,-,-,62',True
837619,Armando González,Liguilla Clausura,-,-,-,-,-,-,True
837619,Armando González,TOTAL,35,24,2,3,-,"2,456'",True
838947,Alexandre Pierre,Ligue 3,26,20,9,2,-,"2,295'",True
838947,Alexandre Pierre,Coupe de France,-,-,-,-,-,-,True
838947,Alexandre Pierre,TOTAL,26,20,9,2,-,"2,295'",True
83983,Lucas Mendes,Stars League,17,1,1,3,-,"1,472'",True
83983,Lucas Mendes,Amir Cup,3,1,-,-,-,270',True
83983,Lucas Mendes,QSL Cup,1,-,1,-,-,90',True
83983,Lucas Mendes,TOTAL,21,2,2,3,-,"1,832'",True
840254,Nadhir Benbouali,NB I.,32,15,6,4,-,"2,562'",True
840254,Nadhir Benbouali,UECL Qualifying,6,2,-,1,-,518',True
840254,Nadhir Benbouali,Magyar Kupa,3,2,-,-,-,162',True
840254,Nadhir Benbouali,TOTAL,41,19,6,5,-,"3,242'",True
840836,Hélio Varela,Ligat ha'Al,21,2,2,1,-,"1,303'",True
840836,Hélio Varela,Ligat ha'Al -  Championship round,9,1,-,1,-,678',True
840836,Hélio Varela,Europa League,8,-,-,-,-,369',True
840836,Hélio Varela,Gvia haMedina,4,3,1,-,-,321',True
840836,Hélio Varela,Jupiler Pro League,3,-,-,-,-,163',True
840836,Hélio Varela,TOTAL,45,6,3,2,-,"2,834'",True
842420,Nathan-Dylan Saliba,Jupiler Pro League,27,2,1,10,1,"1,751'",True
842420,Nathan-Dylan Saliba,Jupiler Pro League Champions' Play-Offs,7,1,-,2,-,569',True
842420,Nathan-Dylan Saliba,Croky Cup,6,1,1,1,-,559',True
842420,Nathan-Dylan Saliba,UECL Qualifying,3,1,-,1,-,127',True
842420,Nathan-Dylan Saliba,Europa League Qualifying,2,-,-,-,-,55',True
842420,Nathan-Dylan Saliba,TOTAL,45,5,2,14,1,"3,061'",True
844485,Tshepang Moremi,Betway Premiership,28,5,4,1,-,"1,539'",True
844485,Tshepang Moremi,Carling Knockout,4,2,-,1,-,344',True
844485,Tshepang Moremi,MTN8,3,2,1,-,-,95',True
844485,Tshepang Moremi,CAF-Champions League,2,2,-,-,-,180',True
844485,Tshepang Moremi,Nedbank Cup,2,-,-,1,-,150',True
844485,Tshepang Moremi,TOTAL,39,11,5,3,-,"2,308'",True
844797,Flaco López,Série A,17,6,3,2,-,"1,314'",True
844797,Flaco López,Campeonato Paulista,11,6,3,3,-,846',True
844797,Flaco López,Libertadores,6,2,4,-,-,519',True
844797,Flaco López,Copa do Brasil,1,-,-,-,-,22',True
844797,Flaco López,TOTAL,35,14,10,5,-,"2,701'",True
847279,Oumar Diakité,Jupiler Pro League,19,3,2,4,-,"1,105'",True
847279,Oumar Diakité,JPL Relegation Play-Offs,6,4,-,-,-,323',True
847279,Oumar Diakité,Ligue 2,2,-,-,-,-,21',True
847279,Oumar Diakité,Croky Cup,1,-,-,-,-,66',True
847279,Oumar Diakité,TOTAL,28,7,2,4,-,"1,515'",True
848856,Junnosuke Suzuki,Superliga,11,1,-,1,-,897',True
848856,Junnosuke Suzuki,Superliga Relegation round,10,1,1,-,-,875',True
848856,Junnosuke Suzuki,UEFA Champions League,7,-,1,2,-,574',True
848856,Junnosuke Suzuki,Oddset Pokalen,7,-,-,-,-,602',True
848856,Junnosuke Suzuki,Superliga Europa Playoff,1,-,-,-,-,120',True
848856,Junnosuke Suzuki,Champions League Qu.,-,-,-,-,-,-,True
848856,Junnosuke Suzuki,TOTAL,36,2,2,3,-,"3,068'",True
849410,Valentín Barco,Ligue 1,27,2,4,5,-,"2,171'",True
849410,Valentín Barco,Conference League,10,1,-,2,-,666',True
849410,Valentín Barco,Coupe de France,4,-,5,1,-,344',True
849410,Valentín Barco,UECL Qualifying,2,-,-,-,-,178',True
849410,Valentín Barco,TOTAL,43,3,9,8,-,"3,359'",True
849429,Tete Yengi,Premiership,19,2,-,1,-,"1,056'",True
849429,Tete Yengi,J1 Special Season,15,3,1,1,-,958',True
849429,Tete Yengi,AFC Champions League,7,3,-,2,-,480',True
849429,Tete Yengi,League Cup,2,-,-,-,-,33',True
849429,Tete Yengi,SFA Cup,1,-,-,-,-,37',True
849429,Tete Yengi,TOTAL,44,8,1,4,-,"2,564'",True
851220,Amine Sbaï,Ligue 1,25,3,1,1,1,"1,834'",True
851220,Amine Sbaï,Coupe de France,2,1,-,-,-,180',True
851220,Amine Sbaï,Saudi Pro League,1,-,-,-,-,21',True
851220,Amine Sbaï,TOTAL,28,4,1,1,1,"2,035'",True
855015,Farès Chaïbi,Bundesliga,28,2,9,2,-,"1,797'",True
855015,Farès Chaïbi,UEFA Champions League,8,1,1,-,-,499',True
855015,Farès Chaïbi,DFB-Pokal,2,-,-,1,-,210',True
855015,Farès Chaïbi,TOTAL,38,3,10,3,-,"2,506'",True
855731,Jordan Bos,Eredivisie,28,4,9,-,-,"2,058'",True
855731,Jordan Bos,Europa League,5,-,1,-,-,237',True
855731,Jordan Bos,Champions League Qu.,2,-,1,1,-,180',True
855731,Jordan Bos,KNVB Beker,1,-,-,-,-,90',True
855731,Jordan Bos,TOTAL,36,4,11,1,-,"2,565'",True
856087,Mohammad Ghorbani,UAE Pro League,22,1,-,6,-,"1,199'",True
856087,Mohammad Ghorbani,AFC Champions League,7,-,-,1,-,464',True
856087,Mohammad Ghorbani,UAE League Cup,5,-,-,3,-,376',True
856087,Mohammad Ghorbani,UAE President's Cup,2,-,-,1,-,174',True
856087,Mohammad Ghorbani,TOTAL,36,1,-,11,-,"2,213'",True
857948,Kevin Castaño,Torneo Apertura,5,-,-,-,-,92',True
857948,Kevin Castaño,Copa Sudamericana,2,-,-,1,-,128',True
857948,Kevin Castaño,Playoff Torneo Apertura,-,-,-,-,-,-,True
857948,Kevin Castaño,Copa Argentina,-,-,-,-,-,-,True
857948,Kevin Castaño,TOTAL,7,-,-,1,-,220',True
859175,Garven Metusala,USLC,7,-,-,-,-,455',True
859175,Garven Metusala,US Open Cup,3,-,1,1,-,330',True
859175,Garven Metusala,USL Cup,3,-,-,2,-,225',True
859175,Garven Metusala,TOTAL,13,-,1,3,-,"1,010'",True
860998,Azarías Londoño,LigaPro Serie A,9,1,1,-,-,462',True
860998,Azarías Londoño,Supercopa Ecuador,1,-,-,-,-,8',True
860998,Azarías Londoño,Copa Ecuador,-,-,-,-,-,-,True
860998,Azarías Londoño,Libertadores,-,-,-,-,-,-,True
860998,Azarías Londoño,Liga Panameña Clausura,-,-,-,-,-,-,True
860998,Azarías Londoño,TOTAL,10,1,1,-,-,470',True
861852,Damián Bobadilla,Série A,14,-,2,3,-,"1,066'",True
861852,Damián Bobadilla,Campeonato Paulista,9,2,1,1,-,646',True
861852,Damián Bobadilla,Copa Sudamericana,4,1,1,2,-,268',True
861852,Damián Bobadilla,Copa do Brasil,1,-,1,-,-,90',True
861852,Damián Bobadilla,TOTAL,28,3,5,6,-,"2,070'",True
86202,Antonio Rüdiger,LaLiga,18,1,-,-,-,"1,491'",True
86202,Antonio Rüdiger,UEFA Champions League,7,-,-,2,-,630',True
86202,Antonio Rüdiger,Supercopa,1,-,-,-,-,69',True
86202,Antonio Rüdiger,Copa del Rey,-,-,-,-,-,-,True
86202,Antonio Rüdiger,TOTAL,26,1,-,2,-,"2,190'",True
86286,Hassan Al-Haydos,Stars League,12,-,2,-,-,239',True
86286,Hassan Al-Haydos,Amir Cup,4,2,1,-,-,274',True
86286,Hassan Al-Haydos,AFC Champions League,4,1,-,1,-,162',True
86286,Hassan Al-Haydos,QSL Cup,1,-,-,-,-,65',True
86286,Hassan Al-Haydos,TOTAL,21,3,3,1,-,740',True
864121,Abdul Fatawu,Championship,44,9,8,7,-,"3,722'",True
864121,Abdul Fatawu,FA Cup,-,-,-,-,-,-,True
864121,Abdul Fatawu,EFL Cup,-,-,-,-,-,-,True
864121,Abdul Fatawu,TOTAL,44,9,8,7,-,"3,722'",True
864306,Rafik Belghali,Serie A,26,2,-,6,-,"1,928'",True
864306,Rafik Belghali,Jupiler Pro League,3,-,-,1,-,240',True
864306,Rafik Belghali,Italy Cup,-,-,-,-,-,-,True
864306,Rafik Belghali,TOTAL,29,2,-,7,-,"2,168'",True
865550,César Samudio,Liga Nacional Apertura,20,15,11,1,-,"1,800'",True
865550,César Samudio,Liga Nacional Clausura,7,7,2,2,-,630',True
865550,César Samudio,LNPHN Apertura Playoff,3,3,1,-,-,208',True
865550,César Samudio,LNPHN Clausura Playoff,-,-,-,-,-,-,True
865550,César Samudio,TOTAL,30,25,14,3,-,"2,638'",True
867137,Alessandro Circati,Serie A,31,1,1,6,-,"2,666'",True
867137,Alessandro Circati,Italy Cup,2,-,-,-,-,135',True
867137,Alessandro Circati,TOTAL,33,1,1,6,-,"2,801'",True
869509,Moteb Al-Harbi,Saudi Pro League,30,2,2,-,-,"1,833'",True
869509,Moteb Al-Harbi,AFC Champions League,5,-,-,-,-,280',True
869509,Moteb Al-Harbi,King's Cup,4,-,-,1,-,314',True
869509,Moteb Al-Harbi,TOTAL,39,2,2,1,-,"2,427'",True
876631,Habib Diarra,Premier League,20,2,3,6,-,"1,409'",True
876631,Habib Diarra,FA Cup,2,1,-,-,-,154',True
876631,Habib Diarra,EFL Cup,-,-,-,-,-,-,True
876631,Habib Diarra,TOTAL,22,3,3,6,-,"1,563'",True
877672,Ali Jasim,Saudi Pro League,24,4,1,1,-,"1,623'",True
877672,Ali Jasim,King's Cup,2,-,-,-,-,130',True
877672,Ali Jasim,Serie A,-,-,-,-,-,-,True
877672,Ali Jasim,Italy Cup,-,-,-,-,-,-,True
877672,Ali Jasim,TOTAL,26,4,1,1,-,"1,753'",True
88103,James Rodríguez,Liga MX Apertura,14,3,2,1,-,981',True
88103,James Rodríguez,MLS,6,-,2,-,-,194',True
88103,James Rodríguez,US Open Cup,2,-,-,-,-,80',True
88103,James Rodríguez,TOTAL,22,3,4,1,-,"1,255'",True
881506,Ahmed Maknzi,Iraq Stars League,22,5,5,5,-,"1,605'",True
881506,Ahmed Maknzi,Iraq FA Cup,1,-,-,1,-,62',True
881506,Ahmed Maknzi,TOTAL,23,5,5,6,-,"1,667'",True
882197,Abdallah Nasib,Iraq Stars League,23,1,-,2,-,"1,841'",True
882197,Abdallah Nasib,AFC Champions League Two,5,-,-,-,-,480',True
882197,Abdallah Nasib,Jordanian Pro League,-,-,-,-,-,-,True
882197,Abdallah Nasib,TOTAL,28,1,-,2,-,"2,321'",True
883111,Mohannad Abu Taha,Iraq Stars League,31,4,8,4,-,"2,503'",True
883111,Mohannad Abu Taha,TOTAL,31,4,8,4,-,"2,503'",True
886183,Nawaf Al-Aqidi,Saudi Pro League,11,12,3,-,-,960',True
886183,Nawaf Al-Aqidi,AFC Champions League Two,1,-,1,1,-,90',True
886183,Nawaf Al-Aqidi,King's Cup,-,-,-,-,-,-,True
886183,Nawaf Al-Aqidi,Saudi Super Cup,-,-,-,-,-,-,True
886183,Nawaf Al-Aqidi,TOTAL,12,12,4,1,-,"1,050'",True
88755,Kevin De Bruyne,Serie A,18,5,2,1,-,"1,169'",True
88755,Kevin De Bruyne,UEFA Champions League,3,-,2,-,-,191',True
88755,Kevin De Bruyne,Italy Cup,-,-,-,-,-,-,True
88755,Kevin De Bruyne,Supercoppa Italiana,-,-,-,-,-,-,True
88755,Kevin De Bruyne,TOTAL,21,5,4,1,-,"1,360'",True
888140,Nishan Velupillay,A-League Men,21,4,1,1,-,"1,384'",True
888140,Nishan Velupillay,A-League Fin.,1,-,-,-,-,84',True
888140,Nishan Velupillay,TOTAL,22,4,1,1,-,"1,468'",True
888738,Farès Ghedjemis,Serie B,37,15,3,4,-,"3,024'",True
888738,Farès Ghedjemis,Italy Cup,1,-,-,-,-,75',True
888738,Farès Ghedjemis,TOTAL,38,15,3,4,-,"3,099'",True
888785,Promise David,Jupiler Pro League,24,9,2,1,-,"1,498'",True
888785,Promise David,UEFA Champions League,7,2,-,3,-,369',True
888785,Promise David,Croky Cup,5,4,1,-,-,272',True
888785,Promise David,Volkswagen Supercup,1,-,-,-,-,13',True
888785,Promise David,Jupiler Pro League Champions' Play-Offs,-,-,-,-,-,-,True
888785,Promise David,TOTAL,37,15,3,4,-,"2,152'",True
889435,Obed Vargas,LaLiga,12,-,1,2,-,739',True
889435,Obed Vargas,Copa del Rey,1,-,-,-,-,11',True
889435,Obed Vargas,UEFA Champions League,-,-,-,-,-,-,True
889435,Obed Vargas,TOTAL,13,-,1,2,-,750',True
891672,Gustavo Caballero,Championship,12,1,-,1,-,761',True
891672,Gustavo Caballero,Campeonato Paulista,1,-,-,-,-,45',True
891672,Gustavo Caballero,Série A,1,-,-,-,-,45',True
891672,Gustavo Caballero,TOTAL,14,1,-,1,-,851',True
891998,Antoine Mendy,Ligue 1,25,1,-,5,-,"2,098'",True
891998,Antoine Mendy,Europa League,7,-,1,3,-,413',True
891998,Antoine Mendy,Coupe de France,4,1,-,-,-,360',True
891998,Antoine Mendy,L1/L2 Playoffs,2,-,-,-,-,180',True
891998,Antoine Mendy,Champions League Qu.,2,-,-,1,-,180',True
891998,Antoine Mendy,TOTAL,40,2,1,9,-,"3,231'",True
892160,Luka Vuskovic,Bundesliga,28,6,1,6,-,"2,442'",True
892160,Luka Vuskovic,DFB-Pokal,2,-,-,-,-,210',True
892160,Luka Vuskovic,Premier League,-,-,-,-,-,-,True
892160,Luka Vuskovic,UEFA Super Cup,-,-,-,-,-,-,True
892160,Luka Vuskovic,TOTAL,30,6,1,6,-,"2,652'",True
893659,Yaimar Medina,Jupiler Pro League,21,-,1,2,-,"1,136'",True
893659,Yaimar Medina,Europa League,11,1,-,2,-,586',True
893659,Yaimar Medina,JPL Europe Play-Offs,6,-,2,2,-,396',True
893659,Yaimar Medina,Croky Cup,1,-,-,-,-,19',True
893659,Yaimar Medina,Europa League Qualifying,1,-,-,-,-,78',True
893659,Yaimar Medina,Jupiler Pro League playoff Europa League,-,-,-,-,-,-,True
893659,Yaimar Medina,TOTAL,40,1,3,6,-,"2,215'",True
893661,Joel Ordóñez,Jupiler Pro League,23,3,-,3,-,"1,822'",True
893661,Joel Ordóñez,UEFA Champions League,10,1,-,1,-,871',True
893661,Joel Ordóñez,Jupiler Pro League Champions' Play-Offs,10,-,-,1,-,846',True
893661,Joel Ordóñez,Croky Cup,2,-,-,-,-,180',True
893661,Joel Ordóñez,Volkswagen Supercup,1,-,-,1,-,90',True
893661,Joel Ordóñez,Champions League Qu.,-,-,-,-,-,-,True
893661,Joel Ordóñez,TOTAL,46,4,-,6,-,"3,809'",True
894914,Antonio Nusa,Bundesliga,31,4,3,-,-,"2,040'",True
894914,Antonio Nusa,DFB-Pokal,4,1,1,-,-,285',True
894914,Antonio Nusa,TOTAL,35,5,4,-,-,"2,325'",True
895249,Mohammad Abu Hasheesh,Iraq Stars League,22,-,1,3,-,"1,671'",True
895249,Mohammad Abu Hasheesh,Iraq FA Cup,1,-,-,-,-,120',True
895249,Mohammad Abu Hasheesh,TOTAL,23,-,1,3,-,"1,791'",True
895291,Husam Abu Dahab,Jordanian Pro League,15,-,-,3,-,"1,209'",True
895291,Husam Abu Dahab,TOTAL,15,-,-,3,-,"1,209'",True
896616,Mostafa Ziko,Premier League,17,4,2,2,-,885',True
896616,Mostafa Ziko,CAF-Champions League,10,3,1,-,-,377',True
896616,Mostafa Ziko,Egypt Cup,5,3,1,2,-,346',True
896616,Mostafa Ziko,Championship Playoff,5,2,-,1,-,334',True
896616,Mostafa Ziko,FIFA Intercontinental Cup,2,1,-,-,-,80',True
896616,Mostafa Ziko,Egyptian Super Cup,2,1,-,-,-,73',True
896616,Mostafa Ziko,Egyptian League Cup,-,-,-,-,-,-,True
896616,Mostafa Ziko,CAF-Supercup,-,-,-,-,-,-,True
896616,Mostafa Ziko,TOTAL,41,14,4,5,-,"2,095'",True
897051,Alan Minda,Jupiler Pro League,17,3,3,-,-,969',True
897051,Alan Minda,Série A,9,2,-,-,-,351',True
897051,Alan Minda,Copa Sudamericana,4,1,-,-,-,246',True
897051,Alan Minda,Campeonato Mineiro,4,-,-,-,-,75',True
897051,Alan Minda,Copa do Brasil,2,-,-,-,-,68',True
897051,Alan Minda,Croky Cup,1,-,-,-,-,29',True
897051,Alan Minda,TOTAL,37,6,3,-,-,"1,738'",True
897424,Assan Ouédraogo,Bundesliga,19,4,3,-,-,955',True
897424,Assan Ouédraogo,DFB-Pokal,1,-,1,-,-,5',True
897424,Assan Ouédraogo,TOTAL,20,4,4,-,-,960',True
900909,Paul Wanner,Eredivisie,22,3,3,5,-,"1,641'",True
900909,Paul Wanner,UEFA Champions League,6,-,-,-,-,280',True
900909,Paul Wanner,KNVB Beker,4,2,1,1,-,336',True
900909,Paul Wanner,Premier League Int. Cup U21,1,-,-,-,-,90',True
900909,Paul Wanner,DFL-Supercup,-,-,-,-,-,-,True
900909,Paul Wanner,TOTAL,33,5,4,6,-,"2,347'",True
901019,Neil El Aynaoui,Serie A,25,1,2,5,-,991',True
901019,Neil El Aynaoui,Europa League,9,1,-,1,-,712',True
901019,Neil El Aynaoui,Italy Cup,-,-,-,-,-,-,True
901019,Neil El Aynaoui,TOTAL,34,2,2,6,-,"1,703'",True
901079,Ziyad Al-Johani,Saudi Pro League,26,-,1,6,-,"1,501'",True
901079,Ziyad Al-Johani,AFC Champions League,9,1,-,1,-,525',True
901079,Ziyad Al-Johani,King's Cup,3,-,-,-,-,156',True
901079,Ziyad Al-Johani,FIFA Intercontinental Cup,-,-,-,-,-,-,True
901079,Ziyad Al-Johani,Saudi Super Cup,-,-,-,-,-,-,True
901079,Ziyad Al-Johani,TOTAL,38,1,1,7,-,"2,182'",True
901181,Musab Al-Juwayr,Saudi Pro League,31,6,12,-,-,"2,538'",True
901181,Musab Al-Juwayr,King's Cup,3,1,-,-,-,145',True
901181,Musab Al-Juwayr,Saudi Super Cup,1,-,-,-,-,45',True
901181,Musab Al-Juwayr,TOTAL,35,7,12,-,-,"2,728'",True
901334,Jehad Thakri,Saudi Pro League,24,-,-,5,-,"1,513'",True
901334,Jehad Thakri,King's Cup,2,-,-,1,-,95',True
901334,Jehad Thakri,Saudi Super Cup,1,-,-,1,-,45',True
901334,Jehad Thakri,TOTAL,27,-,-,7,-,"1,653'",True
903611,Nilson Angulo,Jupiler Pro League,22,6,7,2,1,"1,902'",True
903611,Nilson Angulo,Premier League,8,-,-,1,-,406',True
903611,Nilson Angulo,UECL Qualifying,3,1,-,1,-,253',True
903611,Nilson Angulo,Croky Cup,3,-,1,-,1,255',True
903611,Nilson Angulo,Europa League Qualifying,2,-,-,1,-,159',True
903611,Nilson Angulo,FA Cup,1,-,-,-,-,90',True
903611,Nilson Angulo,TOTAL,39,7,8,5,2,"3,065'",True
904802,Jorrel Hato,Premier League,22,-,-,7,-,"1,143'",True
904802,Jorrel Hato,FA Cup,5,2,-,-,-,420',True
904802,Jorrel Hato,EFL Cup,5,-,1,-,-,345',True
904802,Jorrel Hato,UEFA Champions League,4,-,-,-,-,340',True
904802,Jorrel Hato,TOTAL,36,2,1,7,-,"2,248'",True
905011,Ibrahim Maza,Bundesliga,28,3,5,2,-,"1,854'",True
905011,Ibrahim Maza,UEFA Champions League,12,-,2,1,-,788',True
905011,Ibrahim Maza,DFB-Pokal,4,2,-,-,-,302',True
905011,Ibrahim Maza,TOTAL,44,5,7,3,-,"2,944'",True
910905,Mamadou Sarr,Ligue 1,15,-,-,3,-,"1,305'",True
910905,Mamadou Sarr,Premier League,3,-,-,-,-,101',True
910905,Mamadou Sarr,FA Cup,2,-,-,1,-,148',True
910905,Mamadou Sarr,UECL Qualifying,2,-,-,1,-,180',True
910905,Mamadou Sarr,UEFA Champions League,1,-,-,-,-,45',True
910905,Mamadou Sarr,Conference League,1,-,-,-,-,90',True
910905,Mamadou Sarr,EFL Cup,-,-,-,-,-,-,True
910905,Mamadou Sarr,Coupe de France,-,-,-,-,-,-,True
910905,Mamadou Sarr,TOTAL,24,-,-,5,-,"1,869'",True
911985,Mohamed Koné,JPL Europe Play-Offs,10,8,4,1,-,900',True
911985,Mohamed Koné,Jupiler Pro League,9,10,2,1,-,810',True
911985,Mohamed Koné,Croky Cup,2,-,2,-,-,180',True
911985,Mohamed Koné,1ste Nationale ACFF,1,1,-,-,-,90',True
911985,Mohamed Koné,UECL Qualifying,-,-,-,-,-,-,True
911985,Mohamed Koné,TOTAL,22,19,8,2,-,"1,980'",True
913660,Redouane Halhal,Jupiler Pro League,24,1,2,7,-,"2,039'",True
913660,Redouane Halhal,Jupiler Pro League Champions' Play-Offs,9,-,-,3,-,810',True
913660,Redouane Halhal,Croky Cup,1,-,-,1,-,90',True
913660,Redouane Halhal,TOTAL,34,1,2,11,-,"2,939'",True
914562,Désiré Doué,Ligue 1,23,7,6,-,-,"1,356'",True
914562,Désiré Doué,UEFA Champions League,13,5,4,-,-,871',True
914562,Désiré Doué,Coupe de France,2,1,-,1,-,86',True
914562,Désiré Doué,FIFA Intercontinental Cup,1,-,1,-,-,78',True
914562,Désiré Doué,Trophée des Champions,1,-,-,-,-,90',True
914562,Désiré Doué,UEFA Super Cup,1,-,-,-,-,77',True
914562,Désiré Doué,TOTAL,41,13,11,1,-,"2,558'",True
916623,Keisuke Goto,Jupiler Pro League,28,10,5,4,-,"2,081'",True
916623,Keisuke Goto,Jupiler Pro League Champions' Play-Offs,10,1,2,1,-,805',True
916623,Keisuke Goto,Croky Cup,2,2,1,1,-,143',True
916623,Keisuke Goto,Europa League Qualifying,-,-,-,-,-,-,True
916623,Keisuke Goto,TOTAL,40,13,8,6,-,"3,029'",True
917911,Anis Hadj Moussa,Eredivisie,30,11,6,4,-,"2,554'",True
917911,Anis Hadj Moussa,Europa League,8,2,1,3,-,620',True
917911,Anis Hadj Moussa,Champions League Qu.,2,1,-,-,-,180',True
917911,Anis Hadj Moussa,KNVB Beker,-,-,-,-,-,-,True
917911,Anis Hadj Moussa,TOTAL,40,14,7,7,-,"3,354'",True
918969,Lamine Camara,Ligue 1,24,3,4,6,-,"1,851'",True
918969,Lamine Camara,UEFA Champions League,6,-,-,2,-,516',True
918969,Lamine Camara,Coupe de France,1,-,-,-,-,90',True
918969,Lamine Camara,TOTAL,31,3,4,8,-,"2,457'",True
921655,Ismaël Koné,Serie A,35,6,-,3,1,"2,757'",True
921655,Ismaël Koné,Italy Cup,1,-,-,-,-,84',True
921655,Ismaël Koné,TOTAL,36,6,-,3,1,"2,841'",True
921995,Luc De Fougerolles,Jupiler Pro League,23,-,1,3,1,"1,460'",True
921995,Luc De Fougerolles,JPL Relegation Play-Offs,4,-,-,1,-,195',True
921995,Luc De Fougerolles,Croky Cup,2,-,1,-,-,210',True
921995,Luc De Fougerolles,Jupiler Pro League Abstiegs-Playoffs,1,-,-,1,-,61',True
921995,Luc De Fougerolles,TOTAL,30,-,2,5,1,"1,926'",True
923177,Edgardo Fariña,Premier Liga,14,-,-,5,-,"1,084'",True
923177,Edgardo Fariña,Russian Cup,4,-,-,-,-,171',True
923177,Edgardo Fariña,TOTAL,18,-,-,5,-,"1,255'",True
925862,Esmir Bajraktarevic,Eredivisie,28,4,5,-,-,"1,062'",True
925862,Esmir Bajraktarevic,KNVB Beker,4,3,-,-,-,285',True
925862,Esmir Bajraktarevic,UEFA Champions League,4,-,-,-,-,69',True
925862,Esmir Bajraktarevic,Premier League Int. Cup U21,1,-,-,-,-,45',True
925862,Esmir Bajraktarevic,Keuken Kampioen Divisie,1,-,-,-,-,60',True
925862,Esmir Bajraktarevic,Johan Cruijff Schaal,-,-,-,-,-,-,True
925862,Esmir Bajraktarevic,TOTAL,38,7,5,-,-,"1,521'",True
929994,Kerim Alajbegovic,Bundesliga,28,9,3,4,-,"1,913'",True
929994,Kerim Alajbegovic,Europa League,7,2,1,-,-,395',True
929994,Kerim Alajbegovic,ÖFB-Cup,5,2,-,-,-,333',True
929994,Kerim Alajbegovic,Champions League Qu.,4,-,-,-,-,41',True
929994,Kerim Alajbegovic,TOTAL,44,13,4,4,-,"2,682'",True
931147,Zaid Tahseen,Superliga,6,-,-,2,-,443',True
931147,Zaid Tahseen,Uzbekistan Cup,1,1,-,-,-,90',True
931147,Zaid Tahseen,Uzbekistan Supercup,1,-,-,-,-,90',True
931147,Zaid Tahseen,TOTAL,8,1,-,2,-,623',True
93128,Kalidou Koulibaly,Saudi Pro League,18,1,1,6,-,"1,597'",True
93128,Kalidou Koulibaly,AFC Champions League,4,1,1,-,-,349',True
93128,Kalidou Koulibaly,King's Cup,4,-,-,-,-,390',True
93128,Kalidou Koulibaly,TOTAL,26,2,2,6,-,"2,336'",True
932724,Arya Yousefi,Persian Gulf League,20,1,1,7,-,"1,793'",True
932724,Arya Yousefi,AFC Champions League Two,6,1,2,2,-,525',True
932724,Arya Yousefi,Hazfi Cup,2,-,-,-,-,180',True
932724,Arya Yousefi,AFC CL Elite Qualif.,1,-,-,-,-,90',True
932724,Arya Yousefi,TOTAL,29,2,3,9,-,"2,588'",True
933541,Akam Hashem,Iraq Stars League,22,2,-,5,-,"1,647'",True
933541,Akam Hashem,AFC Champions League Two,8,-,-,-,-,741',True
933541,Akam Hashem,TOTAL,30,2,-,5,-,"2,388'",True
936981,Gustavo Puerta,LaLiga2,32,3,1,13,-,"2,670'",True
936981,Gustavo Puerta,Copa del Rey,1,-,-,1,-,45',True
936981,Gustavo Puerta,Bundesliga,-,-,-,-,-,-,True
936981,Gustavo Puerta,DFB-Pokal,-,-,-,-,-,-,True
936981,Gustavo Puerta,TOTAL,33,3,1,14,-,"2,715'",True
94005,Sead Kolasinac,Serie A,19,-,-,3,-,"1,219'",True
94005,Sead Kolasinac,UEFA Champions League,6,-,-,-,-,381',True
94005,Sead Kolasinac,Italy Cup,3,-,-,1,-,207',True
94005,Sead Kolasinac,TOTAL,28,-,-,4,-,"1,807'",True
941418,Denil Castillo,Superliga,18,4,5,3,-,"1,271'",True
941418,Denil Castillo,Europa League,10,-,-,1,-,644',True
941418,Denil Castillo,Superliga Championship round,8,-,-,2,-,453',True
941418,Denil Castillo,Oddset Pokalen,6,1,1,-,-,241',True
941418,Denil Castillo,Europa League Qualifying,6,1,1,-,-,311',True
941418,Denil Castillo,Future Cup,1,-,-,-,-,45',True
941418,Denil Castillo,TOTAL,49,6,7,6,-,"2,965'",True
943150,Al-Hashmi Al-Hussain,Stars League,11,-,-,3,-,698',True
943150,Al-Hashmi Al-Hussain,Amir Cup,2,1,-,-,-,147',True
943150,Al-Hashmi Al-Hussain,QSL Cup,2,-,-,-,-,72',True
943150,Al-Hashmi Al-Hussain,TOTAL,15,1,-,3,-,917',True
944827,Stepan Chaloupek,Chance Liga,24,4,3,5,-,"1,550'",True
944827,Stepan Chaloupek,UEFA Champions League,8,1,1,1,-,559',True
944827,Stepan Chaloupek,Chance Liga Champion Gr.,4,4,-,-,-,308',True
944827,Stepan Chaloupek,MOL Cup,2,-,1,-,-,164',True
944827,Stepan Chaloupek,ChNL,1,-,-,-,-,39',True
944827,Stepan Chaloupek,TOTAL,39,9,5,6,-,"2,620'",True
945266,Manaf Younis,Iraq Stars League,27,1,-,5,-,"2,091'",True
945266,Manaf Younis,AFC Champions League,6,-,-,-,-,492',True
945266,Manaf Younis,TOTAL,33,1,-,5,-,"2,583'",True
948294,Nico Paz,Serie A,35,12,7,5,-,"2,886'",True
948294,Nico Paz,Italy Cup,5,1,1,1,-,405',True
948294,Nico Paz,TOTAL,40,13,8,6,-,"3,291'",True
949929,Achref Abada,Ligue 1,21,-,-,2,-,"1,708'",True
949929,Achref Abada,Coupe d'Algerie,3,-,-,-,-,193',True
949929,Achref Abada,CAF Confederation Cup,-,-,-,-,-,-,True
949929,Achref Abada,TOTAL,24,-,-,2,-,"1,901'",True
952341,Mustafa Saadoon,Iraq Stars League,27,2,3,4,-,"2,026'",True
952341,Mustafa Saadoon,AFC Champions League,6,-,-,-,-,365',True
952341,Mustafa Saadoon,TOTAL,33,2,3,4,-,"2,391'",True
952692,Mladen Jurkas,Premijer Liga BiH,31,19,16,3,-,"2,790'",True
952692,Mladen Jurkas,UECL Qualifying,1,4,-,-,-,90',True
952692,Mladen Jurkas,Kup BiH,-,-,-,-,-,-,True
952692,Mladen Jurkas,TOTAL,32,23,16,3,-,"2,880'",True
955070,Ernest Nuamah,Ligue 1,3,-,-,-,-,32',True
955070,Ernest Nuamah,Europa League,-,-,-,-,-,-,True
955070,Ernest Nuamah,Coupe de France,-,-,-,-,-,-,True
955070,Ernest Nuamah,TOTAL,3,-,-,-,-,32',True
956920,Nestory Irankunda,Championship,40,4,5,12,-,"2,031'",True
956920,Nestory Irankunda,FA Cup,1,-,-,-,-,90',True
956920,Nestory Irankunda,EFL Cup,1,-,-,-,-,90',True
956920,Nestory Irankunda,TOTAL,42,4,5,12,-,"2,211'",True
957461,Andrés Gómez,Série A,16,3,1,6,-,"1,324'",True
957461,Andrés Gómez,Campeonato Carioca,9,1,1,2,-,732',True
957461,Andrés Gómez,Copa do Brasil,2,-,1,-,-,107',True
957461,Andrés Gómez,Copa Sudamericana,2,-,-,1,-,114',True
957461,Andrés Gómez,TOTAL,29,4,3,9,-,"2,277'",True
96341,Romelu Lukaku,Serie A,5,1,-,1,-,40',True
96341,Romelu Lukaku,Italy Cup,1,-,-,-,-,16',True
96341,Romelu Lukaku,UEFA Champions League,1,-,-,-,-,8',True
96341,Romelu Lukaku,Supercoppa Italiana,-,-,-,-,-,-,True
96341,Romelu Lukaku,TOTAL,7,1,-,1,-,64',True
970518,Álex Arce,Torneo Apertura,9,2,-,1,-,386',True
970518,Álex Arce,Libertadores,5,8,-,-,-,402',True
970518,Álex Arce,Copa Argentina,1,1,-,-,-,90',True
970518,Álex Arce,Playoff Torneo Apertura,1,-,-,-,-,90',True
970518,Álex Arce,TOTAL,16,11,-,1,-,968',True
971570,Endrick,Ligue 1,16,5,7,3,1,"1,224'",True
971570,Endrick,Coupe de France,3,2,1,1,-,252',True
971570,Endrick,Europa League,2,1,-,-,-,157',True
971570,Endrick,LaLiga,1,-,-,-,-,11',True
971570,Endrick,Copa del Rey,1,-,-,-,-,77',True
971570,Endrick,UEFA Champions League,1,-,-,-,-,11',True
971570,Endrick,TOTAL,24,8,8,4,1,"1,732'",True
971663,Jeremy Arévalo,LaLiga2,18,8,-,1,-,875',True
971663,Jeremy Arévalo,Bundesliga,7,-,1,-,-,32',True
971663,Jeremy Arévalo,3. Liga,4,5,1,-,-,331',True
971663,Jeremy Arévalo,DFB-Pokal,-,-,-,-,-,-,True
971663,Jeremy Arévalo,Europa League,-,-,-,-,-,-,True
971663,Jeremy Arévalo,Copa del Rey,-,-,-,-,-,-,True
971663,Jeremy Arévalo,TOTAL,29,13,2,1,-,"1,238'",True
972465,Tani Oluwaseyi,LaLiga,27,2,2,1,-,892',True
972465,Tani Oluwaseyi,UEFA Champions League,7,2,-,-,-,399',True
972465,Tani Oluwaseyi,Copa del Rey,3,3,-,-,-,244',True
972465,Tani Oluwaseyi,TOTAL,37,7,2,1,-,"1,535'",True
974374,Anthony Valencia,Jupiler Pro League,14,4,-,1,-,672',True
974374,Anthony Valencia,JPL Europe Play-Offs,9,-,2,2,-,653',True
974374,Anthony Valencia,Croky Cup,4,-,-,-,-,150',True
974374,Anthony Valencia,TOTAL,27,4,2,3,-,"1,475'",True
974982,Ousmane Diomande,Liga Portugal,17,-,1,5,-,"1,297'",True
974982,Ousmane Diomande,UEFA Champions League,9,1,-,-,-,614',True
974982,Ousmane Diomande,Taça de Portugal,4,-,-,1,-,322',True
974982,Ousmane Diomande,Portuguese Supercup,1,-,-,1,-,69',True
974982,Ousmane Diomande,Allianz Cup,-,-,-,-,-,-,True
974982,Ousmane Diomande,TOTAL,31,1,1,7,-,"2,302'",True
97925,Munir El Kajoui,Botola Pro Inwi,5,3,3,1,-,450',True
97925,Munir El Kajoui,CAF-Champions League,4,3,1,-,-,360',True
97925,Munir El Kajoui,Coupe du Trône Marocaine,1,1,-,-,-,90',True
97925,Munir El Kajoui,CAF-Supercup,1,1,-,-,-,90',True
97925,Munir El Kajoui,TOTAL,11,8,4,1,-,990',True
981196,Joaquin Seys,Jupiler Pro League,29,1,3,3,-,"2,115'",True
981196,Joaquin Seys,Jupiler Pro League Champions' Play-Offs,10,1,2,-,-,865',True
981196,Joaquin Seys,UEFA Champions League,9,-,2,1,-,700',True
981196,Joaquin Seys,Champions League Qu.,4,3,1,-,-,314',True
981196,Joaquin Seys,Croky Cup,2,-,-,-,-,157',True
981196,Joaquin Seys,Volkswagen Supercup,1,-,-,1,-,80',True
981196,Joaquin Seys,TOTAL,55,5,8,5,-,"4,231'",True
983330,Thapelo Maseko,Cyprus League,12,1,1,1,1,644',True
983330,Thapelo Maseko,Betway Premiership,5,-,-,-,-,103',True
983330,Thapelo Maseko,Kypello Kyprou,3,1,-,1,-,170',True
983330,Thapelo Maseko,CAF-Champions League,1,-,-,-,-,1',True
983330,Thapelo Maseko,MTN8,1,-,-,1,-,25',True
983330,Thapelo Maseko,Carling Knockout,-,-,-,-,-,-,True
983330,Thapelo Maseko,TOTAL,22,2,1,3,1,943',True
983578,Patrick Beach,A-League Men,24,32,9,-,-,"2,160'",True
983578,Patrick Beach,AFC Champions League,10,8,2,1,-,930',True
983578,Patrick Beach,A-League Fin.,1,1,-,-,-,120',True
983578,Patrick Beach,TOTAL,35,41,11,1,-,"3,210'",True
988188,Dominique Simon,Niké Liga,11,1,-,1,-,510',True
988188,Dominique Simon,Niké Liga - Relegation,9,-,1,-,-,469',True
988188,Dominique Simon,Slovnaft Cup,4,-,-,1,-,291',True
988188,Dominique Simon,Chance Liga,1,-,-,-,-,11',True
988188,Dominique Simon,TOTAL,25,1,1,2,-,"1,281'",True
994370,Kamogelo Sebelebele,Betway Premiership,24,4,2,3,-,"1,777'",True
994370,Kamogelo Sebelebele,MTN8,3,2,-,1,-,300',True
994370,Kamogelo Sebelebele,Nedbank Cup,2,-,-,-,-,58',True
994370,Kamogelo Sebelebele,Carling Knockout,2,-,-,-,-,29',True
994370,Kamogelo Sebelebele,CAF-Champions League,2,-,-,-,-,180',True
994370,Kamogelo Sebelebele,TOTAL,33,6,2,4,-,"2,344'",True
995642,Ali Ahmed,Championship,19,4,3,1,-,"1,312'",True
995642,Ali Ahmed,FA Cup,2,-,-,1,-,153',True
995642,Ali Ahmed,TOTAL,21,4,3,2,-,"1,465'",True
996897,Diego Gómez,Premier League,32,5,1,9,-,"2,139'",True
996897,Diego Gómez,EFL Cup,3,5,-,-,-,209',True
996897,Diego Gómez,FA Cup,2,-,-,1,-,139',True
996897,Diego Gómez,TOTAL,37,10,1,10,-,"2,487'",True
