seleccion,seleccion_normalizada,player_id,nombre,posicion,fecha_nacimiento,edad,club_actual,valor_mercado_eur,href_perfil
Algeria,ALGERIA,283489,Luca Zidane,Goalkeeper,1998-05-13,28,Granada CF,1000000.0,/luca-zidane/profil/spieler/283489
Algeria,ALGERIA,437982,Oussama Benbout,Goalkeeper,1994-10-11,31,USM Alger,850000.0,/oussama-benbout/profil/spieler/437982
Algeria,ALGERIA,534398,Melvin Mastil,Goalkeeper,2000-02-19,26,FC Stade Nyonnais,250000.0,/melvin-mastil/profil/spieler/534398
Algeria,ALGERIA,284732,Ramy Bensebaini,Centre-Back,1995-04-16,31,Borussia Dortmund,7000000.0,/ramy-bensebaini/profil/spieler/284732
Algeria,ALGERIA,668167,Samir Chergui,Centre-Back,1999-02-06,27,Paris FC,3000000.0,/samir-chergui/profil/spieler/668167
Algeria,ALGERIA,625142,Zineddine Belaid,Centre-Back,1999-03-20,27,JS Kabylie,1800000.0,/zineddine-belaid/profil/spieler/625142
Algeria,ALGERIA,592396,Mohamed Amine Tougai,Centre-Back,2000-01-22,26,Esperance Tunis,1300000.0,/mohamed-amine-tougai/profil/spieler/592396
Algeria,ALGERIA,80293,Aïssa Mandi,Centre-Back,1991-10-22,34,LOSC Lille,1000000.0,/aissa-mandi/profil/spieler/80293
Algeria,ALGERIA,949929,Achref Abada,Centre-Back,1999-06-15,27,USM Alger,1000000.0,/achref-abada/profil/spieler/949929
Algeria,ALGERIA,578391,Rayan Aït-Nouri,Left-Back,2001-06-06,25,Manchester City,40000000.0,/rayan-ait-nouri/profil/spieler/578391
Algeria,ALGERIA,750903,Jaouen Hadjam,Left-Back,2003-03-26,23,BSC Young Boys,7000000.0,/jaouen-hadjam/profil/spieler/750903
Algeria,ALGERIA,864306,Rafik Belghali,Right-Back,2002-06-07,24,Hellas Verona,7000000.0,/rafik-belghali/profil/spieler/864306
Algeria,ALGERIA,416660,Ramiz Zerrouki,Defensive Midfield,1998-05-26,28,FC Twente Enschede,6500000.0,/ramiz-zerrouki/profil/spieler/416660
Algeria,ALGERIA,245537,Nabil Bentaleb,Defensive Midfield,1994-11-24,31,LOSC Lille,4500000.0,/nabil-bentaleb/profil/spieler/245537
Algeria,ALGERIA,560593,Hicham Boudaoui,Central Midfield,1999-09-23,26,OGC Nice,12000000.0,/hicham-boudaoui/profil/spieler/560593
Algeria,ALGERIA,748445,Yassine Titraoui,Central Midfield,2003-07-26,22,Royal Charleroi SC,7000000.0,/yassine-titraoui/profil/spieler/748445
Algeria,ALGERIA,905011,Ibrahim Maza,Attacking Midfield,2005-11-24,20,Bayer 04 Leverkusen,45000000.0,/ibrahim-maza/profil/spieler/905011
Algeria,ALGERIA,855015,Farès Chaïbi,Attacking Midfield,2002-11-28,23,Eintracht Frankfurt,15000000.0,/fares-chaibi/profil/spieler/855015
Algeria,ALGERIA,395693,Houssem Aouar,Attacking Midfield,1998-06-30,27,Al-Ittihad Club,8000000.0,/houssem-aouar/profil/spieler/395693
Algeria,ALGERIA,748443,Adil Boulbina,Left Winger,2003-05-02,23,Al-Duhail SC,3000000.0,/adil-boulbina/profil/spieler/748443
Algeria,ALGERIA,917911,Anis Hadj Moussa,Right Winger,2002-02-11,24,Feyenoord Rotterdam,23000000.0,/anis-hadj-moussa/profil/spieler/917911
Algeria,ALGERIA,888738,Farès Ghedjemis,Right Winger,2002-09-06,23,Frosinone Calcio,7500000.0,/fares-ghedjemis/profil/spieler/888738
Algeria,ALGERIA,171424,Riyad Mahrez,Right Winger,1991-02-21,35,Al-Ahli SFC,5000000.0,/riyad-mahrez/profil/spieler/171424
Algeria,ALGERIA,418659,Amine Gouiri,Centre-Forward,2000-02-16,26,Olympique Marseille,28000000.0,/amine-gouiri/profil/spieler/418659
Algeria,ALGERIA,746910,Mohamed Amoura,Centre-Forward,2000-05-09,26,VfL Wolfsburg,20000000.0,/mohamed-amoura/profil/spieler/746910
Algeria,ALGERIA,840254,Nadhir Benbouali,Centre-Forward,2000-04-17,26,ETO FC,1200000.0,/nadhir-benbouali/profil/spieler/840254
Argentina,ARGENTINA,111873,Emiliano Martínez,Goalkeeper,1992-09-02,33,Aston Villa,12000000.0,/emiliano-martinez/profil/spieler/111873
Argentina,ARGENTINA,229604,Gerónimo Rulli,Goalkeeper,1992-05-20,34,Olympique Marseille,6000000.0,/geronimo-rulli/profil/spieler/229604
Argentina,ARGENTINA,242359,Juan Musso,Goalkeeper,1994-05-06,32,Atlético de Madrid,3000000.0,/juan-musso/profil/spieler/242359
Argentina,ARGENTINA,355915,Cristian Romero,Centre-Back,1998-04-27,28,Tottenham Hotspur,45000000.0,/cristian-romero/profil/spieler/355915
Argentina,ARGENTINA,480762,Lisandro Martínez,Centre-Back,1998-01-18,28,Manchester United,40000000.0,/lisandro-martinez/profil/spieler/480762
Argentina,ARGENTINA,469781,Marcos Senesi,Centre-Back,1997-05-10,29,AFC Bournemouth,25000000.0,/marcos-senesi/profil/spieler/469781
Argentina,ARGENTINA,474800,Facundo Medina,Centre-Back,1999-05-28,27,Olympique Marseille,18000000.0,/facundo-medina/profil/spieler/474800
Argentina,ARGENTINA,54781,Nicolás Otamendi,Centre-Back,1988-02-12,38,SL Benfica,1000000.0,/nicolas-otamendi/profil/spieler/54781
Argentina,ARGENTINA,131225,Nicolás Tagliafico,Left-Back,1992-08-31,33,Olympique Lyon,4000000.0,/nicolas-tagliafico/profil/spieler/131225
Argentina,ARGENTINA,424042,Nahuel Molina,Right-Back,1998-04-06,28,Atlético de Madrid,15000000.0,/nahuel-molina/profil/spieler/424042
Argentina,ARGENTINA,402733,Gonzalo Montiel,Right-Back,1997-01-01,29,CA River Plate,4500000.0,/gonzalo-montiel/profil/spieler/402733
Argentina,ARGENTINA,166237,Leandro Paredes,Defensive Midfield,1994-06-29,32,CA Boca Juniors,5000000.0,/leandro-paredes/profil/spieler/166237
Argentina,ARGENTINA,648195,Enzo Fernández,Central Midfield,2001-01-17,25,Chelsea FC,90000000.0,/enzo-fernandez/profil/spieler/648195
Argentina,ARGENTINA,534033,Alexis Mac Allister,Central Midfield,1998-12-24,27,Liverpool FC,70000000.0,/alexis-mac-allister/profil/spieler/534033
Argentina,ARGENTINA,849410,Valentín Barco,Central Midfield,2004-07-23,21,RC Strasbourg Alsace,40000000.0,/valentin-barco/profil/spieler/849410
Argentina,ARGENTINA,401578,Exequiel Palacios,Central Midfield,1998-10-05,27,Bayer 04 Leverkusen,25000000.0,/exequiel-palacios/profil/spieler/401578
Argentina,ARGENTINA,255901,Rodrigo De Paul,Central Midfield,1994-05-24,32,Inter Miami CF,14000000.0,/rodrigo-de-paul/profil/spieler/255901
Argentina,ARGENTINA,948294,Nico Paz,Attacking Midfield,2004-09-08,21,Como 1907,80000000.0,/nico-paz/profil/spieler/948294
Argentina,ARGENTINA,348795,Giovani Lo Celso,Attacking Midfield,1996-04-09,30,Real Betis Balompié,8000000.0,/giovani-lo-celso/profil/spieler/348795
Argentina,ARGENTINA,486031,Nico González,Left Winger,1998-04-06,28,Atlético de Madrid,22000000.0,/nico-gonzalez/profil/spieler/486031
Argentina,ARGENTINA,576028,Thiago Almada,Left Winger,2001-04-26,25,Atlético de Madrid,15000000.0,/thiago-almada/profil/spieler/576028
Argentina,ARGENTINA,742201,Giuliano Simeone,Right Winger,2002-12-18,23,Atlético de Madrid,40000000.0,/giuliano-simeone/profil/spieler/742201
Argentina,ARGENTINA,28003,Lionel Messi,Right Winger,1987-06-24,39,Inter Miami CF,15000000.0,/lionel-messi/profil/spieler/28003
Argentina,ARGENTINA,576024,Julián Alvarez,Centre-Forward,2000-01-31,26,Atlético de Madrid,100000000.0,/julian-alvarez/profil/spieler/576024
Argentina,ARGENTINA,406625,Lautaro Martínez,Centre-Forward,1997-08-22,28,Inter Milan,85000000.0,/lautaro-martinez/profil/spieler/406625
Argentina,ARGENTINA,844797,Flaco López,Centre-Forward,2000-12-06,25,Sociedade Esportiva Palmeiras,25000000.0,/flaco-lopez/profil/spieler/844797
Australia,AUSTRALIA,128969,Mathew Ryan,Goalkeeper,1992-04-08,34,Levante UD,1800000.0,/mathew-ryan/profil/spieler/128969
Australia,AUSTRALIA,983578,Patrick Beach,Goalkeeper,2003-08-06,22,Melbourne City FC,1000000.0,/patrick-beach/profil/spieler/983578
Australia,AUSTRALIA,181921,Paul Izzo,Goalkeeper,1995-01-06,31,Randers FC,500000.0,/paul-izzo/profil/spieler/181921
Australia,AUSTRALIA,867137,Alessandro Circati,Centre-Back,2003-10-10,22,Parma Calcio 1913,12000000.0,/alessandro-circati/profil/spieler/867137
Australia,AUSTRALIA,1279984,Lucas Herrington,Centre-Back,2007-09-05,18,Colorado Rapids,4500000.0,/lucas-herrington/profil/spieler/1279984
Australia,AUSTRALIA,298091,Harry Souttar,Centre-Back,1998-10-22,27,Leicester City,3500000.0,/harry-souttar/profil/spieler/298091
Australia,AUSTRALIA,255788,Cameron Burgess,Centre-Back,1995-10-21,30,Swansea City,1500000.0,/cameron-burgess/profil/spieler/255788
Australia,AUSTRALIA,187353,Milos Degenek,Centre-Back,1994-04-28,32,APOEL Nicosia,450000.0,/milos-degenek/profil/spieler/187353
Australia,AUSTRALIA,855731,Jordan Bos,Left-Back,2002-10-29,23,Feyenoord Rotterdam,12000000.0,/jordan-bos/profil/spieler/855731
Australia,AUSTRALIA,136834,Aziz Behich,Left-Back,1990-12-16,35,Melbourne City FC,250000.0,/aziz-behich/profil/spieler/136834
Australia,AUSTRALIA,545810,Jacob Italiano,Right-Back,2001-07-30,24,Grazer AK 1902,600000.0,/jacob-italiano/profil/spieler/545810
Australia,AUSTRALIA,185175,Jason Geria,Right-Back,1993-05-10,33,Albirex Niigata,350000.0,/jason-geria/profil/spieler/185175
Australia,AUSTRALIA,385918,Aiden O'Neill,Defensive Midfield,1998-07-04,27,New York City FC,3000000.0,/aiden-oneill/profil/spieler/385918
Australia,AUSTRALIA,691326,Kai Trewin,Defensive Midfield,2001-05-18,25,New York City FC,1800000.0,/kai-trewin/profil/spieler/691326
Australia,AUSTRALIA,1064377,Paul Okon-Engstler,Defensive Midfield,2005-01-24,21,Sydney FC,1200000.0,/paul-okon-engstler/profil/spieler/1064377
Australia,AUSTRALIA,399162,Cammy Devlin,Central Midfield,1998-06-07,28,Heart of Midlothian FC,2000000.0,/cammy-devlin/profil/spieler/399162
Australia,AUSTRALIA,522223,Connor Metcalfe,Central Midfield,1999-11-05,26,FC St. Pauli,1500000.0,/connor-metcalfe/profil/spieler/522223
Australia,AUSTRALIA,192557,Jackson Irvine,Central Midfield,1993-03-07,33,FC St. Pauli,1000000.0,/jackson-irvine/profil/spieler/192557
Australia,AUSTRALIA,265625,Ajdin Hrustic,Central Midfield,1996-07-05,29,Heracles Almelo,600000.0,/ajdin-hrustic/profil/spieler/265625
Australia,AUSTRALIA,746891,Cristian Volpato,Attacking Midfield,2003-11-15,22,US Sassuolo,10000000.0,/cristian-volpato/profil/spieler/746891
Australia,AUSTRALIA,888140,Nishan Velupillay,Left Winger,2001-05-07,25,Melbourne Victory,650000.0,/nishan-velupillay/profil/spieler/888140
Australia,AUSTRALIA,255729,Awer Mabil,Left Winger,1995-09-15,30,CD Castellón,500000.0,/awer-mabil/profil/spieler/255729
Australia,AUSTRALIA,126214,Mathew Leckie,Left Winger,1991-02-04,35,Melbourne City FC,300000.0,/mathew-leckie/profil/spieler/126214
Australia,AUSTRALIA,956920,Nestory Irankunda,Right Winger,2006-02-09,20,Watford FC,8000000.0,/nestory-irankunda/profil/spieler/956920
Australia,AUSTRALIA,742770,Mohamed Touré,Centre-Forward,2004-03-26,22,Norwich City,8000000.0,/mohamed-toure/profil/spieler/742770
Australia,AUSTRALIA,849429,Tete Yengi,Centre-Forward,2000-11-28,25,Machida Zelvia,450000.0,/tete-yengi/profil/spieler/849429
Austria,AUSTRIA,393999,Florian Wiegele,Goalkeeper,2001-03-21,25,FC Viktoria Plzen,2200000.0,/florian-wiegele/profil/spieler/393999
Austria,AUSTRIA,223972,Patrick Pentz,Goalkeeper,1997-01-02,29,Bröndby IF,2200000.0,/patrick-pentz/profil/spieler/223972
Austria,AUSTRIA,186374,Alexander Schlager,Goalkeeper,1996-02-01,30,Red Bull Salzburg,2000000.0,/alexander-schlager/profil/spieler/186374
Austria,AUSTRIA,452483,David Affengruber,Centre-Back,2001-03-19,25,Elche CF,20000000.0,/david-affengruber/profil/spieler/452483
Austria,AUSTRIA,263236,Kevin Danso,Centre-Back,1998-09-19,27,Tottenham Hotspur,20000000.0,/kevin-danso/profil/spieler/263236
Austria,AUSTRIA,225657,Philipp Lienhart,Centre-Back,1996-07-11,29,SC Freiburg,10000000.0,/philipp-lienhart/profil/spieler/225657
Austria,AUSTRIA,156990,Marco Friedl,Centre-Back,1998-03-16,28,SV Werder Bremen,10000000.0,/marco-friedl/profil/spieler/156990
Austria,AUSTRIA,223974,Stefan Posch,Centre-Back,1997-05-14,29,1.FSV Mainz 05,6000000.0,/stefan-posch/profil/spieler/223974
Austria,AUSTRIA,438961,Michael Svoboda,Centre-Back,1998-10-15,27,Venezia FC,3500000.0,/michael-svoboda/profil/spieler/438961
Austria,AUSTRIA,59016,David Alaba,Centre-Back,1992-06-24,34,Real Madrid,3000000.0,/david-alaba/profil/spieler/59016
Austria,AUSTRIA,127573,Phillipp Mwene,Left-Back,1994-01-29,32,1.FSV Mainz 05,1500000.0,/phillipp-mwene/profil/spieler/127573
Austria,AUSTRIA,223967,Konrad Laimer,Right-Back,1997-05-27,29,Bayern Munich,32000000.0,/konrad-laimer/profil/spieler/223967
Austria,AUSTRIA,404950,Nicolas Seiwald,Defensive Midfield,2001-05-04,25,RB Leipzig,25000000.0,/nicolas-seiwald/profil/spieler/404950
Austria,AUSTRIA,287188,Dejan Ljubicic,Defensive Midfield,1997-10-08,28,FC Schalke 04,3000000.0,/dejan-ljubicic/profil/spieler/287188
Austria,AUSTRIA,195736,Florian Grillitsch,Defensive Midfield,1995-08-07,30,SC Braga,2500000.0,/florian-grillitsch/profil/spieler/195736
Austria,AUSTRIA,900909,Paul Wanner,Central Midfield,2005-12-23,20,PSV Eindhoven,22000000.0,/paul-wanner/profil/spieler/900909
Austria,AUSTRIA,659459,Carney Chukwuemeka,Central Midfield,2003-10-20,22,Borussia Dortmund,20000000.0,/carney-chukwuemeka/profil/spieler/659459
Austria,AUSTRIA,223979,Xaver Schlager,Central Midfield,1997-09-28,28,RB Leipzig,10000000.0,/xaver-schlager/profil/spieler/223979
Austria,AUSTRIA,106987,Marcel Sabitzer,Central Midfield,1994-03-17,32,Borussia Dortmund,6000000.0,/marcel-sabitzer/profil/spieler/106987
Austria,AUSTRIA,118397,Alessandro Schöpf,Central Midfield,1994-02-07,32,Wolfsberger AC,800000.0,/alessandro-schopf/profil/spieler/118397
Austria,AUSTRIA,434116,Alexander Prass,Left Midfield,2001-05-26,25,TSG 1899 Hoffenheim,9000000.0,/alexander-prass/profil/spieler/434116
Austria,AUSTRIA,346853,Romano Schmid,Attacking Midfield,2000-01-27,26,SV Werder Bremen,15000000.0,/romano-schmid/profil/spieler/346853
Austria,AUSTRIA,533295,Patrick Wimmer,Right Winger,2001-05-30,25,VfL Wolfsburg,12000000.0,/patrick-wimmer/profil/spieler/533295
Austria,AUSTRIA,369567,Sasa Kalajdzic,Centre-Forward,1997-07-07,28,LASK,4000000.0,/sasa-kalajdzic/profil/spieler/369567
Austria,AUSTRIA,41384,Marko Arnautovic,Centre-Forward,1989-04-19,37,Red Star Belgrade,2000000.0,/marko-arnautovic/profil/spieler/41384
Austria,AUSTRIA,120205,Michael Gregoritsch,Centre-Forward,1994-04-18,32,FC Augsburg,1500000.0,/michael-gregoritsch/profil/spieler/120205
Belgium,BELGIUM,503883,Senne Lammens,Goalkeeper,2002-07-07,23,Manchester United,35000000.0,/senne-lammens/profil/spieler/503883
Belgium,BELGIUM,834397,Mike Penders,Goalkeeper,2005-07-31,20,RC Strasbourg Alsace,25000000.0,/mike-penders/profil/spieler/834397
Belgium,BELGIUM,108390,Thibaut Courtois,Goalkeeper,1992-05-11,34,Real Madrid,15000000.0,/thibaut-courtois/profil/spieler/108390
Belgium,BELGIUM,548193,Zeno Debast,Centre-Back,2003-10-24,22,Sporting CP,28000000.0,/zeno-debast/profil/spieler/548193
Belgium,BELGIUM,548254,Nathan Ngoy,Centre-Back,2003-06-10,23,LOSC Lille,25000000.0,/nathan-ngoy/profil/spieler/548254
Belgium,BELGIUM,490384,Koni De Winter,Centre-Back,2002-06-12,24,AC Milan,23000000.0,/koni-de-winter/profil/spieler/490384
Belgium,BELGIUM,368891,Arthur Theate,Centre-Back,2000-05-25,26,Eintracht Frankfurt,17000000.0,/arthur-theate/profil/spieler/368891
Belgium,BELGIUM,236168,Brandon Mechele,Centre-Back,1993-01-28,33,Club Brugge KV,2800000.0,/brandon-mechele/profil/spieler/236168
Belgium,BELGIUM,429915,Maxim De Cuyper,Left-Back,2000-12-22,25,Brighton & Hove Albion,22000000.0,/maxim-de-cuyper/profil/spieler/429915
Belgium,BELGIUM,981196,Joaquin Seys,Left-Back,2005-03-28,21,Club Brugge KV,20000000.0,/joaquin-seys/profil/spieler/981196
Belgium,BELGIUM,262226,Timothy Castagne,Right-Back,1995-12-05,30,Fulham FC,8000000.0,/timothy-castagne/profil/spieler/262226
Belgium,BELGIUM,100986,Thomas Meunier,Right-Back,1991-09-12,34,LOSC Lille,1500000.0,/thomas-meunier/profil/spieler/100986
Belgium,BELGIUM,485706,Amadou Onana,Defensive Midfield,2001-08-16,24,Aston Villa,45000000.0,/amadou-onana/profil/spieler/485706
Belgium,BELGIUM,422763,Nicolas Raskin,Defensive Midfield,2001-02-23,25,Rangers FC,12000000.0,/nicolas-raskin/profil/spieler/422763
Belgium,BELGIUM,35047,Axel Witsel,Defensive Midfield,1989-01-12,37,Girona FC,1200000.0,/axel-witsel/profil/spieler/35047
Belgium,BELGIUM,249565,Youri Tielemans,Central Midfield,1997-05-07,29,Aston Villa,30000000.0,/youri-tielemans/profil/spieler/249565
Belgium,BELGIUM,381950,Alexis Saelemaekers,Right Midfield,1999-06-27,27,AC Milan,20000000.0,/alexis-saelemaekers/profil/spieler/381950
Belgium,BELGIUM,655006,Diego Moreira,Left Midfield,2004-08-06,21,RC Strasbourg Alsace,25000000.0,/diego-moreira/profil/spieler/655006
Belgium,BELGIUM,435772,Charles De Ketelaere,Attacking Midfield,2001-03-10,25,Atalanta BC,30000000.0,/charles-de-ketelaere/profil/spieler/435772
Belgium,BELGIUM,88755,Kevin De Bruyne,Attacking Midfield,1991-06-28,35,SSC Napoli,8000000.0,/kevin-de-bruyne/profil/spieler/88755
Belgium,BELGIUM,137576,Hans Vanaken,Attacking Midfield,1992-08-24,33,Club Brugge KV,5000000.0,/hans-vanaken/profil/spieler/137576
Belgium,BELGIUM,486049,Jérémy Doku,Left Winger,2002-05-27,24,Manchester City,75000000.0,/jeremy-doku/profil/spieler/486049
Belgium,BELGIUM,144028,Leandro Trossard,Left Winger,1994-12-04,31,Arsenal FC,18000000.0,/leandro-trossard/profil/spieler/144028
Belgium,BELGIUM,303259,Dodi Lukébakio,Right Winger,1997-09-24,28,SL Benfica,15000000.0,/dodi-lukebakio/profil/spieler/303259
Belgium,BELGIUM,724129,Matias Fernandez-Pardo,Centre-Forward,2005-02-03,21,LOSC Lille,35000000.0,/matias-fernandez-pardo/profil/spieler/724129
Belgium,BELGIUM,96341,Romelu Lukaku,Centre-Forward,1993-05-13,33,SSC Napoli,6000000.0,/romelu-lukaku/profil/spieler/96341
Bosnia and Herzegovina,BOSNIA AND HERZEGOVINA,248454,Nikola Vasilj,Goalkeeper,1995-12-02,30,FC St. Pauli,4500000.0,/nikola-vasilj/profil/spieler/248454
Bosnia and Herzegovina,BOSNIA AND HERZEGOVINA,495320,Martin Zlomislic,Goalkeeper,1998-08-16,27,HNK Rijeka,2000000.0,/martin-zlomislic/profil/spieler/495320
Bosnia and Herzegovina,BOSNIA AND HERZEGOVINA,952692,Mladen Jurkas,Goalkeeper,2007-10-07,18,FK Borac Banja Luka,700000.0,/mladen-jurkas/profil/spieler/952692
Bosnia and Herzegovina,BOSNIA AND HERZEGOVINA,679423,Tarik Muharemović,Centre-Back,2003-02-28,23,US Sassuolo,25000000.0,/tarik-muharemovic/profil/spieler/679423
Bosnia and Herzegovina,BOSNIA AND HERZEGOVINA,94005,Sead Kolasinac,Centre-Back,1993-06-20,33,Atalanta BC,4000000.0,/sead-kolasinac/profil/spieler/94005
Bosnia and Herzegovina,BOSNIA AND HERZEGOVINA,384568,Stjepan Radeljic,Centre-Back,1997-09-05,28,HNK Rijeka,2800000.0,/stjepan-radeljic/profil/spieler/384568
Bosnia and Herzegovina,BOSNIA AND HERZEGOVINA,422051,Nikola Katic,Centre-Back,1996-10-10,29,FC Schalke 04,1800000.0,/nikola-katic/profil/spieler/422051
Bosnia and Herzegovina,BOSNIA AND HERZEGOVINA,380919,Nihad Mujakic,Centre-Back,1998-04-15,28,Gaziantep FK,1200000.0,/nihad-mujakic/profil/spieler/380919
Bosnia and Herzegovina,BOSNIA AND HERZEGOVINA,322065,Dennis Hadzikadunic,Centre-Back,1998-07-09,27,UC Sampdoria,1200000.0,/dennis-hadzikadunic/profil/spieler/322065
Bosnia and Herzegovina,BOSNIA AND HERZEGOVINA,519184,Amar Dedić,Right-Back,2002-08-18,23,SL Benfica,16000000.0,/amar-dedic/profil/spieler/519184
Bosnia and Herzegovina,BOSNIA AND HERZEGOVINA,805534,Arjan Malic,Right-Back,2005-08-28,20,SK Sturm Graz,1800000.0,/arjan-malic/profil/spieler/805534
Bosnia and Herzegovina,BOSNIA AND HERZEGOVINA,293213,Amir Hadziahmetovic,Defensive Midfield,1997-03-08,29,Hull City,4000000.0,/amir-hadziahmetovic/profil/spieler/293213
Bosnia and Herzegovina,BOSNIA AND HERZEGOVINA,226097,Ivan Šunjić,Defensive Midfield,1996-10-09,29,Pafos FC,2000000.0,/ivan-sunjic/profil/spieler/226097
Bosnia and Herzegovina,BOSNIA AND HERZEGOVINA,251295,Dzenis Burnic,Defensive Midfield,1998-05-22,28,Karlsruher SC,1200000.0,/dzenis-burnic/profil/spieler/251295
Bosnia and Herzegovina,BOSNIA AND HERZEGOVINA,787907,Benjamin Tahirović,Central Midfield,2003-03-03,23,Bröndby IF,4500000.0,/benjamin-tahirovic/profil/spieler/787907
Bosnia and Herzegovina,BOSNIA AND HERZEGOVINA,651269,Armin Gigovic,Central Midfield,2002-04-06,24,BSC Young Boys,2500000.0,/armin-gigovic/profil/spieler/651269
Bosnia and Herzegovina,BOSNIA AND HERZEGOVINA,620560,Ivan Basic,Central Midfield,2002-04-30,24,FC Astana,1500000.0,/ivan-basic/profil/spieler/620560
Bosnia and Herzegovina,BOSNIA AND HERZEGOVINA,638990,Amar Memić,Right Midfield,2001-01-20,25,FC Viktoria Plzen,4500000.0,/amar-memic/profil/spieler/638990
Bosnia and Herzegovina,BOSNIA AND HERZEGOVINA,803049,Ermin Mahmic,Attacking Midfield,2005-03-14,21,FC Slovan Liberec,5000000.0,/ermin-mahmic/profil/spieler/803049
Bosnia and Herzegovina,BOSNIA AND HERZEGOVINA,929994,Kerim Alajbegovic,Left Winger,2007-09-21,18,Red Bull Salzburg,22000000.0,/kerim-alajbegovic/profil/spieler/929994
Bosnia and Herzegovina,BOSNIA AND HERZEGOVINA,925862,Esmir Bajraktarevic,Right Winger,2005-03-10,21,PSV Eindhoven,8000000.0,/esmir-bajraktarevic/profil/spieler/925862
Bosnia and Herzegovina,BOSNIA AND HERZEGOVINA,335457,Ermedin Demirovic,Centre-Forward,1998-03-25,28,VfB Stuttgart,22000000.0,/ermedin-demirovic/profil/spieler/335457
Bosnia and Herzegovina,BOSNIA AND HERZEGOVINA,203123,Haris Tabakovic,Centre-Forward,1994-06-20,32,Borussia Mönchengladbach,3500000.0,/haris-tabakovic/profil/spieler/203123
Bosnia and Herzegovina,BOSNIA AND HERZEGOVINA,457738,Jovo Lukić,Centre-Forward,1998-11-28,27,FC Universitatea Cluj,2200000.0,/jovo-lukic/profil/spieler/457738
Bosnia and Herzegovina,BOSNIA AND HERZEGOVINA,710969,Samed Bazdar,Centre-Forward,2004-01-31,22,Jagiellonia Bialystok,1500000.0,/samed-bazdar/profil/spieler/710969
Bosnia and Herzegovina,BOSNIA AND HERZEGOVINA,28396,Edin Dzeko,Centre-Forward,1986-03-17,40,FC Schalke 04,1000000.0,/edin-dzeko/profil/spieler/28396
Brazil,BRAZIL,105470,Alisson,Goalkeeper,1992-10-02,33,Liverpool FC,15000000.0,/alisson/profil/spieler/105470
Brazil,BRAZIL,238223,Ederson,Goalkeeper,1993-08-17,32,Fenerbahce,10000000.0,/ederson/profil/spieler/238223
Brazil,BRAZIL,69400,Weverton,Goalkeeper,1987-12-13,38,Grêmio Foot-Ball Porto Alegrense,700000.0,/weverton/profil/spieler/69400
Brazil,BRAZIL,435338,Gabriel,Centre-Back,1997-12-19,28,Arsenal FC,75000000.0,/gabriel/profil/spieler/435338
Brazil,BRAZIL,516716,Bremer,Centre-Back,1997-03-18,29,Juventus FC,35000000.0,/bremer/profil/spieler/516716
Brazil,BRAZIL,181767,Marquinhos,Centre-Back,1994-05-14,32,Paris Saint-Germain,28000000.0,/marquinhos/profil/spieler/181767
Brazil,BRAZIL,524481,Roger Ibañez,Centre-Back,1998-11-23,27,Al-Ahli SFC,18000000.0,/roger-ibanez/profil/spieler/524481
Brazil,BRAZIL,288431,Léo Pereira,Centre-Back,1996-01-31,30,CR Flamengo,12000000.0,/leo-pereira/profil/spieler/288431
Brazil,BRAZIL,145707,Danilo,Centre-Back,1991-07-15,34,CR Flamengo,2000000.0,/danilo/profil/spieler/145707
Brazil,BRAZIL,220793,Douglas Santos,Left-Back,1994-03-22,32,Zenit St. Petersburg,7500000.0,/douglas-santos/profil/spieler/220793
Brazil,BRAZIL,79960,Alex Sandro,Left-Back,1991-01-26,35,CR Flamengo,1000000.0,/alex-sandro/profil/spieler/79960
Brazil,BRAZIL,225693,Fabinho,Defensive Midfield,1993-10-23,32,Al-Ittihad Club,12000000.0,/fabinho/profil/spieler/225693
Brazil,BRAZIL,16306,Casemiro,Defensive Midfield,1992-02-23,34,Manchester United,6000000.0,/casemiro/profil/spieler/16306
Brazil,BRAZIL,520624,Bruno Guimarães,Central Midfield,1997-11-16,28,Newcastle United,70000000.0,/bruno-guimaraes/profil/spieler/520624
Brazil,BRAZIL,607854,Éderson,Central Midfield,1999-07-07,26,Atalanta BC,45000000.0,/ederson/profil/spieler/607854
Brazil,BRAZIL,808509,Danilo,Central Midfield,2001-04-29,25,Botafogo de Futebol e Regatas,32000000.0,/danilo/profil/spieler/808509
Brazil,BRAZIL,444523,Lucas Paquetá,Attacking Midfield,1997-08-27,28,CR Flamengo,32000000.0,/lucas-paqueta/profil/spieler/444523
Brazil,BRAZIL,68290,Neymar,Attacking Midfield,1992-02-05,34,Santos FC,8000000.0,/neymar/profil/spieler/68290
Brazil,BRAZIL,371998,Vinicius Junior,Left Winger,2000-07-12,25,Real Madrid,140000000.0,/vinicius-junior/profil/spieler/371998
Brazil,BRAZIL,411295,Raphinha,Left Winger,1996-12-14,29,FC Barcelona,70000000.0,/raphinha/profil/spieler/411295
Brazil,BRAZIL,655488,Gabriel Martinelli,Left Winger,2001-06-18,25,Arsenal FC,45000000.0,/gabriel-martinelli/profil/spieler/655488
Brazil,BRAZIL,1012564,Rayan,Right Winger,2006-08-03,19,AFC Bournemouth,60000000.0,/rayan/profil/spieler/1012564
Brazil,BRAZIL,800175,Luiz Henrique,Right Winger,2001-01-02,25,Zenit St. Petersburg,24000000.0,/luiz-henrique/profil/spieler/800175
Brazil,BRAZIL,517894,Matheus Cunha,Centre-Forward,1999-05-27,27,Manchester United,75000000.0,/matheus-cunha/profil/spieler/517894
Brazil,BRAZIL,739443,Igor Thiago,Centre-Forward,2001-06-26,25,Brentford FC,65000000.0,/igor-thiago/profil/spieler/739443
Brazil,BRAZIL,971570,Endrick,Centre-Forward,2006-07-21,19,Olympique Lyon,40000000.0,/endrick/profil/spieler/971570
Canada,CANADA,439750,Dayne St. Clair,Goalkeeper,1997-05-09,29,Inter Miami CF,3500000.0,/dayne-st-clair/profil/spieler/439750
Canada,CANADA,189014,Maxime Crépeau,Goalkeeper,1994-05-11,32,Orlando City SC,1800000.0,/maxime-crepeau/profil/spieler/189014
Canada,CANADA,814848,Owen Goodman,Goalkeeper,2003-11-27,22,Barnsley FC,550000.0,/owen-goodman/profil/spieler/814848
Canada,CANADA,1089202,Moïse Bombito,Centre-Back,2000-03-30,26,OGC Nice,7000000.0,/moise-bombito/profil/spieler/1089202
Canada,CANADA,340990,Alfie Jones,Centre-Back,1997-10-07,28,Middlesbrough FC,6000000.0,/alfie-jones/profil/spieler/340990
Canada,CANADA,328609,Derek Cornelius,Centre-Back,1997-11-25,28,Olympique Marseille,2500000.0,/derek-cornelius/profil/spieler/328609
Canada,CANADA,441738,Joel Waterman,Centre-Back,1996-01-24,30,Chicago Fire FC,2000000.0,/joel-waterman/profil/spieler/441738
Canada,CANADA,921995,Luc De Fougerolles,Centre-Back,2005-10-12,20,FCV Dender EH,1000000.0,/luc-de-fougerolles/profil/spieler/921995
Canada,CANADA,424204,Alphonso Davies,Left-Back,2000-11-02,25,Bayern Munich,40000000.0,/alphonso-davies/profil/spieler/424204
Canada,CANADA,637446,Alistair Johnston,Right-Back,1998-10-08,27,Celtic FC,8000000.0,/alistair-johnston/profil/spieler/637446
Canada,CANADA,417348,Richie Laryea,Right-Back,1995-01-07,31,Toronto FC,1000000.0,/richie-laryea/profil/spieler/417348
Canada,CANADA,1045375,Niko Sigur,Defensive Midfield,2003-09-09,22,HNK Hajduk Split,4000000.0,/niko-sigur/profil/spieler/1045375
Canada,CANADA,921655,Ismaël Koné,Central Midfield,2002-06-16,24,US Sassuolo,25000000.0,/ismael-kone/profil/spieler/921655
Canada,CANADA,842420,Nathan-Dylan Saliba,Central Midfield,2004-02-07,22,RSC Anderlecht,7500000.0,/nathan-dylan-saliba/profil/spieler/842420
Canada,CANADA,512913,Stephen Eustaquio,Central Midfield,1996-12-21,29,Los Angeles FC,6000000.0,/stephen-eustaquio/profil/spieler/512913
Canada,CANADA,260807,Jonathan Osorio,Central Midfield,1992-06-12,34,Toronto FC,1000000.0,/jonathan-osorio/profil/spieler/260807
Canada,CANADA,589006,Mathieu Choinière,Central Midfield,1999-02-07,27,Los Angeles FC,800000.0,/mathieu-choiniere/profil/spieler/589006
Canada,CANADA,995642,Ali Ahmed,Left Midfield,2000-10-10,25,Norwich City,5000000.0,/ali-ahmed/profil/spieler/995642
Canada,CANADA,487417,Liam Millar,Left Winger,1999-09-27,26,Hull City,3000000.0,/liam-millar/profil/spieler/487417
Canada,CANADA,637632,Jacob Shaffelburg,Left Winger,1999-11-26,26,Los Angeles FC,2500000.0,/jacob-shaffelburg/profil/spieler/637632
Canada,CANADA,635445,Jayden Nelson,Left Winger,2002-09-26,23,Austin FC,2000000.0,/jayden-nelson/profil/spieler/635445
Canada,CANADA,638793,Tajon Buchanan,Right Winger,1999-02-08,27,Villarreal CF,12000000.0,/tajon-buchanan/profil/spieler/638793
Canada,CANADA,533738,Jonathan David,Centre-Forward,2000-01-14,26,Juventus FC,30000000.0,/jonathan-david/profil/spieler/533738
Canada,CANADA,888785,Promise David,Centre-Forward,2001-07-03,24,Union Saint-Gilloise,17000000.0,/promise-david/profil/spieler/888785
Canada,CANADA,972465,Tani Oluwaseyi,Centre-Forward,2000-05-15,26,Villarreal CF,7000000.0,/tani-oluwaseyi/profil/spieler/972465
Canada,CANADA,343463,Cyle Larin,Centre-Forward,1995-04-17,31,Southampton FC,2500000.0,/cyle-larin/profil/spieler/343463
Cape Verde,CAPE VERDE,532096,CJ dos Santos,Goalkeeper,2000-08-24,25,San Diego FC,1000000.0,/cj-dos-santos/profil/spieler/532096
Cape Verde,CAPE VERDE,398048,Márcio Rosa,Goalkeeper,1997-02-23,29,Montana,350000.0,/marcio-rosa/profil/spieler/398048
Cape Verde,CAPE VERDE,242277,Vozinha,Goalkeeper,1986-06-03,40,GD Chaves,50000.0,/vozinha/profil/spieler/242277
Cape Verde,CAPE VERDE,484988,Logan Costa,Centre-Back,2001-04-01,25,Villarreal CF,15000000.0,/logan-costa/profil/spieler/484988
Cape Verde,CAPE VERDE,349570,Diney Borges,Centre-Back,1995-01-17,31,Al-Bataeh CSC,900000.0,/diney-borges/profil/spieler/349570
Cape Verde,CAPE VERDE,662119,Kelvin Pires,Centre-Back,2000-06-05,26,SJK Seinäjoki,400000.0,/kelvin-pires/profil/spieler/662119
Cape Verde,CAPE VERDE,166158,Roberto Lopes,Centre-Back,1992-06-17,34,Shamrock Rovers,250000.0,/roberto-lopes/profil/spieler/166158
Cape Verde,CAPE VERDE,80486,Stopira,Centre-Back,1988-05-20,38,SC União Torreense,50000.0,/stopira/profil/spieler/80486
Cape Verde,CAPE VERDE,611855,Sidny Lopes Cabral,Left-Back,2002-09-18,23,SL Benfica,4000000.0,/sidny-lopes-cabral/profil/spieler/611855
Cape Verde,CAPE VERDE,1072017,Wagner Pina,Right-Back,2002-11-03,23,Trabzonspor,11000000.0,/wagner-pina/profil/spieler/1072017
Cape Verde,CAPE VERDE,203517,Steven Moreira,Right-Back,1994-08-13,31,Columbus Crew,1500000.0,/steven-moreira/profil/spieler/203517
Cape Verde,CAPE VERDE,544586,Kevin Pina,Defensive Midfield,1997-01-27,29,FC Krasnodar,5000000.0,/kevin-pina/profil/spieler/544586
Cape Verde,CAPE VERDE,258513,Laros Duarte,Defensive Midfield,1997-02-28,29,Puskás Akadémia FC,1000000.0,/laros-duarte/profil/spieler/258513
Cape Verde,CAPE VERDE,623965,João Paulo,Defensive Midfield,1998-05-26,28,FCSB,900000.0,/joao-paulo/profil/spieler/623965
Cape Verde,CAPE VERDE,432852,Deroy Duarte,Central Midfield,1999-07-04,26,Ludogorets Razgrad,1800000.0,/deroy-duarte/profil/spieler/432852
Cape Verde,CAPE VERDE,272930,Jamiro Monteiro,Central Midfield,1993-11-23,32,PEC Zwolle,650000.0,/jamiro-monteiro/profil/spieler/272930
Cape Verde,CAPE VERDE,620307,Yannick Semedo,Central Midfield,1995-12-29,30,SC Farense,250000.0,/yannick-semedo/profil/spieler/620307
Cape Verde,CAPE VERDE,840836,Hélio Varela,Left Winger,2002-05-03,24,Maccabi Tel Aviv,2500000.0,/helio-varela/profil/spieler/840836
Cape Verde,CAPE VERDE,448466,Jovane Cabral,Left Winger,1998-06-14,28,CF Estrela Amadora,1000000.0,/jovane-cabral/profil/spieler/448466
Cape Verde,CAPE VERDE,531450,Willy Semedo,Left Winger,1994-04-27,32,Omonia Nicosia,1000000.0,/willy-semedo/profil/spieler/531450
Cape Verde,CAPE VERDE,111627,Ryan Mendes,Left Winger,1990-01-08,36,Igdir FK,200000.0,/ryan-mendes/profil/spieler/111627
Cape Verde,CAPE VERDE,791528,Telmo Arcanjo,Right Winger,2001-06-21,25,Vitória Guimarães SC,3000000.0,/telmo-arcanjo/profil/spieler/791528
Cape Verde,CAPE VERDE,170895,Garry Rodrigues,Right Winger,1990-11-27,35,Apollon Limassol,300000.0,/garry-rodrigues/profil/spieler/170895
Cape Verde,CAPE VERDE,820252,Gilson Benchimol,Centre-Forward,2001-12-29,24,Akron Tolyatti,1200000.0,/gilson-benchimol/profil/spieler/820252
Cape Verde,CAPE VERDE,676411,Dailon Livramento,Centre-Forward,2001-05-04,25,Casa Pia AC,800000.0,/dailon-livramento/profil/spieler/676411
Cape Verde,CAPE VERDE,306166,Nuno da Costa,Centre-Forward,1991-02-10,35,Basaksehir FK,400000.0,/nuno-da-costa/profil/spieler/306166
Colombia,COLOMBIA,292985,Álvaro Montero,Goalkeeper,1995-03-29,31,CA Vélez Sarsfield,2500000.0,/alvaro-montero/profil/spieler/292985
Colombia,COLOMBIA,74113,Camilo Vargas,Goalkeeper,1989-03-09,37,Atlas Guadalajara,450000.0,/camilo-vargas/profil/spieler/74113
Colombia,COLOMBIA,73396,David Ospina,Goalkeeper,1988-08-31,37,Atlético Nacional,100000.0,/david-ospina/profil/spieler/73396
Colombia,COLOMBIA,413565,Jhon Lucumí,Centre-Back,1998-06-26,28,Bologna FC 1909,22000000.0,/jhon-lucumi/profil/spieler/413565
Colombia,COLOMBIA,341429,Davinson Sánchez,Centre-Back,1996-06-12,30,Galatasaray,16000000.0,/davinson-sanchez/profil/spieler/341429
Colombia,COLOMBIA,609255,Willer Ditta,Centre-Back,1998-01-23,28,CD Cruz Azul,5500000.0,/willer-ditta/profil/spieler/609255
Colombia,COLOMBIA,289446,Yerry Mina,Centre-Back,1994-09-23,31,Cagliari Calcio,2500000.0,/yerry-mina/profil/spieler/289446
Colombia,COLOMBIA,332560,Deiver Machado,Left-Back,1993-09-02,32,FC Nantes,1800000.0,/deiver-machado/profil/spieler/332560
Colombia,COLOMBIA,262939,Johan Mojica,Left-Back,1992-08-21,33,RCD Mallorca,1500000.0,/johan-mojica/profil/spieler/262939
Colombia,COLOMBIA,493003,Daniel Muñoz,Right-Back,1996-05-26,30,Crystal Palace,22000000.0,/daniel-munoz/profil/spieler/493003
Colombia,COLOMBIA,120443,Santiago Arias,Right-Back,1992-01-13,34,CA Independiente,1200000.0,/santiago-arias/profil/spieler/120443
Colombia,COLOMBIA,735573,Richard Ríos,Defensive Midfield,2000-06-02,26,SL Benfica,25000000.0,/richard-rios/profil/spieler/735573
Colombia,COLOMBIA,262980,Jefferson Lerma,Defensive Midfield,1994-10-25,31,Crystal Palace,6000000.0,/jefferson-lerma/profil/spieler/262980
Colombia,COLOMBIA,857948,Kevin Castaño,Defensive Midfield,2000-09-29,25,CA River Plate,5000000.0,/kevin-castano/profil/spieler/857948
Colombia,COLOMBIA,936981,Gustavo Puerta,Central Midfield,2003-07-23,22,Racing Santander,10000000.0,/gustavo-puerta/profil/spieler/936981
Colombia,COLOMBIA,585747,Juan Portilla,Central Midfield,1998-09-12,27,Club Athletico Paranaense,5000000.0,/juan-portilla/profil/spieler/585747
Colombia,COLOMBIA,354145,Jorge Carrascal,Attacking Midfield,1998-05-25,28,CR Flamengo,13000000.0,/jorge-carrascal/profil/spieler/354145
Colombia,COLOMBIA,122582,Juan Fernando Quintero,Attacking Midfield,1993-01-18,33,CA River Plate,1800000.0,/juan-fernando-quintero/profil/spieler/122582
Colombia,COLOMBIA,88103,James Rodríguez,Attacking Midfield,1991-07-12,34,Minnesota United FC,1500000.0,/james-rodriguez/profil/spieler/88103
Colombia,COLOMBIA,480692,Luis Díaz,Left Winger,1997-01-13,29,Bayern Munich,70000000.0,/luis-diaz/profil/spieler/480692
Colombia,COLOMBIA,957461,Andrés Gómez,Left Winger,2002-09-12,23,Clube de Regatas Vasco da Gama,11000000.0,/andres-gomez/profil/spieler/957461
Colombia,COLOMBIA,491553,Jáminton Campaz,Left Winger,2000-05-24,26,CA Rosario Central,5500000.0,/jaminton-campaz/profil/spieler/491553
Colombia,COLOMBIA,588989,Jhon Arias,Right Winger,1997-09-21,28,Sociedade Esportiva Palmeiras,15000000.0,/jhon-arias/profil/spieler/588989
Colombia,COLOMBIA,424784,Luis Suárez,Centre-Forward,1997-12-02,28,Sporting CP,30000000.0,/luis-suarez/profil/spieler/424784
Colombia,COLOMBIA,459463,Cucho Hernández,Centre-Forward,1999-04-20,27,Real Betis Balompié,18000000.0,/cucho-hernandez/profil/spieler/459463
Colombia,COLOMBIA,185245,Jhon Córdoba,Centre-Forward,1993-05-11,33,FC Krasnodar,10000000.0,/jhon-cordoba/profil/spieler/185245
Croatia,CROATIA,370997,Dominik Kotarski,Goalkeeper,2000-02-10,26,FC Copenhagen,5000000.0,/dominik-kotarski/profil/spieler/370997
Croatia,CROATIA,371013,Ivor Pandur,Goalkeeper,2000-03-25,26,Hull City,4500000.0,/ivor-pandur/profil/spieler/371013
Croatia,CROATIA,205927,Dominik Livakovic,Goalkeeper,1995-01-09,31,GNK Dinamo Zagreb,4000000.0,/dominik-livakovic/profil/spieler/205927
Croatia,CROATIA,475959,Josko Gvardiol,Centre-Back,2002-01-23,24,Manchester City,70000000.0,/josko-gvardiol/profil/spieler/475959
Croatia,CROATIA,892160,Luka Vuskovic,Centre-Back,2007-02-24,19,Hamburger SV,60000000.0,/luka-vuskovic/profil/spieler/892160
Croatia,CROATIA,371001,Josip Sutalo,Centre-Back,2000-02-28,26,Ajax Amsterdam,12000000.0,/josip-sutalo/profil/spieler/371001
Croatia,CROATIA,282144,Marin Pongracic,Centre-Back,1997-09-11,28,ACF Fiorentina,6500000.0,/marin-pongracic/profil/spieler/282144
Croatia,CROATIA,357003,Martin Erlić,Centre-Back,1998-01-24,28,FC Midtjylland,4000000.0,/martin-erlic/profil/spieler/357003
Croatia,CROATIA,238266,Duje Caleta-Car,Centre-Back,1996-09-17,29,Real Sociedad,2800000.0,/duje-caleta-car/profil/spieler/238266
Croatia,CROATIA,483046,Josip Stanisic,Right-Back,2000-04-02,26,Bayern Munich,40000000.0,/josip-stanisic/profil/spieler/483046
Croatia,CROATIA,316934,Nikola Moro,Defensive Midfield,1998-03-12,28,Bologna FC 1909,7000000.0,/nikola-moro/profil/spieler/316934
Croatia,CROATIA,374954,Kristijan Jakic,Defensive Midfield,1997-05-14,29,FC Augsburg,6000000.0,/kristijan-jakic/profil/spieler/374954
Croatia,CROATIA,668207,Petar Sučić,Central Midfield,2003-10-25,22,Inter Milan,40000000.0,/petar-sucic/profil/spieler/668207
Croatia,CROATIA,51471,Mateo Kovacic,Central Midfield,1994-05-06,32,Manchester City,10000000.0,/mateo-kovacic/profil/spieler/51471
Croatia,CROATIA,502722,Luka Sucic,Central Midfield,2002-09-08,23,Real Sociedad,10000000.0,/luka-sucic/profil/spieler/502722
Croatia,CROATIA,205938,Mario Pašalić,Central Midfield,1995-02-09,31,Atalanta BC,6000000.0,/mario-pasalic/profil/spieler/205938
Croatia,CROATIA,27992,Luka Modrić,Central Midfield,1985-09-09,40,AC Milan,3500000.0,/luka-modric/profil/spieler/27992
Croatia,CROATIA,580451,Martin Baturina,Attacking Midfield,2003-02-16,23,Como 1907,30000000.0,/martin-baturina/profil/spieler/580451
Croatia,CROATIA,293200,Nikola Vlašić,Attacking Midfield,1997-10-04,28,Torino FC,10000000.0,/nikola-vlasic/profil/spieler/293200
Croatia,CROATIA,432758,Toni Fruk,Attacking Midfield,2001-03-09,25,HNK Rijeka,9000000.0,/toni-fruk/profil/spieler/432758
Croatia,CROATIA,46580,Andrej Kramaric,Attacking Midfield,1991-06-19,35,TSG 1899 Hoffenheim,2500000.0,/andrej-kramaric/profil/spieler/46580
Croatia,CROATIA,42460,Ivan Perišić,Left Winger,1989-02-02,37,PSV Eindhoven,1200000.0,/ivan-perisic/profil/spieler/42460
Croatia,CROATIA,395928,Marco Pašalić,Right Winger,2000-09-14,25,Orlando City SC,6500000.0,/marco-pasalic/profil/spieler/395928
Croatia,CROATIA,605268,Igor Matanovic,Centre-Forward,2003-03-31,23,SC Freiburg,22000000.0,/igor-matanovic/profil/spieler/605268
Croatia,CROATIA,387110,Petar Musa,Centre-Forward,1998-03-04,28,FC Dallas,12000000.0,/petar-musa/profil/spieler/387110
Croatia,CROATIA,46413,Ante Budimir,Centre-Forward,1991-07-22,34,CA Osasuna,2800000.0,/ante-budimir/profil/spieler/46413
Curaçao,CURAÇAO,79294,Eloy Room,Goalkeeper,1989-02-06,37,Miami FC,150000.0,/eloy-room/profil/spieler/79294
Curaçao,CURAÇAO,390814,Trevor Doornbusch,Goalkeeper,1999-07-06,26,VVV-Venlo,50000.0,/trevor-doornbusch/profil/spieler/390814
Curaçao,CURAÇAO,663961,Tyrick Bodak,Goalkeeper,2002-05-15,24,SC Telstar,25000.0,/tyrick-bodak/profil/spieler/663961
Curaçao,CURAÇAO,339337,Armando Obispo,Centre-Back,1999-03-05,27,PSV Eindhoven,4000000.0,/armando-obispo/profil/spieler/339337
Curaçao,CURAÇAO,216443,Riechedly Bazoer,Centre-Back,1996-10-12,29,Konyaspor,1500000.0,/riechedly-bazoer/profil/spieler/216443
Curaçao,CURAÇAO,708989,Deveron Fonville,Centre-Back,2003-05-16,23,NEC Nijmegen,1500000.0,/deveron-fonville/profil/spieler/708989
Curaçao,CURAÇAO,401029,Roshon van Eijma,Centre-Back,1998-06-09,28,RKC Waalwijk,375000.0,/roshon-van-eijma/profil/spieler/401029
Curaçao,CURAÇAO,328455,Juriën Gaari,Centre-Back,1993-12-23,32,Abha Club,350000.0,/jurien-gaari/profil/spieler/328455
Curaçao,CURAÇAO,315211,Sherel Floranus,Left-Back,1998-08-23,27,PEC Zwolle,800000.0,/sherel-floranus/profil/spieler/315211
Curaçao,CURAÇAO,412937,Shurandy Sambo,Right-Back,2001-08-19,24,Sparta Rotterdam,1300000.0,/shurandy-sambo/profil/spieler/412937
Curaçao,CURAÇAO,207006,Joshua Brenet,Right-Back,1994-03-20,32,Kayserispor,1000000.0,/joshua-brenet/profil/spieler/207006
Curaçao,CURAÇAO,626764,Livano Comenencia,Right-Back,2004-02-03,22,FC Zürich,500000.0,/livano-comenencia/profil/spieler/626764
Curaçao,CURAÇAO,433933,Kevin Felida,Defensive Midfield,1999-11-11,26,FC Den Bosch,400000.0,/kevin-felida/profil/spieler/433933
Curaçao,CURAÇAO,393241,Godfried Roemeratoe,Defensive Midfield,1999-08-19,26,RKC Waalwijk,350000.0,/godfried-roemeratoe/profil/spieler/393241
Curaçao,CURAÇAO,348863,Juninho Bacuna,Central Midfield,1997-08-07,28,FC Volendam,1700000.0,/juninho-bacuna/profil/spieler/348863
Curaçao,CURAÇAO,126014,Leandro Bacuna,Central Midfield,1991-08-21,34,Igdir FK,250000.0,/leandro-bacuna/profil/spieler/126014
Curaçao,CURAÇAO,708005,Tyrese Noslin,Right Midfield,2002-09-11,23,SC Telstar,750000.0,/tyrese-noslin/profil/spieler/708005
Curaçao,CURAÇAO,344830,Tahith Chong,Attacking Midfield,1999-12-04,26,Sheffield United,3500000.0,/tahith-chong/profil/spieler/344830
Curaçao,CURAÇAO,538958,Jearl Margaritha,Left Winger,2000-04-10,26,SK Beveren,1000000.0,/jearl-margaritha/profil/spieler/538958
Curaçao,CURAÇAO,594273,Jeremy Antonisse,Left Winger,2002-03-29,24,AE Kifisia,800000.0,/jeremy-antonisse/profil/spieler/594273
Curaçao,CURAÇAO,374889,Kenji Gorré,Left Winger,1994-09-29,31,Maccabi Haifa,600000.0,/kenji-gorre/profil/spieler/374889
Curaçao,CURAÇAO,485582,Sontje Hansen,Right Winger,2002-05-18,24,Middlesbrough FC,3500000.0,/sontje-hansen/profil/spieler/485582
Curaçao,CURAÇAO,572519,Ar'jany Martha,Right Winger,2003-09-04,22,Rotherham United,700000.0,/arjany-martha/profil/spieler/572519
Curaçao,CURAÇAO,232219,Brandley Kuwas,Right Winger,1992-09-19,33,FC Volendam,250000.0,/brandley-kuwas/profil/spieler/232219
Curaçao,CURAÇAO,240752,Gervane Kastaneer,Centre-Forward,1996-06-09,30,Terengganu FC,225000.0,/gervane-kastaneer/profil/spieler/240752
Curaçao,CURAÇAO,166240,Jürgen Locadia,Centre-Forward,1993-11-07,32,Miami FC,200000.0,/jurgen-locadia/profil/spieler/166240
Czech Republic,CZECH REPUBLIC,629773,Lukas Hornicek,Goalkeeper,2002-07-13,23,SC Braga,18000000.0,/lukas-hornicek/profil/spieler/629773
Czech Republic,CZECH REPUBLIC,550829,Matej Kovar,Goalkeeper,2000-05-17,26,PSV Eindhoven,8000000.0,/matej-kovar/profil/spieler/550829
Czech Republic,CZECH REPUBLIC,242089,Jindrich Stanek,Goalkeeper,1996-04-27,30,SK Slavia Prague,2000000.0,/jindrich-stanek/profil/spieler/242089
Czech Republic,CZECH REPUBLIC,345911,Ladislav Krejčí,Centre-Back,1999-04-20,27,Wolverhampton Wanderers,22000000.0,/ladislav-krejci/profil/spieler/345911
Czech Republic,CZECH REPUBLIC,620217,Robin Hranac,Centre-Back,2000-01-29,26,TSG 1899 Hoffenheim,10000000.0,/robin-hranac/profil/spieler/620217
Czech Republic,CZECH REPUBLIC,944827,Stepan Chaloupek,Centre-Back,2003-03-08,23,SK Slavia Prague,10000000.0,/stepan-chaloupek/profil/spieler/944827
Czech Republic,CZECH REPUBLIC,544149,David Zima,Centre-Back,2000-11-08,25,SK Slavia Prague,7000000.0,/david-zima/profil/spieler/544149
Czech Republic,CZECH REPUBLIC,216278,Tomas Holes,Centre-Back,1993-03-31,33,SK Slavia Prague,1000000.0,/tomas-holes/profil/spieler/216278
Czech Republic,CZECH REPUBLIC,142219,Jaroslav Zelený,Centre-Back,1992-08-20,33,AC Sparta Prague,600000.0,/jaroslav-zeleny/profil/spieler/142219
Czech Republic,CZECH REPUBLIC,500054,David Jurásek,Left-Back,2000-08-07,25,SK Slavia Prague,5000000.0,/david-jurasek/profil/spieler/500054
Czech Republic,CZECH REPUBLIC,157672,Vladimír Coufal,Right-Back,1992-08-22,33,TSG 1899 Hoffenheim,2500000.0,/vladimir-coufal/profil/spieler/157672
Czech Republic,CZECH REPUBLIC,283628,Tomáš Souček,Defensive Midfield,1995-02-27,31,West Ham United,10000000.0,/tomas-soucek/profil/spieler/283628
Czech Republic,CZECH REPUBLIC,321204,Michal Sadílek,Central Midfield,1999-05-31,27,SK Slavia Prague,8000000.0,/michal-sadilek/profil/spieler/321204
Czech Republic,CZECH REPUBLIC,611049,Lukas Cerv,Central Midfield,2001-04-10,25,FC Viktoria Plzen,6000000.0,/lukas-cerv/profil/spieler/611049
Czech Republic,CZECH REPUBLIC,1206877,Hugo Sochurek,Central Midfield,2008-06-07,18,AC Sparta Prague,3500000.0,/hugo-sochurek/profil/spieler/1206877
Czech Republic,CZECH REPUBLIC,826103,Alexandr Sojka,Central Midfield,2003-04-02,23,FC Viktoria Plzen,2300000.0,/alexandr-sojka/profil/spieler/826103
Czech Republic,CZECH REPUBLIC,179643,Vladimír Darida,Central Midfield,1990-08-08,35,FC Hradec Kralove,375000.0,/vladimir-darida/profil/spieler/179643
Czech Republic,CZECH REPUBLIC,493758,David Doudera,Right Midfield,1998-05-31,28,SK Slavia Prague,3500000.0,/david-doudera/profil/spieler/493758
Czech Republic,CZECH REPUBLIC,500053,Pavel Sulc,Attacking Midfield,2000-12-29,25,Olympique Lyon,20000000.0,/pavel-sulc/profil/spieler/500053
Czech Republic,CZECH REPUBLIC,652060,Denis Visinsky,Attacking Midfield,2003-03-21,23,FC Viktoria Plzen,3000000.0,/denis-visinsky/profil/spieler/652060
Czech Republic,CZECH REPUBLIC,292779,Lukas Provod,Left Winger,1996-10-23,29,SK Slavia Prague,8000000.0,/lukas-provod/profil/spieler/292779
Czech Republic,CZECH REPUBLIC,242086,Patrik Schick,Centre-Forward,1996-01-24,30,Bayer 04 Leverkusen,18000000.0,/patrik-schick/profil/spieler/242086
Czech Republic,CZECH REPUBLIC,552057,Adam Hlozek,Centre-Forward,2002-07-25,23,TSG 1899 Hoffenheim,10000000.0,/adam-hlozek/profil/spieler/552057
Czech Republic,CZECH REPUBLIC,405855,Mojmír Chytil,Centre-Forward,1999-04-29,27,SK Slavia Prague,4000000.0,/mojmir-chytil/profil/spieler/405855
Czech Republic,CZECH REPUBLIC,334802,Jan Kuchta,Centre-Forward,1997-01-08,29,AC Sparta Prague,2700000.0,/jan-kuchta/profil/spieler/334802
Czech Republic,CZECH REPUBLIC,198614,Tomas Chory,Centre-Forward,1995-01-26,31,SK Slavia Prague,2700000.0,/tomas-chory/profil/spieler/198614
Democratic Republic of the Congo,DEMOCRATIC REPUBLIC OF THE CONGO,680218,Matthieu Epolo,Goalkeeper,2005-01-15,21,Standard Liège,8000000.0,/matthieu-epolo/profil/spieler/680218
Democratic Republic of the Congo,DEMOCRATIC REPUBLIC OF THE CONGO,541420,Timothy Fayulu,Goalkeeper,1999-07-24,26,FC Noah Yerevan,800000.0,/timothy-fayulu/profil/spieler/541420
Democratic Republic of the Congo,DEMOCRATIC REPUBLIC OF THE CONGO,164915,Lionel Mpasi-Nzau,Goalkeeper,1994-08-01,31,Le Havre AC,400000.0,/lionel-mpasi-nzau/profil/spieler/164915
Democratic Republic of the Congo,DEMOCRATIC REPUBLIC OF THE CONGO,342046,Axel Tuanzebe,Centre-Back,1997-11-14,28,Burnley FC,5000000.0,/axel-tuanzebe/profil/spieler/342046
Democratic Republic of the Congo,DEMOCRATIC REPUBLIC OF THE CONGO,679709,Steve Kapuadi,Centre-Back,1998-04-30,28,Widzew Lodz,2500000.0,/steve-kapuadi/profil/spieler/679709
Democratic Republic of the Congo,DEMOCRATIC REPUBLIC OF THE CONGO,203348,Chancel Mbemba,Centre-Back,1994-08-08,31,LOSC Lille,2000000.0,/chancel-mbemba/profil/spieler/203348
Democratic Republic of the Congo,DEMOCRATIC REPUBLIC OF THE CONGO,289432,Dylan Batubinsika,Centre-Back,1996-02-15,30,AE Larisa,600000.0,/dylan-batubinsika/profil/spieler/289432
Democratic Republic of the Congo,DEMOCRATIC REPUBLIC OF THE CONGO,129586,Joris Kayembe,Left-Back,1994-08-08,31,KRC Genk,2000000.0,/joris-kayembe/profil/spieler/129586
Democratic Republic of the Congo,DEMOCRATIC REPUBLIC OF THE CONGO,181380,Arthur Masuaku,Left-Back,1993-11-07,32,RC Lens,2000000.0,/arthur-masuaku/profil/spieler/181380
Democratic Republic of the Congo,DEMOCRATIC REPUBLIC OF THE CONGO,477758,Aaron Wan-Bissaka,Right-Back,1997-11-26,28,West Ham United,15000000.0,/aaron-wan-bissaka/profil/spieler/477758
Democratic Republic of the Congo,DEMOCRATIC REPUBLIC OF THE CONGO,395685,Gédéon Kalulu,Right-Back,1997-08-29,28,Aris Limassol,1000000.0,/gedeon-kalulu/profil/spieler/395685
Democratic Republic of the Congo,DEMOCRATIC REPUBLIC OF THE CONGO,1016015,Ngal'ayel Mukau,Defensive Midfield,2004-11-03,21,LOSC Lille,15000000.0,/ngalayel-mukau/profil/spieler/1016015
Democratic Republic of the Congo,DEMOCRATIC REPUBLIC OF THE CONGO,243879,Charles Pickel,Defensive Midfield,1997-05-15,29,RCD Espanyol Barcelona,2500000.0,/charles-pickel/profil/spieler/243879
Democratic Republic of the Congo,DEMOCRATIC REPUBLIC OF THE CONGO,727089,Noah Sadiki,Central Midfield,2004-12-17,21,Sunderland AFC,35000000.0,/noah-sadiki/profil/spieler/727089
Democratic Republic of the Congo,DEMOCRATIC REPUBLIC OF THE CONGO,486477,Edo Kayembe,Central Midfield,1998-06-03,28,Watford FC,4000000.0,/edo-kayembe/profil/spieler/486477
Democratic Republic of the Congo,DEMOCRATIC REPUBLIC OF THE CONGO,353403,Samuel Moutoussamy,Central Midfield,1996-08-12,29,Atromitos Athens,1200000.0,/samuel-moutoussamy/profil/spieler/353403
Democratic Republic of the Congo,DEMOCRATIC REPUBLIC OF THE CONGO,243633,Aaron Tshibola,Central Midfield,1995-01-02,31,Kilmarnock FC,150000.0,/aaron-tshibola/profil/spieler/243633
Democratic Republic of the Congo,DEMOCRATIC REPUBLIC OF THE CONGO,74297,Gaël Kakuta,Attacking Midfield,1991-06-21,35,AE Larisa,250000.0,/gael-kakuta/profil/spieler/74297
Democratic Republic of the Congo,DEMOCRATIC REPUBLIC OF THE CONGO,557614,Nathanaël Mbuku,Left Winger,2002-03-16,24,Montpellier HSC,2000000.0,/nathanael-mbuku/profil/spieler/557614
Democratic Republic of the Congo,DEMOCRATIC REPUBLIC OF THE CONGO,700565,Brian Cipenga,Left Winger,1998-03-11,28,CD Castellón,2000000.0,/brian-cipenga/profil/spieler/700565
Democratic Republic of the Congo,DEMOCRATIC REPUBLIC OF THE CONGO,280701,Théo Bongonda,Right Winger,1995-11-20,30,Spartak Moscow,3000000.0,/theo-bongonda/profil/spieler/280701
Democratic Republic of the Congo,DEMOCRATIC REPUBLIC OF THE CONGO,388165,Yoane Wissa,Centre-Forward,1996-09-03,29,Newcastle United,25000000.0,/yoane-wissa/profil/spieler/388165
Democratic Republic of the Congo,DEMOCRATIC REPUBLIC OF THE CONGO,344869,Simon Banza,Centre-Forward,1996-08-13,29,Al-Jazira Club,10000000.0,/simon-banza/profil/spieler/344869
Democratic Republic of the Congo,DEMOCRATIC REPUBLIC OF THE CONGO,727157,Fiston Mayele,Centre-Forward,1994-06-24,32,Pyramids FC,1800000.0,/fiston-mayele/profil/spieler/727157
Democratic Republic of the Congo,DEMOCRATIC REPUBLIC OF THE CONGO,423678,Meschack Elia,Centre-Forward,1997-08-06,28,Alanyaspor,1500000.0,/meschack-elia/profil/spieler/423678
Democratic Republic of the Congo,DEMOCRATIC REPUBLIC OF THE CONGO,127048,Cédric Bakambu,Centre-Forward,1991-04-11,35,Real Betis Balompié,1200000.0,/cedric-bakambu/profil/spieler/127048
Ecuador,ECUADOR,351941,Gonzalo Valle,Goalkeeper,1996-02-28,30,LDU Quito,1800000.0,/gonzalo-valle/profil/spieler/351941
Ecuador,ECUADOR,450233,Moisés Ramírez,Goalkeeper,2000-09-09,25,AE Kifisia,800000.0,/moises-ramirez/profil/spieler/450233
Ecuador,ECUADOR,77127,Hernán Galíndez,Goalkeeper,1987-03-30,39,CA Huracán,300000.0,/hernan-galindez/profil/spieler/77127
Ecuador,ECUADOR,661171,Willian Pacho,Centre-Back,2001-10-16,24,Paris Saint-Germain,80000000.0,/willian-pacho/profil/spieler/661171
Ecuador,ECUADOR,659813,Piero Hincapié,Centre-Back,2002-01-09,24,Arsenal FC,50000000.0,/piero-hincapie/profil/spieler/659813
Ecuador,ECUADOR,893661,Joel Ordóñez,Centre-Back,2004-04-21,22,Club Brugge KV,33000000.0,/joel-ordonez/profil/spieler/893661
Ecuador,ECUADOR,491616,Jackson Porozo,Centre-Back,2000-08-04,25,Club Tijuana,2500000.0,/jackson-porozo/profil/spieler/491616
Ecuador,ECUADOR,468174,Félix Torres,Centre-Back,1997-01-11,29,Sport Club Internacional,1000000.0,/felix-torres/profil/spieler/468174
Ecuador,ECUADOR,349599,Pervis Estupiñán,Left-Back,1998-01-21,28,AC Milan,12000000.0,/pervis-estupinan/profil/spieler/349599
Ecuador,ECUADOR,893659,Yaimar Medina,Left-Back,2004-11-05,21,KRC Genk,4000000.0,/yaimar-medina/profil/spieler/893659
Ecuador,ECUADOR,450241,Angelo Preciado,Right-Back,1998-02-18,28,Clube Atlético Mineiro,3500000.0,/angelo-preciado/profil/spieler/450241
Ecuador,ECUADOR,687626,Moisés Caicedo,Defensive Midfield,2001-11-02,24,Chelsea FC,100000000.0,/moises-caicedo/profil/spieler/687626
Ecuador,ECUADOR,598145,Jordy Alcívar,Defensive Midfield,1999-08-05,26,Independiente del Valle,2000000.0,/jordy-alcivar/profil/spieler/598145
Ecuador,ECUADOR,941418,Denil Castillo,Central Midfield,2004-03-24,22,FC Midtjylland,7000000.0,/denil-castillo/profil/spieler/941418
Ecuador,ECUADOR,659806,Pedro Vite,Central Midfield,2002-03-09,24,UNAM Pumas,6000000.0,/pedro-vite/profil/spieler/659806
Ecuador,ECUADOR,400960,Alan Franco,Central Midfield,1998-08-21,27,Clube Atlético Mineiro,4500000.0,/alan-franco/profil/spieler/400960
Ecuador,ECUADOR,1052439,Kendry Páez,Attacking Midfield,2007-05-04,19,CA River Plate,8000000.0,/kendry-paez/profil/spieler/1052439
Ecuador,ECUADOR,903611,Nilson Angulo,Left Winger,2003-06-19,23,Sunderland AFC,17000000.0,/nilson-angulo/profil/spieler/903611
Ecuador,ECUADOR,592735,Gonzalo Plata,Right Winger,2000-11-01,25,CR Flamengo,9000000.0,/gonzalo-plata/profil/spieler/592735
Ecuador,ECUADOR,897051,Alan Minda,Right Winger,2003-05-14,23,Clube Atlético Mineiro,3000000.0,/alan-minda/profil/spieler/897051
Ecuador,ECUADOR,974374,Anthony Valencia,Right Winger,2003-07-21,22,Royal Antwerp FC,1800000.0,/anthony-valencia/profil/spieler/974374
Ecuador,ECUADOR,439914,John Yeboah,Second Striker,2000-06-23,26,Venezia FC,5500000.0,/john-yeboah/profil/spieler/439914
Ecuador,ECUADOR,971663,Jeremy Arévalo,Centre-Forward,2005-03-19,21,VfB Stuttgart,7000000.0,/jeremy-arevalo/profil/spieler/971663
Ecuador,ECUADOR,684159,Kevin Rodríguez,Centre-Forward,2000-03-04,26,Union Saint-Gilloise,6000000.0,/kevin-rodriguez/profil/spieler/684159
Ecuador,ECUADOR,360412,Jordy Caicedo,Centre-Forward,1997-11-18,28,CA Huracán,2000000.0,/jordy-caicedo/profil/spieler/360412
Ecuador,ECUADOR,139503,Enner Valencia,Centre-Forward,1989-11-04,36,CF Pachuca,1000000.0,/enner-valencia/profil/spieler/139503
Egypt,EGYPT,661455,Oufa Shobeir,Goalkeeper,2000-05-15,26,Al Ahly FC,1200000.0,/oufa-shobeir/profil/spieler/661455
Egypt,EGYPT,1307898,Mohamed Alaa,Goalkeeper,1999-09-01,26,El Gouna FC,1200000.0,/mohamed-alaa/profil/spieler/1307898
Egypt,EGYPT,134573,Mohamed El Shenawy,Goalkeeper,1988-12-18,37,Al Ahly FC,500000.0,/mohamed-el-shenawy/profil/spieler/134573
Egypt,EGYPT,104951,El Mahdi Soliman,Goalkeeper,1987-06-08,39,Zamalek SC,150000.0,/el-mahdi-soliman/profil/spieler/104951
Egypt,EGYPT,566025,Mohamed Abdelmonem,Centre-Back,1999-02-01,27,OGC Nice,2500000.0,/mohamed-abdelmonem/profil/spieler/566025
Egypt,EGYPT,737524,Hossam Abdelmaguid,Centre-Back,2001-04-30,25,Zamalek SC,2000000.0,/hossam-abdelmaguid/profil/spieler/737524
Egypt,EGYPT,172623,Ramy Rabia,Centre-Back,1993-05-20,33,Al-Ain FC,600000.0,/ramy-rabia/profil/spieler/172623
Egypt,EGYPT,237425,Yasser Ibrahim,Centre-Back,1993-02-10,33,Al Ahly FC,275000.0,/yasser-ibrahim/profil/spieler/237425
Egypt,EGYPT,465966,Ahmed Fatouh,Left-Back,1998-03-22,28,Zamalek SC,1000000.0,/ahmed-fatouh/profil/spieler/465966
Egypt,EGYPT,333004,Karim Hafez,Left-Back,1996-03-12,30,Pyramids FC,700000.0,/karim-hafez/profil/spieler/333004
Egypt,EGYPT,343974,Mohamed Hany,Right-Back,1996-02-02,30,Al Ahly FC,1500000.0,/mohamed-hany/profil/spieler/343974
Egypt,EGYPT,1087789,Tarek Alaa,Right-Back,2002-01-05,24,Zed FC,250000.0,/tarek-alaa/profil/spieler/1087789
Egypt,EGYPT,734542,Marwan Ateya,Defensive Midfield,1998-08-01,27,Al Ahly FC,4000000.0,/marwan-ateya/profil/spieler/734542
Egypt,EGYPT,479682,Mohanad Lasheen,Defensive Midfield,1996-05-29,30,Pyramids FC,3000000.0,/mohanad-lasheen/profil/spieler/479682
Egypt,EGYPT,340303,Hamdy Fathy,Defensive Midfield,1994-09-29,31,Al-Wakrah SC,1800000.0,/hamdy-fathy/profil/spieler/340303
Egypt,EGYPT,479683,Nabil Dunga,Defensive Midfield,1996-04-06,30,Al-Najma SC,1000000.0,/nabil-dunga/profil/spieler/479683
Egypt,EGYPT,604008,Emam Ashour,Central Midfield,1998-02-20,28,Al Ahly FC,4000000.0,/emam-ashour/profil/spieler/604008
Egypt,EGYPT,729390,Mahmoud Saber,Central Midfield,2001-07-30,24,Zed FC,1500000.0,/mahmoud-saber/profil/spieler/729390
Egypt,EGYPT,234189,Trezeguet,Left Winger,1994-10-01,31,Al Ahly FC,4500000.0,/trezeguet/profil/spieler/234189
Egypt,EGYPT,677278,Ibrahim Adel,Left Winger,2001-04-23,25,FC Nordsjaelland,2500000.0,/ibrahim-adel/profil/spieler/677278
Egypt,EGYPT,896616,Mostafa Ziko,Left Winger,1997-04-27,29,Pyramids FC,1800000.0,/mostafa-ziko/profil/spieler/896616
Egypt,EGYPT,148455,Mohamed Salah,Right Winger,1992-06-15,34,Liverpool FC,22000000.0,/mohamed-salah/profil/spieler/148455
Egypt,EGYPT,620164,Haissem Hassan,Right Winger,2002-02-08,24,Real Oviedo,3500000.0,/haissem-hassan/profil/spieler/620164
Egypt,EGYPT,320722,Zizo,Right Winger,1996-01-10,30,Al Ahly FC,3500000.0,/zizo/profil/spieler/320722
Egypt,EGYPT,445939,Omar Marmoush,Centre-Forward,1999-02-07,27,Manchester City,50000000.0,/omar-marmoush/profil/spieler/445939
Egypt,EGYPT,1259085,Hamza Abdelkarim,Centre-Forward,2008-01-01,18,FC Barcelona U19,1500000.0,/hamza-abdelkarim/profil/spieler/1259085
England,ENGLAND,258919,Dean Henderson,Goalkeeper,1997-03-12,29,Crystal Palace,28000000.0,/dean-henderson/profil/spieler/258919
England,ENGLAND,566799,James Trafford,Goalkeeper,2002-10-10,23,Manchester City,25000000.0,/james-trafford/profil/spieler/566799
England,ENGLAND,130164,Jordan Pickford,Goalkeeper,1994-03-07,32,Everton FC,13000000.0,/jordan-pickford/profil/spieler/130164
England,ENGLAND,392757,Marc Guéhi,Centre-Back,2000-07-13,25,Manchester City,70000000.0,/marc-guehi/profil/spieler/392757
England,ENGLAND,632349,Jarell Quansah,Centre-Back,2003-01-29,23,Bayer 04 Leverkusen,45000000.0,/jarell-quansah/profil/spieler/632349
England,ENGLAND,413403,Ezri Konsa,Centre-Back,1997-10-23,28,Aston Villa,40000000.0,/ezri-konsa/profil/spieler/413403
England,ENGLAND,346314,Trevoh Chalobah,Centre-Back,1999-07-05,26,Chelsea FC,40000000.0,/trevoh-chalobah/profil/spieler/346314
England,ENGLAND,186590,John Stones,Centre-Back,1994-05-28,32,Manchester City,12000000.0,/john-stones/profil/spieler/186590
England,ENGLAND,134270,Dan Burn,Centre-Back,1992-05-09,34,Newcastle United,4000000.0,/dan-burn/profil/spieler/134270
England,ENGLAND,743413,Nico O'Reilly,Left-Back,2005-03-21,21,Manchester City,70000000.0,/nico-oreilly/profil/spieler/743413
England,ENGLAND,483348,Djed Spence,Left-Back,2000-08-09,25,Tottenham Hotspur,30000000.0,/djed-spence/profil/spieler/483348
England,ENGLAND,472423,Reece James,Right-Back,1999-12-08,26,Chelsea FC,60000000.0,/reece-james/profil/spieler/472423
England,ENGLAND,61651,Jordan Henderson,Defensive Midfield,1990-06-17,36,Brentford FC,1200000.0,/jordan-henderson/profil/spieler/61651
England,ENGLAND,357662,Declan Rice,Central Midfield,1999-01-14,27,Arsenal FC,120000000.0,/declan-rice/profil/spieler/357662
England,ENGLAND,567576,Elliot Anderson,Central Midfield,2002-11-06,23,Nottingham Forest,75000000.0,/elliot-anderson/profil/spieler/567576
England,ENGLAND,820374,Kobbie Mainoo,Central Midfield,2005-04-19,21,Manchester United,70000000.0,/kobbie-mainoo/profil/spieler/820374
England,ENGLAND,581678,Jude Bellingham,Attacking Midfield,2003-06-29,23,Real Madrid,130000000.0,/jude-bellingham/profil/spieler/581678
England,ENGLAND,503743,Morgan Rogers,Attacking Midfield,2002-07-26,23,Aston Villa,90000000.0,/morgan-rogers/profil/spieler/503743
England,ENGLAND,479999,Eberechi Eze,Attacking Midfield,1998-06-29,28,Arsenal FC,65000000.0,/eberechi-eze/profil/spieler/479999
England,ENGLAND,503733,Anthony Gordon,Left Winger,2001-02-24,25,Newcastle United,65000000.0,/anthony-gordon/profil/spieler/503733
England,ENGLAND,258923,Marcus Rashford,Left Winger,1997-10-31,28,FC Barcelona,40000000.0,/marcus-rashford/profil/spieler/258923
England,ENGLAND,433177,Bukayo Saka,Right Winger,2001-09-05,24,Arsenal FC,110000000.0,/bukayo-saka/profil/spieler/433177
England,ENGLAND,503987,Noni Madueke,Right Winger,2002-03-10,24,Arsenal FC,50000000.0,/noni-madueke/profil/spieler/503987
England,ENGLAND,132098,Harry Kane,Centre-Forward,1993-07-28,32,Bayern Munich,60000000.0,/harry-kane/profil/spieler/132098
England,ENGLAND,324358,Ollie Watkins,Centre-Forward,1995-12-30,30,Aston Villa,25000000.0,/ollie-watkins/profil/spieler/324358
England,ENGLAND,251664,Ivan Toney,Centre-Forward,1996-03-16,30,Al-Ahli SFC,20000000.0,/ivan-toney/profil/spieler/251664
France,FRANCE,743515,Robin Risser,Goalkeeper,2004-12-02,21,RC Lens,30000000.0,/robin-risser/profil/spieler/743515
France,FRANCE,182906,Mike Maignan,Goalkeeper,1995-07-03,30,AC Milan,20000000.0,/mike-maignan/profil/spieler/182906
France,FRANCE,191056,Brice Samba,Goalkeeper,1994-04-25,32,Stade Rennais FC,7000000.0,/brice-samba/profil/spieler/191056
France,FRANCE,495666,William Saliba,Centre-Back,2001-03-24,25,Arsenal FC,100000000.0,/william-saliba/profil/spieler/495666
France,FRANCE,344695,Dayot Upamecano,Centre-Back,1998-10-27,27,Bayern Munich,70000000.0,/dayot-upamecano/profil/spieler/344695
France,FRANCE,434224,Maxence Lacroix,Centre-Back,2000-04-06,26,Crystal Palace,50000000.0,/maxence-lacroix/profil/spieler/434224
France,FRANCE,357119,Ibrahima Konaté,Centre-Back,1999-05-25,27,Liverpool FC,45000000.0,/ibrahima-konate/profil/spieler/357119
France,FRANCE,339808,Theo Hernández,Left-Back,1997-10-06,28,Al-Hilal SFC,20000000.0,/theo-hernandez/profil/spieler/339808
France,FRANCE,281963,Lucas Hernández,Left-Back,1996-02-14,30,Paris Saint-Germain,18000000.0,/lucas-hernandez/profil/spieler/281963
France,FRANCE,126664,Lucas Digne,Left-Back,1993-07-20,32,Aston Villa,6000000.0,/lucas-digne/profil/spieler/126664
France,FRANCE,411975,Jules Koundé,Right-Back,1998-11-12,27,FC Barcelona,60000000.0,/jules-kounde/profil/spieler/411975
France,FRANCE,620322,Malo Gusto,Right-Back,2003-05-19,23,Chelsea FC,35000000.0,/malo-gusto/profil/spieler/620322
France,FRANCE,413112,Aurélien Tchouaméni,Defensive Midfield,2000-01-27,26,Real Madrid,70000000.0,/aurelien-tchouameni/profil/spieler/413112
France,FRANCE,225083,N'Golo Kanté,Defensive Midfield,1991-03-29,35,Fenerbahce,4000000.0,/ngolo-kante/profil/spieler/225083
France,FRANCE,810092,Warren Zaïre-Emery,Central Midfield,2006-03-08,20,Paris Saint-Germain,80000000.0,/warren-zaire-emery/profil/spieler/810092
France,FRANCE,624690,Manu Koné,Central Midfield,2001-05-17,25,AS Roma,50000000.0,/manu-kone/profil/spieler/624690
France,FRANCE,182913,Adrien Rabiot,Central Midfield,1995-04-03,31,AC Milan,18000000.0,/adrien-rabiot/profil/spieler/182913
France,FRANCE,607223,Rayan Cherki,Attacking Midfield,2003-08-17,22,Manchester City,90000000.0,/rayan-cherki/profil/spieler/607223
France,FRANCE,708265,Bradley Barcola,Left Winger,2002-09-02,23,Paris Saint-Germain,70000000.0,/bradley-barcola/profil/spieler/708265
France,FRANCE,566723,Michael Olise,Right Winger,2001-12-12,24,Bayern Munich,150000000.0,/michael-olise/profil/spieler/566723
France,FRANCE,914562,Désiré Doué,Right Winger,2005-06-03,21,Paris Saint-Germain,120000000.0,/desire-doue/profil/spieler/914562
France,FRANCE,745200,Maghnes Akliouche,Right Winger,2002-02-25,24,AS Monaco,50000000.0,/maghnes-akliouche/profil/spieler/745200
France,FRANCE,342229,Kylian Mbappé,Centre-Forward,1998-12-20,27,Real Madrid,180000000.0,/kylian-mbappe/profil/spieler/342229
France,FRANCE,288230,Ousmane Dembélé,Centre-Forward,1997-05-15,29,Paris Saint-Germain,100000000.0,/ousmane-dembele/profil/spieler/288230
France,FRANCE,318528,Marcus Thuram,Centre-Forward,1997-08-06,28,Inter Milan,50000000.0,/marcus-thuram/profil/spieler/318528
France,FRANCE,420002,Jean-Philippe Mateta,Centre-Forward,1997-06-28,29,Crystal Palace,30000000.0,/jean-philippe-mateta/profil/spieler/420002
Germany,GERMANY,195778,Alexander Nübel,Goalkeeper,1996-09-30,29,VfB Stuttgart,12000000.0,/alexander-nubel/profil/spieler/195778
Germany,GERMANY,17259,Manuel Neuer,Goalkeeper,1986-03-27,40,Bayern Munich,4000000.0,/manuel-neuer/profil/spieler/17259
Germany,GERMANY,55089,Oliver Baumann,Goalkeeper,1990-06-02,36,TSG 1899 Hoffenheim,2500000.0,/oliver-baumann/profil/spieler/55089
Germany,GERMANY,388198,Nico Schlotterbeck,Centre-Back,1999-12-01,26,Borussia Dortmund,55000000.0,/nico-schlotterbeck/profil/spieler/388198
Germany,GERMANY,521964,Malick Thiaw,Centre-Back,2001-08-08,24,Newcastle United,45000000.0,/malick-thiaw/profil/spieler/521964
Germany,GERMANY,196357,Jonathan Tah,Centre-Back,1996-02-11,30,Bayern Munich,28000000.0,/jonathan-tah/profil/spieler/196357
Germany,GERMANY,193004,Waldemar Anton,Centre-Back,1996-07-20,29,Borussia Dortmund,18000000.0,/waldemar-anton/profil/spieler/193004
Germany,GERMANY,86202,Antonio Rüdiger,Centre-Back,1993-03-03,33,Real Madrid,6000000.0,/antonio-rudiger/profil/spieler/86202
Germany,GERMANY,691892,Nathaniel Brown,Left-Back,2003-06-16,23,Eintracht Frankfurt,40000000.0,/nathaniel-brown/profil/spieler/691892
Germany,GERMANY,318204,David Raum,Left-Back,1998-04-22,28,RB Leipzig,25000000.0,/david-raum/profil/spieler/318204
Germany,GERMANY,792380,Aleksandar Pavlovic,Defensive Midfield,2004-05-03,22,Bayern Munich,90000000.0,/aleksandar-pavlovic/profil/spieler/792380
Germany,GERMANY,443710,Angelo Stiller,Defensive Midfield,2001-04-04,25,VfB Stuttgart,45000000.0,/angelo-stiller/profil/spieler/443710
Germany,GERMANY,161056,Joshua Kimmich,Defensive Midfield,1995-02-08,31,Bayern Munich,35000000.0,/joshua-kimmich/profil/spieler/161056
Germany,GERMANY,406640,Felix Nmecha,Central Midfield,2000-10-10,25,Borussia Dortmund,50000000.0,/felix-nmecha/profil/spieler/406640
Germany,GERMANY,897424,Assan Ouédraogo,Central Midfield,2006-05-09,20,RB Leipzig,28000000.0,/assan-ouedraogo/profil/spieler/897424
Germany,GERMANY,232454,Nadiem Amiri,Central Midfield,1996-10-27,29,1.FSV Mainz 05,17000000.0,/nadiem-amiri/profil/spieler/232454
Germany,GERMANY,153084,Leon Goretzka,Central Midfield,1995-02-06,31,Bayern Munich,12000000.0,/leon-goretzka/profil/spieler/153084
Germany,GERMANY,82873,Pascal Groß,Central Midfield,1991-06-15,35,Brighton & Hove Albion,2500000.0,/pascal-gross/profil/spieler/82873
Germany,GERMANY,580195,Jamal Musiala,Attacking Midfield,2003-02-26,23,Bayern Munich,100000000.0,/jamal-musiala/profil/spieler/580195
Germany,GERMANY,598577,Florian Wirtz,Attacking Midfield,2003-05-03,23,Liverpool FC,100000000.0,/florian-wirtz/profil/spieler/598577
Germany,GERMANY,518505,Jamie Leweling,Right Winger,2001-02-26,25,VfB Stuttgart,40000000.0,/jamie-leweling/profil/spieler/518505
Germany,GERMANY,192565,Leroy Sané,Right Winger,1996-01-11,30,Galatasaray,20000000.0,/leroy-sane/profil/spieler/192565
Germany,GERMANY,309400,Kai Havertz,Centre-Forward,1999-06-11,27,Arsenal FC,55000000.0,/kai-havertz/profil/spieler/309400
Germany,GERMANY,455661,Nick Woltemade,Centre-Forward,2002-02-14,24,Newcastle United,55000000.0,/nick-woltemade/profil/spieler/455661
Germany,GERMANY,578392,Maximilian Beier,Centre-Forward,2002-10-17,23,Borussia Dortmund,40000000.0,/maximilian-beier/profil/spieler/578392
Germany,GERMANY,339314,Deniz Undav,Centre-Forward,1996-07-19,29,VfB Stuttgart,22000000.0,/deniz-undav/profil/spieler/339314
Ghana,GHANA,254285,Lawrence Ati Zigi,Goalkeeper,1996-11-29,29,FC St. Gallen 1879,1500000.0,/lawrence-ati-zigi/profil/spieler/254285
Ghana,GHANA,576099,Joseph Anang,Goalkeeper,2000-06-08,26,St. Patrick's Athletic,350000.0,/joseph-anang/profil/spieler/576099
Ghana,GHANA,837368,Benjamin Asare,Goalkeeper,1992-07-13,33,Hearts of Oak,100000.0,/benjamin-asare/profil/spieler/837368
Ghana,GHANA,1113451,Kojo Peprah Oppong,Centre-Back,2004-06-04,22,OGC Nice,10000000.0,/kojo-peprah-oppong/profil/spieler/1113451
Ghana,GHANA,798404,Alidu Seidu,Centre-Back,2000-06-04,26,Stade Rennais FC,6000000.0,/alidu-seidu/profil/spieler/798404
Ghana,GHANA,734676,Jonas Adjetey,Centre-Back,2003-12-13,22,VfL Wolfsburg,6000000.0,/jonas-adjetey/profil/spieler/734676
Ghana,GHANA,408563,Jerome Opoku,Centre-Back,1998-10-14,27,Basaksehir FK,5000000.0,/jerome-opoku/profil/spieler/408563
Ghana,GHANA,451801,Abdul Mumin,Centre-Back,1998-06-06,28,Rayo Vallecano,3000000.0,/abdul-mumin/profil/spieler/451801
Ghana,GHANA,241457,Derrick Luckassen,Centre-Back,1995-07-03,30,Pafos FC,1000000.0,/derrick-luckassen/profil/spieler/241457
Ghana,GHANA,397171,Gideon Mensah,Left-Back,1998-07-18,27,AJ Auxerre,4000000.0,/gideon-mensah/profil/spieler/397171
Ghana,GHANA,224884,Abdul Rahman Baba,Left-Back,1994-07-02,31,PAOK Thessaloniki,2000000.0,/abdul-rahman-baba/profil/spieler/224884
Ghana,GHANA,830890,Marvin Senaya,Right-Back,2001-01-28,25,AJ Auxerre,3000000.0,/marvin-senaya/profil/spieler/830890
Ghana,GHANA,395695,Elisha Owusu,Defensive Midfield,1997-11-07,28,AJ Auxerre,4000000.0,/elisha-owusu/profil/spieler/395695
Ghana,GHANA,230784,Thomas Partey,Defensive Midfield,1993-06-13,33,Villarreal CF,2000000.0,/thomas-partey/profil/spieler/230784
Ghana,GHANA,1240763,Caleb Yirenkyi,Central Midfield,2006-01-15,20,FC Nordsjaelland,10000000.0,/caleb-yirenkyi/profil/spieler/1240763
Ghana,GHANA,538006,Kwasi Sibo,Central Midfield,1998-06-24,28,Real Oviedo,1400000.0,/kwasi-sibo/profil/spieler/538006
Ghana,GHANA,579263,Augustine Boakye,Attacking Midfield,2000-11-03,25,AS Saint-Étienne,6000000.0,/augustine-boakye/profil/spieler/579263
Ghana,GHANA,746695,Kamaldeen Sulemana,Left Winger,2002-02-15,24,Atalanta BC,17000000.0,/kamaldeen-sulemana/profil/spieler/746695
Ghana,GHANA,1119447,Christopher Bonsu Baah,Left Winger,2004-12-14,21,Al-Qadsiah FC,14000000.0,/christopher-bonsu-baah/profil/spieler/1119447
Ghana,GHANA,583255,Antoine Semenyo,Right Winger,2000-01-07,26,Manchester City,80000000.0,/antoine-semenyo/profil/spieler/583255
Ghana,GHANA,864121,Abdul Fatawu,Right Winger,2004-03-08,22,Leicester City,20000000.0,/abdul-fatawu/profil/spieler/864121
Ghana,GHANA,955070,Ernest Nuamah,Right Winger,2003-11-01,22,Olympique Lyon,10000000.0,/ernest-nuamah/profil/spieler/955070
Ghana,GHANA,255508,Iñaki Williams,Right Winger,1994-06-15,32,Athletic Bilbao,8000000.0,/inaki-williams/profil/spieler/255508
Ghana,GHANA,451747,Brandon Thomas-Asante,Centre-Forward,1998-12-29,27,Coventry City,16000000.0,/brandon-thomas-asante/profil/spieler/451747
Ghana,GHANA,734799,Prince Adu,Centre-Forward,2003-09-23,22,FC Viktoria Plzen,3000000.0,/prince-adu/profil/spieler/734799
Ghana,GHANA,108354,Jordan Ayew,Centre-Forward,1991-09-11,34,Leicester City,1000000.0,/jordan-ayew/profil/spieler/108354
Haiti,HAITI,838947,Alexandre Pierre,Goalkeeper,2001-02-25,25,FC Sochaux-Montbéliard,700000.0,/alexandre-pierre/profil/spieler/838947
Haiti,HAITI,51035,Johny Placide,Goalkeeper,1988-01-29,38,SC Bastia,150000.0,/johny-placide/profil/spieler/51035
Haiti,HAITI,490369,Josué Duverger,Goalkeeper,2000-04-27,26,FC Cosmos Koblenz,50000.0,/josue-duverger/profil/spieler/490369
Haiti,HAITI,338635,Hannes Delcroix,Centre-Back,1999-02-28,27,FC Lugano,2000000.0,/hannes-delcroix/profil/spieler/338635
Haiti,HAITI,344864,Jean-Kévin Duverne,Centre-Back,1997-07-12,28,KAA Gent,2000000.0,/jean-kevin-duverne/profil/spieler/344864
Haiti,HAITI,278145,Ricardo Adé,Centre-Back,1990-05-21,36,LDU Quito,300000.0,/ricardo-ade/profil/spieler/278145
Haiti,HAITI,859175,Garven Metusala,Centre-Back,1999-12-31,26,Colorado Springs Switchbacks FC,200000.0,/garven-metusala/profil/spieler/859175
Haiti,HAITI,1061046,Keeto Thermoncy,Centre-Back,2006-03-29,20,BSC Young Boys U21,100000.0,/keeto-thermoncy/profil/spieler/1061046
Haiti,HAITI,804885,Martin Expérience,Left-Back,1999-03-09,27,AS Nancy-Lorraine,350000.0,/martin-experience/profil/spieler/804885
Haiti,HAITI,375472,Duke Lacroix,Left-Back,1993-10-14,32,Colorado Springs Switchbacks FC,125000.0,/duke-lacroix/profil/spieler/375472
Haiti,HAITI,371686,Carlens Arcus,Right-Back,1996-06-28,30,Angers SCO,1800000.0,/carlens-arcus/profil/spieler/371686
Haiti,HAITI,609691,Wilguens Paugain,Right-Back,2001-08-24,24,Zulte Waregem,800000.0,/wilguens-paugain/profil/spieler/609691
Haiti,HAITI,628834,Danley Jean Jacques,Defensive Midfield,2000-05-20,26,Philadelphia Union,3000000.0,/danley-jean-jacques/profil/spieler/628834
Haiti,HAITI,988188,Dominique Simon,Defensive Midfield,2000-07-29,25,FC Tatran Presov,200000.0,/dominique-simon/profil/spieler/988188
Haiti,HAITI,718244,Carl Sainté,Defensive Midfield,2002-08-09,23,El Paso Locomotive FC,125000.0,/carl-sainte/profil/spieler/718244
Haiti,HAITI,1017735,Woodensky Pierre,Defensive Midfield,2004-12-30,21,Violette Athletic Club,100000.0,/woodensky-pierre/profil/spieler/1017735
Haiti,HAITI,450050,Jean-Ricner Bellegarde,Central Midfield,1998-06-27,28,Wolverhampton Wanderers,16000000.0,/jean-ricner-bellegarde/profil/spieler/450050
Haiti,HAITI,354763,Derrick Etienne Jr.,Left Winger,1996-11-25,29,Toronto FC,800000.0,/derrick-etienne-jr-/profil/spieler/354763
Haiti,HAITI,536520,Ruben Providence,Left Winger,2001-07-07,24,Almere City FC,300000.0,/ruben-providence/profil/spieler/536520
Haiti,HAITI,763182,Josué Casimir,Right Winger,2001-09-24,24,AJ Auxerre,3000000.0,/josue-casimir/profil/spieler/763182
Haiti,HAITI,646108,Louicius Deedson,Right Winger,2001-02-11,25,FC Dallas,1200000.0,/louicius-deedson/profil/spieler/646108
Haiti,HAITI,494237,Wilson Isidor,Centre-Forward,2000-08-27,25,Sunderland AFC,18000000.0,/wilson-isidor/profil/spieler/494237
Haiti,HAITI,815359,Lenny Joseph,Centre-Forward,2000-10-12,25,Ferencvárosi TC,2000000.0,/lenny-joseph/profil/spieler/815359
Haiti,HAITI,492955,Frantzdy Pierrot,Centre-Forward,1995-03-29,31,Caykur Rizespor,1500000.0,/frantzdy-pierrot/profil/spieler/492955
Haiti,HAITI,345763,Duckens Nazon,Centre-Forward,1994-04-07,32,Esteghlal FC,800000.0,/duckens-nazon/profil/spieler/345763
Haiti,HAITI,342878,Yassin Fortuné,Centre-Forward,1999-01-30,27,FC Vizela,300000.0,/yassin-fortune/profil/spieler/342878
Iran,IRAN,343044,Payam Niazmand,Goalkeeper,1995-04-06,31,Persepolis FC,700000.0,/payam-niazmand/profil/spieler/343044
Iran,IRAN,229081,Alireza Beiranvand,Goalkeeper,1992-09-21,33,Tractor FC,650000.0,/alireza-beiranvand/profil/spieler/229081
Iran,IRAN,132561,Seyed Hossein Hosseini,Goalkeeper,1992-06-30,33,Sepahan FC,500000.0,/seyed-hossein-hosseini/profil/spieler/132561
Iran,IRAN,249400,Hossein Kanaani,Centre-Back,1994-03-23,32,Persepolis FC,1600000.0,/hossein-kanaani/profil/spieler/249400
Iran,IRAN,1080301,Danial Eiri,Centre-Back,2003-10-26,22,Malavan Bandar Anzali,1000000.0,/danial-eiri/profil/spieler/1080301
Iran,IRAN,527092,Ali Nemati,Centre-Back,1996-02-07,30,Foolad FC,550000.0,/ali-nemati/profil/spieler/527092
Iran,IRAN,213715,Shoja Khalilzadeh,Centre-Back,1989-05-14,37,Tractor FC,100000.0,/shoja-khalilzadeh/profil/spieler/213715
Iran,IRAN,333355,Milad Mohammadi,Left-Back,1993-09-29,32,Persepolis FC,900000.0,/milad-mohammadi/profil/spieler/333355
Iran,IRAN,77547,Ehsan Hajsafi,Left-Back,1990-02-25,36,Sepahan FC,250000.0,/ehsan-hajsafi/profil/spieler/77547
Iran,IRAN,932724,Arya Yousefi,Right-Back,2002-04-22,24,Sepahan FC,1500000.0,/arya-yousefi/profil/spieler/932724
Iran,IRAN,697155,Saleh Hardani,Right-Back,1998-12-26,27,Esteghlal FC,800000.0,/saleh-hardani/profil/spieler/697155
Iran,IRAN,188312,Ramin Rezaeian,Right-Back,1990-03-21,36,Foolad FC,250000.0,/ramin-rezaeian/profil/spieler/188312
Iran,IRAN,249271,Saeed Ezatolahi,Defensive Midfield,1996-10-01,29,Shabab Al-Ahli Club,1800000.0,/saeed-ezatolahi/profil/spieler/249271
Iran,IRAN,856087,Mohammad Ghorbani,Defensive Midfield,2001-05-21,25,Al-Wahda FC,1200000.0,/mohammad-ghorbani/profil/spieler/856087
Iran,IRAN,273879,Roozbeh Cheshmi,Defensive Midfield,1993-07-24,32,Esteghlal FC,450000.0,/roozbeh-cheshmi/profil/spieler/273879
Iran,IRAN,1051591,Amirmohammad Razzaghinia,Central Midfield,2006-04-11,20,Esteghlal FC,1200000.0,/amirmohammad-razzaghinia/profil/spieler/1051591
Iran,IRAN,204294,Saman Ghoddos,Attacking Midfield,1993-09-06,32,Kalba FC,1200000.0,/saman-ghoddos/profil/spieler/204294
Iran,IRAN,478192,Mehdi Ghayedi,Left Winger,1998-12-05,27,Al-Nasr SC (UAE),4500000.0,/mehdi-ghayedi/profil/spieler/478192
Iran,IRAN,603149,Mohammad Mohebi,Left Winger,1998-12-20,27,FC Rostov,2500000.0,/mohammad-mohebi/profil/spieler/603149
Iran,IRAN,283833,Mehdi Torabi,Left Winger,1994-09-10,31,Tractor FC,1200000.0,/mehdi-torabi/profil/spieler/283833
Iran,IRAN,213268,Alireza Jahanbakhsh,Right Winger,1993-08-11,32,FCV Dender EH,500000.0,/alireza-jahanbakhsh/profil/spieler/213268
Iran,IRAN,542380,Amirhossein Hosseinzadeh,Centre-Forward,2000-10-30,25,Tractor FC,2200000.0,/amirhossein-hosseinzadeh/profil/spieler/542380
Iran,IRAN,307058,Mehdi Taremi,Centre-Forward,1992-07-18,33,Olympiacos Piraeus,2000000.0,/mehdi-taremi/profil/spieler/307058
Iran,IRAN,249303,Dennis Eckert Ayensa,Centre-Forward,1997-01-09,29,Standard Liège,2000000.0,/dennis-eckert-ayensa/profil/spieler/249303
Iran,IRAN,249360,Ali Alipour,Centre-Forward,1995-11-11,30,Persepolis FC,1700000.0,/ali-alipour/profil/spieler/249360
Iran,IRAN,357125,Shahriar Moghanlou,Centre-Forward,1994-12-21,31,Kalba FC,800000.0,/shahriar-moghanlou/profil/spieler/357125
Iraq,IRAQ,560952,Ahmed Basil Fadhil,Goalkeeper,1996-08-19,29,Al-Shorta SC,450000.0,/ahmed-basil-fadhil/profil/spieler/560952
Iraq,IRAQ,377268,Fahad Talib,Goalkeeper,1994-10-21,31,Al-Talaba SC,375000.0,/fahad-talib/profil/spieler/377268
Iraq,IRAQ,206782,Jalal Hassan,Goalkeeper,1991-05-18,35,Al-Zawraa SC,250000.0,/jalal-hassan/profil/spieler/206782
Iraq,IRAQ,933541,Akam Hashem,Centre-Back,1998-08-16,27,Al-Zawraa SC,700000.0,/akam-hashem/profil/spieler/933541
Iraq,IRAQ,931147,Zaid Tahseen,Centre-Back,2001-01-29,25,Pakhtakor Tashkent,600000.0,/zaid-tahseen/profil/spieler/931147
Iraq,IRAQ,166460,Frans Putros,Centre-Back,1993-07-14,32,PERSIB Bandung,325000.0,/frans-putros/profil/spieler/166460
Iraq,IRAQ,945266,Manaf Younis,Centre-Back,1996-11-16,29,Al-Shorta SC,300000.0,/manaf-younis/profil/spieler/945266
Iraq,IRAQ,217073,Rebin Sulaka,Centre-Back,1992-04-12,34,Port FC,100000.0,/rebin-sulaka/profil/spieler/217073
Iraq,IRAQ,530527,Merchas Doski,Left-Back,1999-12-07,26,FC Viktoria Plzen,1700000.0,/merchas-doski/profil/spieler/530527
Iraq,IRAQ,881506,Ahmed Maknzi,Left-Back,2001-09-24,24,Al-Karma,450000.0,/ahmed-maknzi/profil/spieler/881506
Iraq,IRAQ,585325,Hussein Ali,Right-Back,2002-03-01,24,Pogon Szczecin,400000.0,/hussein-ali/profil/spieler/585325
Iraq,IRAQ,952341,Mustafa Saadoon,Right-Back,2001-05-25,25,Al-Shorta SC,350000.0,/mustafa-saadoon/profil/spieler/952341
Iraq,IRAQ,303766,Amir Al-Ammari,Defensive Midfield,1997-07-27,28,Cracovia,1000000.0,/amir-al-ammari/profil/spieler/303766
Iraq,IRAQ,1132850,Zaid Ismail,Defensive Midfield,2002-01-03,24,Al-Talaba SC,500000.0,/zaid-ismail/profil/spieler/1132850
Iraq,IRAQ,579294,Aimar Sher,Central Midfield,2002-12-20,23,Sarpsborg 08 FF,1500000.0,/aimar-sher/profil/spieler/579294
Iraq,IRAQ,686845,Zidane Iqbal,Central Midfield,2003-04-27,23,FC Utrecht U21,1000000.0,/zidane-iqbal/profil/spieler/686845
Iraq,IRAQ,413268,Kevin Yakob,Central Midfield,2000-10-10,25,Aarhus GF,850000.0,/kevin-yakob/profil/spieler/413268
Iraq,IRAQ,663153,Marko Farji,Left Winger,2004-03-16,22,Venezia FC,1700000.0,/marko-farji/profil/spieler/663153
Iraq,IRAQ,684307,Youssef Amyn,Left Winger,2003-08-21,22,AEK Larnaca,550000.0,/youssef-amyn/profil/spieler/684307
Iraq,IRAQ,877672,Ali Jasim,Left Winger,2004-01-20,22,Al-Najma SC,500000.0,/ali-jasim/profil/spieler/877672
Iraq,IRAQ,833817,Ahmed Qasem,Right Winger,2003-07-12,22,Nashville SC,3500000.0,/ahmed-qasem/profil/spieler/833817
Iraq,IRAQ,560957,Ibrahim Bayesh,Right Winger,2000-05-01,26,Al-Dhafra FC,800000.0,/ibrahim-bayesh/profil/spieler/560957
Iraq,IRAQ,610581,Ali Al-Hamadi,Centre-Forward,2002-03-01,24,Luton Town,1500000.0,/ali-al-hamadi/profil/spieler/610581
Iraq,IRAQ,589646,Mohanad Ali,Centre-Forward,2000-06-20,26,Dibba SCC,1200000.0,/mohanad-ali/profil/spieler/589646
Iraq,IRAQ,401054,Aymen Hussein,Centre-Forward,1996-03-22,30,Al-Karma,400000.0,/aymen-hussein/profil/spieler/401054
Iraq,IRAQ,576265,Ali Yousif,Centre-Forward,1996-01-19,30,Al-Talaba SC,200000.0,/ali-yousif/profil/spieler/576265
Ivory Coast,IVORY COAST,418651,Yahia Fofana,Goalkeeper,2000-08-21,25,Caykur Rizespor,5000000.0,/yahia-fofana/profil/spieler/418651
Ivory Coast,IVORY COAST,357117,Alban Lafont,Goalkeeper,1999-01-23,27,Panathinaikos,3000000.0,/alban-lafont/profil/spieler/357117
Ivory Coast,IVORY COAST,911985,Mohamed Koné,Goalkeeper,2002-03-07,24,Royal Charleroi SC,2000000.0,/mohamed-kone/profil/spieler/911985
Ivory Coast,IVORY COAST,974982,Ousmane Diomande,Centre-Back,2003-12-04,22,Sporting CP,42000000.0,/ousmane-diomande/profil/spieler/974982
Ivory Coast,IVORY COAST,371149,Evan Ndicka,Centre-Back,1999-08-20,26,AS Roma,35000000.0,/evan-ndicka/profil/spieler/371149
Ivory Coast,IVORY COAST,683895,Emmanuel Agbadou,Centre-Back,1997-06-17,29,Besiktas JK,16000000.0,/emmanuel-agbadou/profil/spieler/683895
Ivory Coast,IVORY COAST,644771,Odilon Kossounou,Centre-Back,2001-01-04,25,Atalanta BC,15000000.0,/odilon-kossounou/profil/spieler/644771
Ivory Coast,IVORY COAST,469976,Christopher Operi,Left-Back,1997-04-29,29,Basaksehir FK,4000000.0,/christopher-operi/profil/spieler/469976
Ivory Coast,IVORY COAST,422850,Ghislain Konan,Left-Back,1995-12-27,30,Gil Vicente FC,3000000.0,/ghislain-konan/profil/spieler/422850
Ivory Coast,IVORY COAST,648779,Wilfried Singo,Right-Back,2000-12-25,25,Galatasaray,23000000.0,/wilfried-singo/profil/spieler/648779
Ivory Coast,IVORY COAST,711980,Guéla Doué,Right-Back,2002-10-17,23,RC Strasbourg Alsace,20000000.0,/guela-doue/profil/spieler/711980
Ivory Coast,IVORY COAST,375885,Ibrahim Sangaré,Defensive Midfield,1997-12-02,28,Nottingham Forest,20000000.0,/ibrahim-sangare/profil/spieler/375885
Ivory Coast,IVORY COAST,178614,Jean Michaël Seri,Defensive Midfield,1991-07-19,34,NK Maribor,100000.0,/jean-michael-seri/profil/spieler/178614
Ivory Coast,IVORY COAST,1279526,Christ Inao Oulaï,Central Midfield,2006-04-06,20,Trabzonspor,23000000.0,/christ-inao-oulai/profil/spieler/1279526
Ivory Coast,IVORY COAST,294808,Franck Kessié,Central Midfield,1996-12-19,29,Al-Ahli SFC,12000000.0,/franck-kessie/profil/spieler/294808
Ivory Coast,IVORY COAST,182893,Seko Fofana,Central Midfield,1995-05-07,31,FC Porto,8000000.0,/seko-fofana/profil/spieler/182893
Ivory Coast,IVORY COAST,1390649,Yan Diomande,Left Winger,2006-11-14,19,RB Leipzig,90000000.0,/yan-diomande/profil/spieler/1390649
Ivory Coast,IVORY COAST,1067904,Bazoumana Touré,Left Winger,2006-03-02,20,TSG 1899 Hoffenheim,40000000.0,/bazoumana-toure/profil/spieler/1067904
Ivory Coast,IVORY COAST,658536,Simon Adingra,Left Winger,2002-01-01,24,AS Monaco,22000000.0,/simon-adingra/profil/spieler/658536
Ivory Coast,IVORY COAST,624913,Parfait Guiagon,Left Winger,2001-02-22,25,Royal Charleroi SC,5000000.0,/parfait-guiagon/profil/spieler/624913
Ivory Coast,IVORY COAST,536835,Amad Diallo,Right Winger,2002-07-11,23,Manchester United,45000000.0,/amad-diallo/profil/spieler/536835
Ivory Coast,IVORY COAST,500689,Evann Guessand,Right Winger,2001-07-01,24,Crystal Palace,25000000.0,/evann-guessand/profil/spieler/500689
Ivory Coast,IVORY COAST,343052,Nicolas Pépé,Right Winger,1995-05-29,31,Villarreal CF,6000000.0,/nicolas-pepe/profil/spieler/343052
Ivory Coast,IVORY COAST,827734,Ange-Yoan Bonny,Centre-Forward,2003-10-25,22,Inter Milan,35000000.0,/ange-yoan-bonny/profil/spieler/827734
Ivory Coast,IVORY COAST,659542,Elye Wahi,Centre-Forward,2003-01-02,23,OGC Nice,18000000.0,/elye-wahi/profil/spieler/659542
Ivory Coast,IVORY COAST,847279,Oumar Diakité,Centre-Forward,2003-12-20,22,Cercle Brugge ,5000000.0,/oumar-diakite/profil/spieler/847279
Japan,JAPAN,432298,Zion Suzuki,Goalkeeper,2002-08-21,23,Parma Calcio 1913,20000000.0,/zion-suzuki/profil/spieler/432298
Japan,JAPAN,415521,Keisuke Osako,Goalkeeper,1999-07-28,26,Sanfrecce Hiroshima,2000000.0,/keisuke-osako/profil/spieler/415521
Japan,JAPAN,683271,Tomoki Hayakawa,Goalkeeper,1999-03-03,27,Kashima Antlers,2000000.0,/tomoki-hayakawa/profil/spieler/683271
Japan,JAPAN,353892,Hiroki Ito,Centre-Back,1999-05-12,27,Bayern Munich,18000000.0,/hiroki-ito/profil/spieler/353892
Japan,JAPAN,598791,Tsuyoshi Watanabe,Centre-Back,1997-02-05,29,Feyenoord Rotterdam,10000000.0,/tsuyoshi-watanabe/profil/spieler/598791
Japan,JAPAN,355816,Ko Itakura,Centre-Back,1997-01-27,29,Ajax Amsterdam,8000000.0,/ko-itakura/profil/spieler/355816
Japan,JAPAN,405389,Ayumu Seko,Centre-Back,2000-06-07,26,Le Havre AC,5000000.0,/ayumu-seko/profil/spieler/405389
Japan,JAPAN,331560,Takehiro Tomiyasu,Centre-Back,1998-11-05,27,Ajax Amsterdam,5000000.0,/takehiro-tomiyasu/profil/spieler/331560
Japan,JAPAN,848856,Junnosuke Suzuki,Centre-Back,2003-07-12,22,FC Copenhagen,3500000.0,/junnosuke-suzuki/profil/spieler/848856
Japan,JAPAN,307870,Shogo Taniguchi,Centre-Back,1991-07-15,34,Sint-Truidense VV,750000.0,/shogo-taniguchi/profil/spieler/307870
Japan,JAPAN,79522,Yuto Nagatomo,Left-Back,1986-09-12,39,FC Tokyo,100000.0,/yuto-nagatomo/profil/spieler/79522
Japan,JAPAN,405385,Yukinari Sugawara,Right-Back,2000-06-28,26,SV Werder Bremen,5500000.0,/yukinari-sugawara/profil/spieler/405385
Japan,JAPAN,643574,Kaishu Sano,Defensive Midfield,2000-12-30,25,1.FSV Mainz 05,40000000.0,/kaishu-sano/profil/spieler/643574
Japan,JAPAN,489359,Ao Tanaka,Central Midfield,1998-09-10,27,Leeds United,13000000.0,/ao-tanaka/profil/spieler/489359
Japan,JAPAN,356141,Daichi Kamada,Attacking Midfield,1996-08-05,29,Crystal Palace,10000000.0,/daichi-kamada/profil/spieler/356141
Japan,JAPAN,420931,Daizen Maeda,Left Winger,1997-10-20,28,Celtic FC,13000000.0,/daizen-maeda/profil/spieler/420931
Japan,JAPAN,405397,Keito Nakamura,Left Winger,2000-07-28,25,Stade Reims,10000000.0,/keito-nakamura/profil/spieler/405397
Japan,JAPAN,405398,Takefusa Kubo,Right Winger,2001-06-04,25,Real Sociedad,20000000.0,/takefusa-kubo/profil/spieler/405398
Japan,JAPAN,358504,Ritsu Doan,Right Winger,1998-06-16,28,Eintracht Frankfurt,17000000.0,/ritsu-doan/profil/spieler/358504
Japan,JAPAN,348791,Junya Ito,Right Winger,1993-03-09,33,KRC Genk,3000000.0,/junya-ito/profil/spieler/348791
Japan,JAPAN,668606,Yuito Suzuki,Second Striker,2001-10-25,24,SC Freiburg,24000000.0,/yuito-suzuki/profil/spieler/668606
Japan,JAPAN,589128,Ayase Ueda,Centre-Forward,1998-08-28,27,Feyenoord Rotterdam,17000000.0,/ayase-ueda/profil/spieler/589128
Japan,JAPAN,916623,Keisuke Goto,Centre-Forward,2005-06-03,21,Sint-Truidense VV,10000000.0,/keisuke-goto/profil/spieler/916623
Japan,JAPAN,1144627,Kento Shiogai,Centre-Forward,2005-03-26,21,VfL Wolfsburg,8000000.0,/kento-shiogai/profil/spieler/1144627
Japan,JAPAN,550580,Shuto Machino,Centre-Forward,1999-09-30,26,Borussia Mönchengladbach,4000000.0,/shuto-machino/profil/spieler/550580
Japan,JAPAN,351567,Koki Ogawa,Centre-Forward,1997-08-08,28,NEC Nijmegen,2000000.0,/koki-ogawa/profil/spieler/351567
Jordan,JORDAN,261850,Yazeed Abulaila,Goalkeeper,1993-01-08,33,Al-Hussein SC (Irbid),300000.0,/yazeed-abulaila/profil/spieler/261850
Jordan,JORDAN,261837,Noor Bane Ataya,Goalkeeper,1993-01-25,33,Al-Faisaly SC,250000.0,/noor-bane-ataya/profil/spieler/261837
Jordan,JORDAN,658805,Abdallah Al-Fakhouri,Goalkeeper,2000-01-22,26,Al-Wehdat SC,250000.0,/abdallah-al-fakhouri/profil/spieler/658805
Jordan,JORDAN,539961,Yazan Al-Arab,Centre-Back,1996-01-31,30,FC Seoul,1000000.0,/yazan-al-arab/profil/spieler/539961
Jordan,JORDAN,561481,Saed Al-Rousan,Centre-Back,1997-02-01,29,Al-Hussein SC (Irbid),450000.0,/saed-al-rousan/profil/spieler/561481
Jordan,JORDAN,882197,Abdallah Nasib,Centre-Back,1994-02-25,32,Al-Zawraa SC,400000.0,/abdallah-nasib/profil/spieler/882197
Jordan,JORDAN,895291,Husam Abu Dahab,Centre-Back,2000-05-13,26,Al-Faisaly SC,350000.0,/husam-abu-dahab/profil/spieler/895291
Jordan,JORDAN,658052,Mohammad Abualnadi,Centre-Back,2001-02-08,25,Selangor FC,350000.0,/mohammad-abualnadi/profil/spieler/658052
Jordan,JORDAN,658807,Saleem Obaid,Centre-Back,1992-01-17,34,Al-Hussein SC (Irbid),100000.0,/saleem-obaid/profil/spieler/658807
Jordan,JORDAN,883111,Mohannad Abu Taha,Left-Back,2003-02-02,23,Al-Quwa Al-Jawiya,550000.0,/mohannad-abu-taha/profil/spieler/883111
Jordan,JORDAN,895249,Mohammad Abu Hasheesh,Left-Back,1995-05-09,31,Al-Karma,400000.0,/mohammad-abu-hasheesh/profil/spieler/895249
Jordan,JORDAN,1252806,Mohammad Abu Ghoush,Left-Back,2005-07-13,20,Al-Hussein SC (Irbid),300000.0,/mohammad-abu-ghoush/profil/spieler/1252806
Jordan,JORDAN,310943,Ehsan Haddad,Right-Back,1994-02-05,32,Al-Hussein SC (Irbid),300000.0,/ehsan-haddad/profil/spieler/310943
Jordan,JORDAN,1378902,Anas Badawi,Right-Back,1997-09-13,28,Al-Faisaly SC,200000.0,/anas-badawi/profil/spieler/1378902
Jordan,JORDAN,734751,Nizar Al-Rashdan,Defensive Midfield,1999-03-23,27,Qatar SC,600000.0,/nizar-al-rashdan/profil/spieler/734751
Jordan,JORDAN,744040,Amer Jamous,Central Midfield,2002-07-03,23,Al-Zawraa SC,500000.0,/amer-jamous/profil/spieler/744040
Jordan,JORDAN,561485,Noor Al-Rawabdeh,Central Midfield,1997-02-24,29,Selangor FC,500000.0,/noor-al-rawabdeh/profil/spieler/561485
Jordan,JORDAN,709974,Ibrahim Saadeh,Central Midfield,2000-04-27,26,Al-Karma,500000.0,/ibrahim-saadeh/profil/spieler/709974
Jordan,JORDAN,261842,Rajaei Ayed,Central Midfield,1993-07-25,32,Al-Hussein SC (Irbid),325000.0,/rajaei-ayed/profil/spieler/261842
Jordan,JORDAN,310801,Mohammad Al-Dawoud,Central Midfield,1992-12-04,33,Al-Wehdat SC,150000.0,/mohammad-al-dawoud/profil/spieler/310801
Jordan,JORDAN,1252820,Odeh Fakhoury,Left Winger,2005-11-20,20,Pyramids FC,350000.0,/odeh-fakhoury/profil/spieler/1252820
Jordan,JORDAN,401086,Mahmoud Al-Mardi,Left Winger,1993-10-06,32,Al-Hussein SC (Irbid),350000.0,/mahmoud-al-mardi/profil/spieler/401086
Jordan,JORDAN,551505,Mousa Tamari,Right Winger,1997-06-10,29,Stade Rennais FC,10000000.0,/mousa-tamari/profil/spieler/551505
Jordan,JORDAN,677986,Mohammad Abu Zrayq,Right Winger,1997-12-30,28,Raja Club Athletic,700000.0,/mohammad-abu-zrayq/profil/spieler/677986
Jordan,JORDAN,1059056,Ali Azaizeh,Right Winger,2004-04-13,22,Al-Shabab FC,325000.0,/ali-azaizeh/profil/spieler/1059056
Jordan,JORDAN,664057,Ali Olwan,Centre-Forward,2000-03-26,26,Al-Sailiya SC,800000.0,/ali-olwan/profil/spieler/664057
Mexico,MEXICO,802855,Raúl Rangel,Goalkeeper,2000-02-25,26,Deportivo Guadalajara,6500000.0,/raul-rangel/profil/spieler/802855
Mexico,MEXICO,356042,Carlos Acevedo,Goalkeeper,1996-04-19,30,Santos Laguna,2800000.0,/carlos-acevedo/profil/spieler/356042
Mexico,MEXICO,29559,Guillermo Ochoa,Goalkeeper,1985-07-13,40,AEL Limassol,250000.0,/guillermo-ochoa/profil/spieler/29559
Mexico,MEXICO,532937,Johan Vásquez,Centre-Back,1998-10-22,27,Genoa CFC,12000000.0,/johan-vasquez/profil/spieler/532937
Mexico,MEXICO,387687,César Montes,Centre-Back,1997-02-24,29,Lokomotiv Moscow,7500000.0,/cesar-montes/profil/spieler/387687
Mexico,MEXICO,532938,Luis Romo,Centre-Back,1995-06-05,31,Deportivo Guadalajara,3000000.0,/luis-romo/profil/spieler/532938
Mexico,MEXICO,1066953,Mateo Chávez,Left-Back,2004-05-12,22,AZ Alkmaar,4000000.0,/mateo-chavez/profil/spieler/1066953
Mexico,MEXICO,344854,Jesús Gallardo,Left-Back,1994-08-15,31,Deportivo Toluca,2800000.0,/jesus-gallardo/profil/spieler/344854
Mexico,MEXICO,687558,Israel Reyes,Right-Back,2000-05-23,26,CF América,6500000.0,/israel-reyes/profil/spieler/687558
Mexico,MEXICO,356044,Jorge Sánchez,Right-Back,1997-12-10,28,PAOK Thessaloniki,2000000.0,/jorge-sanchez/profil/spieler/356044
Mexico,MEXICO,401356,Edson Álvarez,Defensive Midfield,1997-10-24,28,Fenerbahce,15000000.0,/edson-alvarez/profil/spieler/401356
Mexico,MEXICO,602324,Érik Lira,Defensive Midfield,2000-05-08,26,CD Cruz Azul,12000000.0,/erik-lira/profil/spieler/602324
Mexico,MEXICO,331059,Luis Chávez,Defensive Midfield,1996-01-15,30,Dynamo Moscow,6000000.0,/luis-chavez/profil/spieler/331059
Mexico,MEXICO,889435,Obed Vargas,Central Midfield,2005-08-05,20,Atlético de Madrid,10000000.0,/obed-vargas/profil/spieler/889435
Mexico,MEXICO,334042,Orbelín Pineda,Central Midfield,1996-03-24,30,AEK Athens,7000000.0,/orbelin-pineda/profil/spieler/334042
Mexico,MEXICO,261503,Álvaro Fidalgo,Central Midfield,1997-04-09,29,Real Betis Balompié,6000000.0,/alvaro-fidalgo/profil/spieler/261503
Mexico,MEXICO,1155723,Gilberto Mora,Attacking Midfield,2008-10-14,17,Club Tijuana,10000000.0,/gilberto-mora/profil/spieler/1155723
Mexico,MEXICO,724443,Brian Gutiérrez,Attacking Midfield,2003-06-17,23,Deportivo Guadalajara,8000000.0,/brian-gutierrez/profil/spieler/724443
Mexico,MEXICO,424689,Alexis Vega,Left Winger,1997-11-25,28,Deportivo Toluca,8000000.0,/alexis-vega/profil/spieler/424689
Mexico,MEXICO,540315,César Huerta,Left Winger,2000-12-03,25,RSC Anderlecht,3500000.0,/cesar-huerta/profil/spieler/540315
Mexico,MEXICO,353583,Roberto Alvarado,Right Winger,1998-09-07,27,Deportivo Guadalajara,7500000.0,/roberto-alvarado/profil/spieler/353583
Mexico,MEXICO,552955,Santiago Gimenez,Centre-Forward,2001-04-18,25,AC Milan,18000000.0,/santiago-gimenez/profil/spieler/552955
Mexico,MEXICO,837619,Armando González,Centre-Forward,2003-04-20,23,Deportivo Guadalajara,15000000.0,/armando-gonzalez/profil/spieler/837619
Mexico,MEXICO,416090,Julián Quiñones,Centre-Forward,1997-03-24,29,Al-Qadsiah FC,14000000.0,/julian-quinones/profil/spieler/416090
Mexico,MEXICO,206040,Raúl Jiménez,Centre-Forward,1991-05-05,35,Fulham FC,3000000.0,/raul-jimenez/profil/spieler/206040
Mexico,MEXICO,347932,Guillermo Martínez,Centre-Forward,1995-03-15,31,UNAM Pumas,1500000.0,/guillermo-martinez/profil/spieler/347932
Morocco,MOROCCO,207834,Yassine Bounou,Goalkeeper,1991-04-05,35,Al-Hilal SFC,3000000.0,/yassine-bounou/profil/spieler/207834
Morocco,MOROCCO,238997,Ahmed Reda Tagnaouti,Goalkeeper,1996-04-05,30,AS FAR Rabat,1000000.0,/ahmed-reda-tagnaouti/profil/spieler/238997
Morocco,MOROCCO,97925,Munir El Kajoui,Goalkeeper,1989-05-10,37,Renaissance de Berkane,600000.0,/munir-el-kajoui/profil/spieler/97925
Morocco,MOROCCO,689637,Chadi Riad,Centre-Back,2003-06-17,23,Crystal Palace,15000000.0,/chadi-riad/profil/spieler/689637
Morocco,MOROCCO,272622,Issa Diop,Centre-Back,1997-01-09,29,Fulham FC,8000000.0,/issa-diop/profil/spieler/272622
Morocco,MOROCCO,913660,Redouane Halhal,Centre-Back,2003-03-05,23,KV Mechelen,5000000.0,/redouane-halhal/profil/spieler/913660
Morocco,MOROCCO,210009,Marwane Saadane,Centre-Back,1992-01-17,34,Al-Fateh SC,400000.0,/marwane-saadane/profil/spieler/210009
Morocco,MOROCCO,485584,Anass Salah-Eddine,Left-Back,2002-01-18,24,PSV Eindhoven,12000000.0,/anass-salah-eddine/profil/spieler/485584
Morocco,MOROCCO,518804,Youssef Belammari,Left-Back,1998-09-20,27,Al Ahly FC,1200000.0,/youssef-belammari/profil/spieler/518804
Morocco,MOROCCO,398073,Achraf Hakimi,Right-Back,1998-11-04,27,Paris Saint-Germain,80000000.0,/achraf-hakimi/profil/spieler/398073
Morocco,MOROCCO,340456,Noussair Mazraoui,Right-Back,1997-11-14,28,Manchester United,18000000.0,/noussair-mazraoui/profil/spieler/340456
Morocco,MOROCCO,820474,Zakaria El Ouahdi,Right-Back,2001-12-31,24,KRC Genk,17000000.0,/zakaria-el-ouahdi/profil/spieler/820474
Morocco,MOROCCO,287579,Sofyan Amrabat,Defensive Midfield,1996-08-21,29,Real Betis Balompié,10000000.0,/sofyan-amrabat/profil/spieler/287579
Morocco,MOROCCO,1097139,Ayyoub Bouaddi,Central Midfield,2007-10-02,18,LOSC Lille,50000000.0,/ayyoub-bouaddi/profil/spieler/1097139
Morocco,MOROCCO,901019,Neil El Aynaoui,Central Midfield,2001-07-02,24,AS Roma,23000000.0,/neil-el-aynaoui/profil/spieler/901019
Morocco,MOROCCO,1130514,Samir El Mourabet,Central Midfield,2005-10-06,20,RC Strasbourg Alsace,22000000.0,/samir-el-mourabet/profil/spieler/1130514
Morocco,MOROCCO,593482,Azzedine Ounahi,Central Midfield,2000-04-19,26,Girona FC,10000000.0,/azzedine-ounahi/profil/spieler/593482
Morocco,MOROCCO,702869,Ismael Saibari,Attacking Midfield,2001-01-28,25,PSV Eindhoven,40000000.0,/ismael-saibari/profil/spieler/702869
Morocco,MOROCCO,654982,Bilal El Khannouss,Attacking Midfield,2004-05-10,22,VfB Stuttgart,35000000.0,/bilal-el-khannouss/profil/spieler/654982
Morocco,MOROCCO,851220,Amine Sbaï,Left Winger,2000-11-05,25,Angers SCO,4000000.0,/amine-sbai/profil/spieler/851220
Morocco,MOROCCO,314678,Brahim Díaz,Right Winger,1999-08-03,26,Real Madrid,35000000.0,/brahim-diaz/profil/spieler/314678
Morocco,MOROCCO,743384,Chemsdine Talbi,Right Winger,2005-05-09,21,Sunderland AFC,25000000.0,/chemsdine-talbi/profil/spieler/743384
Morocco,MOROCCO,1151929,Gessime Yassine,Right Winger,2005-11-22,20,RC Strasbourg Alsace,12000000.0,/gessime-yassine/profil/spieler/1151929
Morocco,MOROCCO,799993,Ayoube Amaimouni-Echghouyab,Right Winger,2004-11-30,21,Eintracht Frankfurt,10000000.0,/ayoube-amaimouni-echghouyab/profil/spieler/799993
Morocco,MOROCCO,598506,Soufiane Rahimi,Centre-Forward,1996-06-02,30,Al-Ain FC,6000000.0,/soufiane-rahimi/profil/spieler/598506
Morocco,MOROCCO,521127,Ayoub El Kaabi,Centre-Forward,1993-06-25,33,Olympiacos Piraeus,4500000.0,/ayoub-el-kaabi/profil/spieler/521127
Netherlands,NETHERLANDS,565093,Bart Verbruggen,Goalkeeper,2002-08-18,23,Brighton & Hove Albion,40000000.0,/bart-verbruggen/profil/spieler/565093
Netherlands,NETHERLANDS,646991,Robin Roefs,Goalkeeper,2003-01-17,23,Sunderland AFC,28000000.0,/robin-roefs/profil/spieler/646991
Netherlands,NETHERLANDS,125714,Mark Flekken,Goalkeeper,1993-06-13,33,Bayer 04 Leverkusen,6000000.0,/mark-flekken/profil/spieler/125714
Netherlands,NETHERLANDS,557459,Micky van de Ven,Centre-Back,2001-04-19,25,Tottenham Hotspur,50000000.0,/micky-van-de-ven/profil/spieler/557459
Netherlands,NETHERLANDS,576314,Jan Paul van Hecke,Centre-Back,2000-06-08,26,Brighton & Hove Albion,45000000.0,/jan-paul-van-hecke/profil/spieler/576314
Netherlands,NETHERLANDS,139208,Virgil van Dijk,Centre-Back,1991-07-08,34,Liverpool FC,15000000.0,/virgil-van-dijk/profil/spieler/139208
Netherlands,NETHERLANDS,177476,Nathan Aké,Centre-Back,1995-02-18,31,Manchester City,12000000.0,/nathan-ake/profil/spieler/177476
Netherlands,NETHERLANDS,904802,Jorrel Hato,Left-Back,2006-03-07,20,Chelsea FC,40000000.0,/jorrel-hato/profil/spieler/904802
Netherlands,NETHERLANDS,415381,Mats Wieffer,Right-Back,1999-11-16,26,Brighton & Hove Albion,25000000.0,/mats-wieffer/profil/spieler/415381
Netherlands,NETHERLANDS,321528,Denzel Dumfries,Right-Back,1996-04-18,30,Inter Milan,25000000.0,/denzel-dumfries/profil/spieler/321528
Netherlands,NETHERLANDS,420210,Lutsharel Geertruida,Right-Back,2000-07-18,25,Sunderland AFC,20000000.0,/lutsharel-geertruida/profil/spieler/420210
Netherlands,NETHERLANDS,478573,Ryan Gravenberch,Defensive Midfield,2002-05-16,24,Liverpool FC,80000000.0,/ryan-gravenberch/profil/spieler/478573
Netherlands,NETHERLANDS,360518,Teun Koopmeiners,Defensive Midfield,1998-02-28,28,Juventus FC,14000000.0,/teun-koopmeiners/profil/spieler/360518
Netherlands,NETHERLANDS,133179,Marten de Roon,Defensive Midfield,1991-03-29,35,Atalanta BC,3200000.0,/marten-de-roon/profil/spieler/133179
Netherlands,NETHERLANDS,460939,Tijjani Reijnders,Central Midfield,1998-07-29,27,Manchester City,50000000.0,/tijjani-reijnders/profil/spieler/460939
Netherlands,NETHERLANDS,326330,Frenkie de Jong,Central Midfield,1997-05-12,29,FC Barcelona,35000000.0,/frenkie-de-jong/profil/spieler/326330
Netherlands,NETHERLANDS,420213,Quinten Timber,Central Midfield,2001-06-17,25,Olympique Marseille,25000000.0,/quinten-timber/profil/spieler/420213
Netherlands,NETHERLANDS,330659,Justin Kluivert,Attacking Midfield,1999-05-05,27,AFC Bournemouth,25000000.0,/justin-kluivert/profil/spieler/330659
Netherlands,NETHERLANDS,372267,Guus Til,Attacking Midfield,1997-12-22,28,PSV Eindhoven,15000000.0,/guus-til/profil/spieler/372267
Netherlands,NETHERLANDS,434675,Cody Gakpo,Left Winger,1999-05-07,27,Liverpool FC,60000000.0,/cody-gakpo/profil/spieler/434675
Netherlands,NETHERLANDS,474701,Crysencio Summerville,Left Winger,2001-10-30,24,West Ham United,35000000.0,/crysencio-summerville/profil/spieler/474701
Netherlands,NETHERLANDS,339332,Noa Lang,Left Winger,1999-06-17,27,Galatasaray,22000000.0,/noa-lang/profil/spieler/339332
Netherlands,NETHERLANDS,326029,Donyell Malen,Centre-Forward,1999-01-19,27,AS Roma,45000000.0,/donyell-malen/profil/spieler/326029
Netherlands,NETHERLANDS,473169,Brian Brobbey,Centre-Forward,2002-02-01,24,Sunderland AFC,30000000.0,/brian-brobbey/profil/spieler/473169
Netherlands,NETHERLANDS,167850,Memphis Depay,Centre-Forward,1994-02-13,32,Sport Club Corinthians Paulista,7000000.0,/memphis-depay/profil/spieler/167850
Netherlands,NETHERLANDS,228645,Wout Weghorst,Centre-Forward,1992-08-07,33,Ajax Amsterdam,2000000.0,/wout-weghorst/profil/spieler/228645
New Zealand,NEW ZEALAND,207843,Max Crocombe,Goalkeeper,1993-08-12,32,Millwall FC,1000000.0,/max-crocombe/profil/spieler/207843
New Zealand,NEW ZEALAND,617009,Alex Paulsen,Goalkeeper,2002-07-04,23,Lechia Gdansk,500000.0,/alex-paulsen/profil/spieler/617009
New Zealand,NEW ZEALAND,350347,Michael Woud,Goalkeeper,1999-01-16,27,Auckland FC,400000.0,/michael-woud/profil/spieler/350347
New Zealand,NEW ZEALAND,1007720,Tyler Bindon,Centre-Back,2005-01-27,21,Sheffield United,3500000.0,/tyler-bindon/profil/spieler/1007720
New Zealand,NEW ZEALAND,724809,Finn Surman,Centre-Back,2003-09-23,22,Portland Timbers,1800000.0,/finn-surman/profil/spieler/724809
New Zealand,NEW ZEALAND,455425,Nando Pijnaker,Centre-Back,1999-02-25,27,Auckland FC,400000.0,/nando-pijnaker/profil/spieler/455425
New Zealand,NEW ZEALAND,81723,Michael Boxall,Centre-Back,1988-08-18,37,Minnesota United FC,150000.0,/michael-boxall/profil/spieler/81723
New Zealand,NEW ZEALAND,54381,Tommy Smith,Centre-Back,1990-03-31,36,Braintree Town,50000.0,/tommy-smith/profil/spieler/54381
New Zealand,NEW ZEALAND,469211,Liberato Cacace,Left-Back,2000-09-27,25,Wrexham AFC,2500000.0,/liberato-cacace/profil/spieler/469211
New Zealand,NEW ZEALAND,617021,Ben Old,Left-Back,2002-08-13,23,AS Saint-Étienne,1800000.0,/ben-old/profil/spieler/617021
New Zealand,NEW ZEALAND,207061,Francis de Vries,Left-Back,1994-11-28,31,Auckland FC,600000.0,/francis-de-vries/profil/spieler/207061
New Zealand,NEW ZEALAND,482204,Callan Elliot,Right-Back,1999-07-07,26,Auckland FC,450000.0,/callan-elliot/profil/spieler/482204
New Zealand,NEW ZEALAND,149901,Tim Payne,Right-Back,1994-01-10,32,Wellington Phoenix,350000.0,/tim-payne/profil/spieler/149901
New Zealand,NEW ZEALAND,345700,Joe Bell,Defensive Midfield,1999-04-27,27,Viking FK,3500000.0,/joe-bell/profil/spieler/345700
New Zealand,NEW ZEALAND,203357,Ryan Thomas,Defensive Midfield,1994-12-20,31,PEC Zwolle,650000.0,/ryan-thomas/profil/spieler/203357
New Zealand,NEW ZEALAND,256019,Alex Rufer,Defensive Midfield,1996-06-12,30,Wellington Phoenix,600000.0,/alex-rufer/profil/spieler/256019
New Zealand,NEW ZEALAND,617018,Marko Stamenić,Central Midfield,2002-02-19,24,Swansea City,3000000.0,/marko-stamenic/profil/spieler/617018
New Zealand,NEW ZEALAND,1109358,Lachlan Bayliss,Central Midfield,2002-07-24,23,Newcastle United Jets,550000.0,/lachlan-bayliss/profil/spieler/1109358
New Zealand,NEW ZEALAND,400797,Callum McCowatt,Attacking Midfield,1999-04-30,27,Silkeborg IF,2500000.0,/callum-mccowatt/profil/spieler/400797
New Zealand,NEW ZEALAND,350357,Sarpreet Singh,Attacking Midfield,1999-02-20,27,Wellington Phoenix,500000.0,/sarpreet-singh/profil/spieler/350357
New Zealand,NEW ZEALAND,677509,Jesse Randall,Left Winger,2002-08-19,23,Auckland FC,900000.0,/jesse-randall/profil/spieler/677509
New Zealand,NEW ZEALAND,485672,Elijah Just,Right Winger,2000-05-01,26,Motherwell FC,2500000.0,/elijah-just/profil/spieler/485672
New Zealand,NEW ZEALAND,312317,Logan Rogerson,Right Winger,1998-05-28,28,Auckland FC,400000.0,/logan-rogerson/profil/spieler/312317
New Zealand,NEW ZEALAND,108725,Chris Wood,Centre-Forward,1991-12-07,34,Nottingham Forest,5000000.0,/chris-wood/profil/spieler/108725
New Zealand,NEW ZEALAND,539502,Ben Waine,Centre-Forward,2001-06-11,25,Port Vale FC,400000.0,/ben-waine/profil/spieler/539502
New Zealand,NEW ZEALAND,50200,Kosta Barbarouses,Centre-Forward,1990-02-19,36,Western Sydney Wanderers,300000.0,/kosta-barbarouses/profil/spieler/50200
Norway,NORWAY,549378,Sander Tangvik,Goalkeeper,2002-11-29,23,Hamburger SV,3000000.0,/sander-tangvik/profil/spieler/549378
Norway,NORWAY,380744,Egil Selvik,Goalkeeper,1997-07-30,28,Watford FC,1500000.0,/egil-selvik/profil/spieler/380744
Norway,NORWAY,73517,Ørjan Nyland,Goalkeeper,1990-09-10,35,Sevilla FC,800000.0,/orjan-nyland/profil/spieler/73517
Norway,NORWAY,328658,Kristoffer Ajer,Centre-Back,1998-04-17,28,Brentford FC,18000000.0,/kristoffer-ajer/profil/spieler/328658
Norway,NORWAY,367284,Leo Østigård,Centre-Back,1999-11-28,26,Genoa CFC,13000000.0,/leo-ostigard/profil/spieler/367284
Norway,NORWAY,464469,Torbjørn Heggem,Centre-Back,1999-01-12,27,Bologna FC 1909,13000000.0,/torbjorn-heggem/profil/spieler/464469
Norway,NORWAY,743088,Henrik Falchener,Centre-Back,2003-05-08,23,Viking FK,6000000.0,/henrik-falchener/profil/spieler/743088
Norway,NORWAY,737837,Sondre Langås,Centre-Back,2001-02-02,25,Derby County,4000000.0,/sondre-langas/profil/spieler/737837
Norway,NORWAY,661427,David Møller Wolfe,Left-Back,2002-04-23,24,Wolverhampton Wanderers,8000000.0,/david-moller-wolfe/profil/spieler/661427
Norway,NORWAY,364938,Fredrik Bjørkan,Left-Back,1998-08-21,27,FK Bodø/Glimt,3500000.0,/fredrik-bjorkan/profil/spieler/364938
Norway,NORWAY,370789,Julian Ryerson,Right-Back,1997-11-17,28,Borussia Dortmund,25000000.0,/julian-ryerson/profil/spieler/370789
Norway,NORWAY,583404,Marcus Pedersen,Right-Back,2000-07-16,25,Torino FC,3500000.0,/marcus-pedersen/profil/spieler/583404
Norway,NORWAY,333014,Sander Berge,Defensive Midfield,1998-02-14,28,Fulham FC,25000000.0,/sander-berge/profil/spieler/333014
Norway,NORWAY,308439,Patrick Berg,Defensive Midfield,1997-11-24,28,FK Bodø/Glimt,8000000.0,/patrick-berg/profil/spieler/308439
Norway,NORWAY,223367,Fredrik Aursnes,Central Midfield,1995-12-10,30,SL Benfica,15000000.0,/fredrik-aursnes/profil/spieler/223367
Norway,NORWAY,564785,Kristian Thorstvedt,Central Midfield,1999-03-13,27,US Sassuolo,12000000.0,/kristian-thorstvedt/profil/spieler/564785
Norway,NORWAY,226524,Morten Thorsby,Central Midfield,1996-05-05,30,US Cremonese,2800000.0,/morten-thorsby/profil/spieler/226524
Norway,NORWAY,316264,Martin Ødegaard,Attacking Midfield,1998-12-17,27,Arsenal FC,65000000.0,/martin-odegaard/profil/spieler/316264
Norway,NORWAY,647384,Thelo Aasgaard,Attacking Midfield,2002-05-02,24,Rangers FC,2800000.0,/thelo-aasgaard/profil/spieler/647384
Norway,NORWAY,894914,Antonio Nusa,Left Winger,2005-04-17,21,RB Leipzig,32000000.0,/antonio-nusa/profil/spieler/894914
Norway,NORWAY,670103,Andreas Schjelderup,Left Winger,2004-06-01,22,SL Benfica,30000000.0,/andreas-schjelderup/profil/spieler/670103
Norway,NORWAY,422355,Jens Petter Hauge,Left Winger,1999-10-12,26,FK Bodø/Glimt,12000000.0,/jens-petter-hauge/profil/spieler/422355
Norway,NORWAY,661207,Oscar Bobb,Right Winger,2003-07-12,22,Fulham FC,28000000.0,/oscar-bobb/profil/spieler/661207
Norway,NORWAY,418560,Erling Haaland,Centre-Forward,2000-07-21,25,Manchester City,200000000.0,/erling-haaland/profil/spieler/418560
Norway,NORWAY,429983,Jørgen Strand Larsen,Centre-Forward,2000-02-06,26,Crystal Palace,40000000.0,/jorgen-strand-larsen/profil/spieler/429983
Norway,NORWAY,238407,Alexander Sørloth,Centre-Forward,1995-12-05,30,Atlético de Madrid,18000000.0,/alexander-sorloth/profil/spieler/238407
Panama,PANAMA,402979,Orlando Mosquera,Goalkeeper,1994-12-25,31,Al-Fayha FC,700000.0,/orlando-mosquera/profil/spieler/402979
Panama,PANAMA,865550,César Samudio,Goalkeeper,1994-02-23,32,CD Marathón,250000.0,/cesar-samudio/profil/spieler/865550
Panama,PANAMA,76715,Luis Mejía,Goalkeeper,1991-03-16,35,Club Nacional,150000.0,/luis-mejia/profil/spieler/76715
Panama,PANAMA,698415,José Córdoba,Centre-Back,2001-06-03,25,Norwich City,5000000.0,/jose-cordoba/profil/spieler/698415
Panama,PANAMA,403808,Andrés Andrade,Centre-Back,1998-10-16,27,LASK,2500000.0,/andres-andrade/profil/spieler/403808
Panama,PANAMA,923177,Edgardo Fariña,Centre-Back,2001-10-19,24,FC Pari Nizhniy Novgorod,900000.0,/edgardo-farina/profil/spieler/923177
Panama,PANAMA,403809,Jiovany Ramos,Centre-Back,1997-01-26,29,Academia Puerto Cabello,450000.0,/jiovany-ramos/profil/spieler/403809
Panama,PANAMA,345716,Fidel Escobar,Centre-Back,1995-01-09,31,Deportivo Saprissa,350000.0,/fidel-escobar/profil/spieler/345716
Panama,PANAMA,157154,Roderick Miller,Centre-Back,1992-04-03,34,Turan-Tovuz IK,175000.0,/roderick-miller/profil/spieler/157154
Panama,PANAMA,443379,Jorge Gutiérrez,Left-Back,1998-09-01,27,Deportivo La Guaira,800000.0,/jorge-gutierrez/profil/spieler/443379
Panama,PANAMA,121791,Éric Davis,Left-Back,1991-03-31,35,CD Plaza Amador,50000.0,/eric-davis/profil/spieler/121791
Panama,PANAMA,354482,Amir Murillo,Right-Back,1996-02-11,30,Besiktas JK,7000000.0,/amir-murillo/profil/spieler/354482
Panama,PANAMA,440383,César Blackman,Right-Back,1998-04-02,28,Slovan Bratislava,2500000.0,/cesar-blackman/profil/spieler/440383
Panama,PANAMA,419247,Cristian Martínez,Defensive Midfield,1997-02-06,29,Ironi Kiryat Shmona,800000.0,/cristian-martinez/profil/spieler/419247
Panama,PANAMA,628806,Carlos Harvey,Defensive Midfield,2000-02-03,26,Minnesota United FC,600000.0,/carlos-harvey/profil/spieler/628806
Panama,PANAMA,161671,Aníbal Godoy,Defensive Midfield,1990-02-10,36,San Diego FC,100000.0,/anibal-godoy/profil/spieler/161671
Panama,PANAMA,375300,Adalberto Carrasquilla,Central Midfield,1998-11-28,27,UNAM Pumas,4000000.0,/adalberto-carrasquilla/profil/spieler/375300
Panama,PANAMA,425028,José Luis Rodríguez,Left Winger,1998-06-19,28,FC Juárez,2500000.0,/jose-luis-rodriguez/profil/spieler/425028
Panama,PANAMA,243298,Ismael Díaz,Left Winger,1997-05-12,29,Club León FC,1800000.0,/ismael-diaz/profil/spieler/243298
Panama,PANAMA,283473,Yoel Bárcenas,Right Winger,1993-10-23,32,Mazatlán FC,650000.0,/yoel-barcenas/profil/spieler/283473
Panama,PANAMA,741098,César Yanis,Right Winger,1996-01-28,30,CD Cobresal,400000.0,/cesar-yanis/profil/spieler/741098
Panama,PANAMA,126019,Alberto Quintero,Right Winger,1987-12-18,38,CD Plaza Amador,75000.0,/alberto-quintero/profil/spieler/126019
Panama,PANAMA,569205,Tomás Rodríguez,Centre-Forward,1999-03-09,27,Deportivo Saprissa,1000000.0,/tomas-rodriguez/profil/spieler/569205
Panama,PANAMA,860998,Azarías Londoño,Centre-Forward,2001-06-21,25,CD Universidad Católica,1000000.0,/azarias-londono/profil/spieler/860998
Panama,PANAMA,546803,José Fajardo,Centre-Forward,1993-08-18,32,CD Universidad Católica,550000.0,/jose-fajardo/profil/spieler/546803
Panama,PANAMA,177064,Cecilio Waterman,Centre-Forward,1991-04-13,35,Universidad de Concepción,250000.0,/cecilio-waterman/profil/spieler/177064
Paraguay,PARAGUAY,643259,Orlando Gill,Goalkeeper,2000-06-11,26,CA San Lorenzo de Almagro,6000000.0,/orlando-gill/profil/spieler/643259
Paraguay,PARAGUAY,301722,Gastón Olveira,Goalkeeper,1993-04-21,33,Club Olimpia,500000.0,/gaston-olveira/profil/spieler/301722
Paraguay,PARAGUAY,107318,Roberto Fernández,Goalkeeper,1988-03-29,38,Club Cerro Porteño,100000.0,/roberto-fernandez/profil/spieler/107318
Paraguay,PARAGUAY,353032,Omar Alderete,Centre-Back,1996-12-26,29,Sunderland AFC,13000000.0,/omar-alderete/profil/spieler/353032
Paraguay,PARAGUAY,215390,Gustavo Gómez,Centre-Back,1993-05-06,33,Sociedade Esportiva Palmeiras,3500000.0,/gustavo-gomez/profil/spieler/215390
Paraguay,PARAGUAY,402627,José Canale,Centre-Back,1996-07-20,29,CA Lanús,2200000.0,/jose-canale/profil/spieler/402627
Paraguay,PARAGUAY,273000,Júnior Alonso,Centre-Back,1993-02-09,33,Clube Atlético Mineiro,1500000.0,/junior-alonso/profil/spieler/273000
Paraguay,PARAGUAY,285548,Fabián Balbuena,Centre-Back,1991-08-23,34,Grêmio Foot-Ball Porto Alegrense,900000.0,/fabian-balbuena/profil/spieler/285548
Paraguay,PARAGUAY,389399,Gustavo Velázquez,Centre-Back,1991-04-17,35,Club Cerro Porteño,400000.0,/gustavo-velazquez/profil/spieler/389399
Paraguay,PARAGUAY,1371519,Alexandro Maidana,Left-Back,2005-07-26,20,CA Talleres,2500000.0,/alexandro-maidana/profil/spieler/1371519
Paraguay,PARAGUAY,756494,Juan José Cáceres,Right-Back,2000-06-01,26,Dynamo Moscow,5000000.0,/juan-jose-caceres/profil/spieler/756494
Paraguay,PARAGUAY,323872,Andrés Cubas,Defensive Midfield,1996-05-22,30,Vancouver Whitecaps FC,4500000.0,/andres-cubas/profil/spieler/323872
Paraguay,PARAGUAY,491596,Braian Ojeda,Defensive Midfield,2000-06-27,26,Orlando City SC,3500000.0,/braian-ojeda/profil/spieler/491596
Paraguay,PARAGUAY,996897,Diego Gómez,Central Midfield,2003-03-27,23,Brighton & Hove Albion,25000000.0,/diego-gomez/profil/spieler/996897
Paraguay,PARAGUAY,861852,Damián Bobadilla,Central Midfield,2001-07-11,24,São Paulo Futebol Clube,6000000.0,/damian-bobadilla/profil/spieler/861852
Paraguay,PARAGUAY,661269,Matías Galarza,Central Midfield,2002-02-11,24,Atlanta United FC,3000000.0,/matias-galarza/profil/spieler/661269
Paraguay,PARAGUAY,660867,Julio Enciso,Attacking Midfield,2004-01-23,22,RC Strasbourg Alsace,25000000.0,/julio-enciso/profil/spieler/660867
Paraguay,PARAGUAY,678439,Mauricio,Attacking Midfield,2001-06-22,25,Sociedade Esportiva Palmeiras,15000000.0,/mauricio/profil/spieler/678439
Paraguay,PARAGUAY,355817,Kaku,Attacking Midfield,1995-01-11,31,Al-Ain FC,4500000.0,/kaku/profil/spieler/355817
Paraguay,PARAGUAY,891672,Gustavo Caballero,Left Winger,2001-09-21,24,Portsmouth FC,1000000.0,/gustavo-caballero/profil/spieler/891672
Paraguay,PARAGUAY,272999,Miguel Almirón,Right Winger,1994-02-10,32,Atlanta United FC,7000000.0,/miguel-almiron/profil/spieler/272999
Paraguay,PARAGUAY,745191,Ramón Sosa,Second Striker,1999-08-31,26,Sociedade Esportiva Palmeiras,10000000.0,/ramon-sosa/profil/spieler/745191
Paraguay,PARAGUAY,675178,Isidro Pitta,Centre-Forward,1999-08-14,26,Red Bull Bragantino,7500000.0,/isidro-pitta/profil/spieler/675178
Paraguay,PARAGUAY,970518,Álex Arce,Centre-Forward,1995-06-16,31,CS Independiente Rivadavia,3500000.0,/alex-arce/profil/spieler/970518
Paraguay,PARAGUAY,234523,Antonio Sanabria,Centre-Forward,1996-03-04,30,US Cremonese,1800000.0,/antonio-sanabria/profil/spieler/234523
Paraguay,PARAGUAY,358418,Gabriel Ávalos,Centre-Forward,1990-10-12,35,CA Independiente,750000.0,/gabriel-avalos/profil/spieler/358418
Portugal,PORTUGAL,357153,Diogo Costa,Goalkeeper,1999-09-19,26,FC Porto,40000000.0,/diogo-costa/profil/spieler/357153
Portugal,PORTUGAL,234811,Rui Silva,Goalkeeper,1994-02-07,32,Sporting CP,7000000.0,/rui-silva/profil/spieler/234811
Portugal,PORTUGAL,249994,José Sá,Goalkeeper,1993-01-17,33,Wolverhampton Wanderers,3500000.0,/jose-sa/profil/spieler/249994
Portugal,PORTUGAL,258004,Rúben Dias,Centre-Back,1997-05-14,29,Manchester City,55000000.0,/ruben-dias/profil/spieler/258004
Portugal,PORTUGAL,549006,Gonçalo Inácio,Centre-Back,2001-08-25,24,Sporting CP,40000000.0,/goncalo-inacio/profil/spieler/549006
Portugal,PORTUGAL,504087,Tomás Araújo,Centre-Back,2002-05-16,24,SL Benfica,30000000.0,/tomas-araujo/profil/spieler/504087
Portugal,PORTUGAL,805714,Renato Veiga,Centre-Back,2003-07-29,22,Villarreal CF,25000000.0,/renato-veiga/profil/spieler/805714
Portugal,PORTUGAL,616341,Nuno Mendes,Left-Back,2002-06-19,24,Paris Saint-Germain,80000000.0,/nuno-mendes/profil/spieler/616341
Portugal,PORTUGAL,601883,Matheus Nunes,Right-Back,1998-08-27,27,Manchester City,50000000.0,/matheus-nunes/profil/spieler/601883
Portugal,PORTUGAL,357147,Diogo Dalot,Right-Back,1999-03-18,27,Manchester United,30000000.0,/diogo-dalot/profil/spieler/357147
Portugal,PORTUGAL,182712,João Cancelo,Right-Back,1994-05-27,32,FC Barcelona,8000000.0,/joao-cancelo/profil/spieler/182712
Portugal,PORTUGAL,231572,Nélson Semedo,Right-Back,1993-11-16,32,Fenerbahce,6000000.0,/nelson-semedo/profil/spieler/231572
Portugal,PORTUGAL,487469,Vitinha,Defensive Midfield,2000-02-13,26,Paris Saint-Germain,140000000.0,/vitinha/profil/spieler/487469
Portugal,PORTUGAL,225161,Rúben Neves,Defensive Midfield,1997-03-13,29,Al-Hilal SFC,25000000.0,/ruben-neves/profil/spieler/225161
Portugal,PORTUGAL,657430,Samú Costa,Defensive Midfield,2000-11-27,25,RCD Mallorca,15000000.0,/samu-costa/profil/spieler/657430
Portugal,PORTUGAL,670681,João Neves,Central Midfield,2004-09-27,21,Paris Saint-Germain,140000000.0,/joao-neves/profil/spieler/670681
Portugal,PORTUGAL,412669,Francisco Trincão,Attacking Midfield,1999-12-29,26,Sporting CP,40000000.0,/francisco-trincao/profil/spieler/412669
Portugal,PORTUGAL,240306,Bruno Fernandes,Attacking Midfield,1994-09-08,31,Manchester United,35000000.0,/bruno-fernandes/profil/spieler/240306
Portugal,PORTUGAL,241641,Bernardo Silva,Attacking Midfield,1994-08-10,31,Manchester City,22000000.0,/bernardo-silva/profil/spieler/241641
Portugal,PORTUGAL,357164,Rafael Leão,Left Winger,1999-06-10,27,AC Milan,50000000.0,/rafael-leao/profil/spieler/357164
Portugal,PORTUGAL,225122,Gonçalo Guedes,Left Winger,1996-11-29,29,Real Sociedad,6000000.0,/goncalo-guedes/profil/spieler/225122
Portugal,PORTUGAL,487465,Pedro Neto,Right Winger,2000-03-09,26,Chelsea FC,60000000.0,/pedro-neto/profil/spieler/487465
Portugal,PORTUGAL,487474,Francisco Conceição,Right Winger,2002-12-14,23,Juventus FC,30000000.0,/francisco-conceicao/profil/spieler/487474
Portugal,PORTUGAL,462250,João Félix,Second Striker,1999-11-10,26,Al-Nassr FC,28000000.0,/joao-felix/profil/spieler/462250
Portugal,PORTUGAL,550550,Gonçalo Ramos,Centre-Forward,2001-06-20,25,Paris Saint-Germain,30000000.0,/goncalo-ramos/profil/spieler/550550
Portugal,PORTUGAL,8198,Cristiano Ronaldo,Centre-Forward,1985-02-05,41,Al-Nassr FC,10000000.0,/cristiano-ronaldo/profil/spieler/8198
Qatar,QATAR,560423,Meshaal Barsham,Goalkeeper,1998-02-14,28,Al-Sadd SC,700000.0,/meshaal-barsham/profil/spieler/560423
Qatar,QATAR,669629,Mahmoud Abunada,Goalkeeper,2000-02-05,26,Al-Rayyan SC,400000.0,/mahmoud-abunada/profil/spieler/669629
Qatar,QATAR,632912,Salah Zakaria,Goalkeeper,1999-04-24,27,Al-Duhail SC,400000.0,/salah-zakaria/profil/spieler/632912
Qatar,QATAR,83983,Lucas Mendes,Centre-Back,1990-07-03,35,Al-Wakrah SC,350000.0,/lucas-mendes/profil/spieler/83983
Qatar,QATAR,943150,Al-Hashmi Al-Hussain,Centre-Back,2003-08-15,22,Al-Arabi SC,250000.0,/al-hashmi-al-hussain/profil/spieler/943150
Qatar,QATAR,1264176,Issa Laye,Centre-Back,1997-12-22,28,Al-Arabi SC,200000.0,/issa-laye/profil/spieler/1264176
Qatar,QATAR,222669,Boualem Khoukhi,Centre-Back,1990-07-09,35,Al-Sadd SC,200000.0,/boualem-khoukhi/profil/spieler/222669
Qatar,QATAR,228727,Pedro Miguel,Centre-Back,1990-08-06,35,Al-Sadd SC,150000.0,/pedro-miguel/profil/spieler/228727
Qatar,QATAR,556713,Homam Al-Amin,Left-Back,1999-08-25,26,Cultural Leonesa,500000.0,/homam-al-amin/profil/spieler/556713
Qatar,QATAR,336665,Sultan Al-Brake,Left-Back,1996-04-07,30,Al-Duhail SC,300000.0,/sultan-al-brake/profil/spieler/336665
Qatar,QATAR,1054631,Ayoub Al-Oui,Right-Back,2005-03-11,21,Al-Gharafa SC,375000.0,/ayoub-al-oui/profil/spieler/1054631
Qatar,QATAR,735813,Jassem Gaber,Defensive Midfield,2002-02-20,24,Al-Rayyan SC,500000.0,/jassem-gaber/profil/spieler/735813
Qatar,QATAR,336667,Assim Madibo,Defensive Midfield,1996-10-22,29,Al-Wakrah SC,350000.0,/assim-madibo/profil/spieler/336667
Qatar,QATAR,251183,Ahmed Fathi,Defensive Midfield,1993-01-25,33,Al-Arabi SC,250000.0,/ahmed-fathi/profil/spieler/251183
Qatar,QATAR,222385,Karim Boudiaf,Defensive Midfield,1990-09-16,35,Al-Duhail SC,175000.0,/karim-boudiaf/profil/spieler/222385
Qatar,QATAR,822935,Mohamed Manai,Central Midfield,2002-10-25,23,Al-Shamal SC,500000.0,/mohamed-manai/profil/spieler/822935
Qatar,QATAR,113915,Abdulaziz Hatim,Central Midfield,1990-10-28,35,Al-Rayyan SC,250000.0,/abdulaziz-hatim/profil/spieler/113915
Qatar,QATAR,86286,Hassan Al-Haydos,Attacking Midfield,1990-12-11,35,Al-Sadd SC,300000.0,/hassan-al-haydos/profil/spieler/86286
Qatar,QATAR,336646,Akram Afif,Left Winger,1996-11-18,29,Al-Sadd SC,8000000.0,/akram-afif/profil/spieler/336646
Qatar,QATAR,237846,Edmílson Junior,Left Winger,1994-08-19,31,Al-Duhail SC,1800000.0,/edmilson-junior/profil/spieler/237846
Qatar,QATAR,1143849,Tahsin Mohammed Jamshid,Left Winger,2006-06-16,20,Al-Duhail SC,200000.0,/tahsin-mohammed-jamshid/profil/spieler/1143849
Qatar,QATAR,670659,Ahmed Al-Ganehi,Right Winger,2000-09-22,25,Al-Gharafa SC,500000.0,/ahmed-al-ganehi/profil/spieler/670659
Qatar,QATAR,589099,Yusuf Abdurisag,Right Winger,1999-08-06,26,Al-Wakrah SC,275000.0,/yusuf-abdurisag/profil/spieler/589099
Qatar,QATAR,345095,Almoez Ali,Centre-Forward,1996-08-19,29,Al-Duhail SC,2500000.0,/almoez-ali/profil/spieler/345095
Qatar,QATAR,187987,Ahmed Alaaeldin,Centre-Forward,1993-01-31,33,Al-Rayyan SC,300000.0,/ahmed-alaaeldin/profil/spieler/187987
Qatar,QATAR,266935,Mohammed Muntari,Centre-Forward,1993-12-20,32,Al-Gharafa SC,200000.0,/mohammed-muntari/profil/spieler/266935
Saudi Arabia,SAUDI ARABIA,886183,Nawaf Al-Aqidi,Goalkeeper,2000-05-10,26,Al-Nassr FC,650000.0,/nawaf-al-aqidi/profil/spieler/886183
Saudi Arabia,SAUDI ARABIA,262845,Mohammed Al-Owais,Goalkeeper,1991-10-10,34,Al-Ula FC,275000.0,/mohammed-al-owais/profil/spieler/262845
Saudi Arabia,SAUDI ARABIA,177956,Ahmed Al-Kassar,Goalkeeper,1991-05-08,35,Al-Qadsiah FC,175000.0,/ahmed-al-kassar/profil/spieler/177956
Saudi Arabia,SAUDI ARABIA,509897,Hassan Tambakti,Centre-Back,1999-02-09,27,Al-Hilal SFC,1800000.0,/hassan-tambakti/profil/spieler/509897
Saudi Arabia,SAUDI ARABIA,509894,Abdulelah Al-Amri,Centre-Back,1997-01-15,29,Al-Nassr FC,1400000.0,/abdulelah-al-amri/profil/spieler/509894
Saudi Arabia,SAUDI ARABIA,901334,Jehad Thakri,Centre-Back,2001-07-21,24,Al-Qadsiah FC,1200000.0,/jehad-thakri/profil/spieler/901334
Saudi Arabia,SAUDI ARABIA,264909,Ali Lajami,Centre-Back,1996-04-24,30,Al-Hilal SFC,750000.0,/ali-lajami/profil/spieler/264909
Saudi Arabia,SAUDI ARABIA,869509,Moteb Al-Harbi,Left-Back,2000-02-19,26,Al-Hilal SFC,1400000.0,/moteb-al-harbi/profil/spieler/869509
Saudi Arabia,SAUDI ARABIA,735815,Ayman Yahya,Left-Back,2001-05-14,25,Al-Nassr FC,1200000.0,/ayman-yahya/profil/spieler/735815
Saudi Arabia,SAUDI ARABIA,260859,Hassan Kadesh,Left-Back,1992-09-26,33,Al-Ittihad Club,275000.0,/hassan-kadesh/profil/spieler/260859
Saudi Arabia,SAUDI ARABIA,631927,Saud Abdulhamid,Right-Back,1999-07-18,26,RC Lens,9000000.0,/saud-abdulhamid/profil/spieler/631927
Saudi Arabia,SAUDI ARABIA,1181852,Mohammed Abu Al-Shamat,Right-Back,2002-08-11,23,Al-Qadsiah FC,1800000.0,/mohammed-abu-al-shamat/profil/spieler/1181852
Saudi Arabia,SAUDI ARABIA,672391,Ali Majrashi,Right-Back,1999-10-01,26,Al-Ahli SFC,1400000.0,/ali-majrashi/profil/spieler/672391
Saudi Arabia,SAUDI ARABIA,821377,Nawaf Boushal,Right-Back,1999-09-16,26,Al-Nassr FC,1400000.0,/nawaf-boushal/profil/spieler/821377
Saudi Arabia,SAUDI ARABIA,901079,Ziyad Al-Johani,Defensive Midfield,2001-11-11,24,Al-Ahli SFC,800000.0,/ziyad-al-johani/profil/spieler/901079
Saudi Arabia,SAUDI ARABIA,437903,Abdullah Al-Khaibari,Defensive Midfield,1996-08-16,29,Al-Nassr FC,750000.0,/abdullah-al-khaibari/profil/spieler/437903
Saudi Arabia,SAUDI ARABIA,901181,Musab Al-Juwayr,Central Midfield,2003-06-20,23,Al-Qadsiah FC,6000000.0,/musab-al-juwayr/profil/spieler/901181
Saudi Arabia,SAUDI ARABIA,509911,Nasser Al-Dawsari,Central Midfield,1998-12-19,27,Al-Hilal SFC,900000.0,/nasser-al-dawsari/profil/spieler/509911
Saudi Arabia,SAUDI ARABIA,308120,Mohamed Kanno,Central Midfield,1994-09-22,31,Al-Hilal SFC,800000.0,/mohamed-kanno/profil/spieler/308120
Saudi Arabia,SAUDI ARABIA,443937,Alaa Hejji,Central Midfield,1995-12-03,30,NEOM SC,300000.0,/alaa-hejji/profil/spieler/443937
Saudi Arabia,SAUDI ARABIA,631923,Khalid Al-Ghannam,Left Winger,2000-11-07,25,Al-Ettifaq FC,2500000.0,/khalid-al-ghannam/profil/spieler/631923
Saudi Arabia,SAUDI ARABIA,195332,Salem Al-Dawsari,Left Winger,1991-08-19,34,Al-Hilal SFC,1200000.0,/salem-al-dawsari/profil/spieler/195332
Saudi Arabia,SAUDI ARABIA,210349,Sultan Mandash,Right Winger,1994-10-17,31,Al-Hilal SFC,350000.0,/sultan-mandash/profil/spieler/210349
Saudi Arabia,SAUDI ARABIA,631922,Firas Al-Buraikan,Centre-Forward,2000-05-14,26,Al-Ahli SFC,3500000.0,/firas-al-buraikan/profil/spieler/631922
Saudi Arabia,SAUDI ARABIA,242267,Saleh Al-Shehri,Centre-Forward,1993-11-01,32,Al-Ittihad Club,500000.0,/saleh-al-shehri/profil/spieler/242267
Saudi Arabia,SAUDI ARABIA,68626,Abdullah Al-Hamdan,Centre-Forward,1999-09-12,26,Al-Nassr FC,350000.0,/abdullah-al-hamdan/profil/spieler/68626
Scotland,SCOTLAND,201574,Angus Gunn,Goalkeeper,1996-01-22,30,Nottingham Forest,1000000.0,/angus-gunn/profil/spieler/201574
Scotland,SCOTLAND,208772,Liam Kelly,Goalkeeper,1996-01-23,30,Rangers FC,800000.0,/liam-kelly/profil/spieler/208772
Scotland,SCOTLAND,12589,Craig Gordon,Goalkeeper,1982-12-31,43,Heart of Midlothian FC,50000.0,/craig-gordon/profil/spieler/12589
Scotland,SCOTLAND,255906,Scott McKenna,Centre-Back,1996-11-12,29,GNK Dinamo Zagreb,4000000.0,/scott-mckenna/profil/spieler/255906
Scotland,SCOTLAND,363223,Jack Hendry,Centre-Back,1995-05-07,31,Al-Ettifaq FC,2500000.0,/jack-hendry/profil/spieler/363223
Scotland,SCOTLAND,235767,John Souttar,Centre-Back,1996-09-25,29,Rangers FC,2000000.0,/john-souttar/profil/spieler/235767
Scotland,SCOTLAND,263268,Dominic Hyam,Centre-Back,1995-12-20,30,Wrexham AFC,2000000.0,/dominic-hyam/profil/spieler/263268
Scotland,SCOTLAND,121385,Grant Hanley,Centre-Back,1991-11-20,34,Hibernian FC,200000.0,/grant-hanley/profil/spieler/121385
Scotland,SCOTLAND,300716,Kieran Tierney,Left-Back,1997-06-05,29,Celtic FC,8000000.0,/kieran-tierney/profil/spieler/300716
Scotland,SCOTLAND,234803,Andrew Robertson,Left-Back,1994-03-11,32,Liverpool FC,7000000.0,/andrew-robertson/profil/spieler/234803
Scotland,SCOTLAND,591949,Aaron Hickey,Right-Back,2002-06-10,24,Brentford FC,16000000.0,/aaron-hickey/profil/spieler/591949
Scotland,SCOTLAND,424015,Nathan Patterson,Right-Back,2001-10-16,24,Everton FC,10000000.0,/nathan-patterson/profil/spieler/424015
Scotland,SCOTLAND,388171,Anthony Ralston,Right-Back,1998-11-16,27,Celtic FC,1500000.0,/anthony-ralston/profil/spieler/388171
Scotland,SCOTLAND,315969,Scott McTominay,Central Midfield,1996-12-08,29,SSC Napoli,40000000.0,/scott-mctominay/profil/spieler/315969
Scotland,SCOTLAND,428563,Lewis Ferguson,Central Midfield,1999-08-24,26,Bologna FC 1909,14000000.0,/lewis-ferguson/profil/spieler/428563
Scotland,SCOTLAND,193116,John McGinn,Central Midfield,1994-10-18,31,Aston Villa,13000000.0,/john-mcginn/profil/spieler/193116
Scotland,SCOTLAND,188077,Ryan Christie,Central Midfield,1995-02-22,31,AFC Bournemouth,8000000.0,/ryan-christie/profil/spieler/188077
Scotland,SCOTLAND,1049911,Tyler Fletcher,Central Midfield,2007-03-19,19,Manchester United U21,1500000.0,/tyler-fletcher/profil/spieler/1049911
Scotland,SCOTLAND,126600,Kenny McLean,Central Midfield,1992-01-08,34,Norwich City,400000.0,/kenny-mclean/profil/spieler/126600
Scotland,SCOTLAND,1082993,Findlay Curtis,Left Winger,2006-06-09,20,Rangers FC,2000000.0,/findlay-curtis/profil/spieler/1082993
Scotland,SCOTLAND,719673,Ben Gannon-Doak,Right Winger,2005-11-11,20,AFC Bournemouth,15000000.0,/ben-gannon-doak/profil/spieler/719673
Scotland,SCOTLAND,420808,George Hirst,Centre-Forward,1999-02-15,27,Ipswich Town,10000000.0,/george-hirst/profil/spieler/420808
Scotland,SCOTLAND,346779,Ché Adams,Centre-Forward,1996-07-13,29,Torino FC,5000000.0,/che-adams/profil/spieler/346779
Scotland,SCOTLAND,225744,Lawrence Shankland,Centre-Forward,1995-08-10,30,Heart of Midlothian FC,3000000.0,/lawrence-shankland/profil/spieler/225744
Scotland,SCOTLAND,447995,Ross Stewart,Centre-Forward,1996-07-11,29,Southampton FC,2500000.0,/ross-stewart/profil/spieler/447995
Scotland,SCOTLAND,347138,Lyndon Dykes,Centre-Forward,1995-10-07,30,Charlton Athletic,800000.0,/lyndon-dykes/profil/spieler/347138
Senegal,SENEGAL,448632,Yehvann Diouf,Goalkeeper,1999-11-16,26,OGC Nice,7000000.0,/yehvann-diouf/profil/spieler/448632
Senegal,SENEGAL,442531,Edouard Mendy,Goalkeeper,1992-03-01,34,Al-Ahli SFC,4000000.0,/edouard-mendy/profil/spieler/442531
Senegal,SENEGAL,164904,Mory Diaw,Goalkeeper,1993-06-22,33,Le Havre AC,900000.0,/mory-diaw/profil/spieler/164904
Senegal,SENEGAL,910905,Mamadou Sarr,Centre-Back,2005-08-29,20,Chelsea FC,22000000.0,/mamadou-sarr/profil/spieler/910905
Senegal,SENEGAL,291200,Moussa Niakhaté,Centre-Back,1996-03-08,30,Olympique Lyon,15000000.0,/moussa-niakhate/profil/spieler/291200
Senegal,SENEGAL,891998,Antoine Mendy,Centre-Back,2004-05-27,22,OGC Nice,10000000.0,/antoine-mendy/profil/spieler/891998
Senegal,SENEGAL,93128,Kalidou Koulibaly,Centre-Back,1991-06-20,35,Al-Hilal SFC,4500000.0,/kalidou-koulibaly/profil/spieler/93128
Senegal,SENEGAL,265383,Abdoulaye Seck,Centre-Back,1992-06-04,34,Maccabi Haifa,400000.0,/abdoulaye-seck/profil/spieler/265383
Senegal,SENEGAL,1111589,El Hadji Malick Diouf,Left-Back,2004-12-28,21,West Ham United,28000000.0,/el-hadji-malick-diouf/profil/spieler/1111589
Senegal,SENEGAL,375137,Ismail Jakobs,Left-Back,1999-08-17,26,Galatasaray,8000000.0,/ismail-jakobs/profil/spieler/375137
Senegal,SENEGAL,126665,Idrissa Gueye,Defensive Midfield,1989-09-26,36,Everton FC,500000.0,/idrissa-gueye/profil/spieler/126665
Senegal,SENEGAL,918969,Lamine Camara,Central Midfield,2004-01-01,22,AS Monaco,40000000.0,/lamine-camara/profil/spieler/918969
Senegal,SENEGAL,485963,Pape Gueye,Central Midfield,1999-01-24,27,Villarreal CF,40000000.0,/pape-gueye/profil/spieler/485963
Senegal,SENEGAL,876631,Habib Diarra,Central Midfield,2004-01-03,22,Sunderland AFC,35000000.0,/habib-diarra/profil/spieler/876631
Senegal,SENEGAL,568693,Pape Matar Sarr,Central Midfield,2002-09-14,23,Tottenham Hotspur,30000000.0,/pape-matar-sarr/profil/spieler/568693
Senegal,SENEGAL,1497653,Bara Sapoko Ndiaye,Central Midfield,2007-12-31,18,Bayern Munich,4000000.0,/bara-sapoko-ndiaye/profil/spieler/1497653
Senegal,SENEGAL,525578,Pathé Ciss,Central Midfield,1994-03-16,32,Rayo Vallecano,1800000.0,/pathe-ciss/profil/spieler/525578
Senegal,SENEGAL,490426,Krépin Diatta,Right Midfield,1999-02-25,27,AS Monaco,6000000.0,/krepin-diatta/profil/spieler/490426
Senegal,SENEGAL,1061282,Assane Diao,Left Winger,2005-09-07,20,Como 1907,30000000.0,/assane-diao/profil/spieler/1061282
Senegal,SENEGAL,200512,Sadio Mané,Left Winger,1992-04-10,34,Al-Nassr FC,6000000.0,/sadio-mane/profil/spieler/200512
Senegal,SENEGAL,623570,Iliman Ndiaye,Right Winger,2000-03-06,26,Everton FC,55000000.0,/iliman-ndiaye/profil/spieler/623570
Senegal,SENEGAL,410225,Ismaïla Sarr,Right Winger,1998-02-25,28,Crystal Palace,40000000.0,/ismaila-sarr/profil/spieler/410225
Senegal,SENEGAL,1185888,Ibrahim Mbaye,Right Winger,2008-01-24,18,Paris Saint-Germain,30000000.0,/ibrahim-mbaye/profil/spieler/1185888
Senegal,SENEGAL,776890,Nicolas Jackson,Centre-Forward,2001-06-20,25,Bayern Munich,40000000.0,/nicolas-jackson/profil/spieler/776890
Senegal,SENEGAL,822458,Bamba Dieng,Centre-Forward,2000-03-23,26,FC Lorient,15000000.0,/bamba-dieng/profil/spieler/822458
Senegal,SENEGAL,480705,Cherif Ndiaye,Centre-Forward,1996-01-23,30,Samsunspor,5000000.0,/cherif-ndiaye/profil/spieler/480705
South Africa,SOUTH AFRICA,453370,Sipho Chaine,Goalkeeper,1996-12-14,29,Orlando Pirates,1600000.0,/sipho-chaine/profil/spieler/453370
South Africa,SOUTH AFRICA,175577,Ronwen Williams,Goalkeeper,1992-01-21,34,Mamelodi Sundowns FC,800000.0,/ronwen-williams/profil/spieler/175577
South Africa,SOUTH AFRICA,258304,Ricardo Goss,Goalkeeper,1994-04-02,32,Siwelele Football Club ,350000.0,/ricardo-goss/profil/spieler/258304
South Africa,SOUTH AFRICA,1378320,Mbekezeli Mbokazi,Centre-Back,2005-09-19,20,Chicago Fire FC,3500000.0,/mbekezeli-mbokazi/profil/spieler/1378320
South Africa,SOUTH AFRICA,1107265,Ime Okon,Centre-Back,2004-02-20,22,Hannover 96,2000000.0,/ime-okon/profil/spieler/1107265
South Africa,SOUTH AFRICA,1069801,Olwethu Makhanya,Centre-Back,2004-04-30,22,Philadelphia Union,2000000.0,/olwethu-makhanya/profil/spieler/1069801
South Africa,SOUTH AFRICA,399068,Nkosinathi Sibisi,Centre-Back,1995-09-22,30,Orlando Pirates,1600000.0,/nkosinathi-sibisi/profil/spieler/399068
South Africa,SOUTH AFRICA,1283140,Khulumani Ndamane,Centre-Back,2004-02-05,22,Mamelodi Sundowns FC,1200000.0,/khulumani-ndamane/profil/spieler/1283140
South Africa,SOUTH AFRICA,1175086,Samukele Kabini,Left-Back,2004-03-15,22,Molde FK,2500000.0,/samukele-kabini/profil/spieler/1175086
South Africa,SOUTH AFRICA,353432,Aubrey Modiba,Left-Back,1995-07-22,30,Mamelodi Sundowns FC,1800000.0,/aubrey-modiba/profil/spieler/353432
South Africa,SOUTH AFRICA,555209,Bradley Cross,Left-Back,2001-01-30,25,Kaizer Chiefs,1000000.0,/bradley-cross/profil/spieler/555209
South Africa,SOUTH AFRICA,1109254,Thabang Matuludi,Right-Back,1999-01-14,27,Polokwane City FC,1200000.0,/thabang-matuludi/profil/spieler/1109254
South Africa,SOUTH AFRICA,450806,Khuliso Mudau,Right-Back,1995-04-26,31,Mamelodi Sundowns FC,1200000.0,/khuliso-mudau/profil/spieler/450806
South Africa,SOUTH AFRICA,994370,Kamogelo Sebelebele,Right-Back,2002-07-21,23,Orlando Pirates,1200000.0,/kamogelo-sebelebele/profil/spieler/994370
South Africa,SOUTH AFRICA,436372,Teboho Mokoena,Defensive Midfield,1997-01-24,29,Mamelodi Sundowns FC,2800000.0,/teboho-mokoena/profil/spieler/436372
South Africa,SOUTH AFRICA,735697,Thalente Mbatha,Central Midfield,2000-03-06,26,Orlando Pirates,2000000.0,/thalente-mbatha/profil/spieler/735697
South Africa,SOUTH AFRICA,804472,Jayden Adams,Central Midfield,2001-05-05,25,Mamelodi Sundowns FC,1800000.0,/jayden-adams/profil/spieler/804472
South Africa,SOUTH AFRICA,401736,Yaya Sithole,Central Midfield,1999-03-03,27,CD Tondela,600000.0,/yaya-sithole/profil/spieler/401736
South Africa,SOUTH AFRICA,176578,Themba Zwane,Attacking Midfield,1989-08-03,36,Mamelodi Sundowns FC,250000.0,/themba-zwane/profil/spieler/176578
South Africa,SOUTH AFRICA,1125037,Relebohile Mofokeng,Left Winger,2004-10-23,21,Orlando Pirates,3000000.0,/relebohile-mofokeng/profil/spieler/1125037
South Africa,SOUTH AFRICA,673381,Oswin Appollis,Left Winger,2001-08-25,24,Orlando Pirates,2500000.0,/oswin-appollis/profil/spieler/673381
South Africa,SOUTH AFRICA,844485,Tshepang Moremi,Left Winger,2000-10-02,25,Orlando Pirates,1400000.0,/tshepang-moremi/profil/spieler/844485
South Africa,SOUTH AFRICA,983330,Thapelo Maseko,Right Winger,2003-11-11,22,AEL Limassol,750000.0,/thapelo-maseko/profil/spieler/983330
South Africa,SOUTH AFRICA,467623,Lyle Foster,Centre-Forward,2000-09-03,25,Burnley FC,8000000.0,/lyle-foster/profil/spieler/467623
South Africa,SOUTH AFRICA,337884,Iqraam Rayners,Centre-Forward,1995-12-19,30,Mamelodi Sundowns FC,2800000.0,/iqraam-rayners/profil/spieler/337884
South Africa,SOUTH AFRICA,746781,Evidence Makgopa,Centre-Forward,2000-06-05,26,Orlando Pirates,1400000.0,/evidence-makgopa/profil/spieler/746781
South Korea,SOUTH KOREA,508237,Bum-keun Song,Goalkeeper,1997-10-15,28,Jeonbuk Hyundai Motors,1000000.0,/bum-keun-song/profil/spieler/508237
South Korea,SOUTH KOREA,260171,Hyeon-woo Jo,Goalkeeper,1991-09-25,34,Ulsan HD FC,650000.0,/hyeon-woo-jo/profil/spieler/260171
South Korea,SOUTH KOREA,92076,Seung-gyu Kim,Goalkeeper,1990-09-30,35,FC Tokyo,500000.0,/seung-gyu-kim/profil/spieler/92076
South Korea,SOUTH KOREA,503482,Min-jae Kim,Centre-Back,1996-11-15,29,Bayern Munich,20000000.0,/min-jae-kim/profil/spieler/503482
South Korea,SOUTH KOREA,706963,Han-beom Lee,Centre-Back,2002-06-17,24,FC Midtjylland,3000000.0,/han-beom-lee/profil/spieler/706963
South Korea,SOUTH KOREA,645847,Tae-hyeon Kim,Centre-Back,2000-09-17,25,Kashima Antlers,1200000.0,/tae-hyeon-kim/profil/spieler/645847
South Korea,SOUTH KOREA,763349,Gi-hyuk Lee,Centre-Back,2000-07-07,25,Gangwon FC,800000.0,/gi-hyuk-lee/profil/spieler/763349
South Korea,SOUTH KOREA,550978,Wi-je Cho,Centre-Back,2001-08-25,24,Jeonbuk Hyundai Motors,550000.0,/wi-je-cho/profil/spieler/550978
South Korea,SOUTH KOREA,639027,Tae-seok Lee,Left-Back,2002-07-28,23,Austria Vienna,2000000.0,/tae-seok-lee/profil/spieler/639027
South Korea,SOUTH KOREA,639414,Young-woo Seol,Right-Back,1998-12-05,27,Red Star Belgrade,6500000.0,/young-woo-seol/profil/spieler/639414
South Korea,SOUTH KOREA,524592,Moon-hwan Kim,Right-Back,1995-08-01,30,Daejeon Hana Citizen,750000.0,/moon-hwan-kim/profil/spieler/524592
South Korea,SOUTH KOREA,365394,In-beom Hwang,Defensive Midfield,1996-09-20,29,Feyenoord Rotterdam,7000000.0,/in-beom-hwang/profil/spieler/365394
South Korea,SOUTH KOREA,557469,Jin-seob Park,Defensive Midfield,1995-10-23,30,Zhejiang FC,1000000.0,/jin-seob-park/profil/spieler/557469
South Korea,SOUTH KOREA,613192,Jens Castrop,Central Midfield,2003-07-29,22,Borussia Mönchengladbach,10000000.0,/jens-castrop/profil/spieler/613192
South Korea,SOUTH KOREA,282689,Seung-ho Paik,Central Midfield,1997-03-17,29,Birmingham City,2000000.0,/seung-ho-paik/profil/spieler/282689
South Korea,SOUTH KOREA,365377,Jin-gyu Kim,Central Midfield,1997-02-24,29,Jeonbuk Hyundai Motors,1200000.0,/jin-gyu-kim/profil/spieler/365377
South Korea,SOUTH KOREA,557149,Kang-in Lee,Attacking Midfield,2001-02-19,25,Paris Saint-Germain,28000000.0,/kang-in-lee/profil/spieler/557149
South Korea,SOUTH KOREA,912081,Jun-ho Bae,Attacking Midfield,2003-08-21,22,Stoke City,4000000.0,/jun-ho-bae/profil/spieler/912081
South Korea,SOUTH KOREA,314398,Jae-sung Lee,Attacking Midfield,1992-08-10,33,1.FSV Mainz 05,2000000.0,/jae-sung-lee/profil/spieler/314398
South Korea,SOUTH KOREA,558086,Dong-gyeong Lee,Attacking Midfield,1997-09-20,28,Ulsan HD FC,1600000.0,/dong-gyeong-lee/profil/spieler/558086
South Korea,SOUTH KOREA,91845,Heung-min Son,Left Winger,1992-07-08,33,Los Angeles FC,15000000.0,/heung-min-son/profil/spieler/91845
South Korea,SOUTH KOREA,706968,Ji-sung Eom,Left Winger,2002-05-09,24,Swansea City,1800000.0,/ji-sung-eom/profil/spieler/706968
South Korea,SOUTH KOREA,853110,Hyun-jun Yang,Right Winger,2002-05-25,24,Celtic FC,5000000.0,/hyun-jun-yang/profil/spieler/853110
South Korea,SOUTH KOREA,639246,Hyeon-gyu Oh,Centre-Forward,2001-04-12,25,Besiktas JK,15000000.0,/hyeon-gyu-oh/profil/spieler/639246
South Korea,SOUTH KOREA,292246,Hee-chan Hwang,Centre-Forward,1996-01-26,30,Wolverhampton Wanderers,6000000.0,/hee-chan-hwang/profil/spieler/292246
South Korea,SOUTH KOREA,652537,Gue-sung Cho,Centre-Forward,1998-01-25,28,FC Midtjylland,2500000.0,/gue-sung-cho/profil/spieler/652537
Spain,SPAIN,561613,Joan García,Goalkeeper,2001-05-04,25,FC Barcelona,45000000.0,/joan-garcia/profil/spieler/561613
Spain,SPAIN,262749,David Raya,Goalkeeper,1995-09-15,30,Arsenal FC,30000000.0,/david-raya/profil/spieler/262749
Spain,SPAIN,262396,Unai Simón,Goalkeeper,1997-06-11,29,Athletic Bilbao,22000000.0,/unai-simon/profil/spieler/262396
Spain,SPAIN,962110,Pau Cubarsí,Centre-Back,2007-01-22,19,FC Barcelona,80000000.0,/pau-cubarsi/profil/spieler/962110
Spain,SPAIN,466794,Eric García,Centre-Back,2001-01-09,25,FC Barcelona,40000000.0,/eric-garcia/profil/spieler/466794
Spain,SPAIN,844637,Marc Pubill,Centre-Back,2003-06-20,23,Atlético de Madrid,35000000.0,/marc-pubill/profil/spieler/844637
Spain,SPAIN,176553,Aymeric Laporte,Centre-Back,1994-05-27,32,Athletic Bilbao,8000000.0,/aymeric-laporte/profil/spieler/176553
Spain,SPAIN,284857,Marc Cucurella,Left-Back,1998-07-22,27,Chelsea FC,50000000.0,/marc-cucurella/profil/spieler/284857
Spain,SPAIN,193082,Alejandro Grimaldo,Left-Back,1995-09-20,30,Bayer 04 Leverkusen,20000000.0,/alejandro-grimaldo/profil/spieler/193082
Spain,SPAIN,553875,Pedro Porro,Right-Back,1999-09-13,26,Tottenham Hotspur,35000000.0,/pedro-porro/profil/spieler/553875
Spain,SPAIN,282411,Marcos Llorente,Right-Back,1995-01-30,31,Atlético de Madrid,20000000.0,/marcos-llorente/profil/spieler/282411
Spain,SPAIN,423440,Martín Zubimendi,Defensive Midfield,1999-02-02,27,Arsenal FC,75000000.0,/martin-zubimendi/profil/spieler/423440
Spain,SPAIN,357565,Rodri,Defensive Midfield,1996-06-22,30,Manchester City,50000000.0,/rodri/profil/spieler/357565
Spain,SPAIN,683840,Pedri,Central Midfield,2002-11-25,23,FC Barcelona,150000000.0,/pedri/profil/spieler/683840
Spain,SPAIN,350219,Fabián Ruiz,Central Midfield,1996-04-03,30,Paris Saint-Germain,30000000.0,/fabian-ruiz/profil/spieler/350219
Spain,SPAIN,646740,Gavi,Central Midfield,2004-08-05,21,FC Barcelona,30000000.0,/gavi/profil/spieler/646740
Spain,SPAIN,338424,Mikel Merino,Central Midfield,1996-06-22,30,Arsenal FC,25000000.0,/mikel-merino/profil/spieler/338424
Spain,SPAIN,293385,Dani Olmo,Attacking Midfield,1998-05-07,28,FC Barcelona,60000000.0,/dani-olmo/profil/spieler/293385
Spain,SPAIN,548111,Álex Baena,Left Winger,2001-07-20,24,Atlético de Madrid,40000000.0,/alex-baena/profil/spieler/548111
Spain,SPAIN,709187,Nico Williams,Left Winger,2002-07-12,23,Athletic Bilbao,40000000.0,/nico-williams/profil/spieler/709187
Spain,SPAIN,935231,Víctor Muñoz,Left Winger,2003-07-13,22,CA Osasuna,30000000.0,/victor-munoz/profil/spieler/935231
Spain,SPAIN,937958,Lamine Yamal,Right Winger,2007-07-13,18,FC Barcelona,200000000.0,/lamine-yamal/profil/spieler/937958
Spain,SPAIN,568157,Yéremy Pino,Right Winger,2002-10-20,23,Crystal Palace,30000000.0,/yeremy-pino/profil/spieler/568157
Spain,SPAIN,398184,Ferran Torres,Centre-Forward,2000-02-29,26,FC Barcelona,50000000.0,/ferran-torres/profil/spieler/398184
Spain,SPAIN,351478,Mikel Oyarzabal,Centre-Forward,1997-04-21,29,Real Sociedad,25000000.0,/mikel-oyarzabal/profil/spieler/351478
Spain,SPAIN,278359,Borja Iglesias,Centre-Forward,1993-01-17,33,Celta de Vigo,2800000.0,/borja-iglesias/profil/spieler/278359
Sweden,SWEDEN,273742,Viktor Johansson,Goalkeeper,1998-09-14,27,Stoke City,12000000.0,/viktor-johansson/profil/spieler/273742
Sweden,SWEDEN,549440,Jacob Widell Zetterström,Goalkeeper,1998-07-11,27,Derby County,2500000.0,/jacob-widell-zetterstrom/profil/spieler/549440
Sweden,SWEDEN,75890,Kristoffer Nordfeldt,Goalkeeper,1989-06-23,37,AIK,175000.0,/kristoffer-nordfeldt/profil/spieler/75890
Sweden,SWEDEN,503075,Isak Hien,Centre-Back,1999-01-13,27,Atalanta BC,22000000.0,/isak-hien/profil/spieler/503075
Sweden,SWEDEN,485395,Gustaf Lagerbielke,Centre-Back,2000-04-10,26,SC Braga,10000000.0,/gustaf-lagerbielke/profil/spieler/485395
Sweden,SWEDEN,184573,Victor Lindelöf,Centre-Back,1994-07-17,31,Aston Villa,5000000.0,/victor-lindelof/profil/spieler/184573
Sweden,SWEDEN,392179,Hjalmar Ekdal,Centre-Back,1998-10-21,27,Burnley FC,5000000.0,/hjalmar-ekdal/profil/spieler/392179
Sweden,SWEDEN,292534,Eric Smith,Centre-Back,1997-01-08,29,FC St. Pauli,5000000.0,/eric-smith/profil/spieler/292534
Sweden,SWEDEN,258987,Carl Starfelt,Centre-Back,1995-06-01,31,Celta de Vigo,4500000.0,/carl-starfelt/profil/spieler/258987
Sweden,SWEDEN,579287,Daniel Svensson,Left-Back,2002-02-12,24,Borussia Dortmund,22000000.0,/daniel-svensson/profil/spieler/579287
Sweden,SWEDEN,362108,Gabriel Gudmundsson,Left-Back,1999-04-29,27,Leeds United,20000000.0,/gabriel-gudmundsson/profil/spieler/362108
Sweden,SWEDEN,252345,Ken Sema,Left-Back,1993-09-30,32,Pafos FC,800000.0,/ken-sema/profil/spieler/252345
Sweden,SWEDEN,222855,Jesper Karlström,Defensive Midfield,1995-06-21,31,Udinese Calcio,4000000.0,/jesper-karlstrom/profil/spieler/222855
Sweden,SWEDEN,866246,Lucas Bergvall,Central Midfield,2006-02-02,20,Tottenham Hotspur,35000000.0,/lucas-bergvall/profil/spieler/866246
Sweden,SWEDEN,667287,Yasin Ayari,Central Midfield,2003-10-06,22,Brighton & Hove Albion,35000000.0,/yasin-ayari/profil/spieler/667287
Sweden,SWEDEN,342405,Mattias Svanberg,Central Midfield,1999-01-05,27,VfL Wolfsburg,8000000.0,/mattias-svanberg/profil/spieler/342405
Sweden,SWEDEN,715653,Besfort Zeneli,Central Midfield,2002-11-21,23,Union Saint-Gilloise,6000000.0,/besfort-zeneli/profil/spieler/715653
Sweden,SWEDEN,744853,Herman Johansson,Right Midfield,1997-10-16,28,FC Dallas,1800000.0,/herman-johansson/profil/spieler/744853
Sweden,SWEDEN,687622,Elliot Stroud,Left Midfield,2002-06-22,24,Mjällby AIF,5000000.0,/elliot-stroud/profil/spieler/687622
Sweden,SWEDEN,475949,Benjamin Nygren,Attacking Midfield,2001-07-08,24,Celtic FC,14000000.0,/benjamin-nygren/profil/spieler/475949
Sweden,SWEDEN,731771,Taha Ali,Left Winger,1998-07-01,27,Malmö FF,1500000.0,/taha-ali/profil/spieler/731771
Sweden,SWEDEN,583189,Anthony Elanga,Right Winger,2002-04-27,24,Newcastle United,32000000.0,/anthony-elanga/profil/spieler/583189
Sweden,SWEDEN,633454,Alexander Bernhardsson,Right Winger,1998-09-08,27,Holstein Kiel,3000000.0,/alexander-bernhardsson/profil/spieler/633454
Sweden,SWEDEN,349066,Alexander Isak,Centre-Forward,1999-09-21,26,Liverpool FC,85000000.0,/alexander-isak/profil/spieler/349066
Sweden,SWEDEN,325443,Viktor Gyökeres,Centre-Forward,1998-06-04,28,Arsenal FC,65000000.0,/viktor-gyokeres/profil/spieler/325443
Sweden,SWEDEN,320440,Gustaf Nilsson,Centre-Forward,1997-05-23,29,Club Brugge KV,1800000.0,/gustaf-nilsson/profil/spieler/320440
Switzerland,SWITZERLAND,257814,Gregor Kobel,Goalkeeper,1997-12-06,28,Borussia Dortmund,40000000.0,/gregor-kobel/profil/spieler/257814
Switzerland,SWITZERLAND,500763,Marvin Keller,Goalkeeper,2002-07-03,23,BSC Young Boys,6000000.0,/marvin-keller/profil/spieler/500763
Switzerland,SWITZERLAND,147051,Yvon Mvogo,Goalkeeper,1994-06-06,32,FC Lorient,2500000.0,/yvon-mvogo/profil/spieler/147051
Switzerland,SWITZERLAND,284730,Manuel Akanji,Centre-Back,1995-07-19,30,Inter Milan,17000000.0,/manuel-akanji/profil/spieler/284730
Switzerland,SWITZERLAND,635645,Aurèle Amenda,Centre-Back,2003-07-31,22,Eintracht Frankfurt,10000000.0,/aurele-amenda/profil/spieler/635645
Switzerland,SWITZERLAND,539798,Luca Jaquez,Centre-Back,2003-06-02,23,VfB Stuttgart,10000000.0,/luca-jaquez/profil/spieler/539798
Switzerland,SWITZERLAND,192635,Nico Elvedi,Centre-Back,1996-09-30,29,Borussia Mönchengladbach,8000000.0,/nico-elvedi/profil/spieler/192635
Switzerland,SWITZERLAND,298583,Eray Cömert,Centre-Back,1998-02-04,28,Valencia CF,2500000.0,/eray-comert/profil/spieler/298583
Switzerland,SWITZERLAND,298603,Miro Muheim,Left-Back,1998-03-24,28,Hamburger SV,5000000.0,/miro-muheim/profil/spieler/298603
Switzerland,SWITZERLAND,86784,Ricardo Rodríguez,Left-Back,1992-08-25,33,Real Betis Balompié,1400000.0,/ricardo-rodriguez/profil/spieler/86784
Switzerland,SWITZERLAND,168989,Silvan Widmer,Right-Back,1993-03-05,33,1.FSV Mainz 05,800000.0,/silvan-widmer/profil/spieler/168989
Switzerland,SWITZERLAND,334526,Denis Zakaria,Defensive Midfield,1996-11-20,29,AS Monaco,25000000.0,/denis-zakaria/profil/spieler/334526
Switzerland,SWITZERLAND,608172,Ardon Jashari,Defensive Midfield,2002-07-30,23,AC Milan,25000000.0,/ardon-jashari/profil/spieler/608172
Switzerland,SWITZERLAND,111455,Granit Xhaka,Defensive Midfield,1992-09-27,33,Sunderland AFC,8000000.0,/granit-xhaka/profil/spieler/111455
Switzerland,SWITZERLAND,927353,Johan Manzambi,Central Midfield,2005-10-14,20,SC Freiburg,50000000.0,/johan-manzambi/profil/spieler/927353
Switzerland,SWITZERLAND,212723,Djibril Sow,Central Midfield,1997-02-06,29,Sevilla FC,7500000.0,/djibril-sow/profil/spieler/212723
Switzerland,SWITZERLAND,237658,Michel Aebischer,Central Midfield,1997-01-06,29,Pisa Sporting Club,4000000.0,/michel-aebischer/profil/spieler/237658
Switzerland,SWITZERLAND,148252,Remo Freuler,Central Midfield,1992-04-15,34,Bologna FC 1909,3000000.0,/remo-freuler/profil/spieler/148252
Switzerland,SWITZERLAND,507341,Fabian Rieder,Attacking Midfield,2002-02-16,24,FC Augsburg,12000000.0,/fabian-rieder/profil/spieler/507341
Switzerland,SWITZERLAND,346890,Noah Okafor,Left Winger,2000-05-24,26,Leeds United,25000000.0,/noah-okafor/profil/spieler/346890
Switzerland,SWITZERLAND,345886,Rubén Vargas,Left Winger,1998-08-05,27,Sevilla FC,12000000.0,/ruben-vargas/profil/spieler/345886
Switzerland,SWITZERLAND,365108,Dan Ndoye,Right Winger,2000-10-25,25,Nottingham Forest,32000000.0,/dan-ndoye/profil/spieler/365108
Switzerland,SWITZERLAND,250490,Christian Fassnacht,Right Winger,1993-11-11,32,BSC Young Boys,2000000.0,/christian-fassnacht/profil/spieler/250490
Switzerland,SWITZERLAND,237662,Breel Embolo,Centre-Forward,1997-02-14,29,Stade Rennais FC,15000000.0,/breel-embolo/profil/spieler/237662
Switzerland,SWITZERLAND,548729,Zeki Amdouni,Centre-Forward,2000-12-04,25,Burnley FC,7000000.0,/zeki-amdouni/profil/spieler/548729
Switzerland,SWITZERLAND,243856,Cedric Itten,Centre-Forward,1996-12-27,29,Fortuna Düsseldorf,1800000.0,/cedric-itten/profil/spieler/243856
Tunisia,TUNISIA,584250,Abdelmouhib Chamakh,Goalkeeper,2001-08-25,24,Club Africain,800000.0,/abdelmouhib-chamakh/profil/spieler/584250
Tunisia,TUNISIA,569433,Aymen Dahmen,Goalkeeper,1997-01-28,29,CS Sfaxien,800000.0,/aymen-dahmen/profil/spieler/569433
Tunisia,TUNISIA,295381,Sabri Ben Hessen,Goalkeeper,1996-06-13,30,Etoile Sportive du Sahel,550000.0,/sabri-ben-hessen/profil/spieler/295381
Tunisia,TUNISIA,496706,Montassar Talbi,Centre-Back,1998-05-26,28,FC Lorient,8000000.0,/montassar-talbi/profil/spieler/496706
Tunisia,TUNISIA,1071742,Adem Arous,Centre-Back,2004-07-17,21,Kasimpasa,4000000.0,/adem-arous/profil/spieler/1071742
Tunisia,TUNISIA,450417,Dylan Bronn,Centre-Back,1995-06-19,31,Servette FC,600000.0,/dylan-bronn/profil/spieler/450417
Tunisia,TUNISIA,1075790,Raed Chikhaoui,Centre-Back,2004-06-09,22,US Monastir,600000.0,/raed-chikhaoui/profil/spieler/1075790
Tunisia,TUNISIA,578292,Omar Rekik,Centre-Back,2001-12-20,24,NK Maribor,500000.0,/omar-rekik/profil/spieler/578292
Tunisia,TUNISIA,211474,Ali Abdi,Left-Back,1993-12-20,32,OGC Nice,2000000.0,/ali-abdi/profil/spieler/211474
Tunisia,TUNISIA,454495,Mohamed Amine Ben Hamida,Left-Back,1995-12-15,30,Esperance Tunis,1000000.0,/mohamed-amine-ben-hamida/profil/spieler/454495
Tunisia,TUNISIA,406008,Yan Valery,Right-Back,1999-02-22,27,BSC Young Boys,1500000.0,/yan-valery/profil/spieler/406008
Tunisia,TUNISIA,1034598,Moutaz Neffati,Right-Back,2004-09-04,21,IFK Norrköping,1200000.0,/moutaz-neffati/profil/spieler/1034598
Tunisia,TUNISIA,290587,Ellyes Skhiri,Defensive Midfield,1995-05-10,31,Eintracht Frankfurt,5000000.0,/ellyes-skhiri/profil/spieler/290587
Tunisia,TUNISIA,124410,Rani Khedira,Defensive Midfield,1994-01-27,32,1.FC Union Berlin,2000000.0,/rani-khedira/profil/spieler/124410
Tunisia,TUNISIA,673513,Mohamed Belhadj Mahmoud,Central Midfield,2000-04-24,26,FC Lugano,2000000.0,/mohamed-belhadj-mahmoud/profil/spieler/673513
Tunisia,TUNISIA,607224,Hannibal,Attacking Midfield,2003-01-21,23,Burnley FC,15000000.0,/hannibal/profil/spieler/607224
Tunisia,TUNISIA,546712,Anis Ben Slimane,Attacking Midfield,2001-03-16,25,Norwich City,4000000.0,/anis-ben-slimane/profil/spieler/546712
Tunisia,TUNISIA,810096,Ismaël Gharbi,Left Winger,2004-04-10,22,FC Augsburg,5000000.0,/ismael-gharbi/profil/spieler/810096
Tunisia,TUNISIA,539677,Sebastian Tounekti,Left Winger,2002-07-13,23,Celtic FC,5000000.0,/sebastian-tounekti/profil/spieler/539677
Tunisia,TUNISIA,645589,Elias Achouri,Left Winger,1999-02-10,27,FC Copenhagen,3000000.0,/elias-achouri/profil/spieler/645589
Tunisia,TUNISIA,526466,Elias Saad,Left Winger,1999-12-27,26,Hannover 96,2000000.0,/elias-saad/profil/spieler/526466
Tunisia,TUNISIA,230921,Mortadha Ben Ouanes,Left Winger,1994-07-02,31,Kasimpasa,1500000.0,/mortadha-ben-ouanes/profil/spieler/230921
Tunisia,TUNISIA,1198342,Khalil Ayari,Right Winger,2005-02-02,21,Paris Saint-Germain Espoirs,1000000.0,/khalil-ayari/profil/spieler/1198342
Tunisia,TUNISIA,402087,Firas Chaouat,Centre-Forward,1996-05-08,30,Club Africain,1200000.0,/firas-chaouat/profil/spieler/402087
Tunisia,TUNISIA,953150,Hazem Mastouri,Centre-Forward,1997-06-18,29,Dinamo Makhachkala,900000.0,/hazem-mastouri/profil/spieler/953150
Tunisia,TUNISIA,1273985,Rayan Elloumi,Centre-Forward,2007-09-17,18,Vancouver Whitecaps FC,800000.0,/rayan-elloumi/profil/spieler/1273985
Turkey,TURKEY,292199,Uğurcan Çakır,Goalkeeper,1996-04-05,30,Galatasaray,15000000.0,/ugurcan-cakir/profil/spieler/292199
Turkey,TURKEY,336077,Altay Bayındır,Goalkeeper,1998-04-14,28,Manchester United,5000000.0,/altay-bayindir/profil/spieler/336077
Turkey,TURKEY,51894,Mert Günok,Goalkeeper,1989-03-01,37,Fenerbahce,500000.0,/mert-gunok/profil/spieler/51894
Turkey,TURKEY,361260,Ozan Kabak,Centre-Back,2000-03-25,26,TSG 1899 Hoffenheim,15000000.0,/ozan-kabak/profil/spieler/361260
Turkey,TURKEY,340879,Merih Demiral,Centre-Back,1998-03-05,28,Al-Ahli SFC,12000000.0,/merih-demiral/profil/spieler/340879
Turkey,TURKEY,199316,Abdülkerim Bardakcı,Centre-Back,1994-09-07,31,Galatasaray,6500000.0,/abdulkerim-bardakci/profil/spieler/199316
Turkey,TURKEY,320141,Çağlar Söyüncü,Centre-Back,1996-05-23,30,Fenerbahce,3500000.0,/caglar-soyuncu/profil/spieler/320141
Turkey,TURKEY,295024,Samet Akaydin,Centre-Back,1994-03-13,32,Caykur Rizespor,1200000.0,/samet-akaydin/profil/spieler/295024
Turkey,TURKEY,369316,Ferdi Kadıoğlu,Left-Back,1999-10-07,26,Brighton & Hove Albion,35000000.0,/ferdi-kadioglu/profil/spieler/369316
Turkey,TURKEY,616894,Eren Elmalı,Left-Back,2000-07-07,25,Galatasaray,5000000.0,/eren-elmali/profil/spieler/616894
Turkey,TURKEY,251075,Zeki Çelik,Right-Back,1997-02-17,29,AS Roma,14000000.0,/zeki-celik/profil/spieler/251075
Turkey,TURKEY,353922,Mert Müldür,Right-Back,1999-04-03,27,Fenerbahce,7000000.0,/mert-muldur/profil/spieler/353922
Turkey,TURKEY,126414,Hakan Çalhanoğlu,Defensive Midfield,1994-02-08,32,Inter Milan,16000000.0,/hakan-calhanoglu/profil/spieler/126414
Turkey,TURKEY,613725,İsmail Yüksek,Defensive Midfield,1999-01-26,27,Fenerbahce,15000000.0,/ismail-yuksek/profil/spieler/613725
Turkey,TURKEY,244940,Salih Özcan,Defensive Midfield,1998-01-11,28,Borussia Dortmund,3500000.0,/salih-ozcan/profil/spieler/244940
Turkey,TURKEY,119031,Kaan Ayhan,Defensive Midfield,1994-11-10,31,Galatasaray,1500000.0,/kaan-ayhan/profil/spieler/119031
Turkey,TURKEY,454567,Orkun Kökçü,Central Midfield,2000-12-29,25,Besiktas JK,25000000.0,/orkun-kokcu/profil/spieler/454567
Turkey,TURKEY,861410,Arda Güler,Attacking Midfield,2005-02-25,21,Real Madrid,90000000.0,/arda-guler/profil/spieler/861410
Turkey,TURKEY,816585,Can Uzun,Attacking Midfield,2005-11-11,20,Eintracht Frankfurt,45000000.0,/can-uzun/profil/spieler/816585
Turkey,TURKEY,845654,Kenan Yıldız,Left Winger,2005-05-04,21,Juventus FC,75000000.0,/kenan-yildiz/profil/spieler/845654
Turkey,TURKEY,541537,Barış Alper Yılmaz,Left Winger,2000-05-23,26,Galatasaray,30000000.0,/baris-alper-yilmaz/profil/spieler/541537
Turkey,TURKEY,382528,Kerem Aktürkoğlu,Left Winger,1998-10-21,27,Fenerbahce,20000000.0,/kerem-akturkoglu/profil/spieler/382528
Turkey,TURKEY,396908,Yunus Akgün,Right Winger,2000-07-07,25,Galatasaray,18000000.0,/yunus-akgun/profil/spieler/396908
Turkey,TURKEY,563749,Oğuz Aydın,Right Winger,2000-10-27,25,Fenerbahce,7000000.0,/oguz-aydin/profil/spieler/563749
Turkey,TURKEY,216603,İrfan Can Kahveci,Right Winger,1995-07-15,30,Kasimpasa,3000000.0,/irfan-can-kahveci/profil/spieler/216603
Turkey,TURKEY,1063292,Deniz Gül,Centre-Forward,2004-07-02,21,FC Porto,5000000.0,/deniz-gul/profil/spieler/1063292
United States,UNITED STATES,425306,Matt Turner,Goalkeeper,1994-06-24,32,New England Revolution,2500000.0,/matt-turner/profil/spieler/425306
United States,UNITED STATES,765504,Chris Brady,Goalkeeper,2004-03-03,22,Chicago Fire FC,2500000.0,/chris-brady/profil/spieler/765504
United States,UNITED STATES,500309,Matt Freese,Goalkeeper,1998-09-02,27,New York City FC,2000000.0,/matt-freese/profil/spieler/500309
United States,UNITED STATES,578539,Chris Richards,Centre-Back,2000-03-28,26,Crystal Palace,28000000.0,/chris-richards/profil/spieler/578539
United States,UNITED STATES,429259,Mark McKenzie,Centre-Back,1999-02-25,27,FC Toulouse,7000000.0,/mark-mckenzie/profil/spieler/429259
United States,UNITED STATES,389253,Auston Trusty,Centre-Back,1998-08-12,27,Celtic FC,6000000.0,/auston-trusty/profil/spieler/389253
United States,UNITED STATES,468022,Miles Robinson,Centre-Back,1997-03-14,29,FC Cincinnati,3500000.0,/miles-robinson/profil/spieler/468022
United States,UNITED STATES,145466,Tim Ream,Centre-Back,1987-10-05,38,Charlotte FC,150000.0,/tim-ream/profil/spieler/145466
United States,UNITED STATES,349701,Antonee Robinson,Left-Back,1997-08-08,28,Fulham FC,22000000.0,/antonee-robinson/profil/spieler/349701
United States,UNITED STATES,361104,Sergiño Dest,Right-Back,2000-11-03,25,PSV Eindhoven,18000000.0,/sergino-dest/profil/spieler/361104
United States,UNITED STATES,504153,Joe Scally,Right-Back,2002-12-31,23,Borussia Mönchengladbach,7000000.0,/joe-scally/profil/spieler/504153
United States,UNITED STATES,985806,Alex Freeman,Right-Back,2004-08-09,21,Villarreal CF,3500000.0,/alex-freeman/profil/spieler/985806
United States,UNITED STATES,332705,Tyler Adams,Defensive Midfield,1999-02-14,27,AFC Bournemouth,25000000.0,/tyler-adams/profil/spieler/332705
United States,UNITED STATES,332697,Weston McKennie,Central Midfield,1998-08-28,27,Juventus FC,30000000.0,/weston-mckennie/profil/spieler/332697
United States,UNITED STATES,734761,Sebastian Berhalter,Central Midfield,2001-05-10,25,Vancouver Whitecaps FC,8000000.0,/sebastian-berhalter/profil/spieler/734761
United States,UNITED STATES,354792,Cristian Roldán,Central Midfield,1995-06-03,31,Seattle Sounders FC,3500000.0,/cristian-roldan/profil/spieler/354792
United States,UNITED STATES,370846,Timothy Weah,Right Midfield,2000-02-22,26,Olympique Marseille,20000000.0,/timothy-weah/profil/spieler/370846
United States,UNITED STATES,467437,Malik Tillman,Attacking Midfield,2002-05-28,24,Bayer 04 Leverkusen,30000000.0,/malik-tillman/profil/spieler/467437
United States,UNITED STATES,393323,Brenden Aaronson,Attacking Midfield,2000-10-22,25,Leeds United,22000000.0,/brenden-aaronson/profil/spieler/393323
United States,UNITED STATES,504215,Giovanni Reyna,Attacking Midfield,2002-11-13,23,Borussia Mönchengladbach,4000000.0,/giovanni-reyna/profil/spieler/504215
United States,UNITED STATES,993063,Max Arfsten,Left Winger,2001-04-19,25,Columbus Crew,5000000.0,/max-arfsten/profil/spieler/993063
United States,UNITED STATES,315779,Christian Pulisic,Right Winger,1998-09-18,27,AC Milan,40000000.0,/christian-pulisic/profil/spieler/315779
United States,UNITED STATES,351505,Álex Zendejas,Right Winger,1998-02-07,28,CF América,10000000.0,/alex-zendejas/profil/spieler/351505
United States,UNITED STATES,503770,Folarin Balogun,Centre-Forward,2001-07-03,24,AS Monaco,40000000.0,/folarin-balogun/profil/spieler/503770
United States,UNITED STATES,627207,Ricardo Pepi,Centre-Forward,2003-01-09,23,PSV Eindhoven,30000000.0,/ricardo-pepi/profil/spieler/627207
United States,UNITED STATES,315291,Haji Wright,Centre-Forward,1998-03-27,28,Coventry City,16000000.0,/haji-wright/profil/spieler/315291
Uruguay,URUGUAY,320739,Santiago Mele,Goalkeeper,1997-09-06,28,CF Monterrey,2000000.0,/santiago-mele/profil/spieler/320739
Uruguay,URUGUAY,264014,Sergio Rochet,Goalkeeper,1993-03-23,33,Sport Club Internacional,1800000.0,/sergio-rochet/profil/spieler/264014
Uruguay,URUGUAY,58088,Fernando Muslera,Goalkeeper,1986-06-16,40,Club Estudiantes de La Plata,700000.0,/fernando-muslera/profil/spieler/58088
Uruguay,URUGUAY,480267,Ronald Araujo,Centre-Back,1999-03-07,27,FC Barcelona,20000000.0,/ronald-araujo/profil/spieler/480267
Uruguay,URUGUAY,438001,Santiago Bueno,Centre-Back,1998-11-09,27,Wolverhampton Wanderers,10000000.0,/santiago-bueno/profil/spieler/438001
Uruguay,URUGUAY,250845,José María Giménez,Centre-Back,1995-01-20,31,Atlético de Madrid,9000000.0,/jose-maria-gimenez/profil/spieler/250845
Uruguay,URUGUAY,532389,Sebastián Cáceres,Centre-Back,1999-08-18,26,CF América,4500000.0,/sebastian-caceres/profil/spieler/532389
Uruguay,URUGUAY,572675,Maxi Araújo,Left-Back,2000-02-15,26,Sporting CP,35000000.0,/maxi-araujo/profil/spieler/572675
Uruguay,URUGUAY,376514,Mathías Olivera,Left-Back,1997-10-31,28,SSC Napoli,15000000.0,/mathias-olivera/profil/spieler/376514
Uruguay,URUGUAY,496268,Joaquín Piquerez,Left-Back,1998-08-24,27,Sociedade Esportiva Palmeiras,12000000.0,/joaquin-piquerez/profil/spieler/496268
Uruguay,URUGUAY,446106,Juan Manuel Sanabria,Left-Back,2000-03-29,26,Real Salt Lake City,4000000.0,/juan-manuel-sanabria/profil/spieler/446106
Uruguay,URUGUAY,439072,Matías Viña,Left-Back,1997-11-09,28,CA River Plate,3500000.0,/matias-vina/profil/spieler/439072
Uruguay,URUGUAY,188862,Guillermo Varela,Right-Back,1993-03-24,33,CR Flamengo,1000000.0,/guillermo-varela/profil/spieler/188862
Uruguay,URUGUAY,476701,Manuel Ugarte,Defensive Midfield,2001-04-11,25,Manchester United,25000000.0,/manuel-ugarte/profil/spieler/476701
Uruguay,URUGUAY,354362,Rodrigo Bentancur,Defensive Midfield,1997-06-25,29,Tottenham Hotspur,20000000.0,/rodrigo-bentancur/profil/spieler/354362
Uruguay,URUGUAY,707447,Emiliano Martínez,Defensive Midfield,1999-08-17,26,Sociedade Esportiva Palmeiras,6500000.0,/emiliano-martinez/profil/spieler/707447
Uruguay,URUGUAY,369081,Federico Valverde,Central Midfield,1998-07-22,27,Real Madrid,90000000.0,/federico-valverde/profil/spieler/369081
Uruguay,URUGUAY,397458,Nicolás de la Cruz,Central Midfield,1997-06-01,29,CR Flamengo,8000000.0,/nicolas-de-la-cruz/profil/spieler/397458
Uruguay,URUGUAY,606752,Rodrigo Zalazar,Attacking Midfield,1999-08-12,26,SC Braga,30000000.0,/rodrigo-zalazar/profil/spieler/606752
Uruguay,URUGUAY,248410,Giorgian de Arrascaeta,Attacking Midfield,1994-06-01,32,CR Flamengo,14000000.0,/giorgian-de-arrascaeta/profil/spieler/248410
Uruguay,URUGUAY,465818,Brian Rodríguez,Left Winger,2000-05-20,26,CF América,8000000.0,/brian-rodriguez/profil/spieler/465818
Uruguay,URUGUAY,457533,Agustín Canobbio,Right Winger,1998-10-01,27,Fluminense Football Club,8000000.0,/agustin-canobbio/profil/spieler/457533
Uruguay,URUGUAY,676318,Facundo Pellistri,Right Winger,2001-12-20,24,Panathinaikos,5000000.0,/facundo-pellistri/profil/spieler/676318
Uruguay,URUGUAY,546543,Darwin Núñez,Centre-Forward,1999-06-24,27,Al-Hilal SFC,20000000.0,/darwin-nunez/profil/spieler/546543
Uruguay,URUGUAY,578419,Federico Viñas,Centre-Forward,1998-06-30,27,Real Oviedo,4000000.0,/federico-vinas/profil/spieler/578419
Uruguay,URUGUAY,189410,Rodrigo Aguirre,Centre-Forward,1994-10-01,31,Tigres UANL,2300000.0,/rodrigo-aguirre/profil/spieler/189410
Uzbekistan,UZBEKISTAN,527866,Abduvokhid Nematov,Goalkeeper,2001-03-20,25,Nasaf Qarshi,1500000.0,/abduvokhid-nematov/profil/spieler/527866
Uzbekistan,UZBEKISTAN,311958,Utkir Yusupov,Goalkeeper,1991-01-04,35,Navbahor Namangan,500000.0,/utkir-yusupov/profil/spieler/311958
Uzbekistan,UZBEKISTAN,312690,Botirali Ergashev,Goalkeeper,1995-06-23,31,Neftchi Fergana,500000.0,/botirali-ergashev/profil/spieler/312690
Uzbekistan,UZBEKISTAN,763079,Abdukodir Khusanov,Centre-Back,2004-02-29,22,Manchester City,50000000.0,/abdukodir-khusanov/profil/spieler/763079
Uzbekistan,UZBEKISTAN,288883,Rustam Ashurmatov,Centre-Back,1996-07-07,29,Esteghlal FC,750000.0,/rustam-ashurmatov/profil/spieler/288883
Uzbekistan,UZBEKISTAN,989069,Jakhongir Urozov,Centre-Back,2004-01-18,22,Dinamo Samarqand,600000.0,/jakhongir-urozov/profil/spieler/989069
Uzbekistan,UZBEKISTAN,538764,Avazbek Ulmasaliev,Centre-Back,2000-03-27,26,FC OKMK Olmaliq,500000.0,/avazbek-ulmasaliev/profil/spieler/538764
Uzbekistan,UZBEKISTAN,493725,Umar Eshmurodov,Centre-Back,1992-11-30,33,Nasaf Qarshi,450000.0,/umar-eshmurodov/profil/spieler/493725
Uzbekistan,UZBEKISTAN,608537,Sherzod Nasrullaev,Left-Back,1998-07-23,27,Pakhtakor Tashkent,1200000.0,/sherzod-nasrullaev/profil/spieler/608537
Uzbekistan,UZBEKISTAN,212499,Farrukh Sayfiev,Left-Back,1991-01-17,35,Neftchi Fergana,225000.0,/farrukh-sayfiev/profil/spieler/212499
Uzbekistan,UZBEKISTAN,492558,Khozhiakbar Alizhonov,Right-Back,1997-04-19,29,Pakhtakor Tashkent,1300000.0,/khozhiakbar-alizhonov/profil/spieler/492558
Uzbekistan,UZBEKISTAN,1106187,Bekhruz Karimov,Right-Back,2007-08-07,18,Surkhon Termiz,350000.0,/bekhruz-karimov/profil/spieler/1106187
Uzbekistan,UZBEKISTAN,288915,Odildzhon Khamrobekov,Defensive Midfield,1996-02-13,30,Tractor FC,1000000.0,/odildzhon-khamrobekov/profil/spieler/288915
Uzbekistan,UZBEKISTAN,570272,Abdulla Abdullaev,Defensive Midfield,1997-09-01,28,Dibba SCC,500000.0,/abdulla-abdullaev/profil/spieler/570272
Uzbekistan,UZBEKISTAN,431911,Aziz Ganiev,Central Midfield,1998-02-22,28,Al-Bataeh CSC,2000000.0,/aziz-ganiev/profil/spieler/431911
Uzbekistan,UZBEKISTAN,294525,Otabek Shukurov,Central Midfield,1996-06-22,30,FC Baniyas,1500000.0,/otabek-shukurov/profil/spieler/294525
Uzbekistan,UZBEKISTAN,562022,Akmal Mozgovoy,Central Midfield,1999-04-02,27,Pakhtakor Tashkent,1400000.0,/akmal-mozgovoy/profil/spieler/562022
Uzbekistan,UZBEKISTAN,989068,Sherzod Esanov,Central Midfield,2003-02-01,23,FC Buxoro,450000.0,/sherzod-esanov/profil/spieler/989068
Uzbekistan,UZBEKISTAN,260857,Jamshid Iskanderov,Attacking Midfield,1993-10-16,32,Neftchi Fergana,1000000.0,/jamshid-iskanderov/profil/spieler/260857
Uzbekistan,UZBEKISTAN,492556,Oston Urunov,Left Winger,2000-12-19,25,Persepolis FC,2000000.0,/oston-urunov/profil/spieler/492556
Uzbekistan,UZBEKISTAN,754040,Ruslanbek Jiyanov,Left Winger,2001-06-05,25,Navbahor Namangan,800000.0,/ruslanbek-jiyanov/profil/spieler/754040
Uzbekistan,UZBEKISTAN,754037,Abbosbek Fayzullaev,Right Winger,2003-10-03,22,Basaksehir FK,7000000.0,/abbosbek-fayzullaev/profil/spieler/754037
Uzbekistan,UZBEKISTAN,294502,Dostonbek Khamdamov,Right Winger,1996-07-24,29,Pakhtakor Tashkent,900000.0,/dostonbek-khamdamov/profil/spieler/294502
Uzbekistan,UZBEKISTAN,358166,Eldor Shomurodov,Centre-Forward,1995-06-29,31,Basaksehir FK,7000000.0,/eldor-shomurodov/profil/spieler/358166
Uzbekistan,UZBEKISTAN,185372,Igor Sergeev,Centre-Forward,1993-04-30,33,Persepolis FC,1200000.0,/igor-sergeev/profil/spieler/185372
Uzbekistan,UZBEKISTAN,517918,Azizbek Amanov,Centre-Forward,1997-10-30,28,Dinamo Samarqand,500000.0,/azizbek-amanov/profil/spieler/517918
