id_fact,id_tiempo,id_pais,id_ciudad,id_red,id_equipo,sentimiento,hashtag,interacciones,alcance,compartidos,respuestas,ratio_compartidos
1,318,7,16,1,9,Negativo,#FutbolTotal,114,1194,19,9,0.1667
2,281,14,29,2,11,Positivo,#VamosSeleccion,182,2432,36,28,0.1978
3,326,8,18,4,15,Negativo,#FutbolTotal,506,4138,74,42,0.1462
4,246,1,1,5,2,Negativo,#FutbolTotal,390,3984,60,68,0.1538
5,212,12,26,2,19,Positivo,#Mundial2026,170,1768,34,25,0.2
6,177,4,10,5,19,Neutro,#FanaticoDelFutbol,99,793,23,17,0.2323
7,55,9,20,1,14,Negativo,#RumboAlMundial,340,2884,72,7,0.2118
8,159,8,18,2,14,Neutro,#Mundial2026,63,570,8,6,0.127
9,144,3,7,5,6,Neutro,#FanaticoDelFutbol,990,14356,53,167,0.0535
10,256,12,25,2,4,Neutro,#Campeones,230,2354,41,21,0.1783
11,126,4,9,2,11,Positivo,#FutbolTotal,330,3966,79,41,0.2394
12,56,7,15,3,1,Negativo,#FutbolTotal,311,3454,64,50,0.2058
13,10,7,14,2,11,Positivo,#VamosSeleccion,60,606,14,10,0.2333
14,302,10,22,2,12,Positivo,#VamosSeleccion,122,1769,10,15,0.082
15,76,14,30,2,2,Positivo,#GoleoElEquipo,819,10420,197,146,0.2405
16,116,6,13,4,15,Positivo,#RumboAlMundial,96,1031,9,13,0.0938
17,218,9,20,2,6,Positivo,#FanaticoDelFutbol,136,1956,16,14,0.1176
18,214,5,12,5,1,Negativo,#FanaticoDelFutbol,30,380,3,1,0.1
19,322,4,9,2,15,Neutro,#FutbolTotal,70,883,12,6,0.1714
20,58,4,9,3,16,Neutro,#Mundial2026,141,1230,10,5,0.0709
21,6,12,25,3,6,Positivo,#RumboAlMundial,281,3416,32,30,0.1139
22,102,1,1,5,17,Neutro,#GoleoElEquipo,39,442,7,1,0.1795
23,118,2,5,1,19,Positivo,#Mundial2026,627,7723,148,44,0.236
24,196,2,6,4,7,Negativo,#FutbolTotal,274,4013,37,27,0.135
25,75,14,30,4,15,Negativo,#Mundial2026,177,2257,27,17,0.1525
26,304,2,6,2,15,Neutro,#DiaDePartido,149,2172,21,5,0.1409
27,123,9,20,4,9,Neutro,#Mundial2026,705,10175,146,96,0.2071
28,76,1,3,3,3,Negativo,#VamosSeleccion,39,542,2,1,0.0513
29,24,9,19,5,8,Negativo,#GoleoElEquipo,126,1071,8,3,0.0635
30,15,7,16,5,4,Neutro,#DiaDePartido,79,1182,5,12,0.0633
31,147,5,12,2,17,Neutro,#GoleoElEquipo,150,1484,36,21,0.24
32,224,6,13,3,18,Negativo,#DiaDePartido,256,3052,21,34,0.082
33,75,4,10,2,15,Neutro,#VamosSeleccion,161,2105,13,16,0.0807
34,205,5,12,5,17,Neutro,#VamosSeleccion,102,1392,14,17,0.1373
35,337,7,15,5,8,Positivo,#Mundial2026,743,8505,66,71,0.0888
36,231,3,7,2,1,Negativo,#GoleoElEquipo,449,5415,40,43,0.0891
37,19,7,16,5,10,Negativo,#DiaDePartido,96,1090,14,14,0.1458
38,280,5,12,3,18,Neutro,#FutbolTotal,128,1610,9,9,0.0703
39,280,9,19,5,8,Negativo,#FanaticoDelFutbol,99,864,14,9,0.1414
40,245,3,7,5,10,Neutro,#Mundial2026,174,1594,32,20,0.1839
41,261,1,1,1,11,Negativo,#FanaticoDelFutbol,216,2219,18,13,0.0833
42,36,9,19,5,20,Positivo,#DiaDePartido,12,176,2,1,0.1667
43,9,14,29,1,4,Negativo,#GoleoElEquipo,137,1656,24,10,0.1752
44,73,15,32,4,20,Positivo,#RumboAlMundial,49,480,5,6,0.102
45,364,9,20,1,9,Positivo,#FanaticoDelFutbol,82,1004,14,6,0.1707
46,85,9,20,5,8,Positivo,#FutbolTotal,86,788,7,8,0.0814
47,74,1,1,1,1,Positivo,#Mundial2026,323,3742,27,34,0.0836
48,151,6,13,1,10,Neutro,#Mundial2026,420,4282,90,62,0.2143
49,278,4,9,1,16,Positivo,#VamosSeleccion,95,1314,10,10,0.1053
50,102,1,1,1,2,Neutro,#VamosSeleccion,169,2511,13,9,0.0769
51,348,1,1,5,2,Negativo,#Campeones,54,534,13,7,0.2407
52,267,9,20,1,12,Positivo,#RumboAlMundial,195,1865,37,32,0.1897
53,284,5,12,2,2,Positivo,#VamosSeleccion,293,3391,47,31,0.1604
54,85,9,19,2,16,Positivo,#FanaticoDelFutbol,499,4174,116,44,0.2325
55,225,9,19,1,20,Neutro,#VamosSeleccion,401,6012,62,62,0.1546
56,85,5,12,2,17,Positivo,#Campeones,140,2005,13,11,0.0929
57,328,1,2,1,15,Positivo,#GoleoElEquipo,451,6336,63,26,0.1397
58,321,8,18,1,8,Neutro,#Mundial2026,78,919,11,3,0.141
59,342,3,8,3,7,Neutro,#VamosSeleccion,726,9457,161,41,0.2218
60,295,11,23,1,11,Neutro,#Mundial2026,148,1210,18,5,0.1216
61,168,1,1,1,13,Positivo,#GoleoElEquipo,16,204,1,1,0.0625
62,7,11,23,2,1,Negativo,#VamosSeleccion,307,3246,62,51,0.202
63,168,2,4,1,8,Positivo,#Campeones,138,1992,28,14,0.2029
64,161,2,4,3,2,Positivo,#FutbolTotal,23,318,3,2,0.1304
65,218,13,27,1,13,Positivo,#DiaDePartido,493,6322,44,24,0.0892
66,10,1,3,2,17,Positivo,#FutbolTotal,2202,30823,191,354,0.0867
67,120,12,25,1,15,Positivo,#Mundial2026,103,1314,10,13,0.0971
68,316,5,12,2,8,Positivo,#GoleoElEquipo,344,3420,39,40,0.1134
69,154,12,25,5,4,Positivo,#DiaDePartido,288,2380,46,30,0.1597
70,211,14,29,5,5,Neutro,#Mundial2026,72,1003,9,4,0.125
71,109,12,26,1,19,Neutro,#FutbolTotal,1536,14098,332,125,0.2161
72,332,8,17,3,14,Neutro,#RumboAlMundial,7,87,1,0,0.1429
73,271,3,7,5,14,Positivo,#DiaDePartido,56,757,3,2,0.0536
74,194,4,9,4,16,Neutro,#GoleoElEquipo,72,734,9,11,0.125
75,89,10,21,3,20,Positivo,#Campeones,142,1409,13,3,0.0915
76,316,4,9,4,15,Positivo,#FutbolTotal,322,3595,79,21,0.2453
77,250,9,20,2,8,Positivo,#Mundial2026,69,796,16,11,0.2319
78,68,8,17,5,6,Negativo,#FutbolTotal,385,3090,26,30,0.0675
79,348,9,19,1,1,Positivo,#Mundial2026,63,507,12,2,0.1905
80,29,9,20,1,8,Negativo,#Mundial2026,29,414,4,2,0.1379
81,174,10,21,3,13,Neutro,#VamosSeleccion,319,4576,36,30,0.1129
82,63,6,13,2,3,Negativo,#Mundial2026,97,1376,22,9,0.2268
83,15,4,10,2,16,Positivo,#FutbolTotal,42,452,8,6,0.1905
84,268,4,9,4,15,Positivo,#RumboAlMundial,277,4060,33,22,0.1191
85,191,9,20,4,17,Negativo,#Campeones,1060,15507,178,146,0.1679
86,8,10,21,5,13,Neutro,#GoleoElEquipo,146,2047,7,17,0.0479
87,233,5,11,4,18,Neutro,#Mundial2026,132,1854,28,8,0.2121
88,43,5,12,1,18,Negativo,#Mundial2026,101,1124,19,15,0.1881
89,85,4,10,5,16,Neutro,#RumboAlMundial,38,567,6,5,0.1579
90,175,4,10,2,15,Positivo,#VamosSeleccion,129,1515,12,5,0.093
91,51,11,23,2,11,Negativo,#FutbolTotal,393,3147,52,29,0.1323
92,53,7,15,5,4,Neutro,#FutbolTotal,1312,15020,280,118,0.2134
93,163,4,9,1,16,Negativo,#Mundial2026,1040,15472,174,34,0.1673
94,294,7,14,3,5,Negativo,#FanaticoDelFutbol,290,3153,65,10,0.2241
95,246,7,16,2,5,Neutro,#Campeones,189,2181,29,10,0.1534
96,155,7,14,2,5,Negativo,#VamosSeleccion,612,8869,105,108,0.1716
97,196,1,1,2,7,Negativo,#VamosSeleccion,80,655,13,14,0.1625
98,357,6,13,4,18,Neutro,#VamosSeleccion,681,8868,100,31,0.1468
99,296,7,15,2,19,Negativo,#VamosSeleccion,380,5535,68,36,0.1789
100,352,15,31,2,17,Positivo,#VamosSeleccion,236,2210,57,18,0.2415
101,116,9,19,1,16,Neutro,#FanaticoDelFutbol,287,3275,53,14,0.1847
102,286,5,12,2,18,Positivo,#RumboAlMundial,387,5305,92,50,0.2377
103,198,11,23,5,11,Negativo,#Mundial2026,206,3054,44,17,0.2136
104,312,1,2,1,3,Neutro,#Campeones,183,2063,40,4,0.2186
105,69,1,1,2,3,Neutro,#Mundial2026,79,835,10,5,0.1266
106,168,5,12,5,12,Negativo,#RumboAlMundial,102,824,20,9,0.1961
107,186,4,9,5,11,Positivo,#DiaDePartido,486,4711,72,42,0.1481
108,307,6,13,1,7,Positivo,#Mundial2026,165,1742,16,27,0.097
109,123,7,15,3,6,Neutro,#FutbolTotal,121,1256,17,2,0.1405
110,32,7,14,1,6,Positivo,#DiaDePartido,153,1262,30,24,0.1961
111,166,3,7,5,15,Positivo,#Mundial2026,138,1136,20,20,0.1449
112,239,7,15,5,9,Positivo,#DiaDePartido,53,659,4,7,0.0755
113,304,1,1,1,15,Neutro,#Mundial2026,71,955,10,9,0.1408
114,169,12,25,1,19,Negativo,#VamosSeleccion,57,633,5,3,0.0877
115,225,11,23,3,10,Positivo,#Campeones,398,3607,38,55,0.0955
116,111,5,11,2,13,Positivo,#DiaDePartido,79,656,4,6,0.0506
117,178,5,12,5,19,Negativo,#GoleoElEquipo,105,1415,19,15,0.181
118,195,14,30,1,6,Positivo,#DiaDePartido,437,5015,85,11,0.1945
119,219,13,28,4,15,Positivo,#VamosSeleccion,1209,10903,151,167,0.1249
120,21,3,7,1,2,Neutro,#Mundial2026,136,1705,15,14,0.1103
121,239,4,9,2,8,Positivo,#GoleoElEquipo,51,608,6,3,0.1176
122,140,5,12,1,18,Positivo,#Mundial2026,261,2464,59,22,0.2261
123,225,9,19,1,6,Neutro,#VamosSeleccion,86,1259,7,4,0.0814
124,347,1,2,5,3,Neutro,#Mundial2026,1027,13708,96,80,0.0935
125,148,4,10,3,15,Negativo,#GoleoElEquipo,259,2612,45,6,0.1737
126,102,9,20,1,9,Positivo,#FanaticoDelFutbol,74,798,13,12,0.1757
127,104,3,8,1,16,Positivo,#RumboAlMundial,200,2484,33,15,0.165
128,196,13,27,1,19,Negativo,#VamosSeleccion,109,1048,16,18,0.1468
129,9,3,8,5,1,Negativo,#RumboAlMundial,1010,11873,227,34,0.2248
130,219,7,15,3,6,Positivo,#VamosSeleccion,39,472,9,3,0.2308
131,135,15,31,5,20,Positivo,#Mundial2026,1156,14412,95,162,0.0822
132,345,9,19,5,16,Neutro,#RumboAlMundial,254,3189,61,9,0.2402
133,84,10,21,2,13,Neutro,#GoleoElEquipo,336,3307,26,59,0.0774
134,225,5,12,5,18,Positivo,#FutbolTotal,202,2292,40,30,0.198
135,197,9,19,5,3,Positivo,#Mundial2026,75,662,5,8,0.0667
136,123,5,11,1,18,Positivo,#FanaticoDelFutbol,66,779,7,8,0.1061
137,27,7,16,2,10,Neutro,#RumboAlMundial,53,448,3,1,0.0566
138,106,1,1,5,1,Positivo,#Mundial2026,275,3801,65,37,0.2364
139,120,12,26,4,19,Neutro,#Mundial2026,24,332,3,1,0.125
140,63,3,8,2,15,Positivo,#GoleoElEquipo,44,376,2,6,0.0455
141,56,12,25,5,1,Negativo,#FutbolTotal,165,1681,29,16,0.1758
142,288,4,9,4,4,Neutro,#Mundial2026,281,2913,27,20,0.0961
143,42,11,24,1,11,Positivo,#DiaDePartido,49,523,9,2,0.1837
144,341,2,5,2,9,Negativo,#Campeones,163,1781,37,10,0.227
145,243,9,19,3,7,Neutro,#Mundial2026,641,9197,79,34,0.1232
146,109,4,9,2,3,Neutro,#Mundial2026,88,1094,14,2,0.1591
147,281,6,13,1,14,Negativo,#VamosSeleccion,399,3246,87,25,0.218
148,105,1,2,2,1,Negativo,#VamosSeleccion,299,3900,35,49,0.1171
149,104,11,23,1,10,Negativo,#DiaDePartido,378,4084,53,13,0.1402
150,84,14,29,5,20,Negativo,#Campeones,395,5776,89,41,0.2253
151,336,6,13,4,13,Negativo,#Mundial2026,72,858,17,4,0.2361
152,284,3,7,2,16,Positivo,#VamosSeleccion,32,443,7,5,0.2188
153,266,5,11,2,18,Negativo,#FanaticoDelFutbol,113,1285,11,10,0.0973
154,25,5,12,3,19,Positivo,#VamosSeleccion,60,724,6,5,0.1
155,153,11,23,1,9,Negativo,#FanaticoDelFutbol,199,2614,37,20,0.1859
156,294,11,24,1,9,Neutro,#Mundial2026,216,3054,47,22,0.2176
157,142,9,19,5,8,Neutro,#Mundial2026,161,2302,38,25,0.236
158,18,9,20,2,8,Positivo,#Mundial2026,132,1837,23,22,0.1742
159,299,1,2,1,17,Negativo,#Mundial2026,50,728,11,6,0.22
160,120,1,3,1,18,Neutro,#DiaDePartido,29,307,6,1,0.2069
161,46,12,25,2,6,Neutro,#GoleoElEquipo,221,2214,23,20,0.1041
162,145,13,28,1,5,Neutro,#DiaDePartido,467,4725,58,49,0.1242
163,267,4,10,5,16,Positivo,#GoleoElEquipo,444,5499,77,68,0.1734
164,70,12,25,1,19,Positivo,#Campeones,266,2186,55,7,0.2068
165,257,8,17,5,14,Neutro,#RumboAlMundial,91,1292,22,15,0.2418
166,69,5,12,3,17,Positivo,#FanaticoDelFutbol,192,2633,22,17,0.1146
167,104,5,11,3,18,Positivo,#FutbolTotal,84,911,20,10,0.2381
168,183,4,9,1,15,Neutro,#Mundial2026,298,2773,60,46,0.2013
169,326,10,21,3,13,Neutro,#Campeones,517,6236,51,63,0.0986
170,297,1,2,3,3,Positivo,#Mundial2026,65,653,8,6,0.1231
171,22,4,10,1,12,Negativo,#RumboAlMundial,211,2855,18,29,0.0853
172,309,4,9,4,16,Negativo,#FutbolTotal,85,931,13,14,0.1529
173,123,7,16,1,3,Neutro,#VamosSeleccion,88,937,9,2,0.1023
174,10,8,17,1,14,Negativo,#RumboAlMundial,146,1673,20,22,0.137
175,338,4,10,2,15,Negativo,#FutbolTotal,502,5344,101,13,0.2012
176,62,9,19,3,8,Positivo,#Campeones,323,4157,16,52,0.0495
177,28,11,24,3,11,Positivo,#FutbolTotal,154,2197,37,9,0.2403
178,281,7,15,3,18,Neutro,#FutbolTotal,440,6025,49,76,0.1114
179,321,12,26,2,19,Neutro,#FutbolTotal,67,625,15,10,0.2239
180,239,14,30,1,19,Neutro,#DiaDePartido,831,12349,179,65,0.2154
181,86,1,2,3,3,Positivo,#FanaticoDelFutbol,367,4884,86,49,0.2343
182,205,5,11,2,18,Positivo,#DiaDePartido,178,2662,42,29,0.236
183,249,7,14,5,11,Negativo,#Mundial2026,40,449,6,2,0.15
184,232,1,1,1,1,Negativo,#DiaDePartido,100,1403,22,16,0.22
185,100,11,24,2,11,Positivo,#Campeones,11,146,1,1,0.0909
186,328,5,11,5,6,Positivo,#DiaDePartido,75,602,11,3,0.1467
187,15,4,9,1,14,Positivo,#FutbolTotal,621,5758,57,71,0.0918
188,300,4,9,1,17,Negativo,#DiaDePartido,43,632,7,7,0.1628
189,111,10,21,4,20,Positivo,#VamosSeleccion,482,5774,86,75,0.1784
190,21,8,17,2,14,Negativo,#RumboAlMundial,26,351,1,1,0.0385
191,17,5,11,5,14,Positivo,#Mundial2026,311,3475,24,17,0.0772
192,241,7,15,3,6,Neutro,#RumboAlMundial,124,1719,29,9,0.2339
193,277,5,12,4,4,Positivo,#FanaticoDelFutbol,254,3609,35,29,0.1378
194,56,1,3,3,2,Positivo,#FutbolTotal,569,8351,115,65,0.2021
195,138,5,12,5,17,Negativo,#DiaDePartido,266,3802,38,16,0.1429
196,106,12,25,3,19,Negativo,#FutbolTotal,289,4131,38,38,0.1315
197,152,6,13,1,20,Negativo,#FanaticoDelFutbol,108,1500,18,8,0.1667
198,15,5,12,4,17,Neutro,#FanaticoDelFutbol,18,204,3,2,0.1667
199,316,9,19,4,16,Positivo,#FutbolTotal,185,2338,10,19,0.0541
200,293,11,23,1,9,Positivo,#DiaDePartido,322,4685,58,46,0.1801
201,254,4,10,2,10,Negativo,#DiaDePartido,682,7941,146,16,0.2141
202,292,3,8,3,12,Negativo,#FanaticoDelFutbol,1296,19411,294,50,0.2269
203,324,5,11,1,3,Positivo,#FanaticoDelFutbol,533,5246,78,33,0.1463
204,49,5,12,2,5,Neutro,#RumboAlMundial,448,4979,51,60,0.1138
205,41,4,10,2,15,Neutro,#GoleoElEquipo,41,561,5,6,0.122
206,72,7,14,3,4,Negativo,#VamosSeleccion,87,922,15,3,0.1724
207,325,14,29,3,10,Positivo,#Mundial2026,401,4582,35,17,0.0873
208,294,5,11,1,17,Positivo,#VamosSeleccion,77,797,4,5,0.0519
209,168,5,12,3,16,Negativo,#Campeones,63,835,8,5,0.127
210,41,3,7,5,18,Neutro,#VamosSeleccion,228,3253,18,34,0.0789
211,19,8,17,2,14,Neutro,#VamosSeleccion,106,1440,12,2,0.1132
212,264,11,24,2,2,Positivo,#FanaticoDelFutbol,286,3072,37,15,0.1294
213,78,7,14,1,18,Negativo,#Mundial2026,55,480,6,6,0.1091
214,208,4,10,5,16,Positivo,#FutbolTotal,72,826,4,12,0.0556
215,36,7,15,1,6,Negativo,#Mundial2026,16,183,1,1,0.0625
216,88,13,28,2,9,Negativo,#RumboAlMundial,875,9650,101,81,0.1154
217,19,1,3,3,3,Positivo,#VamosSeleccion,143,2096,26,19,0.1818
218,20,1,1,3,5,Negativo,#Mundial2026,170,2044,13,30,0.0765
219,120,7,16,1,6,Positivo,#Mundial2026,74,621,9,8,0.1216
220,243,1,3,5,3,Positivo,#FanaticoDelFutbol,489,5073,92,58,0.1881
221,118,1,2,2,20,Negativo,#Mundial2026,316,2533,20,30,0.0633
222,218,13,28,1,2,Positivo,#RumboAlMundial,115,1315,22,5,0.1913
223,53,4,10,5,16,Neutro,#GoleoElEquipo,1358,16483,217,29,0.1598
224,334,4,10,4,6,Neutro,#GoleoElEquipo,97,1303,12,17,0.1237
225,107,4,10,2,15,Negativo,#FanaticoDelFutbol,6703,70249,689,683,0.1028
226,13,15,31,1,20,Negativo,#Campeones,322,3214,66,24,0.205
227,233,14,30,2,12,Positivo,#Mundial2026,616,7093,121,35,0.1964
228,14,7,15,1,9,Positivo,#DiaDePartido,57,591,7,6,0.1228
229,190,14,29,1,6,Neutro,#DiaDePartido,185,1511,35,26,0.1892
230,365,9,20,2,17,Negativo,#FutbolTotal,149,1431,12,19,0.0805
231,137,7,15,4,4,Neutro,#VamosSeleccion,56,585,5,9,0.0893
232,106,1,2,2,17,Neutro,#Mundial2026,330,3678,29,10,0.0879
233,270,10,22,1,12,Positivo,#GoleoElEquipo,108,982,12,13,0.1111
234,210,4,9,3,16,Neutro,#FutbolTotal,103,857,5,2,0.0485
235,347,10,21,5,2,Neutro,#FutbolTotal,525,4936,94,82,0.179
236,126,1,1,2,1,Positivo,#FutbolTotal,133,1156,19,18,0.1429
237,140,4,9,5,15,Positivo,#GoleoElEquipo,142,1525,15,9,0.1056
238,357,9,19,5,7,Positivo,#Campeones,95,1354,18,5,0.1895
239,287,10,21,2,15,Neutro,#Mundial2026,118,1210,23,14,0.1949
240,238,12,26,1,16,Positivo,#FutbolTotal,45,403,10,3,0.2222
241,260,1,3,2,10,Positivo,#Campeones,255,2674,51,25,0.2
242,54,9,19,1,5,Neutro,#FutbolTotal,119,1096,6,13,0.0504
243,168,5,11,1,18,Negativo,#FutbolTotal,128,1474,28,3,0.2188
244,82,10,21,5,18,Neutro,#Campeones,373,3043,42,28,0.1126
245,101,9,20,5,20,Positivo,#VamosSeleccion,116,1156,8,9,0.069
246,84,5,12,2,17,Positivo,#Mundial2026,437,6180,92,11,0.2105
247,128,1,3,1,2,Positivo,#Mundial2026,292,2552,40,33,0.137
248,170,11,24,3,11,Positivo,#VamosSeleccion,241,2049,21,7,0.0871
249,50,1,3,3,14,Negativo,#Mundial2026,47,664,2,7,0.0426
250,78,12,25,3,19,Negativo,#FanaticoDelFutbol,219,2361,49,38,0.2237
251,29,1,3,5,2,Neutro,#Mundial2026,261,2947,33,19,0.1264
252,13,1,2,3,2,Negativo,#FutbolTotal,476,5145,91,40,0.1912
253,134,9,19,2,8,Neutro,#VamosSeleccion,366,3160,80,20,0.2186
254,257,4,10,1,15,Positivo,#FutbolTotal,45,414,9,7,0.2
255,328,8,17,5,14,Positivo,#DiaDePartido,346,4990,58,58,0.1676
256,176,4,9,5,16,Neutro,#Mundial2026,101,933,22,3,0.2178
257,31,4,9,4,17,Neutro,#DiaDePartido,447,4733,64,23,0.1432
258,96,4,9,1,16,Positivo,#FutbolTotal,618,6070,141,80,0.2282
259,357,15,32,4,11,Neutro,#Mundial2026,272,3551,42,42,0.1544
260,3,10,21,1,12,Positivo,#Mundial2026,1574,16484,111,140,0.0705
261,353,8,17,3,14,Positivo,#RumboAlMundial,789,11346,74,115,0.0938
262,351,9,19,1,9,Negativo,#Campeones,424,5421,60,38,0.1415
263,355,8,18,5,7,Positivo,#RumboAlMundial,28,303,5,1,0.1786
264,196,1,2,4,3,Negativo,#Mundial2026,101,1456,10,12,0.099
265,297,4,9,4,15,Neutro,#GoleoElEquipo,1173,17377,251,194,0.214
266,365,2,4,2,16,Neutro,#Mundial2026,61,746,12,4,0.1967
267,54,11,24,5,11,Negativo,#RumboAlMundial,534,5459,31,45,0.0581
268,275,7,16,1,6,Neutro,#Campeones,269,3176,49,35,0.1822
269,46,8,17,2,14,Negativo,#Mundial2026,239,3207,45,14,0.1883
270,238,7,16,2,4,Neutro,#Mundial2026,417,5978,99,47,0.2374
271,207,5,12,1,17,Neutro,#FutbolTotal,189,1821,27,21,0.1429
272,280,8,18,1,14,Positivo,#GoleoElEquipo,744,7193,67,39,0.0901
273,231,1,1,4,1,Negativo,#Mundial2026,1237,16205,191,88,0.1544
274,104,9,20,1,8,Negativo,#RumboAlMundial,1535,20835,108,44,0.0704
275,297,7,16,1,5,Negativo,#GoleoElEquipo,70,658,4,3,0.0571
276,157,4,9,1,15,Neutro,#VamosSeleccion,70,849,6,7,0.0857
277,316,5,12,1,18,Neutro,#VamosSeleccion,55,492,8,6,0.1455
278,210,5,12,2,18,Neutro,#GoleoElEquipo,778,11290,101,81,0.1298
279,226,10,22,4,13,Neutro,#Campeones,799,9439,168,87,0.2103
280,180,4,9,1,6,Neutro,#Mundial2026,57,508,9,6,0.1579
281,24,4,9,1,15,Negativo,#Mundial2026,235,3010,46,41,0.1957
282,176,1,1,2,3,Positivo,#Mundial2026,198,2559,37,11,0.1869
283,176,10,22,5,12,Positivo,#FutbolTotal,94,972,14,5,0.1489
284,195,5,12,1,8,Positivo,#RumboAlMundial,321,3479,22,22,0.0685
285,85,7,14,2,3,Positivo,#VamosSeleccion,174,2293,20,4,0.1149
286,118,5,12,3,18,Neutro,#FanaticoDelFutbol,19,255,1,1,0.0526
287,169,5,11,2,18,Neutro,#Mundial2026,306,3838,35,47,0.1144
288,36,9,20,5,10,Negativo,#FutbolTotal,441,4706,24,79,0.0544
289,351,13,28,1,11,Positivo,#Mundial2026,133,1673,28,21,0.2105
290,99,9,20,4,8,Positivo,#FutbolTotal,300,2695,17,13,0.0567
291,1,7,16,3,6,Positivo,#GoleoElEquipo,35,304,1,2,0.0286
292,185,7,14,1,18,Neutro,#FutbolTotal,301,2937,46,19,0.1528
293,154,9,20,1,9,Positivo,#GoleoElEquipo,211,2802,19,7,0.09
294,36,5,12,2,18,Negativo,#GoleoElEquipo,77,701,14,5,0.1818
295,71,4,10,1,16,Positivo,#GoleoElEquipo,303,4533,28,42,0.0924
296,29,12,25,1,19,Negativo,#FanaticoDelFutbol,306,3956,57,10,0.1863
297,149,8,17,1,14,Neutro,#FanaticoDelFutbol,49,413,10,5,0.2041
298,97,4,9,1,16,Positivo,#Mundial2026,418,5173,90,12,0.2153
299,1,9,19,2,7,Neutro,#Campeones,33,446,7,3,0.2121
300,134,13,28,1,6,Positivo,#Campeones,1243,18536,86,206,0.0692
301,293,4,9,2,16,Negativo,#VamosSeleccion,170,1598,36,10,0.2118
302,204,3,7,5,7,Negativo,#FutbolTotal,19,180,4,2,0.2105
303,255,13,28,3,19,Neutro,#GoleoElEquipo,151,1697,11,6,0.0728
304,50,12,26,2,7,Negativo,#DiaDePartido,116,998,7,14,0.0603
305,272,13,27,1,17,Positivo,#VamosSeleccion,304,3526,32,42,0.1053
306,88,8,17,2,14,Negativo,#Mundial2026,94,1113,10,12,0.1064
307,49,4,9,1,8,Positivo,#FanaticoDelFutbol,80,798,18,10,0.225
308,250,9,19,5,9,Positivo,#FutbolTotal,133,1490,13,5,0.0977
309,361,4,10,1,18,Positivo,#Mundial2026,189,2752,21,19,0.1111
310,38,7,14,2,5,Neutro,#Mundial2026,518,5626,112,47,0.2162
311,319,7,15,1,4,Negativo,#VamosSeleccion,885,10468,197,34,0.2226
312,93,8,18,1,14,Neutro,#GoleoElEquipo,29,299,6,3,0.2069
313,173,1,3,5,3,Neutro,#Mundial2026,267,2235,29,27,0.1086
314,28,9,19,1,9,Negativo,#Mundial2026,76,805,18,4,0.2368
315,348,4,9,3,20,Positivo,#FanaticoDelFutbol,825,11174,113,146,0.137
316,246,8,17,1,9,Negativo,#FanaticoDelFutbol,32,256,4,2,0.125
317,204,3,8,3,15,Negativo,#RumboAlMundial,439,6027,83,64,0.1891
318,171,5,12,2,18,Negativo,#Mundial2026,1451,15341,197,110,0.1358
319,175,5,11,1,3,Positivo,#FutbolTotal,1194,15495,99,156,0.0829
320,29,5,11,1,17,Negativo,#VamosSeleccion,127,1756,30,19,0.2362
321,278,9,20,3,7,Negativo,#FanaticoDelFutbol,119,1488,22,12,0.1849
322,266,7,16,2,17,Negativo,#GoleoElEquipo,95,774,16,7,0.1684
323,274,8,17,4,5,Positivo,#Campeones,164,1603,15,19,0.0915
324,189,12,25,1,19,Negativo,#VamosSeleccion,112,1367,18,18,0.1607
325,30,11,23,5,11,Positivo,#VamosSeleccion,93,1165,22,8,0.2366
326,353,7,15,2,5,Negativo,#VamosSeleccion,135,1693,20,13,0.1481
327,15,9,19,2,7,Positivo,#VamosSeleccion,855,12594,189,58,0.2211
328,123,9,19,1,8,Positivo,#FutbolTotal,145,1391,9,3,0.0621
329,249,5,12,4,6,Neutro,#RumboAlMundial,216,1988,43,11,0.1991
330,139,5,12,2,17,Positivo,#DiaDePartido,1351,16468,116,161,0.0859
331,128,4,9,5,15,Neutro,#FutbolTotal,115,1534,26,14,0.2261
332,90,9,19,2,18,Neutro,#Campeones,20,214,1,1,0.05
333,170,3,8,3,9,Positivo,#Mundial2026,122,1556,19,7,0.1557
334,342,12,26,1,4,Negativo,#GoleoElEquipo,149,1814,30,16,0.2013
335,7,6,13,2,10,Neutro,#Mundial2026,256,3538,49,37,0.1914
336,13,8,18,5,18,Neutro,#FutbolTotal,203,1633,21,18,0.1034
337,106,2,5,2,20,Negativo,#Mundial2026,369,5408,55,49,0.1491
338,222,4,10,5,15,Positivo,#DiaDePartido,456,5802,59,27,0.1294
339,315,1,1,3,3,Negativo,#FanaticoDelFutbol,95,1038,6,6,0.0632
340,288,7,15,3,4,Positivo,#Campeones,958,10133,81,76,0.0846
341,210,13,27,5,4,Positivo,#DiaDePartido,209,2954,20,31,0.0957
342,35,10,21,1,1,Negativo,#FutbolTotal,88,1193,9,6,0.1023
343,84,1,2,2,12,Negativo,#Campeones,225,2843,27,36,0.12
344,202,15,31,1,14,Negativo,#VamosSeleccion,83,868,4,9,0.0482
345,231,3,8,3,10,Positivo,#VamosSeleccion,160,1328,31,8,0.1938
346,11,5,11,2,11,Positivo,#RumboAlMundial,90,1322,11,10,0.1222
347,152,9,20,5,9,Positivo,#RumboAlMundial,107,905,15,9,0.1402
348,27,9,19,2,19,Negativo,#VamosSeleccion,456,4803,87,67,0.1908
349,340,12,26,3,19,Positivo,#VamosSeleccion,92,985,21,8,0.2283
350,357,7,14,3,4,Positivo,#FutbolTotal,706,7208,134,125,0.1898
351,7,10,21,2,13,Negativo,#VamosSeleccion,299,2809,52,44,0.1739
352,360,11,24,2,10,Positivo,#DiaDePartido,176,2094,22,20,0.125
353,28,5,11,2,17,Positivo,#RumboAlMundial,66,535,3,7,0.0455
354,74,1,3,1,19,Positivo,#GoleoElEquipo,36,440,2,4,0.0556
355,196,14,30,5,20,Negativo,#VamosSeleccion,20,228,3,3,0.15
356,360,2,4,5,9,Neutro,#VamosSeleccion,66,961,3,5,0.0455
357,190,7,14,1,6,Positivo,#VamosSeleccion,42,618,6,1,0.1429
358,237,4,9,2,7,Neutro,#RumboAlMundial,375,4208,36,65,0.096
359,111,11,23,1,10,Positivo,#Mundial2026,105,1344,14,13,0.1333
360,191,15,31,2,14,Positivo,#Campeones,104,1443,14,3,0.1346
361,299,9,19,2,1,Neutro,#Campeones,163,1746,20,9,0.1227
362,20,4,9,1,16,Neutro,#VamosSeleccion,524,6346,31,75,0.0592
363,7,1,2,2,20,Positivo,#FutbolTotal,165,1869,30,26,0.1818
364,15,4,10,1,16,Positivo,#Mundial2026,133,1124,22,7,0.1654
365,158,7,14,1,20,Neutro,#FanaticoDelFutbol,93,910,9,10,0.0968
366,323,7,15,4,6,Positivo,#DiaDePartido,197,2006,31,27,0.1574
367,217,2,5,2,10,Positivo,#Mundial2026,478,5193,40,23,0.0837
368,351,12,26,2,19,Negativo,#FutbolTotal,67,736,12,11,0.1791
369,249,2,6,1,18,Positivo,#GoleoElEquipo,81,1049,10,2,0.1235
370,225,6,13,4,8,Negativo,#FutbolTotal,327,3611,22,28,0.0673
371,105,2,6,2,1,Positivo,#RumboAlMundial,28,260,5,0,0.1786
372,54,2,4,1,14,Neutro,#VamosSeleccion,808,7639,115,73,0.1423
373,314,5,11,2,17,Positivo,#Mundial2026,41,336,6,6,0.1463
374,280,12,25,2,19,Neutro,#Mundial2026,40,587,6,2,0.15
375,77,2,4,4,13,Positivo,#Mundial2026,220,2379,49,20,0.2227
376,184,6,13,1,2,Positivo,#FanaticoDelFutbol,130,1222,23,17,0.1769
377,114,5,11,1,8,Positivo,#VamosSeleccion,78,1168,7,2,0.0897
378,171,13,27,3,13,Positivo,#GoleoElEquipo,353,4275,39,46,0.1105
379,207,3,8,3,19,Positivo,#VamosSeleccion,302,4122,59,24,0.1954
380,22,11,23,4,10,Negativo,#DiaDePartido,109,1198,13,8,0.1193
381,227,7,16,2,18,Positivo,#RumboAlMundial,587,8159,146,29,0.2487
382,183,13,27,1,17,Positivo,#FutbolTotal,183,1831,26,32,0.1421
383,306,10,22,1,12,Positivo,#Mundial2026,311,2772,22,27,0.0707
384,295,3,7,2,7,Positivo,#FutbolTotal,65,714,3,8,0.0462
385,316,5,12,5,14,Neutro,#VamosSeleccion,70,569,9,5,0.1286
386,361,5,11,5,18,Negativo,#VamosSeleccion,90,877,8,14,0.0889
387,85,1,1,5,20,Neutro,#DiaDePartido,868,11194,94,149,0.1083
388,63,9,19,3,14,Negativo,#RumboAlMundial,65,535,6,4,0.0923
389,281,2,4,4,10,Positivo,#VamosSeleccion,126,1884,11,6,0.0873
390,341,7,16,1,18,Neutro,#Mundial2026,133,1664,20,7,0.1504
391,90,7,14,5,12,Neutro,#FutbolTotal,51,547,7,7,0.1373
392,111,9,20,1,8,Positivo,#DiaDePartido,117,1652,17,11,0.1453
393,307,5,12,1,7,Neutro,#Mundial2026,194,1656,34,19,0.1753
394,196,6,13,5,13,Positivo,#Mundial2026,45,409,6,5,0.1333
395,117,6,13,1,10,Positivo,#Mundial2026,342,5098,39,23,0.114
396,282,7,15,3,6,Positivo,#FanaticoDelFutbol,86,857,9,5,0.1047
397,147,9,20,1,20,Positivo,#Mundial2026,224,3261,52,39,0.2321
398,200,2,6,1,7,Positivo,#FutbolTotal,60,867,5,3,0.0833
399,316,5,11,4,17,Positivo,#FutbolTotal,205,1951,45,10,0.2195
400,91,7,15,3,4,Negativo,#FutbolTotal,278,2348,14,43,0.0504
401,285,13,28,1,4,Neutro,#FutbolTotal,96,1374,13,12,0.1354
402,198,1,1,4,3,Positivo,#FutbolTotal,471,4105,90,60,0.1911
403,319,10,21,5,12,Negativo,#FutbolTotal,118,1222,7,14,0.0593
404,171,13,28,1,16,Negativo,#Mundial2026,24,317,3,3,0.125
405,82,5,11,5,9,Negativo,#FanaticoDelFutbol,87,1015,21,14,0.2414
406,274,1,1,4,17,Negativo,#FutbolTotal,173,1690,26,27,0.1503
407,316,7,15,1,5,Neutro,#Campeones,704,7256,36,44,0.0511
408,31,4,10,5,2,Positivo,#VamosSeleccion,1470,16562,305,223,0.2075
409,163,5,11,5,18,Positivo,#DiaDePartido,29,357,2,3,0.069
410,309,4,9,4,15,Negativo,#VamosSeleccion,132,1793,8,16,0.0606
411,365,9,19,1,9,Positivo,#FutbolTotal,865,9940,84,89,0.0971
412,36,2,4,1,1,Positivo,#RumboAlMundial,334,3053,71,11,0.2126
413,263,11,23,1,5,Negativo,#FutbolTotal,275,2900,55,27,0.2
414,41,1,2,1,19,Positivo,#FanaticoDelFutbol,177,2593,32,7,0.1808
415,141,1,3,5,17,Positivo,#Mundial2026,167,1962,15,5,0.0898
416,336,4,10,3,16,Positivo,#FanaticoDelFutbol,131,1910,20,19,0.1527
417,146,12,25,5,19,Neutro,#FutbolTotal,205,2569,34,33,0.1659
418,54,1,1,1,1,Neutro,#VamosSeleccion,596,6245,120,56,0.2013
419,114,5,11,1,17,Positivo,#DiaDePartido,25,228,6,3,0.24
420,265,4,10,2,15,Positivo,#DiaDePartido,159,1487,36,15,0.2264
421,322,5,11,1,18,Negativo,#VamosSeleccion,287,2379,64,9,0.223
422,204,10,22,5,17,Negativo,#Mundial2026,631,6390,63,35,0.0998
423,120,1,1,1,3,Negativo,#FutbolTotal,1393,19036,217,172,0.1558
424,322,4,10,1,15,Negativo,#GoleoElEquipo,2047,24979,201,83,0.0982
425,179,6,13,2,20,Neutro,#GoleoElEquipo,179,2350,11,19,0.0615
426,78,5,12,1,19,Negativo,#VamosSeleccion,85,1237,4,10,0.0471
427,173,5,11,3,9,Negativo,#VamosSeleccion,173,2336,42,3,0.2428
428,10,1,1,2,1,Neutro,#VamosSeleccion,1521,20686,121,161,0.0796
429,160,8,18,3,11,Positivo,#Mundial2026,726,7981,47,105,0.0647
430,242,7,14,1,7,Positivo,#GoleoElEquipo,287,2392,57,18,0.1986
431,209,1,2,4,5,Neutro,#FanaticoDelFutbol,311,3371,15,19,0.0482
432,210,1,1,5,3,Neutro,#RumboAlMundial,230,1919,47,15,0.2043
433,119,6,13,5,18,Neutro,#FutbolTotal,516,7121,118,58,0.2287
434,308,12,25,3,19,Negativo,#DiaDePartido,722,6723,175,124,0.2424
435,292,7,16,4,7,Neutro,#Mundial2026,464,5372,36,60,0.0776
436,29,15,32,5,17,Positivo,#Campeones,507,6532,44,43,0.0868
437,115,13,27,3,18,Positivo,#FanaticoDelFutbol,883,7877,198,33,0.2242
438,259,2,6,1,5,Positivo,#Mundial2026,506,5372,74,42,0.1462
439,336,7,15,5,5,Positivo,#DiaDePartido,381,3353,94,53,0.2467
440,357,10,21,2,12,Positivo,#FutbolTotal,142,1349,19,20,0.1338
441,193,9,19,4,7,Negativo,#RumboAlMundial,82,787,20,14,0.2439
442,190,10,22,2,20,Positivo,#DiaDePartido,576,4729,134,85,0.2326
443,336,3,8,2,16,Positivo,#GoleoElEquipo,151,2205,22,11,0.1457
444,159,7,16,5,6,Neutro,#Campeones,38,541,4,5,0.1053
445,283,10,21,2,13,Positivo,#Mundial2026,48,422,3,1,0.0625
446,169,14,29,5,7,Neutro,#VamosSeleccion,874,8960,105,32,0.1201
447,32,1,2,1,1,Negativo,#Mundial2026,110,1437,8,12,0.0727
448,161,7,15,1,1,Negativo,#FutbolTotal,253,2258,45,31,0.1779
449,322,5,11,5,17,Neutro,#FutbolTotal,1061,12965,105,178,0.099
450,162,5,12,4,17,Negativo,#DiaDePartido,521,4974,85,17,0.1631
451,248,12,25,5,19,Positivo,#Campeones,107,1096,14,9,0.1308
452,329,9,20,4,8,Neutro,#Mundial2026,441,4250,28,70,0.0635
453,36,4,9,4,16,Neutro,#VamosSeleccion,622,8087,41,47,0.0659
454,312,3,8,1,18,Positivo,#Mundial2026,551,5852,94,93,0.1706
455,258,13,27,4,10,Neutro,#RumboAlMundial,65,965,12,9,0.1846
456,114,15,31,3,20,Positivo,#FanaticoDelFutbol,1393,11941,203,141,0.1457
457,53,4,10,1,16,Neutro,#FanaticoDelFutbol,28,311,3,4,0.1071
458,323,9,20,5,9,Positivo,#FanaticoDelFutbol,179,2416,12,16,0.067
459,56,1,2,1,1,Negativo,#RumboAlMundial,273,2897,58,15,0.2125
460,117,14,30,3,14,Negativo,#Mundial2026,1611,14557,260,140,0.1614
461,173,6,13,1,5,Positivo,#DiaDePartido,255,2314,31,13,0.1216
462,39,7,14,2,4,Neutro,#VamosSeleccion,1053,10268,105,125,0.0997
463,151,5,12,1,8,Neutro,#RumboAlMundial,80,751,15,10,0.1875
464,8,6,13,2,14,Positivo,#RumboAlMundial,288,3802,37,15,0.1285
465,155,7,16,2,12,Neutro,#FanaticoDelFutbol,440,4596,48,18,0.1091
466,30,7,15,4,4,Positivo,#DiaDePartido,337,5006,36,52,0.1068
467,97,4,10,1,5,Neutro,#VamosSeleccion,633,8405,33,103,0.0521
468,47,11,23,4,11,Neutro,#FanaticoDelFutbol,39,567,2,2,0.0513
469,364,4,9,1,16,Neutro,#VamosSeleccion,32,276,6,3,0.1875
470,35,2,5,2,17,Positivo,#DiaDePartido,525,6795,70,35,0.1333
471,119,3,8,2,16,Neutro,#Campeones,270,3500,41,6,0.1519
472,308,4,10,1,4,Positivo,#FanaticoDelFutbol,3697,37927,695,611,0.188
473,349,1,1,5,1,Positivo,#Campeones,612,8891,88,53,0.1438
474,203,10,22,3,17,Positivo,#DiaDePartido,119,1084,17,11,0.1429
475,277,12,26,4,19,Positivo,#DiaDePartido,135,1765,7,23,0.0519
476,230,5,11,1,17,Positivo,#VamosSeleccion,185,2476,29,15,0.1568
477,50,14,30,5,7,Positivo,#VamosSeleccion,55,657,7,8,0.1273
478,337,7,14,2,4,Positivo,#FutbolTotal,88,918,12,3,0.1364
479,85,4,10,2,15,Positivo,#DiaDePartido,436,5194,44,68,0.1009
480,294,1,1,2,2,Positivo,#FanaticoDelFutbol,50,710,10,3,0.2
481,217,8,17,5,9,Neutro,#GoleoElEquipo,139,1247,21,21,0.1511
482,233,13,28,1,1,Positivo,#FutbolTotal,360,3471,71,56,0.1972
483,274,9,19,4,2,Positivo,#VamosSeleccion,246,2018,48,40,0.1951
484,12,4,9,5,15,Positivo,#Mundial2026,83,1168,10,11,0.1205
485,327,5,12,2,18,Positivo,#FutbolTotal,264,2860,43,13,0.1629
486,120,3,7,1,15,Positivo,#Campeones,92,873,13,8,0.1413
487,337,3,7,3,19,Neutro,#Campeones,471,4795,77,84,0.1635
488,308,5,11,2,18,Neutro,#FutbolTotal,94,1165,5,16,0.0532
489,21,7,16,5,6,Positivo,#Mundial2026,265,3172,51,46,0.1925
490,22,5,12,1,17,Positivo,#Mundial2026,74,819,18,8,0.2432
491,100,15,32,5,20,Negativo,#Campeones,213,2423,50,15,0.2347
492,294,15,31,1,20,Positivo,#Mundial2026,64,878,6,11,0.0938
493,230,7,16,4,4,Positivo,#Campeones,546,7475,53,31,0.0971
494,334,10,22,5,17,Negativo,#VamosSeleccion,135,1109,19,15,0.1407
495,305,11,23,4,8,Negativo,#FanaticoDelFutbol,426,4144,74,15,0.1737
496,4,7,15,2,6,Neutro,#Mundial2026,110,1631,22,10,0.2
497,356,1,1,4,2,Negativo,#GoleoElEquipo,88,827,16,14,0.1818
498,12,6,13,2,17,Neutro,#FutbolTotal,98,1103,18,14,0.1837
499,141,11,23,1,10,Positivo,#RumboAlMundial,305,3199,21,30,0.0689
500,224,5,12,4,18,Positivo,#FutbolTotal,258,2585,61,17,0.2364
501,140,13,27,1,9,Positivo,#FanaticoDelFutbol,144,1871,8,3,0.0556
502,29,14,30,2,1,Positivo,#RumboAlMundial,134,1873,27,12,0.2015
503,17,5,12,2,17,Positivo,#FanaticoDelFutbol,117,1075,7,17,0.0598
504,211,4,10,3,13,Positivo,#Mundial2026,772,11332,52,26,0.0674
505,277,1,2,1,5,Negativo,#GoleoElEquipo,224,3071,48,32,0.2143
506,309,5,11,1,20,Neutro,#RumboAlMundial,48,629,4,8,0.0833
507,315,9,20,1,7,Neutro,#FutbolTotal,33,425,2,4,0.0606
508,235,11,23,4,18,Neutro,#RumboAlMundial,98,1174,14,16,0.1429
509,202,12,26,4,11,Neutro,#VamosSeleccion,229,3281,42,35,0.1834
510,166,9,20,2,7,Positivo,#GoleoElEquipo,66,615,14,9,0.2121
511,311,4,9,5,16,Positivo,#VamosSeleccion,553,4429,52,99,0.094
512,1,15,31,4,19,Positivo,#FutbolTotal,210,2332,17,28,0.081
513,120,7,16,1,10,Positivo,#FutbolTotal,521,6183,108,92,0.2073
514,138,15,32,1,16,Positivo,#Mundial2026,410,3519,52,33,0.1268
515,282,4,9,2,1,Neutro,#Campeones,20,294,3,2,0.15
516,281,13,28,1,3,Positivo,#Mundial2026,792,6515,177,18,0.2235
517,218,4,10,1,15,Neutro,#FutbolTotal,20,177,1,2,0.05
518,145,2,4,5,13,Neutro,#Campeones,225,3143,49,26,0.2178
519,317,2,5,2,18,Negativo,#FutbolTotal,351,4450,75,53,0.2137
520,288,1,3,1,1,Neutro,#FanaticoDelFutbol,93,786,11,12,0.1183
521,73,9,19,2,7,Positivo,#DiaDePartido,135,2004,18,16,0.1333
522,189,4,9,1,16,Negativo,#VamosSeleccion,150,1204,21,11,0.14
523,283,12,25,1,17,Negativo,#GoleoElEquipo,545,6126,69,17,0.1266
524,358,5,12,2,17,Positivo,#DiaDePartido,295,4106,31,40,0.1051
525,115,9,20,1,8,Negativo,#GoleoElEquipo,244,2960,48,23,0.1967
526,355,9,19,5,2,Neutro,#FutbolTotal,108,905,7,9,0.0648
527,346,13,28,5,11,Neutro,#FanaticoDelFutbol,610,5192,116,66,0.1902
528,62,3,8,5,8,Positivo,#FanaticoDelFutbol,70,597,12,2,0.1714
529,43,5,12,3,17,Negativo,#VamosSeleccion,88,1029,8,7,0.0909
530,352,7,16,2,4,Positivo,#Mundial2026,2359,25999,218,284,0.0924
531,169,4,10,1,16,Neutro,#GoleoElEquipo,1375,17643,267,150,0.1942
532,203,11,24,5,11,Positivo,#Mundial2026,94,1262,10,6,0.1064
533,174,3,8,2,8,Neutro,#DiaDePartido,76,928,3,7,0.0395
534,301,1,3,2,2,Neutro,#FanaticoDelFutbol,229,3083,53,7,0.2314
535,110,14,29,1,15,Positivo,#Mundial2026,414,4538,22,44,0.0531
536,148,1,1,3,2,Neutro,#VamosSeleccion,79,754,14,3,0.1772
537,113,5,12,2,18,Neutro,#DiaDePartido,128,1745,7,7,0.0547
538,344,13,28,3,1,Positivo,#GoleoElEquipo,33,301,3,1,0.0909
539,193,2,4,1,4,Neutro,#VamosSeleccion,134,1454,20,18,0.1493
540,77,2,6,3,3,Positivo,#VamosSeleccion,115,1109,27,10,0.2348
541,103,12,26,2,16,Positivo,#FutbolTotal,195,1844,34,6,0.1744
542,1,12,25,1,19,Positivo,#GoleoElEquipo,170,1522,38,9,0.2235
543,267,1,3,1,19,Positivo,#FanaticoDelFutbol,913,12924,149,31,0.1632
544,75,7,16,5,5,Positivo,#Mundial2026,449,5620,97,77,0.216
545,251,4,10,1,16,Positivo,#DiaDePartido,236,3057,28,17,0.1186
546,324,4,9,5,15,Positivo,#Campeones,568,8493,45,37,0.0792
547,139,9,19,4,8,Neutro,#VamosSeleccion,75,930,10,3,0.1333
548,268,1,1,3,3,Neutro,#Mundial2026,99,1386,21,8,0.2121
549,274,14,29,1,13,Neutro,#DiaDePartido,277,2662,66,12,0.2383
550,182,8,18,2,14,Neutro,#GoleoElEquipo,141,2053,22,21,0.156
551,8,11,24,1,8,Neutro,#RumboAlMundial,110,1354,7,13,0.0636
552,112,5,11,5,17,Negativo,#RumboAlMundial,40,387,6,6,0.15
553,167,9,20,1,7,Neutro,#Mundial2026,312,2907,49,42,0.1571
554,42,1,2,1,7,Positivo,#FanaticoDelFutbol,80,697,17,3,0.2125
555,152,6,13,2,3,Positivo,#FanaticoDelFutbol,90,825,7,6,0.0778
556,184,1,2,4,7,Neutro,#GoleoElEquipo,93,1273,12,13,0.129
557,362,1,3,1,10,Positivo,#RumboAlMundial,632,6674,83,75,0.1313
558,126,10,21,2,13,Positivo,#Mundial2026,650,5261,34,73,0.0523
559,322,14,29,4,12,Positivo,#RumboAlMundial,380,4793,32,22,0.0842
560,129,1,3,4,16,Neutro,#FanaticoDelFutbol,40,397,7,2,0.175
561,223,4,10,5,16,Positivo,#FanaticoDelFutbol,138,1365,27,19,0.1957
562,20,9,19,2,7,Negativo,#VamosSeleccion,627,6074,43,54,0.0686
563,365,2,5,1,15,Neutro,#Mundial2026,66,652,4,7,0.0606
564,232,9,20,5,9,Positivo,#VamosSeleccion,285,3878,26,39,0.0912
565,144,4,9,1,12,Negativo,#FanaticoDelFutbol,79,1163,12,2,0.1519
566,336,11,23,4,11,Positivo,#Campeones,39,513,4,1,0.1026
567,173,1,3,1,1,Positivo,#FanaticoDelFutbol,210,3077,16,22,0.0762
568,330,1,3,5,8,Positivo,#FutbolTotal,119,1595,11,10,0.0924
569,41,1,2,1,11,Neutro,#Campeones,98,1311,12,13,0.1224
570,238,4,9,2,16,Positivo,#RumboAlMundial,76,841,14,8,0.1842
571,320,8,17,1,13,Positivo,#FutbolTotal,1218,16181,107,94,0.0878
572,247,9,20,1,17,Neutro,#Campeones,83,956,10,3,0.1205
573,227,14,29,2,16,Positivo,#Mundial2026,52,595,6,6,0.1154
574,189,5,11,2,17,Positivo,#Campeones,96,1096,23,16,0.2396
575,169,8,18,4,19,Positivo,#FutbolTotal,97,1329,13,14,0.134
576,266,1,1,1,19,Negativo,#FutbolTotal,244,2286,50,18,0.2049
577,294,3,8,3,18,Negativo,#VamosSeleccion,3931,55925,530,504,0.1348
578,251,11,24,2,11,Neutro,#FutbolTotal,114,1219,21,10,0.1842
579,246,7,14,3,5,Negativo,#Mundial2026,121,1670,12,19,0.0992
580,60,1,1,5,17,Neutro,#Mundial2026,232,2533,27,41,0.1164
581,83,1,1,5,3,Neutro,#Mundial2026,134,1391,17,17,0.1269
582,98,4,9,4,6,Negativo,#Campeones,136,1441,27,4,0.1985
583,301,11,23,1,11,Positivo,#DiaDePartido,471,4239,42,42,0.0892
584,205,9,20,2,9,Positivo,#GoleoElEquipo,72,1040,15,7,0.2083
585,158,9,19,2,8,Negativo,#DiaDePartido,31,289,5,5,0.1613
586,141,5,11,4,17,Neutro,#RumboAlMundial,455,3858,63,24,0.1385
587,356,11,24,2,11,Positivo,#FanaticoDelFutbol,697,8210,121,69,0.1736
588,204,1,3,2,5,Neutro,#GoleoElEquipo,233,3244,38,31,0.1631
589,315,15,32,5,20,Negativo,#RumboAlMundial,406,5334,46,62,0.1133
590,42,7,16,5,11,Neutro,#FutbolTotal,467,5576,45,52,0.0964
591,29,1,1,1,3,Positivo,#FutbolTotal,220,3120,48,24,0.2182
592,345,1,2,3,1,Positivo,#Mundial2026,259,3681,34,21,0.1313
593,42,9,19,4,9,Neutro,#RumboAlMundial,172,2438,35,15,0.2035
594,6,15,31,1,20,Negativo,#GoleoElEquipo,218,3186,28,24,0.1284
595,95,1,1,1,11,Neutro,#VamosSeleccion,25,319,4,2,0.16
596,246,5,12,1,18,Positivo,#Campeones,313,3170,19,40,0.0607
597,291,1,3,1,19,Positivo,#Mundial2026,77,1127,6,3,0.0779
598,169,14,30,3,18,Neutro,#Mundial2026,202,2736,50,13,0.2475
599,104,4,9,1,16,Neutro,#Mundial2026,26,230,5,1,0.1923
600,342,10,22,2,12,Neutro,#FanaticoDelFutbol,79,1096,18,12,0.2278
601,321,1,1,1,10,Neutro,#GoleoElEquipo,113,1505,13,18,0.115
602,156,5,12,1,8,Positivo,#FutbolTotal,296,2844,61,34,0.2061
603,139,3,8,2,20,Negativo,#VamosSeleccion,539,6102,36,58,0.0668
604,175,5,12,5,16,Negativo,#VamosSeleccion,556,7013,116,43,0.2086
605,132,5,11,2,17,Positivo,#Mundial2026,279,2585,41,32,0.147
606,70,2,5,4,4,Positivo,#GoleoElEquipo,413,5490,65,71,0.1574
607,167,15,32,3,5,Positivo,#FutbolTotal,206,2525,31,31,0.1505
608,292,12,25,5,7,Neutro,#GoleoElEquipo,88,955,16,5,0.1818
609,327,1,3,2,1,Neutro,#GoleoElEquipo,45,477,3,7,0.0667
610,168,1,1,1,1,Neutro,#Mundial2026,327,4804,53,20,0.1621
611,292,6,13,2,16,Positivo,#VamosSeleccion,419,4507,63,59,0.1504
612,280,13,27,2,6,Positivo,#Mundial2026,1200,14149,98,176,0.0817
613,140,7,16,4,5,Positivo,#VamosSeleccion,700,8466,165,81,0.2357
614,21,1,1,1,15,Negativo,#VamosSeleccion,678,6641,108,87,0.1593
615,295,12,26,1,17,Negativo,#FanaticoDelFutbol,582,7570,114,25,0.1959
616,296,1,3,5,12,Negativo,#DiaDePartido,850,12413,89,39,0.1047
617,64,7,14,2,4,Negativo,#FutbolTotal,177,1980,19,4,0.1073
618,343,5,11,4,17,Positivo,#Campeones,315,2591,47,21,0.1492
619,359,2,5,5,3,Negativo,#FanaticoDelFutbol,422,3810,84,57,0.1991
620,2,14,29,1,20,Positivo,#FanaticoDelFutbol,1154,16279,205,193,0.1776
621,92,9,20,3,2,Negativo,#FutbolTotal,104,1489,9,17,0.0865
622,50,4,10,3,3,Negativo,#Mundial2026,40,438,9,4,0.225
623,338,11,23,4,11,Negativo,#RumboAlMundial,403,5537,47,48,0.1166
624,221,5,11,2,8,Neutro,#GoleoElEquipo,78,918,13,6,0.1667
625,243,10,21,1,4,Positivo,#GoleoElEquipo,583,5923,139,68,0.2384
626,68,12,26,2,19,Positivo,#VamosSeleccion,348,4738,23,18,0.0661
627,45,5,12,5,17,Positivo,#Mundial2026,305,3077,65,8,0.2131
628,27,9,20,1,7,Neutro,#RumboAlMundial,1586,14562,119,219,0.075
629,155,1,1,1,15,Neutro,#Mundial2026,23,340,4,3,0.1739
630,228,1,3,4,2,Positivo,#Mundial2026,475,5806,106,64,0.2232
631,64,15,32,2,20,Positivo,#FutbolTotal,150,1828,37,19,0.2467
632,187,7,15,2,4,Positivo,#Campeones,31,374,3,0,0.0968
633,60,15,31,4,20,Negativo,#RumboAlMundial,33,348,2,5,0.0606
634,93,5,11,5,18,Positivo,#Mundial2026,67,952,4,3,0.0597
635,270,2,5,2,18,Negativo,#Mundial2026,193,1888,39,20,0.2021
636,214,9,19,2,8,Neutro,#Mundial2026,419,5016,59,45,0.1408
637,113,9,20,5,9,Negativo,#FutbolTotal,131,1159,22,5,0.1679
638,350,2,4,1,11,Positivo,#FutbolTotal,353,3017,39,42,0.1105
639,65,1,3,3,1,Neutro,#VamosSeleccion,152,2161,10,20,0.0658
640,94,1,1,5,1,Positivo,#Campeones,83,811,6,14,0.0723
641,183,4,9,4,2,Neutro,#Mundial2026,869,12667,95,37,0.1093
642,336,2,6,1,17,Positivo,#FutbolTotal,259,3295,23,15,0.0888
643,347,1,1,4,19,Neutro,#FutbolTotal,59,515,5,5,0.0847
644,22,9,19,1,9,Neutro,#DiaDePartido,750,11078,61,81,0.0813
645,209,10,21,3,13,Positivo,#GoleoElEquipo,542,6317,69,26,0.1273
646,199,5,12,3,15,Positivo,#RumboAlMundial,220,2839,23,20,0.1045
647,4,9,20,5,7,Neutro,#FanaticoDelFutbol,76,698,11,13,0.1447
648,332,6,13,2,4,Neutro,#Mundial2026,39,556,9,3,0.2308
649,189,4,10,2,17,Positivo,#FutbolTotal,296,3147,37,21,0.125
650,231,9,20,1,7,Negativo,#GoleoElEquipo,280,3140,65,20,0.2321
651,89,7,14,5,14,Positivo,#VamosSeleccion,113,1423,10,7,0.0885
652,49,5,12,2,10,Neutro,#FanaticoDelFutbol,911,9195,219,31,0.2404
653,169,12,25,1,2,Neutro,#Mundial2026,121,1104,25,14,0.2066
654,84,4,10,2,17,Positivo,#RumboAlMundial,243,3145,52,13,0.214
655,15,5,12,1,17,Positivo,#RumboAlMundial,31,381,2,5,0.0645
656,357,7,16,1,7,Negativo,#VamosSeleccion,235,2893,48,17,0.2043
657,117,5,11,5,15,Neutro,#GoleoElEquipo,28,337,1,1,0.0357
658,218,9,19,2,1,Positivo,#FanaticoDelFutbol,346,3595,73,17,0.211
659,113,12,26,2,11,Negativo,#VamosSeleccion,154,2302,15,18,0.0974
660,172,12,26,2,19,Neutro,#FutbolTotal,64,596,3,2,0.0469
661,139,7,14,5,6,Neutro,#DiaDePartido,110,1278,11,14,0.1
662,82,4,9,2,15,Positivo,#FutbolTotal,661,9309,125,113,0.1891
663,99,14,29,4,12,Positivo,#GoleoElEquipo,57,613,4,3,0.0702
664,196,3,7,2,12,Neutro,#DiaDePartido,1330,19267,83,176,0.0624
665,52,4,10,5,15,Positivo,#GoleoElEquipo,64,672,11,10,0.1719
666,261,9,20,5,20,Positivo,#FanaticoDelFutbol,204,2181,17,21,0.0833
667,69,5,11,1,13,Negativo,#FutbolTotal,99,1311,10,12,0.101
668,113,4,9,5,15,Negativo,#VamosSeleccion,259,2304,35,30,0.1351
669,265,9,19,5,8,Negativo,#VamosSeleccion,124,1018,9,9,0.0726
670,108,5,12,3,7,Negativo,#Campeones,102,1438,12,2,0.1176
671,129,3,7,2,13,Neutro,#Mundial2026,170,1457,22,6,0.1294
672,115,6,13,2,16,Positivo,#VamosSeleccion,108,1082,10,16,0.0926
673,49,15,32,5,20,Neutro,#FutbolTotal,246,2592,47,22,0.1911
674,97,5,12,2,18,Neutro,#DiaDePartido,566,5314,73,56,0.129
675,146,1,1,2,1,Positivo,#FutbolTotal,99,1110,22,17,0.2222
676,173,7,14,2,4,Positivo,#VamosSeleccion,170,1480,41,17,0.2412
677,310,9,20,2,8,Negativo,#RumboAlMundial,31,393,4,4,0.129
678,335,7,15,2,10,Positivo,#GoleoElEquipo,1871,18857,403,70,0.2154
679,45,12,26,2,19,Positivo,#Mundial2026,178,2297,19,5,0.1067
680,155,1,1,2,3,Negativo,#FanaticoDelFutbol,37,303,7,4,0.1892
681,2,1,3,4,5,Positivo,#GoleoElEquipo,195,1848,43,31,0.2205
682,329,1,2,3,13,Neutro,#DiaDePartido,117,1014,8,5,0.0684
683,36,1,2,3,2,Neutro,#Campeones,393,4274,31,32,0.0789
684,1,1,1,3,3,Neutro,#RumboAlMundial,265,3823,30,43,0.1132
685,153,9,19,2,5,Neutro,#FanaticoDelFutbol,151,1307,13,16,0.0861
686,56,9,20,2,7,Neutro,#VamosSeleccion,359,3398,47,20,0.1309
687,182,5,12,1,9,Positivo,#RumboAlMundial,115,1416,8,2,0.0696
688,65,4,9,1,15,Negativo,#Mundial2026,152,1368,18,25,0.1184
689,286,5,11,4,18,Positivo,#VamosSeleccion,602,8634,77,96,0.1279
690,21,8,17,5,14,Positivo,#FutbolTotal,64,762,7,7,0.1094
691,362,5,12,3,18,Neutro,#Mundial2026,73,720,4,2,0.0548
692,51,7,16,2,15,Positivo,#VamosSeleccion,164,2447,17,7,0.1037
693,161,4,10,5,10,Negativo,#GoleoElEquipo,114,1492,10,16,0.0877
694,209,5,12,2,17,Neutro,#Mundial2026,3443,44377,381,400,0.1107
695,27,7,14,5,16,Positivo,#FanaticoDelFutbol,90,1067,20,12,0.2222
696,342,7,15,3,6,Positivo,#GoleoElEquipo,1132,15027,114,179,0.1007
697,277,6,13,3,5,Neutro,#FutbolTotal,620,7334,126,29,0.2032
698,7,1,2,1,15,Positivo,#FutbolTotal,368,4102,65,62,0.1766
699,262,3,7,2,11,Neutro,#Mundial2026,116,1336,18,10,0.1552
700,139,1,2,1,4,Positivo,#Mundial2026,23,327,5,0,0.2174
701,257,4,9,2,16,Positivo,#FanaticoDelFutbol,1005,8149,216,152,0.2149
702,174,6,13,1,1,Negativo,#FanaticoDelFutbol,12,164,2,0,0.1667
703,331,14,30,2,17,Neutro,#DiaDePartido,55,771,12,3,0.2182
704,155,5,11,2,2,Negativo,#Mundial2026,202,1878,16,16,0.0792
705,293,14,30,3,17,Positivo,#VamosSeleccion,114,999,14,3,0.1228
706,354,9,20,4,7,Neutro,#Mundial2026,849,10081,92,56,0.1084
707,170,4,9,2,16,Neutro,#DiaDePartido,186,1623,10,12,0.0538
708,237,4,10,1,15,Negativo,#FutbolTotal,436,4806,73,18,0.1674
709,33,7,16,3,6,Positivo,#Mundial2026,29,235,3,5,0.1034
710,201,5,12,4,4,Positivo,#FutbolTotal,905,8318,211,79,0.2331
711,118,1,1,1,15,Positivo,#FanaticoDelFutbol,529,4473,43,48,0.0813
712,194,15,31,4,3,Neutro,#RumboAlMundial,158,2345,27,10,0.1709
713,21,15,31,2,20,Positivo,#DiaDePartido,115,1535,25,9,0.2174
714,134,10,21,1,13,Positivo,#Mundial2026,71,614,11,1,0.1549
715,337,10,22,1,9,Positivo,#Mundial2026,62,865,12,2,0.1935
716,116,8,17,2,14,Positivo,#FanaticoDelFutbol,209,2370,14,20,0.067
717,239,12,26,5,19,Negativo,#VamosSeleccion,101,1029,22,3,0.2178
718,32,4,10,1,16,Positivo,#DiaDePartido,28,322,3,1,0.1071
719,300,15,31,2,20,Negativo,#GoleoElEquipo,245,3102,47,5,0.1918
720,21,1,3,2,1,Positivo,#Mundial2026,403,5529,31,41,0.0769
721,190,1,3,4,1,Neutro,#Mundial2026,199,1860,25,12,0.1256
722,26,7,15,4,5,Positivo,#Campeones,109,1565,7,10,0.0642
723,41,1,3,2,1,Neutro,#FanaticoDelFutbol,101,1498,15,14,0.1485
724,322,7,16,2,5,Positivo,#FanaticoDelFutbol,34,464,2,2,0.0588
725,260,5,11,2,9,Neutro,#VamosSeleccion,64,914,9,1,0.1406
726,343,11,24,2,11,Negativo,#FutbolTotal,681,9488,156,112,0.2291
727,110,4,9,3,15,Neutro,#VamosSeleccion,166,1946,8,14,0.0482
728,93,11,23,2,10,Neutro,#RumboAlMundial,54,442,6,9,0.1111
729,352,7,16,4,8,Positivo,#VamosSeleccion,953,7626,115,32,0.1207
730,343,10,22,5,12,Positivo,#Campeones,203,2254,31,9,0.1527
731,108,2,6,5,1,Positivo,#FutbolTotal,711,6088,144,76,0.2025
732,37,1,1,2,1,Negativo,#GoleoElEquipo,248,3003,20,28,0.0806
733,160,13,27,1,8,Positivo,#DiaDePartido,446,4839,22,57,0.0493
734,61,1,3,2,18,Positivo,#DiaDePartido,42,369,7,4,0.1667
735,197,9,19,3,8,Negativo,#FutbolTotal,371,3588,77,57,0.2075
736,285,7,16,2,5,Positivo,#FutbolTotal,180,1878,12,26,0.0667
737,246,5,12,2,17,Positivo,#Mundial2026,2596,31282,504,316,0.1941
738,140,4,9,5,11,Neutro,#FutbolTotal,555,7132,58,82,0.1045
739,73,11,23,3,10,Positivo,#DiaDePartido,1467,19403,120,56,0.0818
740,251,2,6,4,11,Neutro,#Mundial2026,310,3231,48,43,0.1548
741,141,1,1,1,3,Positivo,#DiaDePartido,384,4105,62,58,0.1615
742,337,3,7,3,19,Positivo,#VamosSeleccion,773,7576,135,31,0.1746
743,266,7,15,3,2,Neutro,#Mundial2026,308,3561,21,44,0.0682
744,302,7,15,5,4,Positivo,#Mundial2026,373,3571,53,40,0.1421
745,298,5,12,1,17,Neutro,#FanaticoDelFutbol,327,3587,51,17,0.156
746,169,14,29,3,11,Neutro,#VamosSeleccion,112,1032,9,18,0.0804
747,266,12,25,1,12,Positivo,#Mundial2026,723,6301,129,91,0.1784
748,102,15,32,2,20,Positivo,#VamosSeleccion,213,1729,49,29,0.23
749,359,12,26,4,19,Positivo,#RumboAlMundial,415,4186,97,73,0.2337
750,10,10,22,2,6,Neutro,#Campeones,30,427,3,4,0.1
751,262,13,27,2,10,Positivo,#VamosSeleccion,259,2225,26,31,0.1004
752,22,5,11,1,9,Positivo,#RumboAlMundial,10,90,1,0,0.1
753,303,13,28,2,1,Negativo,#FanaticoDelFutbol,128,1210,17,6,0.1328
754,210,9,19,1,17,Neutro,#GoleoElEquipo,110,1378,25,7,0.2273
755,53,13,27,2,11,Positivo,#VamosSeleccion,40,435,3,4,0.075
756,260,5,11,1,18,Positivo,#FanaticoDelFutbol,174,1962,26,27,0.1494
757,21,4,9,3,15,Positivo,#VamosSeleccion,451,6607,62,70,0.1375
758,253,2,5,3,3,Neutro,#RumboAlMundial,338,3850,79,39,0.2337
759,266,4,10,1,15,Negativo,#FanaticoDelFutbol,454,4661,67,56,0.1476
760,133,12,26,1,15,Neutro,#GoleoElEquipo,613,6173,34,98,0.0555
761,223,7,16,1,5,Neutro,#Mundial2026,226,2630,27,35,0.1195
762,167,7,14,3,4,Positivo,#Mundial2026,199,2091,28,10,0.1407
763,176,11,23,5,14,Negativo,#FanaticoDelFutbol,2094,20576,162,346,0.0774
764,4,12,25,1,19,Neutro,#FanaticoDelFutbol,264,3780,46,30,0.1742
765,96,5,11,2,17,Neutro,#Campeones,315,4290,42,40,0.1333
766,22,11,23,4,10,Positivo,#FutbolTotal,17,147,4,2,0.2353
767,70,15,31,4,2,Positivo,#Mundial2026,142,1446,22,4,0.1549
768,76,4,10,1,17,Positivo,#RumboAlMundial,272,2552,32,28,0.1176
769,122,9,20,1,8,Neutro,#FanaticoDelFutbol,52,721,10,4,0.1923
770,204,5,12,2,10,Neutro,#Mundial2026,266,3026,45,42,0.1692
771,216,12,25,3,18,Neutro,#Mundial2026,184,1525,23,27,0.125
772,156,1,3,1,3,Positivo,#FutbolTotal,475,4342,79,34,0.1663
773,53,5,11,4,10,Neutro,#Mundial2026,241,3138,15,15,0.0622
774,278,1,2,1,1,Positivo,#GoleoElEquipo,74,618,5,10,0.0676
775,281,9,19,3,20,Positivo,#VamosSeleccion,76,1048,4,12,0.0526
776,315,4,9,2,1,Neutro,#Mundial2026,197,2501,16,35,0.0812
777,180,5,11,4,18,Negativo,#RumboAlMundial,472,6946,75,26,0.1589
778,102,9,19,1,7,Neutro,#GoleoElEquipo,762,11256,150,129,0.1969
779,266,1,1,2,2,Negativo,#GoleoElEquipo,35,377,8,2,0.2286
780,273,5,12,2,3,Neutro,#RumboAlMundial,542,6979,64,78,0.1181
781,113,10,22,4,15,Neutro,#GoleoElEquipo,220,2273,25,9,0.1136
782,217,4,10,5,16,Positivo,#RumboAlMundial,694,9157,119,45,0.1715
783,147,13,27,2,9,Positivo,#RumboAlMundial,277,3069,25,7,0.0903
784,290,1,3,2,1,Positivo,#Mundial2026,53,725,3,4,0.0566
785,336,5,11,5,16,Negativo,#RumboAlMundial,496,4143,57,60,0.1149
786,282,8,17,2,20,Neutro,#RumboAlMundial,327,4545,74,19,0.2263
787,190,4,10,4,4,Negativo,#FanaticoDelFutbol,54,797,4,9,0.0741
788,150,13,28,5,6,Positivo,#RumboAlMundial,60,776,4,9,0.0667
789,64,7,15,3,5,Positivo,#Mundial2026,476,6784,95,55,0.1996
790,204,9,19,2,7,Positivo,#FutbolTotal,244,2967,45,29,0.1844
791,12,4,9,1,15,Neutro,#RumboAlMundial,556,6219,97,69,0.1745
792,119,7,15,1,5,Positivo,#FutbolTotal,331,4133,28,33,0.0846
793,181,12,25,1,19,Negativo,#FutbolTotal,94,1148,9,16,0.0957
794,197,9,19,3,7,Negativo,#VamosSeleccion,68,657,15,5,0.2206
795,79,1,1,1,2,Neutro,#DiaDePartido,1625,15854,224,108,0.1378
796,124,7,15,5,18,Neutro,#VamosSeleccion,84,1064,9,2,0.1071
797,7,4,9,2,19,Positivo,#Mundial2026,310,3059,42,52,0.1355
798,143,6,13,2,2,Positivo,#VamosSeleccion,544,7891,43,90,0.079
799,159,1,3,1,2,Negativo,#Mundial2026,327,2676,45,43,0.1376
800,106,5,11,5,17,Negativo,#VamosSeleccion,174,1926,14,23,0.0805
801,223,14,29,5,3,Positivo,#DiaDePartido,227,1936,45,12,0.1982
802,153,8,17,3,5,Negativo,#GoleoElEquipo,253,3680,16,37,0.0632
803,157,2,5,4,11,Positivo,#VamosSeleccion,115,1709,23,18,0.2
804,211,11,23,4,17,Neutro,#VamosSeleccion,40,497,5,1,0.125
805,49,1,3,4,1,Neutro,#VamosSeleccion,251,3355,59,41,0.2351
806,84,7,14,4,6,Positivo,#Mundial2026,17,162,3,1,0.1765
807,258,4,10,4,1,Positivo,#FutbolTotal,256,2555,62,24,0.2422
808,120,5,11,4,17,Negativo,#RumboAlMundial,253,3465,22,28,0.087
809,230,11,23,4,11,Positivo,#GoleoElEquipo,2858,24391,363,505,0.127
810,104,9,19,5,9,Positivo,#RumboAlMundial,191,2733,15,30,0.0785
811,113,1,2,5,1,Neutro,#Mundial2026,175,2288,35,13,0.2
812,266,14,29,5,20,Negativo,#RumboAlMundial,224,2910,44,25,0.1964
813,190,5,11,2,17,Positivo,#FutbolTotal,52,709,6,5,0.1154
814,210,4,9,5,16,Neutro,#FanaticoDelFutbol,432,5272,102,27,0.2361
815,314,9,20,2,13,Neutro,#FutbolTotal,139,1349,16,5,0.1151
816,276,10,22,1,13,Negativo,#Campeones,191,2210,33,22,0.1728
817,290,4,10,5,16,Positivo,#DiaDePartido,328,4527,16,39,0.0488
818,125,6,13,1,6,Positivo,#FanaticoDelFutbol,140,1728,7,7,0.05
819,274,9,19,5,19,Positivo,#RumboAlMundial,91,1053,8,5,0.0879
820,142,3,7,2,10,Positivo,#FutbolTotal,43,528,5,6,0.1163
821,78,5,12,2,17,Positivo,#Campeones,476,4741,95,42,0.1996
822,321,8,17,5,14,Negativo,#Mundial2026,989,9555,78,157,0.0789
823,225,8,17,1,11,Neutro,#FutbolTotal,53,705,8,3,0.1509
824,231,5,12,1,17,Positivo,#FutbolTotal,125,1042,16,12,0.128
825,259,2,6,5,7,Neutro,#GoleoElEquipo,98,1429,21,11,0.2143
826,183,4,10,3,15,Neutro,#RumboAlMundial,223,3205,54,15,0.2422
827,84,15,31,2,5,Neutro,#Mundial2026,197,2939,11,20,0.0558
828,133,4,10,4,16,Positivo,#DiaDePartido,178,2623,10,8,0.0562
829,99,1,3,1,5,Positivo,#RumboAlMundial,543,5674,110,34,0.2026
830,253,6,13,3,2,Positivo,#RumboAlMundial,95,942,8,2,0.0842
831,67,9,20,2,5,Neutro,#VamosSeleccion,1327,11496,123,89,0.0927
832,244,5,11,1,17,Positivo,#Campeones,1103,12140,263,115,0.2384
833,330,10,21,2,12,Neutro,#VamosSeleccion,125,1469,7,11,0.056
834,84,4,9,2,16,Negativo,#VamosSeleccion,438,4274,32,43,0.0731
835,148,9,20,1,10,Positivo,#GoleoElEquipo,441,6076,86,26,0.195
836,103,7,16,2,5,Positivo,#Campeones,31,409,3,5,0.0968
837,314,2,4,5,18,Positivo,#VamosSeleccion,218,2443,21,38,0.0963
838,125,4,9,2,15,Neutro,#VamosSeleccion,324,2842,23,37,0.071
839,272,15,32,1,20,Neutro,#DiaDePartido,289,3736,16,19,0.0554
840,97,9,19,1,7,Neutro,#RumboAlMundial,270,3245,32,15,0.1185
841,42,6,13,4,9,Positivo,#Campeones,546,7799,56,49,0.1026
842,258,7,14,2,5,Positivo,#FutbolTotal,43,425,9,2,0.2093
843,75,15,32,4,11,Positivo,#GoleoElEquipo,85,819,17,5,0.2
844,9,9,20,5,8,Negativo,#Mundial2026,219,1793,30,38,0.137
845,266,1,2,3,3,Positivo,#FutbolTotal,23,216,4,2,0.1739
846,4,5,11,2,6,Positivo,#VamosSeleccion,3444,41412,326,402,0.0947
847,95,5,11,1,11,Negativo,#VamosSeleccion,610,8151,141,97,0.2311
848,47,11,23,2,10,Positivo,#VamosSeleccion,121,1286,9,13,0.0744
849,354,5,12,1,6,Neutro,#Campeones,603,5493,117,27,0.194
850,25,7,14,1,4,Positivo,#FutbolTotal,715,5748,101,82,0.1413
851,349,10,21,3,13,Positivo,#FutbolTotal,365,3523,90,23,0.2466
852,247,4,9,4,15,Positivo,#FutbolTotal,187,2443,45,28,0.2406
853,194,1,2,2,17,Positivo,#Mundial2026,23,323,3,2,0.1304
854,151,4,10,1,3,Negativo,#VamosSeleccion,360,5200,43,61,0.1194
855,20,13,28,5,6,Positivo,#Campeones,208,2294,27,31,0.1298
856,301,4,9,2,16,Positivo,#FutbolTotal,92,1111,21,13,0.2283
857,43,3,8,2,7,Neutro,#Mundial2026,567,7565,137,32,0.2416
858,117,12,26,4,19,Neutro,#Mundial2026,43,494,5,2,0.1163
859,218,13,28,2,7,Neutro,#FanaticoDelFutbol,299,4308,66,29,0.2207
860,221,1,1,5,2,Neutro,#GoleoElEquipo,121,1186,9,17,0.0744
861,172,1,2,1,3,Neutro,#GoleoElEquipo,240,3090,46,21,0.1917
862,15,15,32,4,2,Positivo,#VamosSeleccion,234,3174,18,38,0.0769
863,111,7,16,2,6,Negativo,#FanaticoDelFutbol,144,1899,16,9,0.1111
864,197,5,11,2,17,Neutro,#Mundial2026,1067,15335,85,127,0.0797
865,255,1,2,5,8,Neutro,#FanaticoDelFutbol,138,1204,19,2,0.1377
866,145,9,20,5,8,Neutro,#Mundial2026,1569,19231,120,225,0.0765
867,315,8,17,1,14,Negativo,#VamosSeleccion,198,2154,10,19,0.0505
868,171,5,11,2,17,Neutro,#GoleoElEquipo,34,394,4,4,0.1176
869,350,7,16,5,5,Positivo,#Campeones,54,704,7,5,0.1296
870,224,5,11,4,8,Negativo,#Mundial2026,791,10562,90,132,0.1138
871,336,3,7,1,16,Neutro,#VamosSeleccion,386,5582,65,66,0.1684
872,293,14,29,1,13,Positivo,#GoleoElEquipo,201,1958,20,16,0.0995
873,14,13,28,1,11,Neutro,#FutbolTotal,118,1608,25,13,0.2119
874,58,9,19,5,8,Negativo,#Mundial2026,113,1364,21,3,0.1858
875,364,7,14,2,9,Positivo,#GoleoElEquipo,231,2236,30,40,0.1299
876,137,5,12,5,17,Negativo,#FutbolTotal,14,113,1,2,0.0714
877,27,13,28,2,10,Positivo,#FanaticoDelFutbol,451,5959,110,60,0.2439
878,28,11,23,1,11,Positivo,#VamosSeleccion,256,2081,62,41,0.2422
879,218,7,14,1,13,Negativo,#GoleoElEquipo,121,1062,20,15,0.1653
880,355,1,1,5,10,Negativo,#GoleoElEquipo,824,8536,172,23,0.2087
881,167,3,7,1,20,Positivo,#Mundial2026,110,1126,7,15,0.0636
882,272,7,15,1,6,Positivo,#Mundial2026,196,1965,24,5,0.1224
883,233,7,15,5,4,Negativo,#FutbolTotal,167,1376,36,5,0.2156
884,217,2,6,5,6,Positivo,#Mundial2026,871,10075,126,26,0.1447
885,171,9,20,1,7,Negativo,#FutbolTotal,153,2130,37,9,0.2418
886,117,1,1,5,3,Positivo,#VamosSeleccion,121,1791,9,18,0.0744
887,167,15,31,5,20,Negativo,#DiaDePartido,64,771,7,10,0.1094
888,62,15,31,2,20,Neutro,#VamosSeleccion,79,716,18,4,0.2278
889,99,4,10,4,16,Negativo,#Mundial2026,83,1155,12,7,0.1446
890,162,7,14,4,7,Neutro,#VamosSeleccion,258,3655,40,8,0.155
891,54,15,31,1,13,Positivo,#FutbolTotal,775,7201,43,36,0.0555
892,74,4,10,2,2,Positivo,#FutbolTotal,289,3830,63,25,0.218
893,202,15,32,5,20,Negativo,#VamosSeleccion,126,1436,30,5,0.2381
894,85,9,19,1,9,Neutro,#DiaDePartido,139,1855,29,15,0.2086
895,111,9,20,5,20,Negativo,#FanaticoDelFutbol,291,2551,45,43,0.1546
896,190,5,12,1,18,Negativo,#DiaDePartido,1630,16934,258,171,0.1583
897,208,1,2,1,3,Negativo,#Campeones,104,1186,25,7,0.2404
898,304,3,7,3,5,Positivo,#FanaticoDelFutbol,502,5271,107,85,0.2131
899,43,3,7,1,3,Neutro,#FutbolTotal,45,423,5,6,0.1111
900,349,12,26,2,8,Negativo,#FutbolTotal,20,209,2,0,0.1
901,62,7,15,5,6,Positivo,#FutbolTotal,72,653,5,2,0.0694
902,48,2,6,1,19,Negativo,#GoleoElEquipo,138,1735,24,15,0.1739
903,13,4,9,2,11,Positivo,#DiaDePartido,917,11130,107,120,0.1167
904,159,5,12,1,18,Positivo,#DiaDePartido,90,738,16,11,0.1778
905,327,5,11,2,17,Negativo,#RumboAlMundial,245,3163,28,34,0.1143
906,291,13,28,4,4,Positivo,#Mundial2026,191,1828,14,25,0.0733
907,71,6,13,4,2,Positivo,#GoleoElEquipo,203,2936,29,34,0.1429
908,35,6,13,2,5,Positivo,#Campeones,319,4502,57,24,0.1787
909,336,2,5,2,15,Neutro,#FutbolTotal,301,2418,47,26,0.1561
910,48,4,9,2,13,Positivo,#VamosSeleccion,85,896,8,5,0.0941
911,55,1,2,3,18,Negativo,#VamosSeleccion,233,3048,46,24,0.1974
912,29,14,30,2,16,Neutro,#GoleoElEquipo,798,6989,62,68,0.0777
913,232,14,29,2,18,Neutro,#FutbolTotal,19,187,2,2,0.1053
914,181,7,16,1,6,Positivo,#Campeones,335,4453,65,52,0.194
915,33,1,3,2,3,Neutro,#RumboAlMundial,225,2063,16,19,0.0711
916,120,5,11,2,18,Positivo,#FutbolTotal,119,1416,7,15,0.0588
917,155,9,20,1,19,Positivo,#RumboAlMundial,1482,15653,113,179,0.0762
918,358,9,19,4,8,Neutro,#Mundial2026,35,305,6,4,0.1714
919,110,2,6,5,14,Negativo,#VamosSeleccion,82,1196,14,9,0.1707
920,74,9,19,2,10,Positivo,#FutbolTotal,427,5452,59,13,0.1382
921,144,1,1,1,15,Negativo,#FutbolTotal,22,255,2,0,0.0909
922,294,6,13,1,12,Positivo,#GoleoElEquipo,240,2656,15,38,0.0625
923,343,11,23,1,11,Neutro,#FutbolTotal,93,820,17,16,0.1828
924,264,6,13,2,20,Positivo,#VamosSeleccion,551,5272,42,28,0.0762
925,160,7,14,4,6,Negativo,#DiaDePartido,42,504,3,7,0.0714
926,64,1,2,3,6,Negativo,#FanaticoDelFutbol,358,4973,39,46,0.1089
927,301,9,19,4,9,Negativo,#GoleoElEquipo,427,5389,87,21,0.2037
928,25,4,10,4,16,Positivo,#GoleoElEquipo,381,4418,54,49,0.1417
929,236,1,3,2,2,Negativo,#GoleoElEquipo,109,1037,18,5,0.1651
930,149,1,2,5,13,Negativo,#Mundial2026,427,3548,53,25,0.1241
931,279,4,10,1,16,Negativo,#DiaDePartido,70,915,15,3,0.2143
932,350,1,3,1,3,Positivo,#Campeones,415,3991,89,37,0.2145
933,239,13,27,3,7,Neutro,#Mundial2026,313,2954,16,39,0.0511
934,33,4,10,5,16,Positivo,#DiaDePartido,121,1261,24,10,0.1983
935,325,7,15,3,4,Positivo,#FanaticoDelFutbol,249,3714,62,26,0.249
936,302,9,19,3,13,Positivo,#VamosSeleccion,204,2410,34,36,0.1667
937,165,8,18,5,2,Neutro,#FutbolTotal,94,1107,6,15,0.0638
938,99,4,10,1,16,Negativo,#Mundial2026,35,325,2,2,0.0571
939,221,11,23,4,7,Positivo,#GoleoElEquipo,240,2307,37,30,0.1542
940,267,13,27,1,14,Positivo,#Mundial2026,94,782,20,10,0.2128
941,213,13,27,2,3,Neutro,#FutbolTotal,45,661,5,2,0.1111
942,239,14,30,4,8,Neutro,#GoleoElEquipo,489,4562,82,81,0.1677
943,106,9,19,5,8,Neutro,#Mundial2026,191,2118,40,28,0.2094
944,56,11,24,1,20,Positivo,#GoleoElEquipo,545,6984,122,17,0.2239
945,350,5,12,3,7,Positivo,#FutbolTotal,401,4372,69,25,0.1721
946,21,4,9,2,3,Negativo,#VamosSeleccion,67,947,9,3,0.1343
947,225,2,6,1,6,Negativo,#GoleoElEquipo,638,9531,87,38,0.1364
948,232,4,10,2,15,Neutro,#FutbolTotal,190,2255,39,18,0.2053
949,360,7,14,4,4,Neutro,#Mundial2026,81,1113,7,12,0.0864
950,91,7,15,1,4,Neutro,#VamosSeleccion,43,451,2,3,0.0465
951,82,2,5,1,12,Neutro,#FanaticoDelFutbol,250,3569,32,34,0.128
952,242,9,19,2,7,Positivo,#RumboAlMundial,59,510,10,5,0.1695
953,191,4,9,5,16,Negativo,#Mundial2026,566,8320,93,81,0.1643
954,15,6,13,4,20,Positivo,#RumboAlMundial,293,2797,56,47,0.1911
955,295,13,27,5,15,Negativo,#FutbolTotal,30,396,2,3,0.0667
956,232,2,5,5,9,Negativo,#GoleoElEquipo,426,3787,42,50,0.0986
957,336,7,15,4,5,Positivo,#FanaticoDelFutbol,1556,17439,192,82,0.1234
958,239,4,9,2,15,Positivo,#FutbolTotal,38,436,8,5,0.2105
959,312,8,17,4,12,Neutro,#RumboAlMundial,265,2805,43,35,0.1623
960,212,7,15,2,5,Positivo,#GoleoElEquipo,523,4998,121,41,0.2314
961,298,1,1,3,1,Negativo,#VamosSeleccion,1200,15178,161,159,0.1342
962,169,9,20,2,16,Neutro,#FanaticoDelFutbol,79,700,17,8,0.2152
963,176,9,19,5,18,Positivo,#GoleoElEquipo,22,282,3,2,0.1364
964,245,14,30,5,8,Positivo,#Campeones,113,1115,12,18,0.1062
965,183,1,3,1,5,Negativo,#Mundial2026,412,4796,96,24,0.233
966,122,4,10,4,14,Negativo,#Mundial2026,166,1532,26,11,0.1566
967,51,3,7,2,2,Neutro,#DiaDePartido,417,5205,49,29,0.1175
968,317,7,16,1,6,Positivo,#Mundial2026,79,1010,8,9,0.1013
969,172,4,9,1,1,Positivo,#DiaDePartido,296,3899,69,18,0.2331
970,58,4,9,2,16,Negativo,#FutbolTotal,205,2887,47,33,0.2293
971,294,5,11,5,17,Positivo,#GoleoElEquipo,20,285,2,2,0.1
972,49,5,11,4,18,Positivo,#DiaDePartido,220,3080,11,29,0.05
973,318,7,16,3,6,Negativo,#VamosSeleccion,183,2091,40,27,0.2186
974,105,1,3,1,3,Neutro,#Mundial2026,58,787,12,1,0.2069
975,301,5,11,1,18,Positivo,#Mundial2026,235,2750,50,21,0.2128
976,202,4,10,5,18,Neutro,#RumboAlMundial,1007,11280,213,121,0.2115
977,228,6,13,2,2,Positivo,#DiaDePartido,290,3850,70,49,0.2414
978,255,9,19,1,2,Positivo,#VamosSeleccion,1531,12998,332,248,0.2169
979,176,5,12,3,17,Neutro,#VamosSeleccion,141,1491,7,10,0.0496
980,147,13,28,1,2,Negativo,#DiaDePartido,51,637,4,2,0.0784
981,358,1,3,4,3,Positivo,#Mundial2026,977,13640,121,29,0.1238
982,109,9,20,3,7,Neutro,#GoleoElEquipo,87,706,9,2,0.1034
983,259,7,16,1,6,Negativo,#RumboAlMundial,104,1260,6,16,0.0577
984,350,5,12,1,18,Negativo,#Mundial2026,296,2586,34,17,0.1149
985,59,15,32,5,20,Neutro,#VamosSeleccion,110,1472,23,15,0.2091
986,334,6,13,2,18,Positivo,#Mundial2026,141,1725,19,14,0.1348
987,110,8,18,1,14,Neutro,#GoleoElEquipo,255,2286,52,5,0.2039
988,332,9,19,4,8,Positivo,#FutbolTotal,282,3121,64,23,0.227
989,200,3,8,2,17,Neutro,#Mundial2026,202,2212,17,11,0.0842
990,14,14,30,1,1,Negativo,#FutbolTotal,164,2152,25,14,0.1524
991,7,10,21,2,12,Positivo,#Mundial2026,211,3152,15,28,0.0711
992,318,4,10,2,15,Neutro,#FanaticoDelFutbol,668,7963,164,91,0.2455
993,218,3,8,1,14,Negativo,#FutbolTotal,315,2829,30,13,0.0952
994,253,3,8,2,3,Neutro,#VamosSeleccion,510,6791,61,80,0.1196
995,77,4,10,2,7,Positivo,#Mundial2026,1123,16563,104,34,0.0926
996,235,8,18,2,9,Positivo,#Mundial2026,169,2407,29,23,0.1716
997,259,4,9,1,16,Negativo,#GoleoElEquipo,148,1889,33,25,0.223
998,238,1,3,5,14,Neutro,#GoleoElEquipo,129,1138,21,4,0.1628
999,293,8,18,1,14,Positivo,#FanaticoDelFutbol,69,692,14,9,0.2029
1000,63,1,1,3,2,Negativo,#VamosSeleccion,894,8543,65,70,0.0727
1001,280,4,10,4,15,Positivo,#Mundial2026,54,560,3,5,0.0556
1002,346,12,25,2,8,Positivo,#VamosSeleccion,777,10876,57,81,0.0734
1003,355,5,11,1,18,Neutro,#Mundial2026,439,6467,81,30,0.1845
1004,76,4,10,2,16,Negativo,#DiaDePartido,43,491,7,6,0.1628
1005,245,4,10,5,15,Positivo,#VamosSeleccion,201,2208,14,18,0.0697
1006,14,13,28,5,17,Negativo,#VamosSeleccion,226,3063,39,28,0.1726
1007,23,4,9,5,16,Positivo,#FanaticoDelFutbol,105,969,24,8,0.2286
1008,37,4,9,5,15,Neutro,#Mundial2026,196,1964,26,34,0.1327
1009,264,8,17,2,14,Neutro,#RumboAlMundial,1214,11468,84,206,0.0692
1010,274,5,12,2,8,Positivo,#VamosSeleccion,712,10412,68,48,0.0955
1011,34,7,14,5,18,Positivo,#Campeones,47,646,4,2,0.0851
1012,196,5,11,5,19,Positivo,#Campeones,204,1898,23,14,0.1127
1013,106,11,24,1,11,Positivo,#VamosSeleccion,1044,9922,212,95,0.2031
1014,307,7,16,2,5,Positivo,#VamosSeleccion,29,406,5,0,0.1724
1015,298,3,7,2,9,Positivo,#VamosSeleccion,1051,11396,108,140,0.1028
1016,52,5,11,2,17,Positivo,#Mundial2026,58,545,12,2,0.2069
1017,361,14,29,2,9,Neutro,#Mundial2026,11,160,2,1,0.1818
1018,147,8,18,2,14,Positivo,#Mundial2026,934,9828,208,110,0.2227
1019,171,3,7,1,4,Neutro,#RumboAlMundial,510,6050,61,87,0.1196
1020,80,7,14,1,2,Positivo,#Mundial2026,65,688,9,1,0.1385
1021,139,9,19,4,7,Neutro,#FutbolTotal,1406,16890,93,244,0.0661
1022,361,1,1,5,15,Negativo,#GoleoElEquipo,124,1848,24,20,0.1935
1023,319,3,7,5,17,Positivo,#Mundial2026,120,1344,15,20,0.125
1024,40,1,2,4,2,Neutro,#VamosSeleccion,222,2179,24,7,0.1081
1025,34,15,31,2,20,Positivo,#GoleoElEquipo,184,2603,37,15,0.2011
1026,119,3,7,1,4,Positivo,#FanaticoDelFutbol,1072,9611,151,49,0.1409
1027,171,2,6,1,12,Negativo,#Mundial2026,664,9086,120,52,0.1807
1028,337,7,15,2,4,Positivo,#GoleoElEquipo,109,953,24,9,0.2202
1029,255,1,2,1,2,Negativo,#RumboAlMundial,185,2312,34,13,0.1838
1030,225,1,3,3,2,Neutro,#RumboAlMundial,317,3204,68,38,0.2145
1031,315,12,25,2,19,Negativo,#FanaticoDelFutbol,133,1113,31,23,0.2331
1032,10,12,25,5,19,Positivo,#Campeones,131,1856,23,20,0.1756
1033,189,5,11,1,8,Positivo,#VamosSeleccion,613,8406,112,73,0.1827
1034,117,9,20,3,7,Negativo,#Mundial2026,427,5054,29,72,0.0679
1035,308,3,8,4,3,Negativo,#VamosSeleccion,154,1296,22,5,0.1429
1036,109,13,28,1,4,Negativo,#DiaDePartido,264,3256,65,31,0.2462
1037,165,9,19,5,2,Neutro,#DiaDePartido,162,2214,24,6,0.1481
1038,35,13,27,1,11,Neutro,#RumboAlMundial,77,816,9,2,0.1169
1039,242,7,16,4,5,Negativo,#Mundial2026,52,525,9,1,0.1731
1040,15,6,13,2,4,Neutro,#Mundial2026,133,1304,16,7,0.1203
1041,80,4,9,1,16,Positivo,#GoleoElEquipo,127,1815,7,7,0.0551
1042,274,9,19,5,8,Negativo,#FutbolTotal,765,10090,148,17,0.1935
1043,100,1,3,2,9,Neutro,#GoleoElEquipo,499,6418,121,58,0.2425
1044,299,9,20,5,8,Neutro,#Campeones,2613,26815,583,290,0.2231
1045,63,13,27,1,7,Neutro,#Campeones,359,3130,20,56,0.0557
1046,29,7,14,1,14,Positivo,#Mundial2026,253,3172,32,7,0.1265
1047,102,9,20,5,17,Negativo,#VamosSeleccion,700,8533,39,49,0.0557
1048,287,3,8,2,20,Neutro,#FanaticoDelFutbol,276,2453,19,18,0.0688
1049,44,4,10,4,16,Positivo,#Campeones,92,906,8,14,0.087
1050,148,5,11,3,3,Neutro,#GoleoElEquipo,30,434,1,3,0.0333
1051,239,4,9,5,15,Negativo,#Campeones,675,5534,35,52,0.0519
1052,160,9,19,1,9,Neutro,#GoleoElEquipo,271,3975,35,46,0.1292
1053,336,9,19,1,9,Negativo,#Mundial2026,183,2714,10,29,0.0546
1054,308,1,1,5,1,Neutro,#VamosSeleccion,376,4203,85,61,0.2261
1055,160,9,19,5,8,Positivo,#FutbolTotal,815,6758,202,86,0.2479
1056,317,7,16,5,15,Neutro,#VamosSeleccion,91,763,15,13,0.1648
1057,218,8,17,3,5,Negativo,#VamosSeleccion,357,4995,68,42,0.1905
1058,141,9,20,1,9,Positivo,#VamosSeleccion,26,264,2,2,0.0769
1059,309,1,1,1,2,Neutro,#FutbolTotal,36,454,5,2,0.1389
1060,287,7,14,1,5,Negativo,#Mundial2026,1010,15029,130,90,0.1287
1061,199,1,3,2,13,Neutro,#RumboAlMundial,1686,18215,282,84,0.1673
1062,179,3,8,2,3,Positivo,#VamosSeleccion,395,3334,61,46,0.1544
1063,344,15,32,5,11,Neutro,#Mundial2026,160,2361,31,7,0.1938
1064,126,3,8,2,4,Negativo,#Mundial2026,88,810,13,12,0.1477
1065,236,14,29,1,1,Positivo,#Mundial2026,89,1056,13,11,0.1461
1066,79,1,1,4,1,Neutro,#Campeones,54,434,10,9,0.1852
1067,54,1,3,1,2,Positivo,#RumboAlMundial,31,395,7,4,0.2258
1068,266,5,12,2,17,Negativo,#RumboAlMundial,91,1334,12,3,0.1319
1069,201,7,14,1,6,Neutro,#RumboAlMundial,326,4285,43,31,0.1319
1070,109,5,11,1,9,Positivo,#FutbolTotal,54,560,3,1,0.0556
1071,52,11,23,3,10,Negativo,#RumboAlMundial,63,567,13,3,0.2063
1072,307,7,14,1,6,Positivo,#GoleoElEquipo,174,1654,41,15,0.2356
1073,120,8,17,1,5,Neutro,#RumboAlMundial,322,4342,45,18,0.1398
1074,204,9,20,3,2,Negativo,#Campeones,399,4658,57,71,0.1429
1075,118,4,9,2,5,Neutro,#GoleoElEquipo,1826,23245,222,215,0.1216
1076,64,9,19,2,9,Neutro,#Mundial2026,133,1123,12,13,0.0902
1077,118,1,3,2,13,Negativo,#VamosSeleccion,66,819,9,7,0.1364
1078,358,11,24,3,11,Neutro,#Mundial2026,2423,35842,416,207,0.1717
1079,252,4,10,2,19,Negativo,#RumboAlMundial,306,3474,72,21,0.2353
1080,35,7,14,5,8,Negativo,#Mundial2026,74,686,9,5,0.1216
1081,56,3,7,2,8,Positivo,#FutbolTotal,150,2038,18,18,0.12
1082,85,4,9,2,15,Positivo,#GoleoElEquipo,192,2071,22,17,0.1146
1083,77,1,3,4,1,Positivo,#FanaticoDelFutbol,158,2208,17,12,0.1076
1084,251,8,17,2,14,Negativo,#GoleoElEquipo,194,1684,16,22,0.0825
1085,229,12,25,5,19,Negativo,#FanaticoDelFutbol,595,7276,62,49,0.1042
1086,29,4,9,1,15,Negativo,#Mundial2026,396,3718,23,64,0.0581
1087,32,6,13,2,8,Negativo,#GoleoElEquipo,102,966,23,15,0.2255
1088,257,9,19,2,4,Positivo,#VamosSeleccion,240,2519,31,20,0.1292
1089,46,3,7,5,13,Neutro,#Mundial2026,45,657,3,4,0.0667
1090,124,7,15,2,1,Positivo,#DiaDePartido,266,2596,31,32,0.1165
1091,250,8,17,3,14,Positivo,#GoleoElEquipo,501,5987,94,74,0.1876
1092,195,9,20,1,17,Neutro,#RumboAlMundial,142,1924,12,11,0.0845
1093,6,4,10,5,15,Positivo,#GoleoElEquipo,10,107,1,0,0.1
1094,355,5,11,3,20,Neutro,#FutbolTotal,432,6196,40,54,0.0926
1095,68,3,8,2,5,Positivo,#DiaDePartido,159,1443,20,15,0.1258
1096,204,14,29,3,13,Neutro,#VamosSeleccion,172,1803,23,4,0.1337
1097,32,7,15,5,4,Neutro,#VamosSeleccion,917,13033,214,112,0.2334
1098,246,7,15,1,4,Positivo,#FanaticoDelFutbol,370,3173,35,62,0.0946
1099,135,12,25,2,19,Positivo,#GoleoElEquipo,1351,20134,154,228,0.114
1100,91,4,9,5,15,Neutro,#DiaDePartido,1452,21606,157,77,0.1081
1101,35,15,32,2,4,Negativo,#Mundial2026,28,396,3,0,0.1071
1102,150,15,32,1,20,Negativo,#GoleoElEquipo,70,624,15,4,0.2143
1103,92,1,2,2,2,Positivo,#GoleoElEquipo,1198,17548,157,176,0.1311
1104,98,4,10,3,16,Positivo,#FutbolTotal,15,126,3,1,0.2
1105,356,3,7,2,2,Neutro,#Mundial2026,363,4246,44,15,0.1212
1106,244,7,15,2,5,Positivo,#FutbolTotal,95,1375,18,12,0.1895
1107,345,7,14,5,4,Positivo,#Mundial2026,144,1556,7,14,0.0486
1108,317,4,9,2,5,Neutro,#Mundial2026,245,3158,27,16,0.1102
1109,293,1,3,1,12,Positivo,#RumboAlMundial,132,1178,21,22,0.1591
1110,337,8,17,2,14,Neutro,#DiaDePartido,70,971,10,2,0.1429
1111,147,11,24,5,10,Positivo,#GoleoElEquipo,25,287,2,1,0.08
1112,330,9,20,2,2,Negativo,#GoleoElEquipo,1529,19192,222,274,0.1452
1113,224,11,23,4,10,Positivo,#GoleoElEquipo,162,2016,36,23,0.2222
1114,281,11,24,1,11,Positivo,#RumboAlMundial,921,8021,230,97,0.2497
1115,304,7,15,4,6,Positivo,#Campeones,155,2112,32,13,0.2065
1116,346,4,9,1,10,Negativo,#GoleoElEquipo,67,790,8,3,0.1194
1117,249,1,3,3,2,Negativo,#Mundial2026,280,2635,39,34,0.1393
1118,210,5,11,1,17,Neutro,#FutbolTotal,378,5102,85,32,0.2249
1119,17,10,22,5,3,Positivo,#Mundial2026,230,2275,36,27,0.1565
1120,98,7,16,5,6,Neutro,#GoleoElEquipo,46,408,8,1,0.1739
1121,8,9,20,2,7,Neutro,#FutbolTotal,1050,13191,64,111,0.061
1122,356,1,3,1,3,Positivo,#FanaticoDelFutbol,441,4749,40,49,0.0907
1123,160,4,9,5,1,Neutro,#FutbolTotal,206,2156,12,14,0.0583
1124,176,14,30,5,10,Positivo,#FanaticoDelFutbol,73,752,15,10,0.2055
1125,348,7,14,1,13,Positivo,#RumboAlMundial,544,6485,102,49,0.1875
1126,252,9,20,2,9,Neutro,#FanaticoDelFutbol,536,5187,60,47,0.1119
1127,306,7,14,3,4,Neutro,#Campeones,332,3198,18,19,0.0542
1128,44,2,4,5,13,Positivo,#Mundial2026,297,4327,44,13,0.1481
1129,279,9,19,3,8,Negativo,#Mundial2026,564,5249,57,34,0.1011
1130,364,15,31,1,20,Positivo,#Mundial2026,92,1329,8,16,0.087
1131,57,2,6,2,17,Positivo,#DiaDePartido,788,9231,46,59,0.0584
1132,45,3,8,4,15,Positivo,#GoleoElEquipo,1334,14821,139,203,0.1042
1133,260,7,15,4,5,Negativo,#Mundial2026,700,8323,161,27,0.23
1134,154,3,8,3,11,Positivo,#FutbolTotal,305,2509,53,20,0.1738
1135,58,8,18,5,8,Positivo,#Mundial2026,43,494,2,4,0.0465
1136,146,13,28,2,11,Positivo,#FanaticoDelFutbol,450,5816,71,74,0.1578
1137,130,10,21,1,1,Positivo,#FutbolTotal,101,919,21,8,0.2079
1138,74,6,13,3,10,Negativo,#RumboAlMundial,241,2761,40,14,0.166
1139,204,9,19,1,9,Neutro,#GoleoElEquipo,573,4711,58,99,0.1012
1140,333,10,21,1,12,Neutro,#GoleoElEquipo,22,304,4,2,0.1818
1141,252,2,6,3,20,Positivo,#Mundial2026,161,2001,16,17,0.0994
1142,29,7,14,1,5,Negativo,#FanaticoDelFutbol,221,2471,43,8,0.1946
1143,220,14,30,4,8,Positivo,#FutbolTotal,1168,14963,224,58,0.1918
1144,215,5,12,5,17,Positivo,#GoleoElEquipo,396,5315,61,62,0.154
1145,350,9,20,5,8,Positivo,#GoleoElEquipo,535,4918,81,89,0.1514
1146,84,8,17,2,2,Positivo,#Campeones,844,12572,68,37,0.0806
1147,13,13,28,1,5,Negativo,#FutbolTotal,20,262,4,1,0.2
1148,39,14,29,1,9,Positivo,#DiaDePartido,304,3437,70,50,0.2303
1149,63,6,13,5,15,Neutro,#RumboAlMundial,225,3214,55,16,0.2444
1150,240,9,19,4,7,Neutro,#FutbolTotal,67,682,12,8,0.1791
1151,328,1,1,5,3,Positivo,#VamosSeleccion,39,489,4,1,0.1026
1152,67,15,32,5,10,Positivo,#GoleoElEquipo,282,3568,23,42,0.0816
1153,275,7,16,5,4,Positivo,#VamosSeleccion,106,1298,25,18,0.2358
1154,71,1,1,1,2,Positivo,#GoleoElEquipo,401,5724,88,66,0.2195
1155,98,5,11,1,17,Positivo,#FutbolTotal,102,1123,20,8,0.1961
1156,148,11,24,2,11,Positivo,#VamosSeleccion,98,956,19,12,0.1939
1157,10,1,1,2,3,Negativo,#Mundial2026,14,171,2,2,0.1429
1158,266,9,20,4,8,Neutro,#RumboAlMundial,123,1692,23,16,0.187
1159,292,7,16,5,6,Positivo,#Mundial2026,139,1460,25,3,0.1799
1160,35,7,14,3,4,Positivo,#FanaticoDelFutbol,219,1779,35,10,0.1598
1161,29,10,21,2,12,Neutro,#VamosSeleccion,98,787,14,6,0.1429
1162,296,1,1,5,4,Negativo,#GoleoElEquipo,64,784,5,4,0.0781
1163,254,11,23,1,10,Negativo,#FanaticoDelFutbol,89,975,5,4,0.0562
1164,163,10,21,2,12,Negativo,#Mundial2026,95,1229,23,5,0.2421
1165,200,5,11,3,17,Positivo,#GoleoElEquipo,110,1112,20,19,0.1818
1166,135,1,1,2,2,Positivo,#DiaDePartido,49,421,10,6,0.2041
1167,37,1,2,2,1,Negativo,#RumboAlMundial,323,3050,60,48,0.1858
1168,251,9,20,5,7,Positivo,#GoleoElEquipo,19,155,4,2,0.2105
1169,168,2,5,1,16,Neutro,#Mundial2026,85,815,5,13,0.0588
1170,275,7,15,2,4,Positivo,#VamosSeleccion,73,946,5,9,0.0685
1171,225,11,23,5,11,Positivo,#FanaticoDelFutbol,91,1350,12,11,0.1319
1172,210,4,10,3,15,Positivo,#DiaDePartido,219,2119,28,20,0.1279
1173,70,5,11,3,11,Negativo,#FutbolTotal,121,1164,25,11,0.2066
1174,83,15,31,1,5,Neutro,#VamosSeleccion,36,413,2,1,0.0556
1175,308,13,27,1,3,Positivo,#Campeones,233,2976,54,32,0.2318
1176,175,7,15,4,4,Positivo,#DiaDePartido,194,2498,22,25,0.1134
1177,197,1,2,4,1,Positivo,#FutbolTotal,23,320,4,3,0.1739
1178,225,7,14,4,7,Positivo,#Mundial2026,92,1082,11,9,0.1196
1179,10,7,14,5,8,Positivo,#Mundial2026,733,9651,178,38,0.2428
1180,189,4,9,5,15,Neutro,#Campeones,135,1471,25,6,0.1852
1181,229,7,15,4,5,Negativo,#VamosSeleccion,51,700,11,3,0.2157
1182,344,6,13,5,17,Neutro,#FutbolTotal,231,2761,41,5,0.1775
1183,149,1,1,3,2,Neutro,#Mundial2026,2177,19257,271,201,0.1245
1184,267,11,23,5,8,Negativo,#Campeones,63,872,11,7,0.1746
1185,90,9,20,5,9,Neutro,#RumboAlMundial,1574,17230,386,278,0.2452
1186,303,10,21,2,12,Neutro,#Mundial2026,666,9895,103,64,0.1547
1187,25,1,3,4,1,Negativo,#Mundial2026,191,2535,33,11,0.1728
1188,163,15,31,1,8,Neutro,#GoleoElEquipo,100,982,15,12,0.15
1189,343,3,8,1,18,Negativo,#RumboAlMundial,598,6946,127,31,0.2124
1190,309,1,1,1,2,Positivo,#Mundial2026,132,1075,11,8,0.0833
1191,115,1,2,4,3,Positivo,#FutbolTotal,31,456,6,3,0.1935
1192,211,1,3,2,1,Negativo,#DiaDePartido,3370,34229,451,526,0.1338
1193,335,15,32,4,1,Neutro,#Campeones,306,4454,65,39,0.2124
1194,22,7,16,2,1,Neutro,#Mundial2026,1213,15933,99,106,0.0816
1195,302,14,29,3,5,Positivo,#FutbolTotal,15,197,2,1,0.1333
1196,312,7,14,2,6,Neutro,#Mundial2026,264,3258,23,7,0.0871
1197,294,13,28,1,1,Positivo,#DiaDePartido,17,215,4,2,0.2353
1198,125,9,19,5,8,Neutro,#FutbolTotal,147,1409,13,18,0.0884
1199,267,1,1,5,1,Positivo,#FutbolTotal,29,367,4,0,0.1379
1200,196,5,11,3,1,Positivo,#FanaticoDelFutbol,173,1882,18,22,0.104
1201,68,12,26,2,19,Negativo,#Campeones,200,1963,37,19,0.185
1202,357,9,19,5,9,Negativo,#DiaDePartido,693,7800,40,30,0.0577
1203,134,13,28,1,17,Negativo,#RumboAlMundial,280,4138,56,34,0.2
1204,80,6,13,4,13,Negativo,#RumboAlMundial,128,1127,13,18,0.1016
1205,81,14,30,5,3,Neutro,#FutbolTotal,494,6626,83,85,0.168
1206,106,1,2,5,1,Neutro,#VamosSeleccion,432,4179,71,9,0.1644
1207,321,15,32,2,5,Positivo,#GoleoElEquipo,688,5984,140,67,0.2035
1208,192,14,30,1,16,Positivo,#DiaDePartido,265,2753,21,46,0.0792
1209,236,5,11,1,2,Neutro,#DiaDePartido,114,1422,14,10,0.1228
1210,139,4,10,4,12,Neutro,#FutbolTotal,295,2493,68,34,0.2305
1211,29,8,18,2,14,Positivo,#GoleoElEquipo,92,1315,9,3,0.0978
1212,284,7,16,4,4,Neutro,#GoleoElEquipo,49,441,10,3,0.2041
1213,210,1,3,3,2,Negativo,#DiaDePartido,54,768,8,1,0.1481
1214,196,1,1,4,1,Positivo,#FutbolTotal,139,1129,9,4,0.0647
1215,225,1,1,5,2,Neutro,#RumboAlMundial,101,1152,11,14,0.1089
1216,120,3,8,2,4,Negativo,#FutbolTotal,861,11221,76,62,0.0883
1217,363,15,32,5,20,Neutro,#Campeones,210,2894,46,26,0.219
1218,361,5,11,1,17,Positivo,#RumboAlMundial,761,8331,167,46,0.2194
1219,2,9,20,2,9,Positivo,#FutbolTotal,86,769,18,9,0.2093
1220,133,9,20,5,15,Negativo,#VamosSeleccion,498,5484,45,51,0.0904
1221,199,4,9,5,6,Positivo,#VamosSeleccion,956,9729,92,43,0.0962
1222,213,5,12,5,17,Negativo,#VamosSeleccion,338,3607,81,17,0.2396
1223,75,7,15,5,6,Positivo,#FanaticoDelFutbol,215,2979,31,30,0.1442
1224,212,8,17,3,14,Negativo,#Mundial2026,21,188,4,1,0.1905
1225,249,9,19,5,8,Positivo,#DiaDePartido,164,1700,22,5,0.1341
1226,135,4,10,2,13,Negativo,#RumboAlMundial,501,4541,79,17,0.1577
1227,252,5,12,1,13,Neutro,#VamosSeleccion,37,319,3,1,0.0811
1228,347,7,14,5,6,Positivo,#GoleoElEquipo,35,447,8,4,0.2286
1229,112,3,7,2,5,Neutro,#VamosSeleccion,239,2287,31,10,0.1297
1230,272,12,25,4,18,Positivo,#FutbolTotal,158,2050,27,12,0.1709
1231,248,2,4,1,10,Positivo,#FutbolTotal,146,1363,18,9,0.1233
1232,4,1,1,2,1,Negativo,#Campeones,661,6937,134,93,0.2027
1233,193,6,13,1,16,Positivo,#VamosSeleccion,91,1229,8,6,0.0879
1234,87,8,18,2,14,Negativo,#Mundial2026,44,641,4,1,0.0909
1235,121,12,25,3,19,Positivo,#Mundial2026,267,2635,42,13,0.1573
1236,301,5,12,1,18,Positivo,#FanaticoDelFutbol,358,4284,57,54,0.1592
1237,218,3,7,5,11,Positivo,#FanaticoDelFutbol,492,7288,55,64,0.1118
1238,217,14,30,5,18,Positivo,#Mundial2026,226,3227,27,5,0.1195
1239,146,5,12,2,9,Negativo,#RumboAlMundial,60,520,9,6,0.15
1240,123,1,2,5,1,Positivo,#FanaticoDelFutbol,415,5198,55,20,0.1325
1241,358,7,15,1,6,Negativo,#VamosSeleccion,525,5054,101,25,0.1924
1242,331,9,19,1,9,Negativo,#VamosSeleccion,103,1139,6,7,0.0583
1243,180,2,5,2,15,Neutro,#FanaticoDelFutbol,119,1741,25,19,0.2101
1244,329,7,16,5,6,Positivo,#FutbolTotal,83,1091,19,13,0.2289
1245,106,6,13,2,10,Negativo,#FanaticoDelFutbol,506,6330,113,25,0.2233
1246,52,10,22,2,1,Negativo,#FanaticoDelFutbol,241,3345,31,14,0.1286
1247,231,14,30,1,15,Positivo,#FutbolTotal,88,1267,12,4,0.1364
1248,343,3,7,1,2,Positivo,#GoleoElEquipo,28,346,2,3,0.0714
1249,251,4,9,1,15,Neutro,#DiaDePartido,346,3934,40,22,0.1156
1250,78,9,20,5,6,Positivo,#Mundial2026,147,1543,30,7,0.2041
1251,251,15,31,1,20,Neutro,#DiaDePartido,171,2071,28,29,0.1637
1252,136,9,20,4,7,Neutro,#Mundial2026,454,3865,65,41,0.1432
1253,85,3,7,1,17,Positivo,#RumboAlMundial,70,602,6,2,0.0857
1254,134,5,12,5,4,Neutro,#DiaDePartido,77,634,13,3,0.1688
1255,364,1,2,1,2,Positivo,#FanaticoDelFutbol,500,6385,35,85,0.07
1256,196,7,15,2,6,Neutro,#Mundial2026,152,1489,27,5,0.1776
1257,148,8,18,5,14,Positivo,#VamosSeleccion,2144,28328,274,320,0.1278
1258,362,5,11,2,18,Positivo,#Mundial2026,843,8994,109,64,0.1293
1259,146,1,3,3,5,Positivo,#FanaticoDelFutbol,307,4036,17,21,0.0554
1260,348,7,16,4,4,Positivo,#VamosSeleccion,248,2643,45,44,0.1815
1261,202,9,20,5,12,Positivo,#Mundial2026,310,3345,66,30,0.2129
1262,129,5,11,1,17,Positivo,#VamosSeleccion,70,662,12,8,0.1714
1263,294,9,20,5,7,Positivo,#FutbolTotal,486,4299,105,57,0.216
1264,204,13,28,1,2,Positivo,#FutbolTotal,1597,19042,312,88,0.1954
1265,160,10,21,5,13,Negativo,#VamosSeleccion,418,3876,55,67,0.1316
1266,161,3,7,3,5,Neutro,#Mundial2026,45,395,8,4,0.1778
1267,202,9,20,3,7,Positivo,#VamosSeleccion,480,4434,28,81,0.0583
1268,92,6,13,5,9,Neutro,#VamosSeleccion,209,2882,33,36,0.1579
1269,232,9,19,5,2,Neutro,#FutbolTotal,359,4051,45,17,0.1253
1270,78,1,2,4,3,Positivo,#FutbolTotal,1039,12756,52,54,0.05
1271,50,4,9,3,15,Neutro,#Mundial2026,214,2267,28,20,0.1308
1272,346,8,18,2,14,Neutro,#FutbolTotal,53,505,3,1,0.0566
1273,309,3,8,1,6,Positivo,#Mundial2026,1209,13735,120,143,0.0993
1274,28,1,2,1,2,Positivo,#Mundial2026,360,3226,46,29,0.1278
1275,351,5,11,1,18,Positivo,#VamosSeleccion,183,2017,22,30,0.1202
1276,61,4,10,5,16,Positivo,#GoleoElEquipo,516,5887,30,55,0.0581
1277,225,14,30,1,3,Positivo,#VamosSeleccion,56,489,4,5,0.0714
1278,156,15,32,5,20,Negativo,#FanaticoDelFutbol,448,4875,109,48,0.2433
1279,107,9,20,1,8,Neutro,#Mundial2026,83,1049,10,9,0.1205
1280,349,15,32,4,20,Positivo,#RumboAlMundial,85,715,8,11,0.0941
1281,344,8,18,1,14,Negativo,#Mundial2026,782,9513,41,28,0.0524
1282,321,7,15,3,5,Negativo,#GoleoElEquipo,329,3624,16,14,0.0486
1283,17,7,15,1,6,Neutro,#RumboAlMundial,250,2776,15,14,0.06
1284,161,6,13,2,14,Negativo,#FutbolTotal,150,2045,35,8,0.2333
1285,314,9,20,1,9,Negativo,#VamosSeleccion,92,1265,10,14,0.1087
1286,137,5,11,2,8,Neutro,#DiaDePartido,221,2523,11,7,0.0498
1287,290,1,2,1,3,Positivo,#Mundial2026,62,690,9,10,0.1452
1288,178,5,12,5,14,Positivo,#DiaDePartido,546,6686,119,62,0.2179
1289,40,4,10,2,16,Neutro,#VamosSeleccion,52,603,3,7,0.0577
1290,92,8,18,2,14,Negativo,#Campeones,131,1377,14,14,0.1069
1291,351,15,31,2,4,Negativo,#DiaDePartido,398,5831,26,17,0.0653
1292,127,4,10,3,17,Neutro,#RumboAlMundial,163,1889,12,18,0.0736
1293,217,2,6,1,13,Negativo,#FanaticoDelFutbol,86,1240,14,15,0.1628
1294,61,15,31,1,20,Neutro,#VamosSeleccion,238,3071,46,37,0.1933
1295,120,9,19,2,8,Neutro,#FutbolTotal,440,4344,27,51,0.0614
1296,8,2,5,1,20,Positivo,#FutbolTotal,66,601,4,10,0.0606
1297,95,13,27,4,15,Neutro,#DiaDePartido,439,5476,55,41,0.1253
1298,126,7,16,5,5,Neutro,#Mundial2026,121,1075,14,11,0.1157
1299,339,9,19,1,9,Neutro,#Campeones,286,3860,15,23,0.0524
1300,222,9,20,5,7,Positivo,#VamosSeleccion,178,2249,24,22,0.1348
1301,286,1,3,2,12,Positivo,#Campeones,262,2791,16,26,0.0611
1302,125,8,18,4,14,Positivo,#VamosSeleccion,20,220,1,3,0.05
1303,281,3,7,4,8,Negativo,#FutbolTotal,150,1458,12,21,0.08
1304,357,9,19,2,8,Positivo,#FutbolTotal,402,3328,71,53,0.1766
1305,288,4,10,5,15,Neutro,#Campeones,92,1319,15,5,0.163
1306,316,4,10,3,15,Neutro,#FutbolTotal,203,1778,15,21,0.0739
1307,348,7,15,4,4,Negativo,#Mundial2026,50,543,8,6,0.16
1308,239,11,23,5,11,Neutro,#Mundial2026,540,4748,114,34,0.2111
1309,97,11,23,2,11,Positivo,#FutbolTotal,34,490,7,1,0.2059
1310,121,12,26,1,6,Neutro,#Mundial2026,1164,16495,108,25,0.0928
1311,343,4,10,1,16,Negativo,#GoleoElEquipo,161,1352,39,13,0.2422
1312,358,2,6,2,16,Neutro,#RumboAlMundial,19,169,3,2,0.1579
1313,26,13,28,1,6,Neutro,#Mundial2026,56,790,9,2,0.1607
1314,21,13,27,1,1,Neutro,#FutbolTotal,167,1910,39,22,0.2335
1315,309,14,30,5,15,Neutro,#RumboAlMundial,351,4797,83,19,0.2365
1316,167,1,3,2,2,Neutro,#GoleoElEquipo,127,1459,22,20,0.1732
1317,343,9,20,2,10,Neutro,#VamosSeleccion,599,6902,96,61,0.1603
1318,226,12,25,1,19,Negativo,#RumboAlMundial,25,302,4,3,0.16
1319,313,12,26,5,19,Neutro,#VamosSeleccion,80,1106,18,1,0.225
1320,182,11,23,1,10,Neutro,#RumboAlMundial,177,1954,39,14,0.2203
1321,277,9,20,5,7,Neutro,#RumboAlMundial,115,1401,11,3,0.0957
1322,322,4,9,1,16,Positivo,#VamosSeleccion,700,7232,139,33,0.1986
1323,292,11,24,3,18,Positivo,#GoleoElEquipo,101,1384,17,7,0.1683
1324,71,5,11,1,18,Positivo,#GoleoElEquipo,45,450,10,1,0.2222
1325,149,5,11,2,17,Positivo,#FutbolTotal,71,599,6,3,0.0845
1326,284,7,15,5,5,Positivo,#DiaDePartido,117,1717,28,10,0.2393
1327,340,14,30,1,19,Positivo,#GoleoElEquipo,258,3102,33,24,0.1279
1328,251,7,15,1,6,Neutro,#VamosSeleccion,55,774,12,5,0.2182
1329,51,7,16,4,4,Negativo,#DiaDePartido,169,2419,16,8,0.0947
1330,195,13,28,2,18,Neutro,#RumboAlMundial,91,1176,18,8,0.1978
1331,306,1,1,4,3,Neutro,#Campeones,1228,10874,165,110,0.1344
1332,147,9,20,4,9,Negativo,#GoleoElEquipo,86,1237,14,12,0.1628
1333,146,9,20,1,8,Positivo,#Mundial2026,130,1447,18,7,0.1385
1334,276,7,16,1,16,Neutro,#Mundial2026,1434,12441,357,256,0.249
1335,137,4,9,1,15,Neutro,#Mundial2026,27,386,4,4,0.1481
1336,21,4,9,4,15,Positivo,#VamosSeleccion,269,2723,17,6,0.0632
1337,144,10,22,4,13,Neutro,#DiaDePartido,2356,34802,306,358,0.1299
1338,102,15,32,3,20,Positivo,#Mundial2026,141,2013,33,6,0.234
1339,262,5,12,1,17,Neutro,#FutbolTotal,61,855,12,9,0.1967
1340,362,9,20,2,7,Neutro,#Mundial2026,243,2448,21,29,0.0864
1341,274,9,19,2,7,Neutro,#FutbolTotal,822,10089,114,24,0.1387
1342,347,1,2,2,3,Neutro,#DiaDePartido,32,366,3,5,0.0938
1343,270,5,12,2,18,Neutro,#Mundial2026,54,727,9,2,0.1667
1344,279,15,31,3,1,Positivo,#FutbolTotal,947,12637,137,134,0.1447
1345,120,1,3,1,3,Neutro,#FutbolTotal,375,4242,33,66,0.088
1346,253,4,10,5,16,Positivo,#Campeones,104,1030,21,8,0.2019
1347,137,7,16,3,3,Negativo,#GoleoElEquipo,189,2431,13,12,0.0688
1348,329,4,10,5,16,Neutro,#VamosSeleccion,233,3334,48,32,0.206
1349,167,15,31,5,20,Negativo,#GoleoElEquipo,91,1364,12,7,0.1319
1350,342,4,9,1,16,Positivo,#Mundial2026,138,1680,25,10,0.1812
1351,201,12,26,5,19,Negativo,#DiaDePartido,482,5471,119,46,0.2469
1352,249,5,12,1,8,Neutro,#VamosSeleccion,118,1266,21,20,0.178
1353,265,5,11,2,13,Positivo,#FanaticoDelFutbol,50,422,3,7,0.06
1354,129,13,27,2,9,Negativo,#Mundial2026,16,224,0,2,0.0
1355,196,1,3,1,1,Neutro,#FutbolTotal,64,913,6,8,0.0938
1356,14,10,22,4,12,Positivo,#FanaticoDelFutbol,343,3290,41,23,0.1195
1357,309,5,12,1,18,Negativo,#FutbolTotal,12,144,2,1,0.1667
1358,40,7,16,2,4,Neutro,#GoleoElEquipo,154,2253,27,22,0.1753
1359,314,8,18,2,14,Neutro,#Mundial2026,154,1314,14,18,0.0909
1360,282,4,10,2,8,Positivo,#Mundial2026,390,3200,25,21,0.0641
1361,314,9,20,2,7,Negativo,#FanaticoDelFutbol,399,3291,48,13,0.1203
1362,15,5,12,5,18,Negativo,#RumboAlMundial,168,1389,33,5,0.1964
1363,239,12,26,2,19,Negativo,#FanaticoDelFutbol,172,1454,24,10,0.1395
1364,117,9,20,2,8,Neutro,#Campeones,426,4537,70,23,0.1643
1365,211,8,17,2,14,Positivo,#FutbolTotal,524,5543,123,69,0.2347
1366,329,1,3,5,1,Neutro,#FanaticoDelFutbol,138,1478,24,8,0.1739
1367,29,7,16,3,4,Negativo,#FanaticoDelFutbol,872,11932,133,23,0.1525
1368,182,1,3,2,1,Positivo,#GoleoElEquipo,21,298,2,2,0.0952
1369,337,14,29,5,2,Negativo,#RumboAlMundial,205,2303,17,18,0.0829
1370,215,4,9,5,15,Positivo,#VamosSeleccion,2214,30672,408,251,0.1843
1371,285,7,15,2,4,Neutro,#RumboAlMundial,84,1167,9,10,0.1071
1372,227,4,10,1,15,Negativo,#Mundial2026,3394,28585,808,583,0.2381
1373,246,1,3,2,3,Neutro,#VamosSeleccion,190,1943,39,24,0.2053
1374,323,9,20,2,7,Negativo,#VamosSeleccion,191,2283,14,33,0.0733
1375,322,5,11,1,18,Neutro,#VamosSeleccion,74,723,11,10,0.1486
1376,9,13,28,3,11,Positivo,#GoleoElEquipo,65,560,13,7,0.2
1377,351,5,11,4,18,Neutro,#FanaticoDelFutbol,1607,16715,196,153,0.122
1378,322,3,8,3,5,Negativo,#FanaticoDelFutbol,442,5141,73,24,0.1652
1379,221,4,9,5,16,Neutro,#Mundial2026,740,6568,58,47,0.0784
1380,20,1,3,1,14,Neutro,#FutbolTotal,270,2200,45,33,0.1667
1381,209,7,14,4,17,Positivo,#VamosSeleccion,253,2818,25,32,0.0988
1382,317,5,12,4,5,Positivo,#FanaticoDelFutbol,760,10097,61,56,0.0803
1383,76,1,3,3,1,Positivo,#RumboAlMundial,45,631,6,5,0.1333
1384,281,9,20,1,8,Positivo,#Mundial2026,48,511,10,1,0.2083
1385,77,8,18,5,14,Positivo,#FanaticoDelFutbol,100,1380,5,16,0.05
1386,252,4,9,2,16,Positivo,#VamosSeleccion,103,1541,11,11,0.1068
1387,28,6,13,1,5,Neutro,#VamosSeleccion,256,2695,25,34,0.0977
1388,274,4,9,4,15,Neutro,#Mundial2026,359,3711,59,10,0.1643
1389,15,11,23,2,11,Positivo,#RumboAlMundial,37,499,6,5,0.1622
1390,148,13,28,5,3,Negativo,#FanaticoDelFutbol,475,6823,90,16,0.1895
1391,29,9,19,3,8,Positivo,#VamosSeleccion,704,6281,56,77,0.0795
1392,363,1,2,3,15,Positivo,#DiaDePartido,18,214,4,2,0.2222
1393,122,9,19,1,7,Negativo,#VamosSeleccion,77,818,10,11,0.1299
1394,353,8,18,4,14,Positivo,#FutbolTotal,39,539,8,3,0.2051
1395,113,7,15,5,1,Positivo,#FutbolTotal,326,3893,72,21,0.2209
1396,117,7,15,1,13,Negativo,#FutbolTotal,64,528,5,11,0.0781
1397,321,15,32,2,20,Positivo,#Mundial2026,67,886,15,6,0.2239
1398,246,7,14,3,1,Neutro,#GoleoElEquipo,27,382,1,1,0.037
1399,135,1,3,1,1,Positivo,#Mundial2026,190,2613,11,21,0.0579
1400,183,7,14,4,13,Positivo,#FutbolTotal,414,5039,45,23,0.1087
1401,99,4,9,4,13,Negativo,#VamosSeleccion,1032,11661,216,23,0.2093
1402,252,7,16,2,5,Neutro,#DiaDePartido,11,155,1,1,0.0909
1403,297,15,31,1,5,Negativo,#VamosSeleccion,251,2626,36,28,0.1434
1404,330,7,16,4,5,Positivo,#DiaDePartido,129,1131,24,4,0.186
1405,132,1,3,2,3,Negativo,#RumboAlMundial,938,11867,157,66,0.1674
1406,146,5,12,5,5,Positivo,#Campeones,1663,21052,343,91,0.2063
1407,364,4,10,1,11,Positivo,#Mundial2026,65,775,4,8,0.0615
1408,41,13,28,5,13,Positivo,#FanaticoDelFutbol,58,796,7,4,0.1207
1409,276,1,1,1,2,Neutro,#GoleoElEquipo,268,2344,62,18,0.2313
1410,103,4,9,2,15,Negativo,#Mundial2026,277,3346,65,32,0.2347
1411,302,14,29,5,4,Positivo,#FutbolTotal,279,3341,58,41,0.2079
1412,115,3,8,5,8,Positivo,#RumboAlMundial,82,826,17,10,0.2073
1413,26,9,19,4,7,Negativo,#Mundial2026,689,9729,167,42,0.2424
1414,128,10,21,2,13,Neutro,#FutbolTotal,47,595,6,4,0.1277
1415,301,9,19,1,7,Positivo,#VamosSeleccion,653,8218,141,57,0.2159
1416,207,14,30,2,4,Positivo,#FutbolTotal,472,4800,58,22,0.1229
1417,15,14,29,5,3,Negativo,#VamosSeleccion,117,1173,9,11,0.0769
1418,103,8,18,3,10,Neutro,#FutbolTotal,1005,10946,245,168,0.2438
1419,238,9,20,1,9,Negativo,#RumboAlMundial,495,6061,119,86,0.2404
1420,113,6,13,1,16,Neutro,#RumboAlMundial,620,9243,33,57,0.0532
1421,360,7,14,1,4,Neutro,#FutbolTotal,226,2151,19,28,0.0841
1422,107,7,15,2,18,Positivo,#FutbolTotal,700,8091,132,58,0.1886
1423,234,9,20,3,20,Negativo,#RumboAlMundial,460,3744,36,67,0.0783
1424,274,5,11,1,18,Negativo,#GoleoElEquipo,54,704,12,4,0.2222
1425,152,4,10,1,16,Neutro,#FutbolTotal,384,4165,55,31,0.1432
1426,36,9,19,3,2,Negativo,#FutbolTotal,402,4762,26,18,0.0647
1427,163,7,15,5,2,Positivo,#GoleoElEquipo,92,1164,13,14,0.1413
1428,358,5,11,1,18,Positivo,#Campeones,320,3334,30,27,0.0938
1429,10,1,1,2,4,Negativo,#VamosSeleccion,65,613,9,11,0.1385
1430,245,2,6,5,18,Negativo,#VamosSeleccion,156,2026,14,10,0.0897
1431,140,4,10,5,11,Negativo,#FanaticoDelFutbol,323,3151,35,21,0.1084
1432,301,14,30,5,4,Negativo,#DiaDePartido,216,2438,24,34,0.1111
1433,132,13,28,3,10,Negativo,#Campeones,129,1252,31,6,0.2403
1434,123,15,32,1,14,Negativo,#Campeones,161,1332,38,18,0.236
1435,103,5,11,2,1,Negativo,#Mundial2026,90,963,6,8,0.0667
1436,174,4,9,5,16,Neutro,#Mundial2026,34,499,3,3,0.0882
1437,153,4,10,3,3,Neutro,#Mundial2026,113,1511,15,11,0.1327
1438,111,4,9,3,16,Neutro,#Mundial2026,645,7195,123,98,0.1907
1439,181,15,32,5,20,Positivo,#FanaticoDelFutbol,172,1802,9,17,0.0523
1440,158,11,24,2,10,Neutro,#GoleoElEquipo,263,2136,60,24,0.2281
1441,21,15,31,5,20,Positivo,#RumboAlMundial,541,7880,94,43,0.1738
1442,168,4,9,1,11,Neutro,#Campeones,920,13754,105,25,0.1141
1443,113,4,9,5,18,Positivo,#GoleoElEquipo,109,1241,10,19,0.0917
1444,344,6,13,5,8,Negativo,#Campeones,381,4792,27,17,0.0709
1445,131,2,6,1,8,Positivo,#FutbolTotal,178,2166,9,23,0.0506
1446,104,5,12,1,18,Neutro,#DiaDePartido,453,6148,43,31,0.0949
1447,27,2,6,2,1,Neutro,#FutbolTotal,281,2831,65,15,0.2313
1448,141,11,23,1,11,Neutro,#VamosSeleccion,13,158,2,2,0.1538
1449,149,13,27,4,11,Negativo,#GoleoElEquipo,67,900,9,7,0.1343
1450,357,4,10,5,16,Negativo,#Mundial2026,63,814,14,3,0.2222
1451,281,15,31,4,15,Negativo,#VamosSeleccion,596,8388,142,23,0.2383
1452,71,7,14,1,3,Neutro,#FutbolTotal,476,6866,46,56,0.0966
1453,205,6,13,3,17,Negativo,#Campeones,548,4757,32,82,0.0584
1454,160,4,10,4,15,Positivo,#FutbolTotal,95,1210,20,10,0.2105
1455,36,4,9,5,15,Positivo,#Mundial2026,18,144,1,1,0.0556
1456,180,7,16,5,6,Neutro,#FanaticoDelFutbol,46,667,8,6,0.1739
1457,82,11,24,2,6,Positivo,#GoleoElEquipo,518,4725,60,86,0.1158
1458,263,3,7,5,17,Neutro,#FutbolTotal,699,10335,52,107,0.0744
1459,335,2,6,3,11,Negativo,#RumboAlMundial,169,1672,35,24,0.2071
1460,102,1,1,1,16,Positivo,#VamosSeleccion,49,430,4,1,0.0816
1461,364,2,4,5,12,Positivo,#FutbolTotal,321,2784,50,38,0.1558
1462,99,9,19,2,8,Positivo,#RumboAlMundial,577,4746,63,15,0.1092
1463,130,9,19,4,8,Neutro,#VamosSeleccion,55,545,12,3,0.2182
1464,319,10,21,5,12,Negativo,#Mundial2026,214,2028,44,16,0.2056
1465,23,4,9,1,16,Positivo,#FanaticoDelFutbol,39,472,7,3,0.1795
1466,47,13,27,4,12,Negativo,#DiaDePartido,525,7348,115,63,0.219
1467,102,4,9,1,11,Negativo,#FutbolTotal,105,1026,25,5,0.2381
1468,294,13,28,2,2,Positivo,#Mundial2026,472,5208,68,78,0.1441
1469,224,1,3,1,2,Negativo,#FutbolTotal,322,2822,59,17,0.1832
1470,197,8,18,1,14,Positivo,#VamosSeleccion,161,1487,20,3,0.1242
1471,126,2,4,2,10,Positivo,#FutbolTotal,263,3012,61,9,0.2319
1472,155,9,20,4,14,Neutro,#DiaDePartido,318,3168,55,35,0.173
1473,329,3,8,4,4,Neutro,#FanaticoDelFutbol,463,5267,73,38,0.1577
1474,70,4,10,3,16,Positivo,#VamosSeleccion,1341,12246,169,186,0.126
1475,112,11,23,1,10,Positivo,#FutbolTotal,293,4337,34,25,0.116
1476,229,7,15,5,4,Negativo,#DiaDePartido,140,1187,23,14,0.1643
1477,168,4,9,1,15,Negativo,#DiaDePartido,99,1090,8,17,0.0808
1478,44,3,8,3,6,Positivo,#GoleoElEquipo,353,3795,21,47,0.0595
1479,316,3,8,1,2,Positivo,#GoleoElEquipo,173,2434,21,26,0.1214
1480,357,14,30,2,4,Positivo,#Mundial2026,1042,9147,88,129,0.0845
1481,232,2,4,3,4,Neutro,#FanaticoDelFutbol,1508,19265,114,251,0.0756
1482,162,11,24,1,10,Positivo,#RumboAlMundial,3060,36265,285,541,0.0931
1483,105,14,29,4,20,Neutro,#DiaDePartido,254,3210,34,18,0.1339
1484,36,12,25,5,13,Negativo,#FanaticoDelFutbol,78,845,18,4,0.2308
1485,344,6,13,3,16,Negativo,#FutbolTotal,490,4838,52,11,0.1061
1486,197,4,10,5,15,Neutro,#RumboAlMundial,71,648,15,9,0.2113
1487,51,11,23,2,20,Neutro,#FutbolTotal,874,11950,62,121,0.0709
1488,119,3,8,2,20,Negativo,#Mundial2026,123,1440,16,6,0.1301
1489,259,10,21,5,7,Neutro,#FutbolTotal,342,3315,81,17,0.2368
1490,12,1,3,2,12,Negativo,#Mundial2026,139,1637,33,5,0.2374
1491,281,14,29,1,10,Positivo,#Campeones,265,3740,18,38,0.0679
1492,261,7,15,1,5,Negativo,#Mundial2026,68,854,3,9,0.0441
1493,240,2,6,1,19,Positivo,#FanaticoDelFutbol,194,2414,25,9,0.1289
1494,182,13,28,5,6,Neutro,#DiaDePartido,59,488,8,8,0.1356
1495,15,7,15,1,4,Negativo,#DiaDePartido,293,2857,71,22,0.2423
1496,239,3,7,5,15,Positivo,#Mundial2026,61,492,13,7,0.2131
1497,189,2,4,4,2,Negativo,#Mundial2026,227,2937,41,31,0.1806
1498,217,13,27,5,7,Negativo,#Mundial2026,94,759,14,2,0.1489
1499,161,10,21,1,12,Negativo,#Mundial2026,83,730,15,14,0.1807
1500,101,1,1,5,8,Negativo,#Mundial2026,132,1435,27,15,0.2045
1501,361,11,24,4,11,Positivo,#Mundial2026,315,2843,74,54,0.2349
1502,195,5,11,2,1,Negativo,#FanaticoDelFutbol,76,858,14,6,0.1842
1503,237,1,3,1,3,Positivo,#Campeones,1864,22769,123,206,0.066
1504,295,15,32,3,20,Positivo,#Mundial2026,74,764,13,9,0.1757
1505,354,7,15,3,3,Negativo,#Campeones,439,5383,59,26,0.1344
1506,169,6,13,1,16,Positivo,#GoleoElEquipo,734,8202,126,128,0.1717
1507,260,11,24,3,10,Positivo,#Mundial2026,99,934,19,11,0.1919
1508,191,9,19,1,16,Negativo,#RumboAlMundial,232,3156,17,17,0.0733
1509,76,13,27,3,12,Positivo,#Mundial2026,173,1750,33,8,0.1908
1510,94,7,14,2,6,Positivo,#Campeones,261,2533,51,36,0.1954
1511,20,5,11,2,10,Negativo,#Mundial2026,45,610,4,1,0.0889
1512,61,7,15,2,6,Neutro,#Mundial2026,846,10745,71,144,0.0839
1513,7,12,25,5,1,Positivo,#FutbolTotal,179,1756,14,6,0.0782
1514,134,5,11,1,17,Positivo,#VamosSeleccion,51,472,9,5,0.1765
1515,349,5,12,2,20,Negativo,#FanaticoDelFutbol,219,3146,46,7,0.21
1516,35,5,12,1,17,Positivo,#Mundial2026,139,1543,21,13,0.1511
1517,356,3,8,2,20,Positivo,#GoleoElEquipo,439,6133,75,17,0.1708
1518,130,4,10,1,16,Positivo,#Mundial2026,139,1506,32,8,0.2302
1519,306,4,10,2,15,Neutro,#RumboAlMundial,216,1919,31,38,0.1435
1520,315,6,13,3,17,Negativo,#Mundial2026,66,950,9,11,0.1364
1521,274,7,14,1,18,Neutro,#FutbolTotal,302,2973,40,48,0.1325
1522,250,15,31,5,14,Neutro,#FutbolTotal,22,258,2,3,0.0909
1523,308,8,18,4,20,Neutro,#Mundial2026,1420,19346,161,222,0.1134
1524,266,2,5,4,9,Positivo,#Mundial2026,205,1786,38,21,0.1854
1525,33,13,28,2,4,Positivo,#Campeones,28,274,1,3,0.0357
1526,201,4,9,1,15,Neutro,#Mundial2026,128,1182,18,5,0.1406
1527,30,3,8,2,9,Neutro,#FutbolTotal,127,1089,21,6,0.1654
1528,71,5,11,2,19,Neutro,#FanaticoDelFutbol,414,3321,82,47,0.1981
1529,251,7,16,2,13,Neutro,#GoleoElEquipo,145,1537,17,18,0.1172
1530,161,3,8,5,7,Negativo,#RumboAlMundial,225,1906,14,33,0.0622
1531,160,7,15,3,4,Positivo,#FanaticoDelFutbol,23,341,4,2,0.1739
1532,5,9,20,4,11,Negativo,#FutbolTotal,158,1331,8,22,0.0506
1533,176,5,12,3,13,Negativo,#RumboAlMundial,120,1721,8,6,0.0667
1534,322,12,25,5,13,Neutro,#DiaDePartido,162,2393,20,24,0.1235
1535,349,8,18,1,14,Positivo,#Mundial2026,188,2261,13,13,0.0691
1536,8,7,16,4,6,Positivo,#VamosSeleccion,230,2834,23,32,0.1
1537,208,10,21,1,13,Positivo,#DiaDePartido,95,857,17,13,0.1789
1538,247,9,20,2,8,Positivo,#GoleoElEquipo,371,3226,37,64,0.0997
1539,57,8,18,1,1,Positivo,#DiaDePartido,80,772,4,13,0.05
1540,162,7,15,1,3,Neutro,#VamosSeleccion,996,8534,147,51,0.1476
1541,162,1,3,3,17,Positivo,#VamosSeleccion,109,1016,23,12,0.211
1542,364,1,1,2,12,Positivo,#VamosSeleccion,48,573,7,3,0.1458
1543,291,1,2,2,14,Neutro,#Mundial2026,27,221,4,0,0.1481
1544,217,14,30,1,12,Positivo,#Mundial2026,134,1627,9,8,0.0672
1545,98,9,19,5,7,Neutro,#Mundial2026,58,813,7,8,0.1207
1546,203,12,25,5,19,Positivo,#RumboAlMundial,200,2624,15,13,0.075
1547,197,13,28,2,9,Positivo,#Mundial2026,61,875,9,4,0.1475
1548,307,10,21,4,12,Positivo,#VamosSeleccion,95,1113,12,9,0.1263
1549,57,1,1,5,3,Positivo,#FutbolTotal,58,713,8,1,0.1379
1550,302,3,7,5,9,Negativo,#Mundial2026,526,6521,47,34,0.0894
1551,196,5,11,2,1,Positivo,#RumboAlMundial,239,2887,19,33,0.0795
1552,144,12,26,2,19,Negativo,#FanaticoDelFutbol,70,709,8,4,0.1143
1553,338,9,19,2,7,Positivo,#Mundial2026,114,1100,10,14,0.0877
1554,94,8,17,1,4,Positivo,#FutbolTotal,220,2842,33,39,0.15
1555,70,15,32,1,20,Positivo,#Campeones,245,2789,45,37,0.1837
1556,15,10,21,1,13,Neutro,#DiaDePartido,526,5866,115,84,0.2186
1557,273,10,22,2,6,Positivo,#FutbolTotal,183,1914,43,7,0.235
1558,120,11,24,3,10,Negativo,#Mundial2026,193,2552,45,32,0.2332
1559,348,9,20,5,11,Positivo,#VamosSeleccion,326,2864,31,14,0.0951
1560,50,1,1,2,14,Positivo,#VamosSeleccion,256,3441,55,17,0.2148
1561,279,11,24,2,11,Neutro,#Mundial2026,327,3867,47,35,0.1437
1562,310,9,20,1,19,Positivo,#DiaDePartido,202,2475,36,32,0.1782
1563,288,1,3,5,11,Negativo,#RumboAlMundial,35,283,6,1,0.1714
1564,153,1,3,1,3,Positivo,#FutbolTotal,92,1005,10,12,0.1087
1565,279,5,12,1,18,Neutro,#FutbolTotal,165,2348,40,10,0.2424
1566,228,1,3,4,3,Neutro,#FutbolTotal,453,5376,43,9,0.0949
1567,158,7,16,4,4,Negativo,#Mundial2026,219,2131,16,33,0.0731
1568,238,1,1,2,15,Positivo,#FutbolTotal,182,1918,11,13,0.0604
1569,238,14,29,1,17,Positivo,#VamosSeleccion,132,1821,16,4,0.1212
1570,91,9,20,5,4,Negativo,#FanaticoDelFutbol,122,1722,18,3,0.1475
1571,47,5,11,3,4,Negativo,#VamosSeleccion,795,11899,166,107,0.2088
1572,351,1,1,5,1,Positivo,#Campeones,151,1714,34,19,0.2252
1573,117,1,1,2,7,Positivo,#FanaticoDelFutbol,674,5887,57,62,0.0846
1574,214,11,23,2,11,Neutro,#DiaDePartido,1500,20621,287,95,0.1913
1575,39,15,31,2,20,Neutro,#Mundial2026,156,2141,18,13,0.1154
1576,105,2,6,3,19,Positivo,#RumboAlMundial,1024,13213,73,122,0.0713
1577,224,9,20,1,9,Neutro,#Mundial2026,446,4489,106,30,0.2377
1578,364,9,19,2,3,Neutro,#Mundial2026,420,4318,90,12,0.2143
1579,52,4,10,3,8,Neutro,#VamosSeleccion,74,755,7,1,0.0946
1580,351,12,26,2,11,Neutro,#FutbolTotal,309,2628,77,6,0.2492
1581,196,5,12,3,17,Negativo,#VamosSeleccion,436,3684,32,59,0.0734
1582,258,6,13,1,2,Positivo,#FutbolTotal,500,5175,31,24,0.062
1583,352,15,32,2,12,Negativo,#VamosSeleccion,389,4587,96,8,0.2468
1584,217,5,11,4,18,Positivo,#Mundial2026,479,4833,43,40,0.0898
1585,358,9,20,5,17,Positivo,#DiaDePartido,39,317,7,5,0.1795
1586,246,5,12,5,17,Positivo,#FutbolTotal,602,6831,49,50,0.0814
1587,172,5,12,4,17,Positivo,#Mundial2026,433,5207,94,34,0.2171
1588,125,8,17,5,14,Positivo,#FutbolTotal,405,4397,74,11,0.1827
1589,167,3,7,1,2,Positivo,#RumboAlMundial,832,10911,140,51,0.1683
1590,49,2,4,5,4,Negativo,#DiaDePartido,51,511,3,1,0.0588
1591,307,1,2,1,2,Negativo,#VamosSeleccion,30,271,5,1,0.1667
1592,126,7,14,2,5,Neutro,#Mundial2026,317,4396,34,37,0.1073
1593,34,5,12,5,15,Neutro,#RumboAlMundial,100,1058,13,17,0.13
1594,200,10,21,5,13,Neutro,#Mundial2026,184,1681,14,29,0.0761
1595,101,9,20,4,9,Positivo,#RumboAlMundial,48,589,6,4,0.125
1596,158,1,2,2,17,Negativo,#Mundial2026,174,1941,28,12,0.1609
1597,210,5,12,1,17,Negativo,#FanaticoDelFutbol,277,2847,29,13,0.1047
1598,355,4,9,1,1,Negativo,#GoleoElEquipo,621,7809,63,69,0.1014
1599,43,7,16,5,6,Neutro,#DiaDePartido,62,729,14,9,0.2258
1600,359,11,24,2,2,Positivo,#RumboAlMundial,117,1732,26,9,0.2222
1601,241,1,2,5,3,Positivo,#GoleoElEquipo,280,2651,24,8,0.0857
1602,339,4,9,1,15,Positivo,#RumboAlMundial,192,2033,26,11,0.1354
1603,279,14,29,5,13,Positivo,#GoleoElEquipo,72,982,13,4,0.1806
1604,59,7,16,1,12,Negativo,#Mundial2026,215,1802,39,28,0.1814
1605,177,5,11,4,8,Negativo,#Campeones,653,8633,147,114,0.2251
1606,89,13,27,5,4,Positivo,#Mundial2026,415,3482,50,26,0.1205
1607,270,10,21,5,12,Positivo,#FanaticoDelFutbol,33,318,5,4,0.1515
1608,60,9,20,1,15,Negativo,#FutbolTotal,259,2606,60,30,0.2317
1609,43,3,7,4,13,Negativo,#VamosSeleccion,49,432,8,8,0.1633
1610,350,7,14,4,10,Positivo,#DiaDePartido,94,1166,21,10,0.2234
1611,120,5,12,1,18,Negativo,#Mundial2026,123,1779,27,4,0.2195
1612,191,2,5,1,18,Positivo,#VamosSeleccion,173,1942,25,11,0.1445
1613,143,13,27,2,19,Neutro,#VamosSeleccion,388,3398,48,63,0.1237
1614,337,7,15,1,14,Neutro,#VamosSeleccion,74,967,10,12,0.1351
1615,127,4,9,3,16,Positivo,#Mundial2026,1117,9647,217,40,0.1943
1616,209,5,11,1,17,Positivo,#RumboAlMundial,74,1068,9,5,0.1216
1617,281,8,17,2,14,Positivo,#VamosSeleccion,23,249,3,3,0.1304
1618,104,15,31,4,20,Positivo,#RumboAlMundial,184,2572,30,6,0.163
1619,5,8,18,5,14,Positivo,#Mundial2026,98,1037,16,7,0.1633
1620,102,10,22,1,13,Neutro,#DiaDePartido,478,5877,34,58,0.0711
1621,114,1,1,5,3,Neutro,#Mundial2026,431,5139,72,23,0.1671
1622,278,5,12,1,17,Positivo,#VamosSeleccion,294,2696,45,52,0.1531
1623,98,9,19,5,9,Positivo,#VamosSeleccion,375,4661,42,48,0.112
1624,194,1,3,2,10,Positivo,#FutbolTotal,81,1184,6,12,0.0741
1625,77,9,20,4,8,Positivo,#GoleoElEquipo,451,4774,43,21,0.0953
1626,182,8,18,5,14,Neutro,#Mundial2026,122,1811,7,19,0.0574
1627,1,6,13,2,12,Neutro,#DiaDePartido,220,2663,31,21,0.1409
1628,191,1,2,5,3,Positivo,#GoleoElEquipo,23,270,2,3,0.087
1629,189,7,14,1,14,Positivo,#VamosSeleccion,36,507,7,6,0.1944
1630,211,5,11,1,18,Positivo,#Campeones,207,2116,51,27,0.2464
1631,1,13,28,1,10,Positivo,#GoleoElEquipo,76,787,9,9,0.1184
1632,217,7,16,2,4,Positivo,#RumboAlMundial,592,5256,72,42,0.1216
1633,184,14,30,5,17,Negativo,#FutbolTotal,234,2817,20,10,0.0855
1634,290,15,31,2,20,Neutro,#FanaticoDelFutbol,473,4090,88,15,0.186
1635,302,5,12,1,8,Neutro,#DiaDePartido,68,714,5,10,0.0735
1636,312,3,8,1,19,Neutro,#FanaticoDelFutbol,177,2575,13,13,0.0734
1637,112,3,8,5,12,Positivo,#VamosSeleccion,2094,25634,450,209,0.2149
1638,268,9,19,3,4,Neutro,#Mundial2026,356,3247,28,55,0.0787
1639,108,7,15,4,5,Neutro,#VamosSeleccion,322,2874,18,38,0.0559
1640,104,1,2,2,1,Positivo,#DiaDePartido,54,752,9,2,0.1667
1641,78,3,7,5,20,Neutro,#Mundial2026,342,4028,56,58,0.1637
1642,91,8,17,5,6,Negativo,#FanaticoDelFutbol,45,562,10,2,0.2222
1643,70,12,26,3,18,Negativo,#FutbolTotal,566,7677,35,43,0.0618
1644,196,1,1,1,1,Positivo,#VamosSeleccion,86,986,9,5,0.1047
1645,164,9,20,3,8,Positivo,#VamosSeleccion,1598,21770,383,274,0.2397
1646,364,2,4,5,11,Neutro,#DiaDePartido,98,1459,23,2,0.2347
1647,327,6,13,2,3,Negativo,#FutbolTotal,176,2208,41,29,0.233
1648,237,5,11,3,18,Positivo,#FanaticoDelFutbol,134,1524,28,22,0.209
1649,34,3,7,3,16,Positivo,#DiaDePartido,396,4726,71,23,0.1793
1650,129,5,11,5,18,Positivo,#DiaDePartido,25,284,1,4,0.04
1651,185,4,9,2,16,Positivo,#Mundial2026,99,1154,24,4,0.2424
1652,3,1,2,1,17,Neutro,#VamosSeleccion,103,1474,14,15,0.1359
1653,77,5,11,1,5,Negativo,#FutbolTotal,238,3184,58,7,0.2437
1654,41,11,23,3,11,Neutro,#Mundial2026,117,1332,15,12,0.1282
1655,74,14,29,1,8,Neutro,#VamosSeleccion,93,1365,9,2,0.0968
1656,160,9,20,4,8,Neutro,#VamosSeleccion,274,3788,66,10,0.2409
1657,15,5,11,3,17,Negativo,#VamosSeleccion,74,868,12,9,0.1622
1658,182,9,20,5,7,Positivo,#DiaDePartido,840,7140,83,124,0.0988
1659,143,1,3,1,6,Negativo,#Campeones,120,1010,27,21,0.225
1660,340,4,9,2,16,Neutro,#FanaticoDelFutbol,265,2751,40,30,0.1509
1661,202,7,16,3,4,Positivo,#Mundial2026,49,600,10,8,0.2041
1662,57,6,13,2,11,Negativo,#Mundial2026,46,659,5,2,0.1087
1663,105,3,7,4,14,Positivo,#VamosSeleccion,392,4387,56,47,0.1429
1664,209,9,19,5,7,Neutro,#VamosSeleccion,127,1712,23,7,0.1811
1665,144,5,12,1,17,Positivo,#VamosSeleccion,564,6508,40,33,0.0709
1666,29,4,10,1,8,Positivo,#Campeones,91,852,16,16,0.1758
1667,201,3,8,3,1,Positivo,#GoleoElEquipo,164,2294,32,6,0.1951
1668,20,2,5,2,15,Negativo,#Mundial2026,178,1696,39,22,0.2191
1669,49,5,11,2,2,Negativo,#VamosSeleccion,347,2928,65,8,0.1873
1670,156,11,23,4,11,Positivo,#GoleoElEquipo,896,13002,166,159,0.1853
1671,126,1,1,5,3,Positivo,#Mundial2026,513,4706,116,85,0.2261
1672,85,7,15,5,5,Positivo,#FanaticoDelFutbol,456,5887,40,62,0.0877
1673,337,13,27,5,3,Neutro,#DiaDePartido,485,5277,73,48,0.1505
1674,319,15,32,2,20,Negativo,#Mundial2026,20,260,2,2,0.1
1675,273,7,16,2,5,Positivo,#Mundial2026,113,1459,13,12,0.115
1676,105,6,13,2,16,Negativo,#DiaDePartido,682,5498,152,54,0.2229
1677,20,5,11,2,9,Positivo,#GoleoElEquipo,35,280,7,2,0.2
1678,67,1,3,5,9,Positivo,#Mundial2026,698,9162,167,58,0.2393
1679,91,1,1,1,7,Neutro,#RumboAlMundial,26,218,3,0,0.1154
1680,86,9,19,1,9,Positivo,#Mundial2026,277,2754,33,41,0.1191
1681,302,5,11,2,17,Positivo,#Mundial2026,418,3925,33,22,0.0789
1682,191,9,20,5,8,Positivo,#Campeones,1076,12212,212,135,0.197
1683,203,9,19,4,15,Negativo,#Campeones,150,1626,20,5,0.1333
1684,104,5,11,5,17,Positivo,#Mundial2026,626,7028,37,85,0.0591
1685,131,15,32,4,20,Negativo,#RumboAlMundial,181,1590,24,11,0.1326
1686,113,7,15,5,20,Positivo,#Mundial2026,88,1282,8,4,0.0909
1687,256,1,1,1,1,Neutro,#Mundial2026,34,442,5,3,0.1471
1688,79,14,30,3,12,Positivo,#RumboAlMundial,102,1376,23,2,0.2255
1689,180,7,15,3,5,Negativo,#GoleoElEquipo,554,4514,75,42,0.1354
1690,178,2,6,3,13,Negativo,#RumboAlMundial,225,3167,33,25,0.1467
1691,51,8,18,4,14,Positivo,#FutbolTotal,355,3777,76,29,0.2141
1692,146,5,12,2,20,Positivo,#VamosSeleccion,263,3704,33,23,0.1255
1693,112,6,13,4,12,Positivo,#RumboAlMundial,237,2614,13,39,0.0549
1694,134,9,20,5,8,Positivo,#FutbolTotal,612,6779,111,94,0.1814
1695,218,9,20,5,20,Negativo,#DiaDePartido,331,2922,81,55,0.2447
1696,132,6,13,5,12,Positivo,#RumboAlMundial,2115,21753,171,135,0.0809
1697,246,2,6,5,11,Negativo,#GoleoElEquipo,284,3109,52,28,0.1831
1698,112,9,20,1,9,Neutro,#Mundial2026,39,318,4,1,0.1026
1699,15,5,11,1,16,Neutro,#VamosSeleccion,268,3011,57,11,0.2127
1700,311,5,11,5,14,Neutro,#Mundial2026,141,1508,17,19,0.1206
1701,193,2,4,2,9,Positivo,#Campeones,194,2122,46,31,0.2371
1702,23,5,11,3,20,Neutro,#VamosSeleccion,52,573,10,3,0.1923
1703,145,5,12,1,1,Positivo,#Mundial2026,41,379,9,3,0.2195
1704,317,9,20,1,7,Positivo,#RumboAlMundial,410,4419,60,14,0.1463
1705,288,7,16,1,5,Neutro,#VamosSeleccion,27,284,1,2,0.037
1706,295,1,2,5,4,Positivo,#FutbolTotal,121,1389,7,8,0.0579
1707,350,6,13,1,9,Negativo,#GoleoElEquipo,340,3705,84,36,0.2471
1708,223,6,13,2,10,Neutro,#VamosSeleccion,42,489,4,5,0.0952
1709,319,13,27,3,10,Neutro,#FanaticoDelFutbol,1339,13970,269,150,0.2009
1710,55,4,9,5,16,Positivo,#Mundial2026,1075,10798,55,187,0.0512
1711,260,7,15,3,4,Neutro,#VamosSeleccion,125,1323,30,19,0.24
1712,309,11,24,3,11,Neutro,#Mundial2026,125,1427,11,7,0.088
1713,20,4,10,5,12,Negativo,#Mundial2026,47,629,11,2,0.234
1714,99,7,15,2,4,Neutro,#GoleoElEquipo,42,455,2,2,0.0476
1715,203,9,19,5,11,Neutro,#FanaticoDelFutbol,242,2613,24,30,0.0992
1716,351,9,20,3,9,Negativo,#Mundial2026,338,3275,49,32,0.145
1717,173,8,18,2,14,Negativo,#Mundial2026,793,10417,101,57,0.1274
1718,187,14,30,2,17,Positivo,#VamosSeleccion,473,6207,104,21,0.2199
1719,287,9,20,2,9,Neutro,#FutbolTotal,157,1721,36,12,0.2293
1720,221,1,2,1,17,Neutro,#GoleoElEquipo,44,395,6,1,0.1364
1721,149,4,10,1,15,Negativo,#FanaticoDelFutbol,408,4060,92,52,0.2255
1722,311,5,12,2,6,Neutro,#DiaDePartido,152,1680,26,14,0.1711
1723,105,7,14,1,5,Neutro,#Mundial2026,149,1363,35,21,0.2349
1724,288,5,11,4,18,Neutro,#RumboAlMundial,100,1448,20,15,0.2
1725,197,13,28,1,16,Negativo,#Mundial2026,703,8604,83,60,0.1181
1726,312,4,9,5,15,Neutro,#VamosSeleccion,1467,18809,360,188,0.2454
1727,107,15,31,5,20,Positivo,#RumboAlMundial,18,149,3,2,0.1667
1728,326,1,3,2,3,Negativo,#Mundial2026,84,710,19,4,0.2262
1729,263,7,16,3,16,Positivo,#Mundial2026,580,7671,118,80,0.2034
1730,19,4,10,2,16,Neutro,#VamosSeleccion,2778,22972,527,445,0.1897
1731,240,9,20,3,15,Neutro,#FanaticoDelFutbol,204,1739,15,12,0.0735
1732,79,9,19,1,8,Negativo,#FanaticoDelFutbol,1260,10496,250,85,0.1984
1733,243,4,10,1,16,Positivo,#Mundial2026,339,3138,42,28,0.1239
1734,133,11,23,1,10,Neutro,#FutbolTotal,1114,11593,274,37,0.246
1735,322,1,2,4,3,Positivo,#GoleoElEquipo,133,1656,7,5,0.0526
1736,8,1,1,5,11,Neutro,#Campeones,74,918,11,11,0.1486
1737,345,9,19,2,8,Positivo,#RumboAlMundial,512,4289,88,54,0.1719
1738,246,9,20,4,9,Negativo,#Mundial2026,613,6676,150,29,0.2447
1739,253,14,29,4,16,Positivo,#VamosSeleccion,73,1022,8,12,0.1096
1740,252,1,1,1,3,Positivo,#Mundial2026,336,3124,42,39,0.125
1741,164,13,28,1,15,Neutro,#RumboAlMundial,117,1223,17,8,0.1453
1742,83,4,10,3,1,Negativo,#Mundial2026,342,4083,51,14,0.1491
1743,301,5,11,1,18,Positivo,#FutbolTotal,209,2927,17,24,0.0813
1744,301,11,24,2,11,Positivo,#FanaticoDelFutbol,310,4473,49,12,0.1581
1745,70,4,9,1,16,Negativo,#Campeones,376,3593,91,20,0.242
1746,29,14,29,2,7,Positivo,#VamosSeleccion,85,939,16,9,0.1882
1747,360,1,2,1,3,Neutro,#Campeones,264,2199,36,28,0.1364
1748,218,1,3,2,2,Negativo,#GoleoElEquipo,933,8521,56,110,0.06
1749,328,10,21,1,10,Positivo,#GoleoElEquipo,139,1266,15,4,0.1079
1750,238,9,19,1,8,Neutro,#VamosSeleccion,20,268,4,3,0.2
1751,217,7,15,5,19,Neutro,#DiaDePartido,281,4210,47,15,0.1673
1752,113,4,9,2,16,Positivo,#Mundial2026,686,8401,102,112,0.1487
1753,266,4,9,1,16,Negativo,#VamosSeleccion,1831,26891,193,50,0.1054
1754,196,5,11,5,18,Positivo,#Campeones,822,8947,64,71,0.0779
1755,34,14,29,1,2,Neutro,#FutbolTotal,263,3880,56,17,0.2129
1756,77,9,19,1,7,Negativo,#Mundial2026,92,1267,5,5,0.0543
1757,8,1,1,2,1,Positivo,#GoleoElEquipo,378,4741,26,59,0.0688
1758,199,5,12,5,12,Negativo,#FanaticoDelFutbol,94,1049,13,8,0.1383
1759,135,9,20,2,8,Negativo,#Mundial2026,961,10403,158,152,0.1644
1760,323,15,32,3,20,Positivo,#VamosSeleccion,45,424,5,1,0.1111
1761,280,7,15,1,6,Positivo,#Campeones,191,2406,33,17,0.1728
1762,126,12,25,3,7,Neutro,#FanaticoDelFutbol,116,1078,27,4,0.2328
1763,39,13,28,1,12,Positivo,#RumboAlMundial,56,480,4,8,0.0714
1764,44,5,12,2,18,Neutro,#FanaticoDelFutbol,294,3320,53,40,0.1803
1765,356,13,28,4,13,Positivo,#DiaDePartido,214,2254,28,7,0.1308
1766,189,6,13,1,10,Positivo,#RumboAlMundial,199,1697,29,20,0.1457
1767,204,14,30,2,12,Neutro,#Mundial2026,112,1534,10,3,0.0893
1768,264,7,15,1,17,Negativo,#DiaDePartido,166,1763,11,10,0.0663
1769,216,5,11,4,17,Positivo,#VamosSeleccion,15,172,2,2,0.1333
1770,364,8,18,4,7,Positivo,#FanaticoDelFutbol,158,1489,25,28,0.1582
1771,189,1,1,2,1,Negativo,#DiaDePartido,144,2022,27,16,0.1875
1772,175,9,20,5,9,Positivo,#FutbolTotal,136,1219,33,22,0.2426
1773,308,5,11,5,18,Positivo,#Mundial2026,19,248,3,3,0.1579
1774,316,10,21,5,13,Positivo,#Campeones,10,144,0,1,0.0
1775,98,3,8,2,20,Negativo,#VamosSeleccion,109,1238,22,10,0.2018
1776,1,6,13,3,9,Negativo,#RumboAlMundial,1171,14637,76,77,0.0649
1777,334,5,12,5,18,Negativo,#FanaticoDelFutbol,134,1830,14,14,0.1045
1778,211,1,3,2,11,Positivo,#VamosSeleccion,303,3393,28,33,0.0924
1779,307,14,29,5,20,Positivo,#Mundial2026,492,6840,112,87,0.2276
1780,249,1,1,1,1,Positivo,#GoleoElEquipo,410,3312,100,70,0.2439
1781,133,1,1,5,1,Neutro,#FanaticoDelFutbol,116,1629,18,2,0.1552
1782,139,5,11,4,17,Negativo,#Mundial2026,68,898,13,2,0.1912
1783,151,13,27,3,7,Positivo,#DiaDePartido,486,6037,66,66,0.1358
1784,359,4,10,5,15,Positivo,#GoleoElEquipo,38,393,7,5,0.1842
1785,149,11,23,2,7,Positivo,#RumboAlMundial,154,1891,15,9,0.0974
1786,139,5,12,1,17,Neutro,#DiaDePartido,129,1598,14,9,0.1085
1787,341,4,9,2,17,Positivo,#Mundial2026,167,2461,20,24,0.1198
1788,337,9,20,2,1,Neutro,#FutbolTotal,198,2374,37,14,0.1869
1789,211,12,26,4,19,Positivo,#Mundial2026,2007,24200,351,192,0.1749
1790,267,7,16,2,4,Neutro,#FanaticoDelFutbol,34,477,4,4,0.1176
1791,322,3,7,1,14,Positivo,#Mundial2026,632,6501,70,87,0.1108
1792,30,3,8,1,7,Negativo,#Mundial2026,415,3994,84,19,0.2024
1793,135,4,10,1,15,Neutro,#FanaticoDelFutbol,182,1485,30,16,0.1648
1794,8,4,9,1,12,Positivo,#VamosSeleccion,66,886,4,10,0.0606
1795,108,6,13,5,10,Positivo,#FanaticoDelFutbol,184,2398,42,19,0.2283
1796,85,3,7,2,1,Positivo,#DiaDePartido,64,619,15,9,0.2344
1797,271,5,11,1,17,Neutro,#FutbolTotal,42,613,5,3,0.119
1798,120,7,15,1,7,Positivo,#FutbolTotal,138,1466,13,16,0.0942
1799,279,7,15,5,15,Neutro,#GoleoElEquipo,258,3312,23,31,0.0891
1800,153,10,21,4,13,Positivo,#Mundial2026,733,7467,48,57,0.0655
1801,196,12,26,3,19,Positivo,#GoleoElEquipo,566,7003,133,60,0.235
1802,323,5,12,1,18,Negativo,#RumboAlMundial,28,276,2,3,0.0714
1803,362,11,23,5,1,Positivo,#RumboAlMundial,500,7180,62,47,0.124
1804,342,2,6,3,8,Positivo,#Mundial2026,77,1100,11,9,0.1429
1805,15,1,2,3,2,Negativo,#VamosSeleccion,70,888,12,11,0.1714
1806,50,11,24,5,10,Negativo,#VamosSeleccion,36,313,7,5,0.1944
1807,280,9,19,5,17,Negativo,#FanaticoDelFutbol,124,1743,24,21,0.1935
1808,217,7,14,2,2,Negativo,#FutbolTotal,64,797,8,2,0.125
1809,259,12,26,1,19,Positivo,#GoleoElEquipo,516,6842,100,31,0.1938
1810,161,9,20,2,7,Positivo,#Mundial2026,94,1071,20,12,0.2128
1811,345,13,27,2,3,Positivo,#VamosSeleccion,563,6842,138,63,0.2451
1812,176,1,2,5,2,Neutro,#FutbolTotal,519,5737,41,73,0.079
1813,315,8,18,4,14,Positivo,#GoleoElEquipo,1427,20649,252,208,0.1766
1814,137,10,22,4,2,Neutro,#FutbolTotal,551,4941,129,47,0.2341
1815,108,4,9,1,16,Positivo,#FutbolTotal,80,670,10,10,0.125
1816,330,9,19,3,16,Negativo,#FanaticoDelFutbol,631,7634,88,18,0.1395
1817,146,7,16,3,8,Positivo,#FutbolTotal,4,44,0,0,0.0
1818,221,6,13,5,13,Positivo,#VamosSeleccion,4187,54065,384,715,0.0917
1819,278,4,9,2,4,Neutro,#GoleoElEquipo,201,2294,14,25,0.0697
1820,45,4,9,4,16,Neutro,#Mundial2026,390,3436,64,29,0.1641
1821,157,7,14,1,4,Neutro,#VamosSeleccion,155,2232,20,13,0.129
1822,160,1,1,3,3,Positivo,#Mundial2026,102,1265,11,16,0.1078
1823,138,7,14,1,9,Positivo,#FanaticoDelFutbol,139,1595,20,18,0.1439
1824,213,13,28,1,15,Neutro,#VamosSeleccion,68,985,9,2,0.1324
1825,147,10,22,1,13,Positivo,#VamosSeleccion,270,3324,22,33,0.0815
1826,34,6,13,1,15,Positivo,#RumboAlMundial,159,2088,17,25,0.1069
1827,37,11,24,3,11,Neutro,#GoleoElEquipo,294,3349,44,26,0.1497
1828,218,4,9,1,3,Negativo,#GoleoElEquipo,323,4361,44,38,0.1362
1829,124,4,10,2,15,Neutro,#RumboAlMundial,257,2537,13,20,0.0506
1830,172,13,28,4,20,Positivo,#Campeones,494,7195,70,43,0.1417
1831,259,6,13,5,3,Positivo,#VamosSeleccion,1581,13090,269,145,0.1701
1832,335,9,19,3,9,Neutro,#Mundial2026,63,835,6,8,0.0952
1833,307,1,1,5,3,Positivo,#Mundial2026,104,1425,19,16,0.1827
1834,322,15,32,3,17,Positivo,#Mundial2026,16,162,2,2,0.125
1835,101,14,29,1,20,Negativo,#Mundial2026,401,5917,44,36,0.1097
1836,96,7,14,5,4,Positivo,#Mundial2026,277,2436,19,35,0.0686
1837,54,13,28,1,11,Negativo,#FanaticoDelFutbol,335,3461,51,37,0.1522
1838,204,5,11,5,17,Positivo,#GoleoElEquipo,22,287,1,1,0.0455
1839,211,4,10,1,15,Positivo,#Mundial2026,394,4335,67,57,0.1701
1840,262,9,19,2,7,Neutro,#FanaticoDelFutbol,301,2890,15,49,0.0498
1841,292,12,25,1,19,Neutro,#VamosSeleccion,64,515,11,3,0.1719
1842,329,11,23,1,10,Negativo,#Campeones,245,2570,21,44,0.0857
1843,221,9,19,5,11,Positivo,#FutbolTotal,382,5143,33,39,0.0864
1844,274,4,9,2,6,Positivo,#Mundial2026,128,1829,27,10,0.2109
1845,47,15,32,1,20,Positivo,#RumboAlMundial,335,4767,18,39,0.0537
1846,53,10,22,2,1,Neutro,#DiaDePartido,602,8543,106,53,0.1761
1847,212,7,16,5,5,Positivo,#VamosSeleccion,150,1562,18,15,0.12
1848,121,7,14,1,12,Neutro,#VamosSeleccion,48,462,6,8,0.125
1849,22,4,10,4,1,Neutro,#VamosSeleccion,98,1400,9,11,0.0918
1850,231,5,11,5,8,Positivo,#FutbolTotal,195,2660,13,7,0.0667
1851,30,4,9,1,15,Positivo,#FutbolTotal,410,5284,99,17,0.2415
1852,28,7,14,5,4,Negativo,#FutbolTotal,250,2719,41,13,0.164
1853,92,10,21,4,13,Positivo,#DiaDePartido,487,4003,35,61,0.0719
1854,28,15,31,5,8,Neutro,#VamosSeleccion,148,1857,13,16,0.0878
1855,291,8,18,5,14,Neutro,#VamosSeleccion,258,3573,35,45,0.1357
1856,81,4,10,4,15,Neutro,#DiaDePartido,48,588,2,4,0.0417
1857,286,7,14,2,11,Positivo,#FutbolTotal,141,1477,25,20,0.1773
1858,329,4,9,5,16,Positivo,#RumboAlMundial,33,283,5,2,0.1515
1859,134,15,32,3,20,Positivo,#GoleoElEquipo,72,1061,4,8,0.0556
1860,288,9,19,5,8,Positivo,#VamosSeleccion,252,3037,17,25,0.0675
1861,53,4,10,2,16,Positivo,#Mundial2026,722,7127,150,53,0.2078
1862,29,1,3,1,3,Negativo,#RumboAlMundial,218,2720,51,25,0.2339
1863,70,9,20,1,7,Positivo,#Campeones,72,812,11,1,0.1528
1864,300,11,24,2,5,Neutro,#VamosSeleccion,31,266,2,3,0.0645
1865,236,5,12,1,17,Positivo,#VamosSeleccion,135,1388,32,16,0.237
1866,95,4,9,2,16,Positivo,#VamosSeleccion,117,1733,15,7,0.1282
1867,294,7,15,2,4,Neutro,#VamosSeleccion,256,3324,60,35,0.2344
1868,18,1,1,2,1,Positivo,#Mundial2026,352,4336,75,15,0.2131
1869,260,9,20,5,7,Negativo,#VamosSeleccion,47,526,11,1,0.234
1870,49,7,14,1,6,Positivo,#GoleoElEquipo,83,1125,17,14,0.2048
1871,54,9,19,3,8,Positivo,#VamosSeleccion,137,2009,8,4,0.0584
1872,69,9,19,2,8,Positivo,#Mundial2026,45,442,6,7,0.1333
1873,358,10,21,2,13,Negativo,#Mundial2026,108,1216,9,6,0.0833
1874,86,7,15,3,8,Positivo,#DiaDePartido,40,346,2,1,0.05
1875,256,13,27,1,20,Negativo,#FutbolTotal,272,3237,34,18,0.125
1876,243,8,17,5,14,Negativo,#VamosSeleccion,200,2732,23,24,0.115
1877,326,4,10,2,13,Positivo,#Mundial2026,170,2118,21,27,0.1235
1878,11,9,19,5,9,Neutro,#DiaDePartido,148,1383,34,7,0.2297
1879,223,2,5,1,11,Neutro,#Campeones,100,1155,13,16,0.13
1880,62,1,3,1,2,Positivo,#Mundial2026,36,389,8,3,0.2222
1881,287,4,9,5,13,Positivo,#RumboAlMundial,289,3856,55,16,0.1903
1882,365,5,11,2,17,Positivo,#Mundial2026,59,687,8,9,0.1356
1883,98,5,12,1,17,Negativo,#DiaDePartido,100,1078,12,4,0.12
1884,9,10,21,1,4,Positivo,#Mundial2026,37,368,3,4,0.0811
1885,16,5,11,3,18,Neutro,#FutbolTotal,209,2022,47,28,0.2249
1886,56,9,20,1,8,Neutro,#DiaDePartido,55,672,9,6,0.1636
1887,215,9,20,5,7,Positivo,#Mundial2026,39,313,7,2,0.1795
1888,77,1,3,2,1,Positivo,#Mundial2026,2769,32560,451,94,0.1629
1889,31,5,11,2,17,Positivo,#RumboAlMundial,38,394,3,6,0.0789
1890,315,12,26,1,3,Neutro,#VamosSeleccion,120,1298,20,10,0.1667
1891,29,1,2,3,3,Positivo,#DiaDePartido,9,77,1,0,0.1111
1892,263,5,11,4,17,Positivo,#FanaticoDelFutbol,267,3323,34,7,0.1273
1893,296,4,10,5,15,Positivo,#Campeones,39,485,6,1,0.1538
1894,213,9,20,1,7,Positivo,#Mundial2026,90,1234,13,8,0.1444
1895,7,10,22,2,12,Positivo,#GoleoElEquipo,117,1419,11,12,0.094
1896,242,9,20,1,1,Positivo,#VamosSeleccion,60,702,5,2,0.0833
1897,275,13,28,2,13,Neutro,#Campeones,1154,14268,256,33,0.2218
1898,50,11,23,5,20,Negativo,#FanaticoDelFutbol,1285,12563,247,118,0.1922
1899,128,2,5,3,2,Positivo,#DiaDePartido,93,947,8,14,0.086
1900,179,7,16,4,9,Positivo,#FanaticoDelFutbol,379,4519,31,42,0.0818
1901,105,2,6,4,8,Negativo,#DiaDePartido,26,383,5,1,0.1923
1902,54,1,1,1,1,Neutro,#DiaDePartido,175,1586,23,8,0.1314
1903,102,5,11,4,17,Negativo,#Mundial2026,392,4236,28,69,0.0714
1904,183,4,10,2,15,Neutro,#FanaticoDelFutbol,106,890,8,13,0.0755
1905,29,4,10,5,16,Negativo,#Mundial2026,14,145,2,0,0.1429
1906,148,1,3,2,2,Positivo,#Mundial2026,136,1321,24,4,0.1765
1907,364,4,9,2,16,Positivo,#FanaticoDelFutbol,179,2436,42,11,0.2346
1908,98,1,1,2,2,Neutro,#Mundial2026,507,4735,108,59,0.213
1909,317,11,24,2,11,Positivo,#DiaDePartido,1620,15378,201,236,0.1241
1910,155,5,12,3,18,Negativo,#FanaticoDelFutbol,111,1470,21,11,0.1892
1911,127,9,20,2,3,Positivo,#FanaticoDelFutbol,308,3691,68,37,0.2208
1912,11,4,9,2,4,Positivo,#RumboAlMundial,103,1078,17,9,0.165
1913,203,15,32,3,16,Neutro,#FanaticoDelFutbol,148,1929,21,16,0.1419
1914,170,9,20,5,20,Neutro,#FanaticoDelFutbol,121,1326,8,8,0.0661
1915,36,4,10,2,1,Positivo,#DiaDePartido,169,2343,16,25,0.0947
1916,287,11,24,2,10,Positivo,#RumboAlMundial,118,1424,20,16,0.1695
1917,267,11,23,4,11,Positivo,#Mundial2026,172,1928,30,7,0.1744
1918,174,8,17,5,14,Positivo,#FanaticoDelFutbol,123,1060,19,5,0.1545
1919,177,13,28,1,5,Neutro,#Mundial2026,97,863,15,3,0.1546
1920,297,13,28,2,11,Positivo,#FutbolTotal,757,6459,126,111,0.1664
1921,256,7,14,4,6,Negativo,#VamosSeleccion,109,948,6,4,0.055
1922,255,4,9,1,11,Neutro,#RumboAlMundial,21,234,1,2,0.0476
1923,28,10,21,4,16,Neutro,#GoleoElEquipo,481,6704,33,43,0.0686
1924,122,3,7,4,13,Neutro,#Mundial2026,164,1476,23,20,0.1402
1925,289,1,3,5,2,Neutro,#Mundial2026,199,2202,37,7,0.1859
1926,168,1,3,2,4,Negativo,#Mundial2026,38,533,2,2,0.0526
1927,83,5,12,1,18,Neutro,#DiaDePartido,195,1606,21,6,0.1077
1928,262,1,3,5,1,Negativo,#DiaDePartido,10,91,2,1,0.2
1929,230,11,24,2,11,Negativo,#GoleoElEquipo,126,1811,27,9,0.2143
1930,146,5,12,4,16,Neutro,#FanaticoDelFutbol,255,3548,13,22,0.051
1931,53,7,15,2,6,Negativo,#GoleoElEquipo,217,2006,19,12,0.0876
1932,149,9,20,2,7,Positivo,#FutbolTotal,202,2738,39,34,0.1931
1933,267,7,15,1,8,Neutro,#Mundial2026,485,5423,114,53,0.2351
1934,260,12,25,1,19,Negativo,#VamosSeleccion,70,629,4,11,0.0571
1935,274,13,28,5,20,Positivo,#DiaDePartido,135,1373,23,4,0.1704
1936,275,2,5,2,17,Neutro,#VamosSeleccion,79,1056,17,7,0.2152
1937,260,4,9,1,15,Neutro,#DiaDePartido,284,2806,61,21,0.2148
1938,50,1,1,4,1,Neutro,#Mundial2026,152,2052,14,9,0.0921
1939,158,1,2,2,3,Positivo,#GoleoElEquipo,87,1090,4,8,0.046
1940,215,5,11,3,18,Positivo,#Campeones,660,7635,153,77,0.2318
1941,183,14,30,5,18,Negativo,#FutbolTotal,60,643,5,6,0.0833
1942,185,3,7,3,11,Neutro,#RumboAlMundial,873,10105,46,127,0.0527
1943,130,9,19,5,12,Negativo,#FutbolTotal,186,2295,24,26,0.129
1944,323,5,11,2,18,Negativo,#GoleoElEquipo,107,1195,23,13,0.215
1945,74,9,20,4,10,Neutro,#Mundial2026,37,456,9,4,0.2432
1946,314,3,8,1,5,Neutro,#GoleoElEquipo,401,5078,22,21,0.0549
1947,274,13,28,4,10,Neutro,#GoleoElEquipo,280,2542,17,15,0.0607
1948,213,1,3,4,9,Neutro,#DiaDePartido,72,758,14,10,0.1944
1949,28,7,14,1,7,Positivo,#Mundial2026,178,2140,28,20,0.1573
1950,158,4,9,3,14,Positivo,#GoleoElEquipo,83,1122,9,10,0.1084
1951,189,4,9,5,1,Positivo,#DiaDePartido,62,511,4,10,0.0645
1952,147,11,23,2,15,Neutro,#GoleoElEquipo,38,399,2,2,0.0526
1953,263,9,20,2,2,Neutro,#VamosSeleccion,185,2013,17,4,0.0919
1954,1,9,19,2,9,Negativo,#FanaticoDelFutbol,266,2483,39,45,0.1466
1955,98,9,19,1,9,Negativo,#VamosSeleccion,26,336,3,4,0.1154
1956,34,5,12,1,17,Positivo,#Mundial2026,187,1559,35,9,0.1872
1957,358,10,22,2,13,Positivo,#VamosSeleccion,301,3050,53,40,0.1761
1958,154,12,26,4,5,Neutro,#DiaDePartido,162,1762,32,17,0.1975
1959,279,2,4,3,6,Negativo,#VamosSeleccion,134,1922,31,8,0.2313
1960,358,15,32,2,20,Positivo,#VamosSeleccion,209,1874,43,22,0.2057
1961,78,6,13,1,1,Positivo,#RumboAlMundial,435,6274,96,8,0.2207
1962,352,6,13,3,16,Positivo,#RumboAlMundial,735,6884,49,127,0.0667
1963,307,5,11,4,6,Neutro,#Mundial2026,35,359,4,3,0.1143
1964,84,4,9,4,8,Positivo,#GoleoElEquipo,230,2203,15,7,0.0652
1965,362,5,11,4,16,Positivo,#Mundial2026,217,2019,29,14,0.1336
1966,15,15,31,3,3,Positivo,#DiaDePartido,33,489,3,4,0.0909
1967,353,7,15,2,6,Neutro,#DiaDePartido,28,282,6,4,0.2143
1968,15,15,31,1,20,Positivo,#Campeones,381,3692,90,51,0.2362
1969,18,11,24,5,10,Negativo,#FutbolTotal,257,2522,31,5,0.1206
1970,9,4,9,3,16,Negativo,#Mundial2026,160,1401,16,15,0.1
1971,127,13,27,1,16,Negativo,#FutbolTotal,226,2196,34,25,0.1504
1972,194,4,9,1,20,Positivo,#DiaDePartido,202,2524,20,13,0.099
1973,98,4,9,2,16,Positivo,#FutbolTotal,383,3094,37,40,0.0966
1974,89,9,20,1,9,Neutro,#RumboAlMundial,99,1354,19,17,0.1919
1975,91,4,9,3,9,Positivo,#FutbolTotal,345,3691,64,22,0.1855
1976,129,5,12,2,18,Negativo,#Mundial2026,141,2000,9,23,0.0638
1977,203,9,20,5,8,Negativo,#FanaticoDelFutbol,216,2003,41,24,0.1898
1978,344,4,10,4,4,Negativo,#Mundial2026,441,4453,38,78,0.0862
1979,63,6,13,2,13,Neutro,#GoleoElEquipo,304,2540,28,28,0.0921
1980,181,9,19,2,9,Negativo,#DiaDePartido,386,4465,73,20,0.1891
1981,266,9,19,5,8,Positivo,#Campeones,45,492,8,7,0.1778
1982,32,13,28,2,14,Negativo,#GoleoElEquipo,104,1031,7,8,0.0673
1983,250,5,12,2,20,Positivo,#Mundial2026,134,1828,7,20,0.0522
1984,126,9,20,2,15,Positivo,#FutbolTotal,444,4898,24,21,0.0541
1985,196,3,8,2,3,Neutro,#FutbolTotal,169,1790,30,20,0.1775
1986,202,4,10,1,18,Negativo,#GoleoElEquipo,256,2708,45,8,0.1758
1987,111,9,19,5,8,Positivo,#DiaDePartido,74,665,12,4,0.1622
1988,188,5,11,5,7,Neutro,#Campeones,615,5322,80,104,0.1301
1989,283,13,27,5,8,Negativo,#FanaticoDelFutbol,55,447,11,5,0.2
1990,358,13,27,3,3,Positivo,#RumboAlMundial,235,3304,17,30,0.0723
1991,47,1,3,3,1,Negativo,#DiaDePartido,492,4733,64,67,0.1301
1992,41,5,11,5,17,Positivo,#Campeones,658,8040,65,90,0.0988
1993,105,8,17,4,11,Positivo,#Mundial2026,23,305,1,1,0.0435
1994,21,4,9,2,15,Neutro,#Mundial2026,107,1019,17,6,0.1589
1995,48,6,13,3,8,Neutro,#VamosSeleccion,184,2254,40,3,0.2174
1996,173,4,10,5,11,Positivo,#DiaDePartido,95,1049,5,7,0.0526
1997,21,15,32,4,20,Positivo,#FutbolTotal,383,5640,61,15,0.1593
1998,179,12,25,5,19,Positivo,#DiaDePartido,212,2270,31,23,0.1462
1999,177,13,28,5,2,Positivo,#Mundial2026,546,6447,109,37,0.1996
2000,132,14,29,3,13,Positivo,#GoleoElEquipo,45,651,5,5,0.1111
2001,112,14,29,5,19,Positivo,#VamosSeleccion,245,3215,32,32,0.1306
2002,183,11,23,1,11,Positivo,#Mundial2026,77,1125,14,13,0.1818
2003,107,1,1,4,5,Negativo,#RumboAlMundial,69,991,8,11,0.1159
2004,47,15,32,5,1,Neutro,#RumboAlMundial,800,11519,162,100,0.2025
2005,279,3,7,3,17,Neutro,#FutbolTotal,84,1182,6,14,0.0714
2006,203,9,20,1,7,Positivo,#Campeones,227,2698,23,20,0.1013
2007,70,13,27,5,13,Neutro,#DiaDePartido,250,2079,51,31,0.204
2008,138,5,11,5,17,Negativo,#FanaticoDelFutbol,9,104,0,1,0.0
2009,220,1,1,4,20,Positivo,#RumboAlMundial,923,12268,199,108,0.2156
2010,266,5,12,1,18,Neutro,#VamosSeleccion,607,5575,133,86,0.2191
2011,357,1,3,2,1,Neutro,#GoleoElEquipo,67,584,13,1,0.194
2012,329,14,29,2,18,Neutro,#VamosSeleccion,118,1311,24,11,0.2034
2013,319,4,9,1,15,Neutro,#Campeones,198,2703,14,33,0.0707
2014,258,4,9,1,9,Positivo,#Campeones,301,3392,35,30,0.1163
2015,302,7,14,1,4,Negativo,#VamosSeleccion,137,1916,32,7,0.2336
2016,202,3,8,3,16,Neutro,#GoleoElEquipo,271,3589,63,6,0.2325
2017,196,6,13,1,5,Negativo,#FutbolTotal,379,5533,30,61,0.0792
2018,83,13,28,1,3,Positivo,#Campeones,129,1464,17,10,0.1318
2019,168,5,11,5,14,Negativo,#Mundial2026,136,1225,31,23,0.2279
2020,208,4,10,5,16,Positivo,#Mundial2026,67,857,12,10,0.1791
2021,142,11,23,1,10,Negativo,#GoleoElEquipo,240,2414,42,7,0.175
2022,183,4,9,1,16,Positivo,#Mundial2026,241,2244,43,20,0.1784
2023,309,9,20,5,1,Neutro,#RumboAlMundial,133,1667,27,4,0.203
2024,28,4,9,1,15,Neutro,#Mundial2026,164,2174,21,13,0.128
2025,363,1,1,3,2,Positivo,#FanaticoDelFutbol,665,9746,135,67,0.203
2026,356,9,19,3,8,Negativo,#Mundial2026,308,3180,57,11,0.1851
2027,333,1,1,2,13,Neutro,#Mundial2026,34,422,7,3,0.2059
2028,236,14,29,3,7,Negativo,#Mundial2026,10,106,1,0,0.1
2029,33,4,10,3,16,Neutro,#GoleoElEquipo,80,904,4,8,0.05
2030,315,5,12,5,1,Positivo,#Mundial2026,167,1797,30,8,0.1796
2031,141,14,30,5,17,Negativo,#VamosSeleccion,10,134,1,0,0.1
2032,50,1,1,1,2,Neutro,#GoleoElEquipo,69,892,8,11,0.1159
2033,175,8,17,3,14,Negativo,#FanaticoDelFutbol,57,689,10,6,0.1754
2034,218,1,2,4,2,Neutro,#RumboAlMundial,52,458,5,3,0.0962
2035,219,4,9,5,10,Negativo,#DiaDePartido,56,585,10,2,0.1786
2036,174,12,26,5,19,Negativo,#FanaticoDelFutbol,83,863,19,11,0.2289
2037,161,7,14,2,6,Positivo,#FutbolTotal,121,1111,17,17,0.1405
2038,253,8,18,1,14,Neutro,#Mundial2026,77,1108,8,10,0.1039
2039,156,1,1,3,1,Neutro,#Mundial2026,482,4273,98,53,0.2033
2040,318,9,20,3,13,Positivo,#VamosSeleccion,343,3994,40,39,0.1166
2041,314,3,8,5,17,Neutro,#DiaDePartido,121,1374,16,12,0.1322
2042,40,8,17,5,14,Negativo,#Mundial2026,118,1444,27,9,0.2288
2043,168,5,11,3,18,Neutro,#Campeones,170,1903,38,29,0.2235
2044,214,2,6,1,2,Neutro,#DiaDePartido,274,2394,28,7,0.1022
2045,153,9,19,5,7,Neutro,#DiaDePartido,74,683,16,2,0.2162
2046,281,8,18,5,14,Positivo,#Mundial2026,445,4992,45,72,0.1011
2047,8,8,17,2,14,Positivo,#Mundial2026,396,4344,32,11,0.0808
2048,122,8,18,1,19,Neutro,#FanaticoDelFutbol,143,1743,22,14,0.1538
2049,279,9,20,5,8,Positivo,#RumboAlMundial,855,8241,195,78,0.2281
2050,65,8,18,4,14,Positivo,#VamosSeleccion,1814,18769,296,108,0.1632
2051,99,9,19,1,9,Positivo,#GoleoElEquipo,92,1322,11,12,0.1196
2052,64,15,31,1,3,Positivo,#FanaticoDelFutbol,170,1530,34,6,0.2
2053,136,2,5,3,11,Negativo,#GoleoElEquipo,447,5962,59,26,0.132
2054,130,4,10,1,15,Positivo,#VamosSeleccion,110,1184,12,9,0.1091
2055,27,9,20,5,12,Neutro,#Campeones,223,3301,43,26,0.1928
2056,3,7,14,1,7,Neutro,#VamosSeleccion,181,1832,28,30,0.1547
2057,252,5,11,2,2,Positivo,#FutbolTotal,1088,15486,83,87,0.0763
2058,212,5,12,2,17,Negativo,#FutbolTotal,46,573,8,3,0.1739
2059,365,9,19,3,8,Positivo,#DiaDePartido,1022,10760,250,140,0.2446
2060,186,9,20,1,1,Neutro,#Mundial2026,193,2598,19,32,0.0984
2061,70,7,16,4,5,Positivo,#VamosSeleccion,72,1026,16,11,0.2222
2062,365,4,9,2,1,Positivo,#Mundial2026,55,722,7,6,0.1273
2063,281,5,11,2,17,Neutro,#FutbolTotal,139,1857,16,11,0.1151
2064,107,13,28,3,12,Negativo,#RumboAlMundial,305,3097,44,51,0.1443
2065,330,5,11,1,17,Neutro,#Mundial2026,255,2967,20,23,0.0784
2066,169,1,2,5,2,Negativo,#VamosSeleccion,135,1975,12,4,0.0889
2067,34,1,1,5,3,Neutro,#DiaDePartido,291,2595,48,23,0.1649
2068,87,7,15,3,20,Neutro,#DiaDePartido,365,3075,87,56,0.2384
2069,17,1,3,2,4,Positivo,#Mundial2026,362,3220,19,62,0.0525
2070,176,4,10,1,16,Neutro,#Mundial2026,113,1307,14,11,0.1239
2071,94,7,16,1,13,Negativo,#FanaticoDelFutbol,401,3668,30,42,0.0748
2072,295,12,25,5,19,Positivo,#RumboAlMundial,201,2427,25,22,0.1244
2073,120,4,10,1,19,Negativo,#Mundial2026,95,1289,5,3,0.0526
2074,342,9,19,1,8,Positivo,#VamosSeleccion,139,1946,28,20,0.2014
2075,13,13,28,1,1,Negativo,#Mundial2026,86,1037,13,11,0.1512
2076,122,12,26,4,19,Negativo,#FanaticoDelFutbol,247,3193,26,31,0.1053
2077,22,11,24,2,11,Positivo,#DiaDePartido,17,177,2,0,0.1176
2078,62,4,9,2,7,Positivo,#GoleoElEquipo,213,2647,30,26,0.1408
2079,216,2,4,1,16,Neutro,#VamosSeleccion,70,725,6,12,0.0857
2080,39,5,11,2,11,Neutro,#VamosSeleccion,52,436,6,2,0.1154
2081,281,12,26,2,19,Negativo,#Campeones,152,2169,9,13,0.0592
2082,14,2,4,1,6,Positivo,#DiaDePartido,64,517,15,11,0.2344
2083,364,5,11,5,12,Positivo,#Mundial2026,66,790,15,7,0.2273
2084,204,8,17,2,14,Positivo,#RumboAlMundial,1125,14973,253,36,0.2249
2085,153,7,14,2,9,Neutro,#VamosSeleccion,251,2033,49,14,0.1952
2086,266,5,12,3,13,Positivo,#Mundial2026,58,830,13,5,0.2241
2087,301,2,4,1,6,Neutro,#Mundial2026,225,3306,11,37,0.0489
2088,101,7,16,2,6,Positivo,#RumboAlMundial,226,1947,46,15,0.2035
2089,165,1,2,3,11,Neutro,#GoleoElEquipo,261,3396,64,18,0.2452
2090,104,11,23,1,17,Positivo,#VamosSeleccion,1655,13974,322,101,0.1946
2091,237,8,18,1,3,Negativo,#VamosSeleccion,138,1828,32,12,0.2319
2092,84,11,23,2,10,Positivo,#VamosSeleccion,203,2505,21,11,0.1034
2093,226,2,5,2,11,Neutro,#VamosSeleccion,166,2199,35,4,0.2108
2094,36,1,3,4,20,Positivo,#DiaDePartido,567,5476,130,82,0.2293
2095,301,8,18,1,14,Positivo,#DiaDePartido,102,919,21,4,0.2059
2096,168,11,24,1,11,Positivo,#VamosSeleccion,96,1118,13,3,0.1354
2097,224,14,29,2,2,Neutro,#DiaDePartido,193,2371,24,14,0.1244
2098,288,5,11,4,17,Positivo,#Campeones,88,963,6,9,0.0682
2099,115,11,24,5,11,Neutro,#FutbolTotal,137,1137,23,9,0.1679
2100,78,1,1,4,1,Positivo,#RumboAlMundial,33,450,8,4,0.2424
2101,56,1,1,5,3,Neutro,#RumboAlMundial,199,2473,32,19,0.1608
2102,169,5,11,1,11,Neutro,#Campeones,159,1612,20,16,0.1258
2103,46,7,14,5,4,Positivo,#Mundial2026,297,4156,39,39,0.1313
2104,112,5,11,2,18,Positivo,#Mundial2026,38,463,5,3,0.1316
2105,117,14,30,1,19,Positivo,#DiaDePartido,697,9919,167,33,0.2396
2106,180,2,4,5,8,Positivo,#FanaticoDelFutbol,526,6999,95,28,0.1806
2107,138,5,12,1,5,Neutro,#FanaticoDelFutbol,766,6413,76,130,0.0992
2108,322,13,28,2,6,Negativo,#FanaticoDelFutbol,379,5216,66,10,0.1741
2109,267,14,29,1,6,Negativo,#VamosSeleccion,86,1157,17,4,0.1977
2110,168,4,10,1,15,Positivo,#Campeones,147,1749,8,16,0.0544
2111,205,1,1,2,1,Positivo,#FutbolTotal,104,993,15,11,0.1442
2112,218,5,11,3,18,Positivo,#RumboAlMundial,51,700,8,5,0.1569
2113,201,7,15,1,4,Positivo,#FutbolTotal,202,2802,17,27,0.0842
2114,185,12,26,2,19,Neutro,#GoleoElEquipo,678,6062,132,114,0.1947
2115,212,4,10,4,17,Negativo,#Mundial2026,158,2295,32,19,0.2025
2116,153,9,19,1,7,Positivo,#DiaDePartido,15,132,0,1,0.0
2117,140,2,5,5,16,Positivo,#Mundial2026,24,274,5,1,0.2083
2118,351,1,1,4,17,Neutro,#Mundial2026,62,625,15,9,0.2419
2119,233,4,10,5,12,Neutro,#VamosSeleccion,211,2716,49,19,0.2322
2120,36,8,18,3,14,Positivo,#DiaDePartido,254,3391,20,38,0.0787
2121,329,11,24,5,11,Negativo,#GoleoElEquipo,38,495,8,4,0.2105
2122,345,11,24,5,11,Positivo,#FanaticoDelFutbol,4482,36559,226,499,0.0504
2123,146,5,12,2,18,Positivo,#GoleoElEquipo,90,1133,16,5,0.1778
2124,305,4,10,1,16,Positivo,#DiaDePartido,552,5084,89,39,0.1612
2125,322,4,9,3,15,Negativo,#RumboAlMundial,2155,25001,261,53,0.1211
2126,305,4,9,3,2,Positivo,#RumboAlMundial,103,1044,24,11,0.233
2127,55,11,23,4,9,Neutro,#Mundial2026,475,6074,61,70,0.1284
2128,290,7,15,3,10,Positivo,#Campeones,1016,13760,156,107,0.1535
2129,335,11,24,5,10,Positivo,#RumboAlMundial,57,526,6,4,0.1053
2130,28,9,19,5,15,Positivo,#VamosSeleccion,10,103,2,0,0.2
2131,251,12,26,2,15,Neutro,#VamosSeleccion,87,1304,5,5,0.0575
2132,91,1,1,4,19,Positivo,#FanaticoDelFutbol,126,1453,28,12,0.2222
2133,224,8,18,1,12,Negativo,#VamosSeleccion,301,4247,66,6,0.2193
2134,350,9,20,2,8,Positivo,#FanaticoDelFutbol,639,5525,106,63,0.1659
2135,95,5,12,1,17,Neutro,#GoleoElEquipo,52,427,3,2,0.0577
2136,126,5,11,5,3,Negativo,#Mundial2026,156,2332,12,27,0.0769
2137,208,4,10,1,16,Neutro,#DiaDePartido,1197,10223,233,119,0.1947
2138,257,7,14,2,1,Neutro,#DiaDePartido,112,1049,8,9,0.0714
2139,236,8,18,4,8,Positivo,#Mundial2026,35,355,4,3,0.1143
2140,41,1,1,2,3,Negativo,#DiaDePartido,149,1400,10,25,0.0671
2141,224,14,29,1,14,Neutro,#Campeones,32,475,5,1,0.1562
2142,195,7,16,1,4,Positivo,#GoleoElEquipo,75,674,17,4,0.2267
2143,46,9,19,1,9,Positivo,#DiaDePartido,53,527,12,6,0.2264
2144,169,6,13,5,12,Negativo,#RumboAlMundial,33,355,4,2,0.1212
2145,39,15,31,5,19,Neutro,#Mundial2026,165,2255,38,21,0.2303
2146,103,4,10,1,16,Neutro,#DiaDePartido,164,1955,10,11,0.061
2147,125,9,19,5,7,Negativo,#VamosSeleccion,96,1084,17,11,0.1771
2148,166,4,9,1,16,Negativo,#VamosSeleccion,352,4401,66,52,0.1875
2149,113,11,24,2,11,Positivo,#VamosSeleccion,337,2930,69,48,0.2047
2150,267,9,20,4,7,Positivo,#GoleoElEquipo,525,5524,129,16,0.2457
2151,99,12,25,1,19,Neutro,#FutbolTotal,644,9654,141,43,0.2189
2152,29,1,1,2,1,Neutro,#GoleoElEquipo,467,6347,38,46,0.0814
2153,151,3,7,5,8,Positivo,#Mundial2026,324,3165,51,11,0.1574
2154,224,14,30,1,9,Positivo,#FutbolTotal,90,783,12,5,0.1333
2155,248,14,29,1,19,Positivo,#FutbolTotal,132,1139,6,9,0.0455
2156,11,10,22,2,12,Neutro,#Campeones,60,865,6,9,0.1
2157,280,1,2,1,1,Positivo,#DiaDePartido,322,4388,71,34,0.2205
2158,218,6,13,1,6,Negativo,#GoleoElEquipo,274,3607,14,16,0.0511
2159,356,5,11,1,14,Neutro,#RumboAlMundial,242,3220,55,31,0.2273
2160,242,7,14,5,5,Negativo,#RumboAlMundial,1642,14275,163,62,0.0993
2161,288,1,2,5,11,Positivo,#RumboAlMundial,130,1427,19,8,0.1462
2162,135,13,28,2,3,Positivo,#Mundial2026,118,1008,25,4,0.2119
2163,140,5,11,1,18,Neutro,#DiaDePartido,95,984,23,12,0.2421
2164,312,9,20,1,11,Positivo,#RumboAlMundial,629,6821,143,42,0.2273
2165,151,1,1,2,2,Neutro,#Mundial2026,359,3821,28,46,0.078
2166,300,7,15,5,20,Neutro,#FanaticoDelFutbol,198,1709,14,17,0.0707
2167,22,10,22,2,11,Positivo,#DiaDePartido,99,971,7,12,0.0707
2168,79,10,22,1,13,Negativo,#VamosSeleccion,68,891,8,10,0.1176
2169,10,4,10,2,20,Neutro,#FutbolTotal,337,3508,64,20,0.1899
2170,62,1,1,1,1,Negativo,#RumboAlMundial,184,1870,10,4,0.0543
2171,12,6,13,5,7,Neutro,#GoleoElEquipo,280,4179,56,12,0.2
2172,215,1,3,2,3,Positivo,#VamosSeleccion,157,2048,19,3,0.121
2173,139,7,16,4,5,Neutro,#VamosSeleccion,245,2678,27,5,0.1102
2174,365,9,20,5,9,Positivo,#Campeones,70,1010,16,7,0.2286
2175,8,1,3,2,1,Neutro,#VamosSeleccion,380,4221,47,45,0.1237
2176,57,5,12,1,18,Neutro,#RumboAlMundial,164,1908,34,8,0.2073
2177,110,10,22,1,13,Neutro,#FanaticoDelFutbol,200,1951,36,23,0.18
2178,21,3,8,5,6,Negativo,#GoleoElEquipo,63,925,6,4,0.0952
2179,42,14,29,4,6,Neutro,#Mundial2026,601,8102,97,98,0.1614
2180,106,5,12,2,17,Neutro,#FutbolTotal,57,649,7,4,0.1228
2181,105,9,20,3,19,Negativo,#Mundial2026,388,3176,84,43,0.2165
2182,358,9,19,5,8,Neutro,#FutbolTotal,257,2065,45,41,0.1751
2183,126,7,15,3,8,Positivo,#GoleoElEquipo,71,687,14,3,0.1972
2184,30,2,5,1,7,Negativo,#GoleoElEquipo,96,1010,21,10,0.2188
2185,310,7,15,4,10,Negativo,#Mundial2026,59,881,7,7,0.1186
2186,263,12,26,4,19,Negativo,#DiaDePartido,86,713,13,15,0.1512
2187,353,10,21,3,12,Positivo,#Mundial2026,141,1638,11,24,0.078
2188,105,12,26,1,15,Positivo,#GoleoElEquipo,225,3285,17,30,0.0756
2189,105,7,15,2,5,Neutro,#Mundial2026,13,105,2,1,0.1538
2190,94,4,10,2,3,Negativo,#FanaticoDelFutbol,998,13042,152,150,0.1523
2191,165,13,27,4,12,Positivo,#GoleoElEquipo,617,5664,63,85,0.1021
2192,310,10,22,1,13,Neutro,#GoleoElEquipo,94,894,5,11,0.0532
2193,239,5,12,2,18,Positivo,#Mundial2026,49,501,10,6,0.2041
2194,300,4,9,3,15,Negativo,#DiaDePartido,1139,16094,160,96,0.1405
2195,253,7,14,2,6,Neutro,#Mundial2026,176,2159,15,11,0.0852
2196,316,7,16,3,5,Positivo,#Mundial2026,147,2028,31,3,0.2109
2197,245,5,11,2,3,Positivo,#DiaDePartido,10,148,1,1,0.1
2198,263,10,22,1,13,Positivo,#Mundial2026,163,1361,15,26,0.092
2199,188,4,10,4,11,Positivo,#FutbolTotal,100,1193,18,7,0.18
2200,39,3,8,2,13,Positivo,#VamosSeleccion,168,1751,38,25,0.2262
2201,181,4,9,2,13,Neutro,#GoleoElEquipo,17,226,1,0,0.0588
2202,288,6,13,5,1,Negativo,#DiaDePartido,256,2245,33,14,0.1289
2203,1,4,9,4,15,Negativo,#DiaDePartido,270,3723,47,28,0.1741
2204,314,5,11,4,5,Positivo,#GoleoElEquipo,105,1234,23,18,0.219
2205,342,4,9,1,15,Negativo,#VamosSeleccion,221,2870,12,15,0.0543
2206,362,2,6,2,7,Neutro,#DiaDePartido,838,10859,41,134,0.0489
2207,344,1,2,2,11,Negativo,#VamosSeleccion,67,706,6,7,0.0896
2208,53,7,14,2,5,Neutro,#FutbolTotal,325,3219,42,52,0.1292
2209,134,11,24,1,11,Neutro,#DiaDePartido,57,707,6,4,0.1053
2210,281,2,6,3,7,Negativo,#VamosSeleccion,196,1981,13,21,0.0663
2211,358,15,32,1,9,Positivo,#VamosSeleccion,158,1460,13,7,0.0823
2212,15,9,20,2,19,Positivo,#Campeones,195,2703,42,22,0.2154
2213,148,9,19,4,9,Positivo,#FutbolTotal,1435,15204,250,84,0.1742
2214,351,5,11,5,18,Negativo,#Mundial2026,2286,29219,500,411,0.2187
2215,351,4,9,1,16,Negativo,#VamosSeleccion,932,8408,57,127,0.0612
2216,344,7,14,1,3,Positivo,#VamosSeleccion,172,1507,22,23,0.1279
2217,113,13,27,4,16,Neutro,#VamosSeleccion,79,973,17,6,0.2152
2218,57,5,11,2,11,Positivo,#Mundial2026,330,3945,73,54,0.2212
2219,342,6,13,2,8,Neutro,#GoleoElEquipo,77,917,13,9,0.1688
2220,39,11,24,2,11,Positivo,#FutbolTotal,1355,15821,321,52,0.2369
2221,230,9,19,1,8,Positivo,#DiaDePartido,233,2303,12,33,0.0515
2222,190,15,31,4,20,Neutro,#GoleoElEquipo,132,1437,12,3,0.0909
2223,271,8,17,4,14,Neutro,#Mundial2026,688,7218,129,120,0.1875
2224,102,11,23,1,10,Positivo,#Mundial2026,43,484,2,1,0.0465
2225,196,5,12,1,17,Negativo,#Mundial2026,71,873,9,6,0.1268
2226,78,9,20,5,9,Neutro,#FutbolTotal,339,3918,65,35,0.1917
2227,21,2,5,5,18,Negativo,#Mundial2026,212,2963,49,36,0.2311
2228,19,12,26,2,19,Neutro,#FanaticoDelFutbol,226,2699,54,32,0.2389
2229,76,13,28,3,5,Neutro,#FutbolTotal,216,1966,21,22,0.0972
2230,134,7,15,5,5,Neutro,#GoleoElEquipo,542,6708,51,40,0.0941
2231,57,11,23,4,10,Positivo,#GoleoElEquipo,1176,10074,142,196,0.1207
2232,8,11,23,2,3,Neutro,#DiaDePartido,543,7492,127,44,0.2339
2233,57,3,7,2,4,Positivo,#Mundial2026,374,4161,26,42,0.0695
2234,62,5,11,4,9,Negativo,#FanaticoDelFutbol,48,697,6,5,0.125
2235,41,4,9,1,3,Neutro,#Mundial2026,279,3444,23,16,0.0824
2236,283,11,23,5,11,Negativo,#FutbolTotal,276,3041,32,25,0.1159
2237,134,5,11,1,17,Positivo,#FutbolTotal,422,4140,69,72,0.1635
2238,259,4,10,4,10,Positivo,#VamosSeleccion,408,3625,80,22,0.1961
2239,359,4,9,1,3,Negativo,#Campeones,40,342,3,3,0.075
2240,94,3,7,1,9,Neutro,#VamosSeleccion,29,352,1,5,0.0345
2241,92,1,2,5,2,Positivo,#FanaticoDelFutbol,561,7353,138,35,0.246
2242,39,7,16,2,4,Positivo,#FutbolTotal,303,3228,35,43,0.1155
2243,203,10,22,1,12,Positivo,#Campeones,25,285,2,3,0.08
2244,266,7,16,5,4,Positivo,#Mundial2026,456,5252,36,45,0.0789
2245,361,9,20,4,9,Neutro,#FanaticoDelFutbol,218,2720,47,29,0.2156
2246,215,13,28,5,15,Positivo,#VamosSeleccion,289,3869,59,37,0.2042
2247,76,15,31,1,20,Negativo,#DiaDePartido,696,9145,110,78,0.158
2248,309,6,13,1,5,Positivo,#FanaticoDelFutbol,455,5112,106,69,0.233
2249,198,9,20,1,19,Positivo,#DiaDePartido,221,1791,25,10,0.1131
2250,67,4,10,3,16,Neutro,#Mundial2026,302,3618,17,21,0.0563
2251,106,1,2,1,1,Positivo,#DiaDePartido,2757,25335,416,184,0.1509
2252,241,1,3,2,6,Neutro,#FutbolTotal,159,1754,28,10,0.1761
2253,219,4,9,1,13,Neutro,#FutbolTotal,433,4024,101,25,0.2333
2254,273,4,10,4,16,Positivo,#VamosSeleccion,108,1180,26,9,0.2407
2255,344,13,27,1,13,Neutro,#Campeones,45,573,10,5,0.2222
2256,134,7,16,1,6,Negativo,#DiaDePartido,65,658,10,6,0.1538
2257,207,14,29,1,7,Positivo,#FanaticoDelFutbol,50,423,3,1,0.06
2258,79,1,3,3,2,Neutro,#Campeones,19,206,4,1,0.2105
2259,65,11,24,5,18,Negativo,#RumboAlMundial,58,552,7,7,0.1207
2260,97,5,12,5,18,Positivo,#DiaDePartido,1104,11540,146,59,0.1322
2261,22,1,1,4,2,Positivo,#GoleoElEquipo,350,4571,86,31,0.2457
2262,225,9,20,1,18,Positivo,#VamosSeleccion,469,4457,35,45,0.0746
2263,130,5,12,5,17,Negativo,#FanaticoDelFutbol,273,3061,66,48,0.2418
2264,301,5,11,5,4,Positivo,#GoleoElEquipo,346,4534,73,44,0.211
2265,320,15,31,5,20,Positivo,#Mundial2026,846,11305,175,66,0.2069
2266,239,10,21,2,18,Negativo,#FutbolTotal,152,1642,21,22,0.1382
2267,151,3,8,3,9,Positivo,#DiaDePartido,1303,17589,98,133,0.0752
2268,258,7,14,3,6,Positivo,#VamosSeleccion,107,937,8,5,0.0748
2269,8,9,20,4,8,Positivo,#DiaDePartido,28,268,2,4,0.0714
2270,341,9,20,1,11,Neutro,#Campeones,84,762,9,8,0.1071
2271,262,5,12,4,8,Neutro,#FutbolTotal,87,953,10,9,0.1149
2272,137,3,7,5,9,Neutro,#Campeones,961,8278,157,34,0.1634
2273,253,3,8,2,7,Negativo,#FutbolTotal,255,3142,63,43,0.2471
2274,99,9,19,2,9,Negativo,#FutbolTotal,105,893,9,7,0.0857
2275,104,7,16,1,15,Negativo,#GoleoElEquipo,607,8638,111,84,0.1829
2276,12,12,26,5,19,Negativo,#Mundial2026,419,4785,96,66,0.2291
2277,118,4,9,2,16,Positivo,#GoleoElEquipo,223,1913,24,22,0.1076
2278,140,5,11,2,13,Neutro,#RumboAlMundial,133,1910,30,10,0.2256
2279,132,4,9,5,15,Positivo,#FutbolTotal,78,802,10,10,0.1282
2280,24,10,21,4,12,Positivo,#RumboAlMundial,24,232,3,3,0.125
2281,342,1,3,2,16,Negativo,#GoleoElEquipo,112,1455,13,5,0.1161
2282,223,9,19,1,8,Positivo,#GoleoElEquipo,74,1077,15,7,0.2027
2283,350,1,1,2,2,Negativo,#VamosSeleccion,523,4683,87,43,0.1663
2284,363,15,31,4,20,Positivo,#FanaticoDelFutbol,622,7558,101,80,0.1624
2285,205,14,29,1,11,Positivo,#VamosSeleccion,138,1220,14,17,0.1014
2286,240,1,3,2,3,Negativo,#RumboAlMundial,77,733,12,10,0.1558
2287,309,7,16,2,4,Negativo,#VamosSeleccion,323,4513,31,14,0.096
2288,364,7,15,1,14,Neutro,#Mundial2026,429,4099,52,70,0.1212
2289,57,1,2,3,1,Negativo,#DiaDePartido,184,2481,15,14,0.0815
2290,316,8,17,3,4,Neutro,#FutbolTotal,284,2279,22,49,0.0775
2291,36,6,13,5,16,Neutro,#Campeones,431,4198,97,17,0.2251
2292,224,13,28,1,19,Negativo,#VamosSeleccion,452,4096,34,64,0.0752
2293,336,4,9,2,2,Positivo,#Mundial2026,630,6453,102,61,0.1619
2294,283,3,7,5,20,Positivo,#Mundial2026,46,558,5,4,0.1087
2295,78,7,15,1,6,Positivo,#VamosSeleccion,9,132,1,1,0.1111
2296,100,8,18,5,14,Neutro,#Mundial2026,110,1089,15,18,0.1364
2297,189,1,3,1,3,Positivo,#GoleoElEquipo,135,1278,9,7,0.0667
2298,43,5,11,1,7,Neutro,#Campeones,49,588,5,6,0.102
2299,96,3,7,2,20,Positivo,#FutbolTotal,30,350,4,1,0.1333
2300,285,11,24,4,12,Neutro,#VamosSeleccion,1327,13057,294,76,0.2216
2301,259,1,2,1,2,Negativo,#RumboAlMundial,105,1125,16,15,0.1524
2302,321,1,2,2,2,Neutro,#FutbolTotal,49,648,5,8,0.102
2303,337,5,11,1,6,Negativo,#FanaticoDelFutbol,134,1419,13,13,0.097
2304,76,11,24,1,19,Neutro,#VamosSeleccion,106,1208,22,9,0.2075
2305,182,1,3,4,4,Negativo,#Mundial2026,65,778,9,6,0.1385
2306,182,7,16,1,4,Positivo,#FutbolTotal,38,550,4,1,0.1053
2307,322,15,32,5,20,Neutro,#FutbolTotal,224,2971,38,27,0.1696
2308,274,2,4,3,20,Positivo,#VamosSeleccion,39,555,5,1,0.1282
2309,182,2,5,2,10,Positivo,#DiaDePartido,197,2772,32,23,0.1624
2310,361,5,12,2,17,Neutro,#FanaticoDelFutbol,118,1448,11,9,0.0932
2311,43,8,17,5,14,Positivo,#VamosSeleccion,1110,15686,209,56,0.1883
2312,294,13,27,1,18,Neutro,#FutbolTotal,95,1295,8,7,0.0842
2313,323,2,5,2,3,Neutro,#FutbolTotal,484,5768,59,79,0.1219
2314,133,14,29,2,15,Neutro,#RumboAlMundial,94,1167,12,11,0.1277
2315,148,5,11,5,19,Neutro,#DiaDePartido,51,668,10,3,0.1961
2316,26,10,21,1,13,Negativo,#RumboAlMundial,211,2939,39,13,0.1848
2317,267,3,7,2,13,Neutro,#VamosSeleccion,446,4546,68,38,0.1525
2318,358,4,10,2,13,Neutro,#FanaticoDelFutbol,307,2924,21,32,0.0684
2319,57,15,32,3,20,Neutro,#FutbolTotal,75,1093,10,11,0.1333
2320,213,4,9,2,15,Neutro,#Mundial2026,634,5468,125,19,0.1972
2321,298,4,9,5,15,Neutro,#RumboAlMundial,115,1125,23,13,0.2
2322,336,10,21,2,19,Neutro,#Mundial2026,353,3380,69,26,0.1955
2323,134,1,3,2,2,Neutro,#VamosSeleccion,71,919,16,6,0.2254
2324,134,7,14,5,6,Neutro,#DiaDePartido,77,956,18,11,0.2338
2325,347,5,12,4,17,Negativo,#DiaDePartido,116,1405,11,12,0.0948
2326,237,5,12,5,18,Negativo,#FutbolTotal,114,1022,13,7,0.114
2327,131,4,10,4,3,Negativo,#GoleoElEquipo,460,5317,76,43,0.1652
2328,112,3,7,4,8,Neutro,#GoleoElEquipo,19,269,2,2,0.1053
2329,285,5,11,2,18,Positivo,#Mundial2026,47,431,9,4,0.1915
2330,204,14,30,3,3,Positivo,#FutbolTotal,154,2091,38,13,0.2468
2331,123,9,20,1,7,Negativo,#RumboAlMundial,246,2962,61,8,0.248
2332,134,15,31,1,13,Positivo,#Campeones,195,2826,43,10,0.2205
2333,126,8,18,1,12,Neutro,#FutbolTotal,122,1232,12,10,0.0984
2334,119,5,11,2,17,Negativo,#VamosSeleccion,79,798,10,13,0.1266
2335,189,4,9,2,8,Positivo,#FutbolTotal,148,1347,10,12,0.0676
2336,224,4,9,2,16,Neutro,#VamosSeleccion,79,790,7,12,0.0886
2337,279,5,12,1,2,Positivo,#Campeones,54,759,5,9,0.0926
2338,57,5,11,5,17,Positivo,#Campeones,126,1518,8,6,0.0635
2339,246,1,2,2,1,Neutro,#Mundial2026,33,299,2,5,0.0606
2340,14,5,11,2,20,Positivo,#FutbolTotal,42,342,4,6,0.0952
2341,23,2,5,2,5,Positivo,#Campeones,199,1768,15,23,0.0754
2342,307,14,30,2,1,Negativo,#Mundial2026,230,2669,20,36,0.087
2343,83,7,14,1,10,Negativo,#RumboAlMundial,214,3126,20,13,0.0935
2344,294,15,32,2,20,Neutro,#FutbolTotal,372,4082,39,35,0.1048
2345,330,14,30,3,11,Neutro,#VamosSeleccion,303,2976,47,32,0.1551
2346,304,12,26,1,19,Neutro,#Mundial2026,35,500,8,2,0.2286
2347,160,7,15,5,6,Negativo,#Mundial2026,253,2481,31,13,0.1225
2348,357,5,11,3,18,Neutro,#Mundial2026,230,2033,49,13,0.213
2349,356,2,4,2,5,Positivo,#RumboAlMundial,165,1614,28,11,0.1697
2350,274,10,22,4,12,Positivo,#RumboAlMundial,201,2253,22,23,0.1095
2351,29,1,3,5,20,Positivo,#VamosSeleccion,87,912,8,10,0.092
2352,256,4,9,2,15,Negativo,#Mundial2026,15,209,1,2,0.0667
2353,74,14,29,1,19,Positivo,#Mundial2026,284,3373,59,29,0.2077
2354,351,10,22,1,13,Negativo,#Mundial2026,116,1238,25,12,0.2155
2355,105,4,10,3,15,Positivo,#GoleoElEquipo,163,2029,31,10,0.1902
2356,218,13,28,2,8,Positivo,#FutbolTotal,140,1843,23,13,0.1643
2357,79,6,13,1,20,Positivo,#FanaticoDelFutbol,520,5225,48,27,0.0923
2358,183,7,16,5,19,Negativo,#VamosSeleccion,134,1331,13,6,0.097
2359,60,15,32,2,20,Positivo,#FanaticoDelFutbol,131,1614,11,10,0.084
2360,141,5,12,1,18,Positivo,#DiaDePartido,658,9755,91,52,0.1383
2361,98,8,17,2,14,Negativo,#Mundial2026,312,3627,37,52,0.1186
2362,127,5,11,5,18,Neutro,#RumboAlMundial,7,63,1,1,0.1429
2363,147,1,3,3,1,Positivo,#DiaDePartido,143,1179,20,3,0.1399
2364,3,1,2,3,6,Positivo,#VamosSeleccion,236,2430,57,40,0.2415
2365,34,1,2,2,13,Positivo,#FanaticoDelFutbol,22,197,4,1,0.1818
2366,315,15,31,1,1,Negativo,#Mundial2026,780,8661,96,123,0.1231
2367,353,4,10,1,15,Positivo,#DiaDePartido,413,5303,69,26,0.1671
2368,33,2,6,5,14,Neutro,#Campeones,213,1943,27,24,0.1268
2369,140,5,12,2,8,Neutro,#GoleoElEquipo,82,729,11,4,0.1341
2370,266,7,15,4,5,Neutro,#FanaticoDelFutbol,31,414,2,3,0.0645
2371,42,10,21,5,12,Positivo,#FutbolTotal,297,3116,31,14,0.1044
2372,11,5,11,2,16,Neutro,#VamosSeleccion,102,1060,21,14,0.2059
2373,189,1,1,1,1,Neutro,#Mundial2026,969,10832,208,24,0.2147
2374,260,5,11,1,17,Positivo,#DiaDePartido,159,2086,20,8,0.1258
2375,127,9,20,4,7,Neutro,#FutbolTotal,220,2845,50,22,0.2273
2376,275,8,17,1,8,Neutro,#DiaDePartido,37,377,2,5,0.0541
2377,111,3,7,1,6,Neutro,#RumboAlMundial,143,2123,13,4,0.0909
2378,120,1,2,4,1,Neutro,#FutbolTotal,326,4294,22,57,0.0675
2379,18,9,19,2,7,Positivo,#RumboAlMundial,278,2358,33,47,0.1187
2380,281,5,11,3,12,Neutro,#VamosSeleccion,276,2450,46,19,0.1667
2381,41,5,12,2,17,Neutro,#DiaDePartido,32,354,4,5,0.125
2382,57,4,9,1,15,Neutro,#Campeones,99,1438,10,15,0.101
2383,47,4,10,4,15,Negativo,#DiaDePartido,304,2784,59,32,0.1941
2384,116,7,14,5,4,Positivo,#GoleoElEquipo,152,1787,31,26,0.2039
2385,323,4,10,4,1,Positivo,#GoleoElEquipo,47,600,9,7,0.1915
2386,57,5,12,4,6,Positivo,#FanaticoDelFutbol,25,222,5,3,0.2
2387,310,7,16,2,4,Neutro,#GoleoElEquipo,1166,11892,236,148,0.2024
2388,228,13,28,2,20,Negativo,#Mundial2026,157,1755,30,21,0.1911
2389,35,6,13,5,1,Positivo,#VamosSeleccion,237,3217,25,36,0.1055
2390,217,1,3,4,3,Neutro,#FutbolTotal,137,1729,21,7,0.1533
2391,148,4,9,1,15,Neutro,#Mundial2026,108,1358,8,18,0.0741
2392,291,15,32,1,1,Neutro,#Mundial2026,26,353,2,2,0.0769
2393,360,5,11,2,8,Negativo,#Mundial2026,32,315,2,2,0.0625
2394,225,3,8,2,15,Neutro,#DiaDePartido,159,1459,30,13,0.1887
2395,251,13,28,3,19,Negativo,#Mundial2026,153,1339,30,17,0.1961
2396,133,4,9,2,5,Neutro,#VamosSeleccion,168,2473,27,4,0.1607
2397,134,11,23,3,5,Positivo,#DiaDePartido,61,567,11,6,0.1803
2398,91,7,16,1,6,Positivo,#FutbolTotal,217,3179,30,7,0.1382
2399,174,9,19,1,9,Negativo,#VamosSeleccion,142,1735,29,14,0.2042
2400,161,6,13,5,6,Positivo,#VamosSeleccion,82,1181,12,7,0.1463
2401,224,1,2,4,2,Positivo,#Mundial2026,72,851,15,8,0.2083
2402,133,3,8,2,10,Neutro,#VamosSeleccion,46,549,6,7,0.1304
2403,102,2,4,1,3,Neutro,#VamosSeleccion,165,2383,11,26,0.0667
2404,50,7,15,5,4,Negativo,#FutbolTotal,20,163,1,1,0.05
2405,76,5,12,5,11,Neutro,#FanaticoDelFutbol,160,1349,11,22,0.0688
2406,233,11,24,5,9,Negativo,#VamosSeleccion,12,115,1,0,0.0833
2407,84,7,16,2,4,Positivo,#RumboAlMundial,202,2666,46,35,0.2277
2408,35,4,10,4,4,Positivo,#GoleoElEquipo,45,516,3,1,0.0667
2409,43,7,14,3,4,Neutro,#DiaDePartido,518,6082,92,92,0.1776
2410,316,13,28,4,10,Negativo,#Mundial2026,316,3816,19,6,0.0601
2411,295,9,19,2,9,Neutro,#VamosSeleccion,152,1479,9,7,0.0592
2412,312,13,27,1,16,Positivo,#FutbolTotal,71,627,5,12,0.0704
2413,121,5,12,4,17,Positivo,#VamosSeleccion,256,2529,23,24,0.0898
2414,194,14,30,5,12,Positivo,#VamosSeleccion,238,2256,13,15,0.0546
2415,104,11,23,4,11,Negativo,#GoleoElEquipo,274,3384,48,22,0.1752
2416,80,10,21,4,12,Positivo,#DiaDePartido,1856,24282,108,47,0.0582
2417,66,5,11,1,18,Neutro,#RumboAlMundial,171,2072,12,12,0.0702
2418,319,5,12,1,6,Neutro,#DiaDePartido,665,7846,61,54,0.0917
2419,164,5,12,4,7,Positivo,#GoleoElEquipo,524,6379,76,11,0.145
2420,61,14,29,2,3,Neutro,#FutbolTotal,1288,18859,79,177,0.0613
2421,225,13,28,2,11,Positivo,#GoleoElEquipo,7,78,0,0,0.0
2422,1,9,20,4,8,Neutro,#GoleoElEquipo,892,8087,172,38,0.1928
2423,200,11,24,4,11,Positivo,#FutbolTotal,318,4571,59,10,0.1855
2424,148,5,12,5,17,Neutro,#Mundial2026,415,5519,43,51,0.1036
2425,263,5,12,1,18,Negativo,#DiaDePartido,246,2243,30,15,0.122
2426,253,5,11,2,17,Negativo,#RumboAlMundial,24,279,1,1,0.0417
2427,172,1,2,5,1,Positivo,#DiaDePartido,24,329,2,3,0.0833
2428,197,12,26,3,19,Positivo,#DiaDePartido,703,9307,132,66,0.1878
2429,267,8,17,2,4,Positivo,#FanaticoDelFutbol,502,7105,97,66,0.1932
2430,198,7,14,5,5,Negativo,#FanaticoDelFutbol,23,241,2,0,0.087
2431,267,5,12,3,18,Positivo,#FutbolTotal,62,873,11,8,0.1774
2432,127,3,7,5,18,Neutro,#FutbolTotal,974,9770,170,34,0.1745
2433,113,4,10,1,15,Negativo,#GoleoElEquipo,63,718,13,9,0.2063
2434,228,4,10,3,17,Neutro,#FanaticoDelFutbol,128,1154,27,18,0.2109
2435,282,3,7,2,8,Negativo,#Mundial2026,41,471,6,6,0.1463
2436,341,1,1,1,14,Positivo,#GoleoElEquipo,117,1641,18,11,0.1538
2437,33,8,17,5,14,Positivo,#DiaDePartido,35,367,2,6,0.0571
2438,252,2,6,1,15,Neutro,#Mundial2026,90,806,21,14,0.2333
2439,195,5,12,1,18,Positivo,#VamosSeleccion,118,978,7,6,0.0593
2440,90,1,3,5,3,Positivo,#DiaDePartido,360,3282,20,24,0.0556
2441,28,9,20,2,9,Neutro,#RumboAlMundial,101,1509,25,13,0.2475
2442,260,1,1,3,2,Positivo,#Mundial2026,77,1099,15,2,0.1948
2443,289,6,13,5,9,Positivo,#Mundial2026,105,1080,21,4,0.2
2444,352,4,9,1,15,Neutro,#DiaDePartido,99,1197,10,12,0.101
2445,13,8,17,4,14,Neutro,#RumboAlMundial,272,2251,14,30,0.0515
2446,32,4,9,2,7,Neutro,#Mundial2026,372,4976,53,60,0.1425
2447,314,9,19,3,7,Negativo,#Mundial2026,404,4313,25,16,0.0619
2448,313,7,15,5,15,Neutro,#DiaDePartido,160,1314,17,25,0.1062
2449,113,7,15,4,4,Negativo,#RumboAlMundial,37,297,7,3,0.1892
2450,175,4,9,4,18,Positivo,#Campeones,2229,26045,193,298,0.0866
2451,59,15,31,3,15,Negativo,#Mundial2026,48,643,4,7,0.0833
2452,360,13,28,1,13,Positivo,#DiaDePartido,297,2571,23,51,0.0774
2453,290,1,2,5,1,Neutro,#GoleoElEquipo,262,3201,65,7,0.2481
2454,6,7,15,5,7,Negativo,#Mundial2026,2756,36532,499,132,0.1811
2455,56,1,2,2,11,Neutro,#FanaticoDelFutbol,1957,28494,415,199,0.2121
2456,7,7,15,3,9,Negativo,#FutbolTotal,163,1708,15,15,0.092
2457,293,3,8,2,1,Negativo,#GoleoElEquipo,352,2912,45,8,0.1278
2458,336,6,13,3,18,Negativo,#Mundial2026,56,670,8,7,0.1429
2459,282,5,12,4,6,Negativo,#FanaticoDelFutbol,37,360,8,4,0.2162
2460,141,13,27,1,16,Neutro,#Mundial2026,84,1075,12,5,0.1429
2461,14,9,19,1,14,Positivo,#Mundial2026,37,387,6,4,0.1622
2462,298,3,7,1,13,Neutro,#FutbolTotal,210,2226,29,5,0.1381
2463,235,13,28,2,15,Positivo,#DiaDePartido,200,2912,20,9,0.1
2464,232,3,7,1,20,Neutro,#FutbolTotal,49,564,2,3,0.0408
2465,108,15,32,2,12,Neutro,#RumboAlMundial,149,1439,15,3,0.1007
2466,119,7,15,5,4,Neutro,#Mundial2026,583,5812,86,37,0.1475
2467,153,13,28,1,5,Negativo,#DiaDePartido,88,1086,7,11,0.0795
2468,263,11,24,2,10,Neutro,#GoleoElEquipo,211,2305,50,35,0.237
2469,309,4,10,5,17,Positivo,#DiaDePartido,628,6140,156,32,0.2484
2470,209,6,13,1,8,Negativo,#VamosSeleccion,827,10467,163,147,0.1971
2471,21,1,3,2,14,Neutro,#VamosSeleccion,149,1926,32,18,0.2148
2472,330,1,3,1,20,Positivo,#GoleoElEquipo,241,2794,40,21,0.166
2473,176,14,29,3,12,Negativo,#Mundial2026,264,2127,13,15,0.0492
2474,317,5,11,5,18,Positivo,#GoleoElEquipo,111,975,13,8,0.1171
2475,298,4,9,5,16,Neutro,#Mundial2026,54,788,9,5,0.1667
2476,253,9,19,4,9,Positivo,#GoleoElEquipo,130,1808,21,8,0.1615
2477,306,4,9,1,15,Positivo,#VamosSeleccion,533,7822,105,18,0.197
2478,325,13,28,2,2,Positivo,#VamosSeleccion,207,1843,29,36,0.1401
2479,312,5,11,2,18,Positivo,#Campeones,214,2996,20,17,0.0935
2480,162,7,15,2,4,Neutro,#VamosSeleccion,319,4000,67,46,0.21
2481,28,6,13,5,1,Negativo,#FutbolTotal,138,1887,12,17,0.087
2482,46,12,26,2,20,Positivo,#RumboAlMundial,42,424,7,1,0.1667
2483,163,13,27,5,16,Negativo,#VamosSeleccion,134,1690,25,17,0.1866
2484,164,5,12,4,18,Neutro,#Campeones,149,1458,35,10,0.2349
2485,62,4,9,3,15,Negativo,#Mundial2026,853,9633,84,21,0.0985
2486,59,2,6,2,8,Positivo,#Mundial2026,380,3675,51,15,0.1342
2487,126,7,15,5,5,Positivo,#VamosSeleccion,253,2641,36,40,0.1423
2488,167,5,11,5,9,Positivo,#FanaticoDelFutbol,764,11211,115,128,0.1505
2489,259,4,10,5,15,Positivo,#VamosSeleccion,119,1031,24,10,0.2017
2490,332,2,6,3,1,Negativo,#GoleoElEquipo,414,5124,76,68,0.1836
2491,323,7,15,1,6,Positivo,#FanaticoDelFutbol,357,3088,74,21,0.2073
2492,70,12,25,1,19,Negativo,#GoleoElEquipo,132,1876,15,3,0.1136
2493,106,4,9,4,16,Neutro,#Mundial2026,388,3147,65,51,0.1675
2494,90,15,32,2,20,Neutro,#VamosSeleccion,59,516,10,9,0.1695
2495,327,11,23,2,10,Positivo,#FutbolTotal,93,1226,5,2,0.0538
2496,18,7,15,1,5,Negativo,#FutbolTotal,47,528,11,2,0.234
2497,16,9,20,5,8,Positivo,#Mundial2026,70,1024,4,7,0.0571
2498,22,11,23,1,10,Positivo,#GoleoElEquipo,143,1440,8,12,0.0559
2499,34,9,20,4,1,Neutro,#FutbolTotal,760,6205,45,86,0.0592
2500,200,2,6,2,20,Negativo,#FutbolTotal,243,3396,51,21,0.2099
2501,21,1,2,2,1,Positivo,#DiaDePartido,95,946,9,12,0.0947
2502,5,14,29,2,12,Negativo,#FutbolTotal,78,990,11,7,0.141
2503,33,9,20,4,15,Negativo,#Mundial2026,102,1451,6,12,0.0588
2504,25,9,19,5,8,Positivo,#Mundial2026,248,2902,38,9,0.1532
2505,9,10,21,2,13,Positivo,#VamosSeleccion,725,8777,97,101,0.1338
2506,243,2,4,1,4,Positivo,#FanaticoDelFutbol,18,244,1,1,0.0556
2507,182,7,16,5,9,Positivo,#DiaDePartido,223,2007,15,7,0.0673
2508,113,4,9,2,7,Neutro,#FutbolTotal,41,430,4,5,0.0976
2509,1,5,12,5,17,Neutro,#Mundial2026,573,7012,134,83,0.2339
2510,331,13,28,2,19,Neutro,#Campeones,66,569,8,9,0.1212
2511,35,1,1,2,5,Positivo,#RumboAlMundial,483,5654,81,40,0.1677
2512,136,3,7,1,10,Negativo,#FutbolTotal,90,1149,12,14,0.1333
2513,238,7,14,3,15,Positivo,#FutbolTotal,611,6926,32,45,0.0524
2514,56,5,12,4,2,Negativo,#VamosSeleccion,34,509,2,5,0.0588
2515,33,8,18,4,19,Negativo,#FutbolTotal,1331,18038,185,72,0.139
2516,269,11,23,5,10,Positivo,#Mundial2026,662,9833,123,74,0.1858
2517,80,1,1,5,1,Negativo,#DiaDePartido,226,3346,52,22,0.2301
2518,10,7,16,2,16,Positivo,#Mundial2026,308,4431,41,53,0.1331
2519,93,1,1,2,2,Negativo,#DiaDePartido,218,2726,19,9,0.0872
2520,53,5,12,1,10,Neutro,#Campeones,321,3142,67,38,0.2087
2521,280,6,13,5,9,Neutro,#Mundial2026,203,3016,47,23,0.2315
2522,104,12,25,1,19,Negativo,#Mundial2026,57,787,6,6,0.1053
2523,62,5,11,3,18,Neutro,#VamosSeleccion,61,881,7,5,0.1148
2524,8,13,27,2,19,Neutro,#FutbolTotal,478,4060,81,27,0.1695
2525,308,4,9,5,12,Neutro,#RumboAlMundial,105,1013,24,4,0.2286
2526,285,5,11,1,17,Positivo,#DiaDePartido,175,2543,28,30,0.16
2527,30,14,29,4,9,Neutro,#Campeones,60,761,5,9,0.0833
2528,250,1,2,2,3,Positivo,#Mundial2026,596,7742,62,34,0.104
2529,12,3,7,2,1,Neutro,#Mundial2026,23,328,3,3,0.1304
2530,104,1,1,2,3,Neutro,#Mundial2026,31,316,1,4,0.0323
2531,295,10,21,2,13,Neutro,#FanaticoDelFutbol,241,3088,16,42,0.0664
2532,77,2,6,5,1,Negativo,#FanaticoDelFutbol,166,1463,36,8,0.2169
2533,160,1,3,2,7,Negativo,#FanaticoDelFutbol,68,731,13,6,0.1912
2534,41,9,20,5,9,Neutro,#DiaDePartido,171,1480,37,8,0.2164
2535,256,5,12,2,18,Neutro,#FutbolTotal,543,4601,100,72,0.1842
2536,365,1,1,2,15,Negativo,#VamosSeleccion,475,4178,54,29,0.1137
2537,114,7,15,5,18,Negativo,#FutbolTotal,1084,12793,247,34,0.2279
2538,7,9,19,2,9,Negativo,#VamosSeleccion,30,394,7,5,0.2333
2539,218,5,11,1,17,Positivo,#Campeones,162,2245,11,21,0.0679
2540,337,4,10,1,4,Neutro,#Mundial2026,705,6382,91,85,0.1291
2541,280,5,12,4,18,Positivo,#FanaticoDelFutbol,479,5035,59,10,0.1232
2542,84,10,22,4,18,Positivo,#FutbolTotal,221,2093,52,38,0.2353
2543,282,11,24,2,15,Neutro,#Mundial2026,663,8284,129,26,0.1946
2544,331,5,12,5,2,Positivo,#GoleoElEquipo,155,1863,20,12,0.129
2545,258,12,25,5,1,Negativo,#GoleoElEquipo,40,337,3,6,0.075
2546,358,1,2,3,18,Positivo,#FutbolTotal,646,7252,109,93,0.1687
2547,136,14,30,1,6,Neutro,#Mundial2026,437,4479,79,62,0.1808
2548,343,8,17,5,14,Neutro,#GoleoElEquipo,410,4360,86,61,0.2098
2549,16,1,3,1,2,Positivo,#FutbolTotal,141,1235,12,15,0.0851
2550,322,7,14,2,6,Positivo,#GoleoElEquipo,1215,12270,83,91,0.0683
2551,120,3,8,3,18,Positivo,#Mundial2026,104,1014,21,11,0.2019
2552,267,1,2,2,1,Positivo,#RumboAlMundial,119,1591,16,3,0.1345
2553,42,12,25,5,19,Neutro,#VamosSeleccion,15,138,1,1,0.0667
2554,182,7,14,4,14,Neutro,#VamosSeleccion,906,13422,159,99,0.1755
2555,36,15,32,5,10,Neutro,#Campeones,550,7857,70,13,0.1273
2556,364,8,18,4,14,Neutro,#RumboAlMundial,157,2323,10,18,0.0637
2557,122,8,18,5,14,Neutro,#DiaDePartido,107,1254,8,13,0.0748
2558,207,4,10,4,16,Positivo,#FutbolTotal,166,2435,16,24,0.0964
2559,202,13,28,3,5,Positivo,#Mundial2026,229,3306,19,38,0.083
2560,287,3,8,2,14,Positivo,#Campeones,94,1235,18,11,0.1915
2561,216,1,2,1,1,Negativo,#Mundial2026,665,7708,141,104,0.212
2562,107,5,12,3,9,Neutro,#GoleoElEquipo,937,7588,130,39,0.1387
2563,246,4,9,5,6,Positivo,#FutbolTotal,106,1552,25,19,0.2358
2564,246,3,8,3,11,Negativo,#Campeones,165,2272,34,28,0.2061
2565,46,2,5,1,12,Negativo,#DiaDePartido,111,1557,25,8,0.2252
2566,149,5,11,1,18,Positivo,#Mundial2026,710,7430,130,61,0.1831
2567,252,9,20,5,8,Neutro,#RumboAlMundial,216,2695,12,26,0.0556
2568,7,14,30,2,4,Positivo,#GoleoElEquipo,214,2798,38,18,0.1776
2569,253,5,11,1,17,Positivo,#Mundial2026,91,967,19,11,0.2088
2570,175,7,16,1,4,Positivo,#RumboAlMundial,385,3247,69,43,0.1792
2571,315,15,31,4,20,Positivo,#GoleoElEquipo,56,485,3,9,0.0536
2572,205,1,2,3,3,Positivo,#GoleoElEquipo,277,3072,63,14,0.2274
2573,14,7,14,5,4,Negativo,#VamosSeleccion,203,2525,11,34,0.0542
2574,201,10,21,1,16,Negativo,#FutbolTotal,1851,26528,412,216,0.2226
2575,141,1,2,1,19,Positivo,#VamosSeleccion,159,1981,13,10,0.0818
2576,64,5,12,1,18,Neutro,#RumboAlMundial,137,1342,19,24,0.1387
2577,328,14,30,1,6,Neutro,#FutbolTotal,82,1042,12,7,0.1463
2578,68,1,2,4,9,Negativo,#VamosSeleccion,140,1831,30,11,0.2143
2579,191,10,21,4,12,Neutro,#Mundial2026,108,1011,10,2,0.0926
2580,337,7,15,1,6,Negativo,#Mundial2026,149,1969,18,12,0.1208
2581,239,15,32,1,17,Negativo,#Mundial2026,28,351,1,3,0.0357
2582,258,3,7,1,19,Positivo,#RumboAlMundial,153,2218,11,17,0.0719
2583,78,1,3,2,3,Positivo,#FanaticoDelFutbol,179,1757,17,12,0.095
2584,217,1,1,1,3,Negativo,#GoleoElEquipo,368,5330,52,60,0.1413
2585,162,7,16,5,19,Neutro,#FanaticoDelFutbol,133,1880,23,17,0.1729
2586,329,4,10,4,16,Negativo,#FanaticoDelFutbol,639,9451,63,72,0.0986
2587,218,14,30,2,4,Positivo,#FanaticoDelFutbol,506,5330,31,77,0.0613
2588,329,1,2,5,2,Neutro,#VamosSeleccion,87,1199,15,4,0.1724
2589,193,3,8,3,12,Negativo,#VamosSeleccion,308,2649,74,31,0.2403
2590,287,4,10,4,15,Positivo,#FutbolTotal,154,1439,9,26,0.0584
2591,255,15,32,2,20,Negativo,#GoleoElEquipo,149,1198,16,26,0.1074
2592,5,7,15,5,19,Positivo,#FanaticoDelFutbol,118,1220,17,19,0.1441
2593,353,1,2,4,18,Negativo,#Campeones,202,2213,43,29,0.2129
2594,36,1,3,1,12,Negativo,#FutbolTotal,132,1077,28,7,0.2121
2595,91,1,1,2,6,Positivo,#RumboAlMundial,394,5542,37,40,0.0939
2596,19,7,15,5,4,Positivo,#Mundial2026,510,7511,47,54,0.0922
2597,169,7,15,4,16,Negativo,#FutbolTotal,216,2179,14,13,0.0648
2598,119,9,20,5,9,Neutro,#VamosSeleccion,77,1039,18,5,0.2338
2599,365,5,12,2,3,Positivo,#RumboAlMundial,57,836,3,9,0.0526
2600,334,12,25,3,14,Positivo,#Mundial2026,51,570,8,7,0.1569
2601,128,6,13,1,4,Positivo,#RumboAlMundial,299,4269,49,39,0.1639
2602,253,14,30,3,7,Negativo,#Campeones,49,705,8,7,0.1633
2603,138,12,26,2,16,Negativo,#Mundial2026,88,1278,11,13,0.125
2604,133,5,12,2,4,Neutro,#Mundial2026,48,447,11,1,0.2292
2605,96,12,26,1,19,Positivo,#Mundial2026,129,1894,24,19,0.186
2606,56,14,30,2,11,Neutro,#GoleoElEquipo,197,1591,31,15,0.1574
2607,176,11,23,5,10,Negativo,#RumboAlMundial,341,3415,23,40,0.0674
2608,162,10,21,5,10,Negativo,#DiaDePartido,859,12282,152,80,0.1769
2609,59,7,15,1,5,Positivo,#GoleoElEquipo,31,281,3,5,0.0968
2610,255,1,1,5,1,Negativo,#FutbolTotal,223,3313,35,37,0.157
2611,303,8,18,4,15,Neutro,#Mundial2026,527,6171,37,30,0.0702
2612,259,4,9,1,15,Neutro,#FutbolTotal,157,1627,10,6,0.0637
2613,171,2,6,1,20,Negativo,#FutbolTotal,377,4258,37,21,0.0981
2614,119,5,11,5,17,Neutro,#RumboAlMundial,536,5726,41,44,0.0765
2615,266,6,13,2,9,Positivo,#Mundial2026,691,6284,94,60,0.136
2616,25,4,10,5,5,Neutro,#DiaDePartido,105,1436,12,13,0.1143
2617,251,2,6,3,12,Neutro,#DiaDePartido,298,3650,69,50,0.2315
2618,82,7,14,2,6,Positivo,#Mundial2026,109,1501,22,11,0.2018
2619,148,7,15,3,4,Positivo,#Mundial2026,124,1676,17,10,0.1371
2620,146,1,2,1,3,Neutro,#FanaticoDelFutbol,41,506,3,1,0.0732
2621,358,10,22,2,2,Negativo,#DiaDePartido,1087,14928,156,55,0.1435
2622,246,5,12,1,17,Neutro,#VamosSeleccion,152,1487,35,8,0.2303
2623,72,12,25,3,2,Positivo,#FutbolTotal,129,1477,26,15,0.2016
2624,183,7,15,5,6,Neutro,#VamosSeleccion,23,343,1,2,0.0435
2625,15,10,21,2,12,Positivo,#FanaticoDelFutbol,120,1340,20,14,0.1667
2626,278,1,1,2,14,Neutro,#RumboAlMundial,41,431,5,5,0.122
2627,20,9,19,5,7,Negativo,#RumboAlMundial,481,7085,40,10,0.0832
2628,355,7,16,2,6,Positivo,#GoleoElEquipo,134,1476,29,16,0.2164
2629,323,9,20,5,7,Neutro,#Campeones,247,3346,49,35,0.1984
2630,216,6,13,2,6,Neutro,#Mundial2026,37,385,5,4,0.1351
2631,229,11,23,1,17,Positivo,#FutbolTotal,2467,25797,150,258,0.0608
2632,182,7,16,1,4,Negativo,#VamosSeleccion,251,3369,35,14,0.1394
2633,279,15,31,2,20,Negativo,#Mundial2026,58,671,3,2,0.0517
2634,62,5,11,4,18,Positivo,#DiaDePartido,94,1143,15,2,0.1596
2635,146,4,10,1,15,Positivo,#Mundial2026,307,2971,69,37,0.2248
2636,46,7,16,5,6,Positivo,#Mundial2026,233,1870,26,26,0.1116
2637,224,9,20,5,13,Positivo,#Campeones,738,6909,67,33,0.0908
2638,253,11,24,3,11,Neutro,#FutbolTotal,196,2704,11,22,0.0561
2639,64,8,17,5,9,Positivo,#Mundial2026,886,7996,220,78,0.2483
2640,242,8,17,1,14,Negativo,#DiaDePartido,176,2018,18,6,0.1023
2641,43,9,20,5,7,Positivo,#Mundial2026,101,1208,18,12,0.1782
2642,299,5,11,5,17,Neutro,#GoleoElEquipo,332,2985,36,11,0.1084
2643,97,7,16,1,2,Neutro,#FanaticoDelFutbol,80,963,16,12,0.2
2644,64,7,16,3,4,Neutro,#DiaDePartido,894,7335,59,50,0.066
2645,269,4,10,1,11,Positivo,#RumboAlMundial,369,3589,77,58,0.2087
2646,35,7,14,5,11,Positivo,#GoleoElEquipo,83,1229,17,2,0.2048
2647,105,4,10,1,16,Negativo,#VamosSeleccion,101,1082,16,7,0.1584
2648,30,4,9,1,16,Positivo,#VamosSeleccion,682,5588,137,83,0.2009
2649,365,12,26,2,19,Neutro,#Mundial2026,385,3730,47,53,0.1221
2650,209,14,29,2,7,Neutro,#FanaticoDelFutbol,64,583,7,2,0.1094
2651,14,1,3,4,1,Negativo,#FanaticoDelFutbol,682,6687,37,65,0.0543
2652,338,14,29,1,8,Negativo,#FanaticoDelFutbol,198,2767,31,5,0.1566
2653,208,6,13,2,4,Negativo,#Mundial2026,853,6869,195,60,0.2286
2654,351,2,5,2,6,Neutro,#GoleoElEquipo,471,4581,84,79,0.1783
2655,337,12,25,5,10,Negativo,#GoleoElEquipo,443,4531,26,49,0.0587
2656,272,7,16,4,15,Negativo,#FutbolTotal,247,3267,21,32,0.085
2657,102,7,15,4,4,Negativo,#Mundial2026,95,1008,16,3,0.1684
2658,223,8,17,1,14,Negativo,#GoleoElEquipo,82,886,16,8,0.1951
2659,133,4,10,1,15,Positivo,#Mundial2026,313,2815,71,35,0.2268
2660,122,1,2,1,2,Positivo,#GoleoElEquipo,198,2884,21,13,0.1061
2661,215,9,19,5,4,Positivo,#Mundial2026,84,1030,17,2,0.2024
2662,358,7,16,1,5,Neutro,#RumboAlMundial,360,5391,30,56,0.0833
2663,88,3,7,4,13,Positivo,#RumboAlMundial,475,4747,45,24,0.0947
2664,4,1,1,1,3,Neutro,#VamosSeleccion,213,2081,12,19,0.0563
2665,245,10,21,5,17,Neutro,#Mundial2026,120,1730,11,10,0.0917
2666,261,7,14,4,4,Positivo,#DiaDePartido,1068,8801,96,187,0.0899
2667,47,1,3,2,1,Positivo,#VamosSeleccion,105,1311,15,4,0.1429
2668,5,13,28,2,7,Negativo,#GoleoElEquipo,46,590,11,5,0.2391
2669,166,9,20,5,8,Positivo,#Mundial2026,323,3146,65,39,0.2012
2670,170,11,24,3,11,Positivo,#DiaDePartido,319,3979,35,53,0.1097
2671,106,4,9,2,15,Neutro,#Mundial2026,74,621,7,11,0.0946
2672,162,15,31,1,13,Negativo,#GoleoElEquipo,30,267,5,4,0.1667
2673,35,9,20,3,9,Positivo,#Mundial2026,67,709,14,2,0.209
2674,56,7,14,5,6,Positivo,#RumboAlMundial,249,2721,13,14,0.0522
2675,181,13,27,1,17,Positivo,#Campeones,197,2417,40,32,0.203
2676,362,14,30,2,8,Negativo,#Mundial2026,100,935,11,4,0.11
2677,298,10,21,2,13,Negativo,#Mundial2026,298,3444,32,28,0.1074
2678,224,5,12,2,7,Neutro,#GoleoElEquipo,870,11279,200,30,0.2299
2679,119,1,2,4,19,Negativo,#FanaticoDelFutbol,450,4949,60,51,0.1333
2680,149,2,6,4,2,Negativo,#Mundial2026,358,5156,18,35,0.0503
2681,311,1,2,1,3,Neutro,#Mundial2026,90,854,13,1,0.1444
2682,162,7,14,2,9,Neutro,#FanaticoDelFutbol,14,147,0,2,0.0
2683,322,13,28,5,7,Negativo,#FanaticoDelFutbol,135,1810,16,14,0.1185
2684,126,9,19,2,8,Negativo,#Mundial2026,77,822,4,3,0.0519
2685,239,15,31,4,1,Positivo,#VamosSeleccion,718,7072,104,111,0.1448
2686,354,9,20,5,13,Positivo,#FutbolTotal,153,1802,28,12,0.183
2687,163,2,6,4,3,Neutro,#RumboAlMundial,310,3276,34,16,0.1097
2688,279,9,19,1,8,Neutro,#DiaDePartido,117,1341,27,7,0.2308
2689,336,4,9,5,1,Positivo,#Campeones,148,1394,18,11,0.1216
2690,84,1,3,1,11,Neutro,#Campeones,1622,21823,229,88,0.1412
2691,196,3,8,2,3,Negativo,#Mundial2026,311,2831,59,46,0.1897
2692,260,5,12,2,17,Positivo,#Mundial2026,37,528,7,2,0.1892
2693,277,14,29,5,13,Positivo,#Mundial2026,411,5692,34,10,0.0827
2694,204,5,11,1,15,Neutro,#GoleoElEquipo,179,2471,18,7,0.1006
2695,280,7,15,1,13,Negativo,#FutbolTotal,180,2698,36,30,0.2
2696,106,6,13,1,15,Positivo,#GoleoElEquipo,250,3392,16,19,0.064
2697,217,15,31,2,20,Positivo,#GoleoElEquipo,940,8145,184,77,0.1957
2698,297,11,24,1,11,Positivo,#GoleoElEquipo,85,850,14,8,0.1647
2699,36,5,12,2,18,Negativo,#Mundial2026,125,1624,20,17,0.16
2700,156,10,22,3,12,Positivo,#GoleoElEquipo,1313,19592,247,35,0.1881
2701,351,13,27,1,9,Positivo,#DiaDePartido,829,12294,128,20,0.1544
2702,111,13,28,3,3,Negativo,#Mundial2026,41,427,3,1,0.0732
2703,118,6,13,3,14,Positivo,#Campeones,1390,17528,214,69,0.154
2704,238,1,3,1,12,Neutro,#Mundial2026,74,741,9,10,0.1216
2705,50,1,3,5,1,Positivo,#Mundial2026,55,652,6,1,0.1091
2706,56,8,18,4,14,Positivo,#RumboAlMundial,216,1779,21,14,0.0972
2707,232,14,29,3,7,Negativo,#GoleoElEquipo,84,865,18,4,0.2143
2708,17,10,22,4,13,Neutro,#Mundial2026,83,1146,8,14,0.0964
2709,211,4,10,1,15,Negativo,#FanaticoDelFutbol,849,11705,112,84,0.1319
2710,141,7,14,5,14,Neutro,#RumboAlMundial,434,6340,95,18,0.2189
2711,358,8,18,1,14,Negativo,#VamosSeleccion,303,3247,49,15,0.1617
2712,162,4,9,2,16,Positivo,#Mundial2026,277,3983,51,41,0.1841
2713,294,9,20,5,8,Positivo,#Mundial2026,101,1388,14,17,0.1386
2714,287,3,7,1,11,Positivo,#RumboAlMundial,933,12266,150,60,0.1608
2715,72,1,1,2,8,Negativo,#FutbolTotal,624,8620,114,75,0.1827
2716,77,10,21,2,10,Positivo,#Mundial2026,322,4619,16,8,0.0497
2717,158,2,5,3,16,Negativo,#VamosSeleccion,6,68,0,0,0.0
2718,268,5,11,5,18,Positivo,#Campeones,100,1284,22,8,0.22
2719,225,3,7,1,3,Neutro,#FanaticoDelFutbol,106,1186,19,7,0.1792
2720,337,6,13,3,10,Positivo,#DiaDePartido,126,1485,19,17,0.1508
2721,90,15,31,3,20,Positivo,#FutbolTotal,57,763,5,5,0.0877
2722,232,5,11,5,18,Positivo,#GoleoElEquipo,74,772,4,3,0.0541
2723,133,4,9,1,15,Positivo,#FutbolTotal,289,2985,43,29,0.1488
2724,68,8,17,1,14,Positivo,#Mundial2026,85,1144,21,4,0.2471
2725,338,11,24,5,1,Negativo,#Mundial2026,12,165,0,1,0.0
2726,213,11,24,5,10,Positivo,#RumboAlMundial,253,2701,16,27,0.0632
2727,329,14,30,5,4,Negativo,#Campeones,116,1313,24,19,0.2069
2728,266,13,28,1,1,Negativo,#GoleoElEquipo,517,5606,63,71,0.1219
2729,96,7,15,3,5,Positivo,#DiaDePartido,140,1989,33,24,0.2357
2730,190,7,16,2,5,Neutro,#Mundial2026,128,1916,31,15,0.2422
2731,343,1,3,5,16,Neutro,#Campeones,161,1432,18,14,0.1118
2732,196,12,26,1,9,Neutro,#RumboAlMundial,22,309,4,2,0.1818
2733,71,9,20,2,9,Neutro,#FutbolTotal,849,11471,98,139,0.1154
2734,153,9,19,4,8,Positivo,#FanaticoDelFutbol,180,2332,25,18,0.1389
2735,153,3,7,1,5,Negativo,#Mundial2026,57,778,11,4,0.193
2736,227,7,14,3,4,Positivo,#Mundial2026,74,597,9,5,0.1216
2737,364,4,10,5,15,Negativo,#Mundial2026,196,1786,33,33,0.1684
2738,20,4,9,4,16,Positivo,#Mundial2026,1033,15354,178,104,0.1723
2739,99,3,7,1,5,Positivo,#VamosSeleccion,488,5811,116,34,0.2377
2740,251,12,25,3,19,Positivo,#FutbolTotal,87,1030,20,2,0.2299
2741,341,5,12,2,10,Positivo,#Mundial2026,153,1775,37,11,0.2418
2742,182,5,11,5,17,Neutro,#FanaticoDelFutbol,92,1140,10,15,0.1087
2743,330,14,29,1,9,Positivo,#FutbolTotal,253,3104,46,36,0.1818
2744,231,9,19,5,12,Neutro,#FutbolTotal,4531,59197,1000,337,0.2207
2745,60,5,12,1,17,Negativo,#GoleoElEquipo,11,100,0,0,0.0
2746,174,11,23,1,15,Positivo,#Campeones,137,1839,28,8,0.2044
2747,21,11,24,4,19,Neutro,#FanaticoDelFutbol,52,542,6,7,0.1154
2748,105,3,8,2,6,Positivo,#Campeones,125,1658,31,7,0.248
2749,73,14,29,2,1,Neutro,#FanaticoDelFutbol,246,2095,54,33,0.2195
2750,63,9,20,1,7,Negativo,#RumboAlMundial,515,7694,62,70,0.1204
2751,158,8,17,3,17,Positivo,#FutbolTotal,646,5585,98,86,0.1517
2752,287,10,22,1,8,Positivo,#VamosSeleccion,160,1664,8,16,0.05
2753,259,9,19,1,7,Positivo,#VamosSeleccion,182,2598,18,6,0.0989
2754,13,9,19,1,7,Negativo,#FanaticoDelFutbol,1427,20251,167,116,0.117
2755,364,7,14,1,8,Negativo,#GoleoElEquipo,107,945,16,13,0.1495
2756,49,2,4,2,4,Positivo,#RumboAlMundial,385,3918,70,38,0.1818
2757,301,1,3,4,1,Positivo,#Mundial2026,135,1244,18,9,0.1333
2758,125,9,19,2,7,Positivo,#VamosSeleccion,739,8924,160,43,0.2165
2759,14,14,29,2,8,Neutro,#VamosSeleccion,148,1669,14,16,0.0946
2760,345,12,26,5,5,Neutro,#VamosSeleccion,104,1327,14,18,0.1346
2761,323,3,8,3,20,Positivo,#VamosSeleccion,186,1518,30,17,0.1613
2762,29,10,22,5,12,Neutro,#VamosSeleccion,102,1301,18,7,0.1765
2763,277,7,15,1,6,Neutro,#Mundial2026,182,1818,43,25,0.2363
2764,329,9,20,1,7,Negativo,#Campeones,62,785,4,2,0.0645
2765,210,9,20,4,7,Positivo,#DiaDePartido,751,10935,135,32,0.1798
2766,364,9,19,4,20,Positivo,#Campeones,123,1317,24,5,0.1951
2767,79,13,27,2,13,Positivo,#RumboAlMundial,160,2212,25,27,0.1562
2768,13,5,11,1,17,Positivo,#Mundial2026,266,3681,47,23,0.1767
2769,274,5,12,5,18,Neutro,#RumboAlMundial,99,1247,7,12,0.0707
2770,288,7,14,1,3,Neutro,#FanaticoDelFutbol,733,10600,167,107,0.2278
2771,199,3,8,3,19,Positivo,#VamosSeleccion,33,432,4,4,0.1212
2772,210,7,15,3,5,Neutro,#Mundial2026,292,2847,63,20,0.2158
2773,155,1,1,3,18,Positivo,#FutbolTotal,359,3659,65,8,0.1811
2774,365,2,6,3,7,Neutro,#GoleoElEquipo,312,4480,53,6,0.1699
2775,301,4,10,1,15,Negativo,#GoleoElEquipo,131,1337,17,10,0.1298
2776,288,1,1,5,3,Positivo,#FanaticoDelFutbol,106,1359,17,2,0.1604
2777,176,10,22,1,13,Neutro,#Mundial2026,290,3404,64,34,0.2207
2778,242,13,27,1,8,Negativo,#DiaDePartido,102,1084,24,13,0.2353
2779,252,12,26,2,10,Positivo,#Mundial2026,532,6637,67,67,0.1259
2780,167,15,31,5,7,Neutro,#GoleoElEquipo,58,543,13,3,0.2241
2781,304,9,20,3,8,Neutro,#FanaticoDelFutbol,75,796,6,10,0.08
2782,363,11,24,5,11,Positivo,#DiaDePartido,147,1524,24,17,0.1633
2783,150,12,26,3,19,Positivo,#Mundial2026,424,5807,95,52,0.2241
2784,41,4,9,4,16,Positivo,#Mundial2026,2465,23801,480,62,0.1947
2785,168,5,12,5,18,Positivo,#RumboAlMundial,1197,12494,160,34,0.1337
2786,247,7,16,4,4,Positivo,#Mundial2026,886,10006,178,34,0.2009
2787,208,5,12,1,17,Negativo,#Mundial2026,125,1719,14,14,0.112
2788,357,9,19,4,9,Negativo,#VamosSeleccion,73,979,10,12,0.137
2789,18,4,10,4,15,Positivo,#Mundial2026,535,6884,100,27,0.1869
2790,263,12,25,2,2,Positivo,#GoleoElEquipo,109,1162,10,8,0.0917
2791,209,9,20,1,8,Positivo,#GoleoElEquipo,159,2229,20,8,0.1258
2792,83,2,4,3,11,Positivo,#FutbolTotal,102,1327,18,11,0.1765
2793,187,10,21,2,8,Positivo,#Campeones,64,742,6,5,0.0938
2794,77,8,17,5,14,Positivo,#VamosSeleccion,11,138,2,1,0.1818
2795,106,9,19,5,8,Positivo,#FutbolTotal,1121,9685,181,162,0.1615
2796,233,1,3,5,1,Positivo,#FanaticoDelFutbol,1559,23255,137,119,0.0879
2797,162,1,2,2,1,Positivo,#VamosSeleccion,437,5758,81,24,0.1854
2798,315,4,10,1,15,Neutro,#FutbolTotal,197,2036,47,8,0.2386
2799,176,5,11,1,10,Neutro,#Mundial2026,254,3298,23,6,0.0906
2800,223,9,19,5,9,Neutro,#GoleoElEquipo,121,1108,26,14,0.2149
2801,301,9,19,1,9,Negativo,#RumboAlMundial,232,2352,20,26,0.0862
2802,187,7,14,2,5,Neutro,#FanaticoDelFutbol,386,5206,81,15,0.2098
2803,191,1,3,2,6,Positivo,#VamosSeleccion,182,1839,23,11,0.1264
2804,182,9,19,2,2,Negativo,#Campeones,307,3928,66,31,0.215
2805,346,7,14,5,7,Positivo,#FutbolTotal,71,901,12,2,0.169
2806,185,15,32,1,20,Positivo,#Mundial2026,249,3397,20,13,0.0803
2807,127,9,20,5,9,Negativo,#FutbolTotal,286,4159,56,23,0.1958
2808,127,3,8,5,4,Positivo,#FanaticoDelFutbol,21,310,4,2,0.1905
2809,358,1,2,3,15,Neutro,#Mundial2026,581,7144,109,14,0.1876
2810,313,14,30,1,13,Negativo,#Mundial2026,123,1192,19,11,0.1545
2811,251,1,3,5,1,Neutro,#Mundial2026,323,3231,32,44,0.0991
2812,330,4,10,3,16,Positivo,#Mundial2026,55,694,4,4,0.0727
2813,141,15,32,2,20,Positivo,#FanaticoDelFutbol,1544,17342,330,78,0.2137
2814,22,8,17,1,14,Negativo,#Mundial2026,585,5464,128,54,0.2188
2815,113,8,17,1,14,Negativo,#DiaDePartido,833,10560,154,120,0.1849
2816,95,11,24,2,18,Neutro,#FanaticoDelFutbol,88,1313,8,12,0.0909
2817,96,8,18,5,20,Neutro,#DiaDePartido,233,1910,33,21,0.1416
2818,217,14,29,5,10,Negativo,#DiaDePartido,389,4030,55,20,0.1414
2819,148,7,16,3,9,Positivo,#Mundial2026,43,377,4,5,0.093
2820,161,9,20,3,19,Positivo,#Mundial2026,451,5416,61,67,0.1353
2821,39,4,10,5,16,Negativo,#VamosSeleccion,533,5552,32,21,0.06
2822,198,6,13,2,9,Positivo,#VamosSeleccion,692,6892,68,68,0.0983
2823,32,6,13,5,11,Positivo,#VamosSeleccion,557,7507,39,51,0.07
2824,340,8,18,2,12,Negativo,#DiaDePartido,74,777,14,3,0.1892
2825,264,6,13,1,8,Positivo,#RumboAlMundial,123,1419,17,16,0.1382
2826,15,10,21,5,12,Neutro,#VamosSeleccion,21,242,2,1,0.0952
2827,15,7,16,5,6,Positivo,#VamosSeleccion,706,7841,73,42,0.1034
2828,281,10,21,1,12,Positivo,#Mundial2026,344,4574,66,49,0.1919
2829,94,6,13,1,1,Neutro,#DiaDePartido,77,656,9,12,0.1169
2830,323,1,3,2,2,Positivo,#RumboAlMundial,220,2459,33,4,0.15
2831,37,12,26,5,19,Positivo,#DiaDePartido,99,1012,21,2,0.2121
2832,308,1,2,1,2,Positivo,#DiaDePartido,82,711,19,11,0.2317
2833,338,1,3,1,18,Positivo,#RumboAlMundial,115,994,11,17,0.0957
2834,218,15,31,4,13,Neutro,#Mundial2026,463,5033,81,24,0.1749
2835,261,12,26,2,19,Neutro,#FutbolTotal,279,3526,58,14,0.2079
2836,205,4,9,2,7,Positivo,#DiaDePartido,114,1490,21,13,0.1842
2837,276,9,19,1,15,Negativo,#VamosSeleccion,146,1882,13,17,0.089
2838,133,7,15,2,5,Neutro,#Mundial2026,271,2760,26,34,0.0959
2839,315,5,11,1,17,Positivo,#FutbolTotal,166,1675,25,12,0.1506
2840,225,14,30,1,5,Positivo,#FanaticoDelFutbol,456,4821,64,54,0.1404
2841,40,4,10,2,15,Positivo,#VamosSeleccion,97,1096,16,7,0.1649
2842,29,7,14,1,6,Negativo,#Mundial2026,42,395,7,4,0.1667
2843,149,12,25,2,19,Negativo,#Mundial2026,54,590,2,5,0.037
2844,65,12,25,1,4,Positivo,#GoleoElEquipo,111,1009,10,6,0.0901
2845,204,4,10,4,16,Neutro,#RumboAlMundial,206,2123,30,33,0.1456
2846,25,5,12,1,18,Neutro,#VamosSeleccion,239,3503,48,17,0.2008
2847,60,9,19,5,9,Positivo,#FanaticoDelFutbol,292,2419,28,20,0.0959
2848,182,12,26,5,16,Positivo,#FanaticoDelFutbol,357,2856,21,39,0.0588
2849,14,12,26,1,13,Neutro,#VamosSeleccion,179,1790,25,23,0.1397
2850,93,1,1,2,1,Positivo,#FutbolTotal,295,3170,64,8,0.2169
2851,316,8,17,5,14,Neutro,#DiaDePartido,324,3132,70,56,0.216
2852,260,1,2,1,1,Positivo,#VamosSeleccion,196,2833,33,24,0.1684
2853,141,2,4,1,14,Positivo,#Mundial2026,204,2362,47,31,0.2304
2854,113,9,19,1,7,Positivo,#Mundial2026,92,973,6,9,0.0652
2855,241,4,9,1,13,Positivo,#FutbolTotal,1438,15639,287,233,0.1996
2856,365,4,10,2,16,Positivo,#FutbolTotal,3564,47290,883,379,0.2478
2857,140,1,3,2,17,Positivo,#Campeones,168,1445,27,8,0.1607
2858,333,9,19,3,9,Neutro,#VamosSeleccion,1893,20685,407,84,0.215
2859,180,10,22,5,12,Neutro,#GoleoElEquipo,465,6497,90,73,0.1935
2860,170,4,10,3,20,Neutro,#DiaDePartido,116,1324,18,5,0.1552
2861,145,10,22,1,13,Positivo,#FutbolTotal,367,3237,19,30,0.0518
2862,133,15,32,1,20,Neutro,#Mundial2026,49,637,9,1,0.1837
2863,64,5,12,1,18,Neutro,#FanaticoDelFutbol,283,4155,35,16,0.1237
2864,41,11,24,4,10,Positivo,#DiaDePartido,128,1715,11,10,0.0859
2865,267,12,25,5,19,Positivo,#DiaDePartido,261,2265,59,24,0.2261
2866,1,7,15,2,2,Positivo,#VamosSeleccion,186,2158,10,12,0.0538
2867,99,1,3,1,11,Neutro,#VamosSeleccion,873,12686,67,139,0.0767
2868,202,3,8,1,11,Positivo,#FutbolTotal,92,1092,19,6,0.2065
2869,210,12,25,5,4,Positivo,#FutbolTotal,66,587,8,10,0.1212
2870,248,1,2,5,18,Negativo,#VamosSeleccion,233,2761,31,16,0.133
2871,301,11,23,2,10,Negativo,#Mundial2026,93,1034,15,10,0.1613
2872,114,4,9,5,7,Negativo,#DiaDePartido,2340,34591,355,236,0.1517
2873,50,3,8,1,15,Neutro,#VamosSeleccion,964,13448,204,48,0.2116
2874,177,14,30,3,11,Positivo,#DiaDePartido,44,581,5,2,0.1136
2875,349,9,19,5,20,Positivo,#VamosSeleccion,45,576,6,6,0.1333
2876,242,13,27,2,8,Positivo,#VamosSeleccion,90,1073,8,6,0.0889
2877,189,4,10,4,8,Positivo,#VamosSeleccion,7,71,0,0,0.0
2878,1,8,17,1,14,Positivo,#Campeones,746,9147,171,80,0.2292
2879,249,4,9,5,16,Positivo,#Mundial2026,174,1560,42,19,0.2414
2880,346,1,1,1,10,Negativo,#Mundial2026,381,4967,73,21,0.1916
2881,126,4,9,3,15,Positivo,#RumboAlMundial,85,1180,5,11,0.0588
2882,85,1,3,1,1,Neutro,#RumboAlMundial,159,2039,25,3,0.1572
2883,17,6,13,4,12,Negativo,#GoleoElEquipo,194,2322,40,23,0.2062
2884,171,14,30,5,12,Positivo,#FutbolTotal,982,10426,97,140,0.0988
2885,103,4,9,4,15,Positivo,#VamosSeleccion,166,1355,37,17,0.2229
2886,81,3,7,2,12,Positivo,#VamosSeleccion,298,3894,54,47,0.1812
2887,146,14,29,5,6,Positivo,#Mundial2026,340,2789,48,12,0.1412
2888,89,5,11,1,13,Negativo,#FutbolTotal,146,1540,14,11,0.0959
2889,279,1,2,1,1,Negativo,#FutbolTotal,190,2727,28,6,0.1474
2890,33,9,19,4,8,Negativo,#RumboAlMundial,529,7851,52,49,0.0983
2891,1,1,3,1,3,Negativo,#DiaDePartido,175,2218,34,31,0.1943
2892,213,1,1,5,2,Neutro,#Mundial2026,815,9237,124,129,0.1521
2893,93,12,26,1,19,Neutro,#Mundial2026,53,724,10,3,0.1887
2894,234,5,12,4,18,Neutro,#GoleoElEquipo,172,1390,14,4,0.0814
2895,279,5,11,3,17,Positivo,#VamosSeleccion,147,1400,36,10,0.2449
2896,302,4,9,1,16,Negativo,#FanaticoDelFutbol,904,12907,205,59,0.2268
2897,176,5,12,5,18,Positivo,#Mundial2026,125,1521,18,5,0.144
2898,272,15,31,1,20,Positivo,#DiaDePartido,242,2117,51,15,0.2107
2899,48,13,28,4,4,Negativo,#GoleoElEquipo,15,141,3,1,0.2
2900,175,1,1,1,2,Neutro,#GoleoElEquipo,528,6854,93,30,0.1761
2901,69,6,13,2,16,Neutro,#VamosSeleccion,338,3845,49,58,0.145
2902,346,9,20,5,6,Positivo,#Mundial2026,1207,14253,254,62,0.2104
2903,294,4,10,1,10,Neutro,#DiaDePartido,253,2303,58,20,0.2292
2904,346,8,17,5,9,Positivo,#FutbolTotal,370,3824,29,62,0.0784
2905,223,1,3,5,1,Positivo,#Mundial2026,688,9669,94,62,0.1366
2906,294,10,21,5,12,Positivo,#GoleoElEquipo,58,571,10,2,0.1724
2907,223,2,5,5,1,Positivo,#FanaticoDelFutbol,41,425,4,3,0.0976
2908,211,13,27,1,9,Positivo,#FanaticoDelFutbol,916,10164,82,137,0.0895
2909,140,9,19,5,2,Neutro,#FutbolTotal,693,9504,37,66,0.0534
2910,294,9,20,2,9,Negativo,#RumboAlMundial,213,2762,29,38,0.1362
2911,214,9,19,2,8,Negativo,#FanaticoDelFutbol,104,1073,14,16,0.1346
2912,200,14,30,2,3,Neutro,#GoleoElEquipo,55,684,3,3,0.0545
2913,32,4,9,5,16,Neutro,#VamosSeleccion,81,991,5,1,0.0617
2914,37,3,8,3,15,Positivo,#FutbolTotal,415,4246,55,12,0.1325
2915,128,9,19,3,8,Negativo,#VamosSeleccion,40,545,4,4,0.1
2916,331,12,25,5,19,Positivo,#VamosSeleccion,21,279,4,3,0.1905
2917,71,7,15,2,6,Positivo,#Mundial2026,734,6275,114,104,0.1553
2918,123,4,10,3,15,Positivo,#RumboAlMundial,29,278,2,3,0.069
2919,272,9,19,2,9,Neutro,#VamosSeleccion,231,2143,23,31,0.0996
2920,114,7,16,1,6,Neutro,#FutbolTotal,300,3634,21,31,0.07
2921,232,13,27,4,10,Negativo,#GoleoElEquipo,49,511,11,6,0.2245
2922,123,4,9,1,15,Positivo,#VamosSeleccion,1420,20763,127,203,0.0894
2923,155,9,20,1,1,Positivo,#Mundial2026,814,9677,172,70,0.2113
2924,246,4,9,5,16,Negativo,#DiaDePartido,215,3191,50,32,0.2326
2925,115,11,23,2,17,Positivo,#Mundial2026,92,825,8,2,0.087
2926,129,5,12,5,17,Neutro,#VamosSeleccion,254,2283,17,20,0.0669
2927,363,11,23,4,11,Neutro,#Campeones,264,2929,35,6,0.1326
2928,84,10,21,2,13,Neutro,#Campeones,435,5775,60,17,0.1379
2929,137,1,1,3,9,Negativo,#RumboAlMundial,97,1322,12,8,0.1237
2930,317,1,3,1,1,Positivo,#GoleoElEquipo,830,7575,149,45,0.1795
2931,309,1,3,5,3,Negativo,#Campeones,621,5912,127,17,0.2045
2932,48,4,10,1,15,Neutro,#FutbolTotal,94,1382,6,3,0.0638
2933,133,8,18,2,14,Negativo,#VamosSeleccion,42,603,9,2,0.2143
2934,70,5,12,1,13,Positivo,#Mundial2026,181,1911,10,7,0.0552
2935,225,5,11,1,17,Negativo,#Campeones,205,2253,26,8,0.1268
2936,4,1,2,1,1,Neutro,#GoleoElEquipo,15,155,3,2,0.2
2937,21,13,27,4,6,Positivo,#Campeones,72,720,8,9,0.1111
2938,245,8,18,5,14,Positivo,#FutbolTotal,431,3527,81,38,0.1879
2939,163,9,19,2,4,Negativo,#Mundial2026,215,3193,36,26,0.1674
2940,4,14,29,2,11,Neutro,#Campeones,72,1057,11,8,0.1528
2941,301,9,20,4,8,Positivo,#FutbolTotal,90,1020,5,2,0.0556
2942,135,11,24,3,16,Neutro,#FutbolTotal,17,169,1,2,0.0588
2943,49,7,16,4,18,Positivo,#VamosSeleccion,286,2587,40,35,0.1399
2944,258,5,11,5,10,Neutro,#Mundial2026,245,3089,49,22,0.2
2945,290,1,1,2,3,Negativo,#Mundial2026,351,4768,85,19,0.2422
2946,281,5,12,5,17,Neutro,#DiaDePartido,1220,13555,170,73,0.1393
2947,108,1,2,5,1,Positivo,#Mundial2026,2161,19515,373,352,0.1726
2948,182,2,5,3,9,Neutro,#RumboAlMundial,182,1758,9,20,0.0495
2949,105,1,2,1,1,Negativo,#GoleoElEquipo,677,6899,93,113,0.1374
2950,203,11,24,4,12,Neutro,#FutbolTotal,80,883,12,5,0.15
2951,56,13,28,1,3,Positivo,#FanaticoDelFutbol,109,1327,18,15,0.1651
2952,210,14,30,1,9,Negativo,#VamosSeleccion,245,2507,27,27,0.1102
2953,183,7,15,1,14,Positivo,#GoleoElEquipo,102,1309,19,3,0.1863
2954,50,14,30,5,4,Negativo,#RumboAlMundial,517,4683,119,48,0.2302
2955,358,15,32,5,20,Positivo,#FanaticoDelFutbol,13,165,2,0,0.1538
2956,152,15,32,5,1,Negativo,#RumboAlMundial,65,792,7,4,0.1077
2957,15,11,24,2,11,Positivo,#VamosSeleccion,177,1489,18,30,0.1017
2958,325,4,10,4,17,Negativo,#Mundial2026,106,910,20,5,0.1887
2959,245,9,19,1,7,Neutro,#FanaticoDelFutbol,202,2795,48,31,0.2376
2960,301,2,5,1,6,Neutro,#Mundial2026,268,2477,37,15,0.1381
2961,264,10,22,2,12,Positivo,#RumboAlMundial,91,1018,10,12,0.1099
2962,22,5,12,1,15,Positivo,#RumboAlMundial,129,1493,15,13,0.1163
2963,92,5,12,2,17,Positivo,#VamosSeleccion,425,5525,31,48,0.0729
2964,148,9,20,2,8,Neutro,#Campeones,1032,9692,155,116,0.1502
2965,337,10,21,2,10,Positivo,#Mundial2026,65,689,14,9,0.2154
2966,285,9,20,4,8,Neutro,#FutbolTotal,26,371,2,2,0.0769
2967,196,14,30,1,17,Negativo,#VamosSeleccion,77,924,6,11,0.0779
2968,105,12,25,1,1,Neutro,#VamosSeleccion,199,1798,42,14,0.2111
2969,180,7,14,2,5,Positivo,#RumboAlMundial,74,611,14,5,0.1892
2970,135,4,10,1,15,Negativo,#FanaticoDelFutbol,198,2712,30,11,0.1515
2971,252,1,3,2,13,Negativo,#Mundial2026,282,3601,33,33,0.117
2972,348,2,5,3,6,Neutro,#VamosSeleccion,1401,19557,324,176,0.2313
2973,280,9,20,4,16,Negativo,#VamosSeleccion,108,1277,9,16,0.0833
2974,252,5,11,1,17,Positivo,#Campeones,231,2823,56,17,0.2424
2975,162,9,20,4,11,Neutro,#RumboAlMundial,393,3820,54,17,0.1374
2976,314,11,23,1,10,Negativo,#Mundial2026,26,296,2,1,0.0769
2977,29,11,24,5,10,Positivo,#Mundial2026,133,1123,23,21,0.1729
2978,122,4,9,4,3,Neutro,#Campeones,558,7200,35,96,0.0627
2979,199,6,13,5,5,Positivo,#RumboAlMundial,195,1601,25,16,0.1282
2980,132,1,1,1,3,Positivo,#Campeones,72,985,15,8,0.2083
2981,259,6,13,5,1,Negativo,#GoleoElEquipo,143,1540,32,10,0.2238
2982,260,5,12,2,17,Positivo,#VamosSeleccion,113,1486,7,9,0.0619
2983,309,14,30,2,16,Neutro,#DiaDePartido,521,4740,61,82,0.1171
2984,222,10,22,2,13,Neutro,#GoleoElEquipo,573,8434,57,16,0.0995
2985,99,11,23,1,10,Negativo,#GoleoElEquipo,371,4237,82,45,0.221
2986,342,8,18,1,14,Neutro,#FanaticoDelFutbol,156,1383,22,21,0.141
2987,112,1,1,1,12,Neutro,#FanaticoDelFutbol,103,1119,20,16,0.1942
2988,207,5,12,1,20,Neutro,#Mundial2026,66,558,8,5,0.1212
2989,302,1,1,1,17,Negativo,#VamosSeleccion,143,2074,33,12,0.2308
2990,121,1,3,2,2,Positivo,#FutbolTotal,86,883,18,8,0.2093
2991,222,14,29,5,5,Positivo,#VamosSeleccion,198,2247,28,20,0.1414
2992,168,1,3,2,10,Positivo,#GoleoElEquipo,93,749,5,7,0.0538
2993,284,5,12,1,3,Neutro,#Mundial2026,57,776,12,5,0.2105
2994,324,7,14,1,15,Negativo,#FanaticoDelFutbol,105,1239,23,13,0.219
2995,190,12,26,2,19,Neutro,#Mundial2026,625,8216,129,62,0.2064
2996,353,1,2,1,2,Positivo,#FanaticoDelFutbol,120,1796,10,4,0.0833
2997,78,7,15,2,17,Positivo,#Mundial2026,322,4000,77,25,0.2391
2998,38,9,19,5,9,Positivo,#Campeones,847,8650,69,20,0.0815
2999,191,9,20,2,8,Positivo,#DiaDePartido,199,2443,22,28,0.1106
3000,169,7,16,2,6,Positivo,#FanaticoDelFutbol,647,5464,98,39,0.1515
