player_id,nombre,edad,posicion,categoria_posicion,club_actual,liga,valor_mercado_eur,seleccion,grupo,ronda_alcanzada,ronda_orden,pct_5_grandes_ligas_seleccion,partidos_temporada_actual,minutos_temporada_actual,rating_qatar2022_por90
283489,Luca Zidane,28,Goalkeeper,Portero,Granada CF,Otra liga,1000000.0,ALGERIA,J,Round of 32,1,42.31,27.0,2430.0,
437982,Oussama Benbout,31,Goalkeeper,Portero,USM Alger,Otra liga,850000.0,ALGERIA,J,Round of 32,1,42.31,32.0,2910.0,
534398,Melvin Mastil,26,Goalkeeper,Portero,FC Stade Nyonnais,Otra liga,250000.0,ALGERIA,J,Round of 32,1,42.31,34.0,3120.0,
284732,Ramy Bensebaini,31,Centre-Back,Defensa,Borussia Dortmund,Bundesliga,7000000.0,ALGERIA,J,Round of 32,1,42.31,32.0,2396.0,
668167,Samir Chergui,27,Centre-Back,Defensa,Paris FC,Ligue 1,3000000.0,ALGERIA,J,Round of 32,1,42.31,15.0,1155.0,
625142,Zineddine Belaid,27,Centre-Back,Defensa,JS Kabylie,Otra liga,1800000.0,ALGERIA,J,Round of 32,1,42.31,33.0,2912.0,
592396,Mohamed Amine Tougai,26,Centre-Back,Defensa,Esperance Tunis,Otra liga,1300000.0,ALGERIA,J,Round of 32,1,42.31,22.0,1859.0,
80293,Aïssa Mandi,34,Centre-Back,Defensa,LOSC Lille,Ligue 1,1000000.0,ALGERIA,J,Round of 32,1,42.31,40.0,3278.0,
949929,Achref Abada,27,Centre-Back,Defensa,USM Alger,Otra liga,1000000.0,ALGERIA,J,Round of 32,1,42.31,24.0,1901.0,
578391,Rayan Aït-Nouri,25,Left-Back,Defensa,Manchester City,Premier League,40000000.0,ALGERIA,J,Round of 32,1,42.31,28.0,1605.0,
750903,Jaouen Hadjam,23,Left-Back,Defensa,BSC Young Boys,Otra liga,7000000.0,ALGERIA,J,Round of 32,1,42.31,30.0,2092.0,
864306,Rafik Belghali,24,Right-Back,Defensa,Hellas Verona,Serie A,7000000.0,ALGERIA,J,Round of 32,1,42.31,29.0,2168.0,
416660,Ramiz Zerrouki,28,Defensive Midfield,Medio,FC Twente Enschede,Otra liga,6500000.0,ALGERIA,J,Round of 32,1,42.31,35.0,2936.0,
245537,Nabil Bentaleb,31,Defensive Midfield,Medio,LOSC Lille,Ligue 1,4500000.0,ALGERIA,J,Round of 32,1,42.31,37.0,2006.0,
560593,Hicham Boudaoui,26,Central Midfield,Medio,OGC Nice,Ligue 1,12000000.0,ALGERIA,J,Round of 32,1,42.31,32.0,2080.0,
748445,Yassine Titraoui,22,Central Midfield,Medio,Royal Charleroi SC,Otra liga,7000000.0,ALGERIA,J,Round of 32,1,42.31,42.0,3543.0,
905011,Ibrahim Maza,20,Attacking Midfield,Medio,Bayer 04 Leverkusen,Bundesliga,45000000.0,ALGERIA,J,Round of 32,1,42.31,44.0,2944.0,
855015,Farès Chaïbi,23,Attacking Midfield,Medio,Eintracht Frankfurt,Bundesliga,15000000.0,ALGERIA,J,Round of 32,1,42.31,38.0,2506.0,
395693,Houssem Aouar,27,Attacking Midfield,Medio,Al-Ittihad Club,Otra liga,8000000.0,ALGERIA,J,Round of 32,1,42.31,35.0,2861.0,
748443,Adil Boulbina,23,Left Winger,Ataque,Al-Duhail SC,Otra liga,3000000.0,ALGERIA,J,Round of 32,1,42.31,32.0,2394.0,
917911,Anis Hadj Moussa,24,Right Winger,Ataque,Feyenoord Rotterdam,Otra liga,23000000.0,ALGERIA,J,Round of 32,1,42.31,40.0,3354.0,
888738,Farès Ghedjemis,23,Right Winger,Ataque,Frosinone Calcio,Otra liga,7500000.0,ALGERIA,J,Round of 32,1,42.31,38.0,3099.0,
171424,Riyad Mahrez,35,Right Winger,Ataque,Al-Ahli SFC,Otra liga,5000000.0,ALGERIA,J,Round of 32,1,42.31,44.0,3811.0,
418659,Amine Gouiri,26,Centre-Forward,Ataque,Olympique Marseille,Ligue 1,28000000.0,ALGERIA,J,Round of 32,1,42.31,28.0,1705.0,
746910,Mohamed Amoura,26,Centre-Forward,Ataque,VfL Wolfsburg,Bundesliga,20000000.0,ALGERIA,J,Round of 32,1,42.31,33.0,2058.0,
840254,Nadhir Benbouali,26,Centre-Forward,Ataque,ETO FC,Otra liga,1200000.0,ALGERIA,J,Round of 32,1,42.31,41.0,3242.0,
111873,Emiliano Martínez,33,Goalkeeper,Portero,Aston Villa,Premier League,12000000.0,ARGENTINA,J,Final,6,76.92,44.0,3870.0,
229604,Gerónimo Rulli,34,Goalkeeper,Portero,Olympique Marseille,Ligue 1,6000000.0,ARGENTINA,J,Final,6,76.92,39.0,3510.0,
242359,Juan Musso,32,Goalkeeper,Portero,Atlético de Madrid,La Liga,3000000.0,ARGENTINA,J,Final,6,76.92,,,
355915,Cristian Romero,28,Centre-Back,Defensa,Tottenham Hotspur,Premier League,45000000.0,ARGENTINA,J,Final,6,76.92,32.0,2657.0,
480762,Lisandro Martínez,28,Centre-Back,Defensa,Manchester United,Premier League,40000000.0,ARGENTINA,J,Final,6,76.92,19.0,1310.0,1.77
469781,Marcos Senesi,29,Centre-Back,Defensa,AFC Bournemouth,Premier League,25000000.0,ARGENTINA,J,Final,6,76.92,39.0,3365.0,
474800,Facundo Medina,27,Centre-Back,Defensa,Olympique Marseille,Ligue 1,18000000.0,ARGENTINA,J,Final,6,76.92,26.0,2015.0,
54781,Nicolás Otamendi,38,Centre-Back,Defensa,SL Benfica,Otra liga,1000000.0,ARGENTINA,J,Final,6,76.92,49.0,4314.0,
131225,Nicolás Tagliafico,33,Left-Back,Defensa,Olympique Lyon,Ligue 1,4000000.0,ARGENTINA,J,Final,6,76.92,30.0,2019.0,
424042,Nahuel Molina,28,Right-Back,Defensa,Atlético de Madrid,La Liga,15000000.0,ARGENTINA,J,Final,6,76.92,46.0,2400.0,
402733,Gonzalo Montiel,29,Right-Back,Defensa,CA River Plate,Otra liga,4500000.0,ARGENTINA,J,Final,6,76.92,19.0,1650.0,
166237,Leandro Paredes,32,Defensive Midfield,Medio,CA Boca Juniors,Otra liga,5000000.0,ARGENTINA,J,Final,6,76.92,21.0,1634.0,
648195,Enzo Fernández,25,Central Midfield,Medio,Chelsea FC,Premier League,90000000.0,ARGENTINA,J,Final,6,76.92,54.0,4379.0,
534033,Alexis Mac Allister,27,Central Midfield,Medio,Liverpool FC,Premier League,70000000.0,ARGENTINA,J,Final,6,76.92,55.0,3885.0,3.764
849410,Valentín Barco,21,Central Midfield,Medio,RC Strasbourg Alsace,Ligue 1,40000000.0,ARGENTINA,J,Final,6,76.92,43.0,3359.0,
401578,Exequiel Palacios,27,Central Midfield,Medio,Bayer 04 Leverkusen,Bundesliga,25000000.0,ARGENTINA,J,Final,6,76.92,25.0,1580.0,
255901,Rodrigo De Paul,32,Central Midfield,Medio,Inter Miami CF,Otra liga,14000000.0,ARGENTINA,J,Final,6,76.92,15.0,1350.0,
948294,Nico Paz,21,Attacking Midfield,Medio,Como 1907,Serie A,80000000.0,ARGENTINA,J,Final,6,76.92,40.0,3291.0,
348795,Giovani Lo Celso,30,Attacking Midfield,Medio,Real Betis Balompié,La Liga,8000000.0,ARGENTINA,J,Final,6,76.92,32.0,1777.0,
486031,Nico González,28,Left Winger,Ataque,Atlético de Madrid,La Liga,22000000.0,ARGENTINA,J,Final,6,76.92,39.0,1931.0,
576028,Thiago Almada,25,Left Winger,Ataque,Atlético de Madrid,La Liga,15000000.0,ARGENTINA,J,Final,6,76.92,40.0,1704.0,
742201,Giuliano Simeone,23,Right Winger,Ataque,Atlético de Madrid,La Liga,40000000.0,ARGENTINA,J,Final,6,76.92,53.0,3803.0,
28003,Lionel Messi,39,Right Winger,Ataque,Inter Miami CF,Otra liga,15000000.0,ARGENTINA,J,Final,6,76.92,16.0,1423.0,
576024,Julián Alvarez,26,Centre-Forward,Ataque,Atlético de Madrid,La Liga,100000000.0,ARGENTINA,J,Final,6,76.92,49.0,3549.0,
406625,Lautaro Martínez,28,Centre-Forward,Ataque,Inter Milan,Serie A,85000000.0,ARGENTINA,J,Final,6,76.92,41.0,2767.0,
844797,Flaco López,25,Centre-Forward,Ataque,Sociedade Esportiva Palmeiras,Otra liga,25000000.0,ARGENTINA,J,Final,6,76.92,35.0,2701.0,
128969,Mathew Ryan,34,Goalkeeper,Portero,Levante UD,La Liga,1800000.0,AUSTRALIA,D,Round of 32,1,19.23,36.0,3240.0,0.77
983578,Patrick Beach,22,Goalkeeper,Portero,Melbourne City FC,Otra liga,1000000.0,AUSTRALIA,D,Round of 32,1,19.23,35.0,3210.0,
181921,Paul Izzo,31,Goalkeeper,Portero,Randers FC,Otra liga,500000.0,AUSTRALIA,D,Round of 32,1,19.23,27.0,2430.0,
867137,Alessandro Circati,22,Centre-Back,Defensa,Parma Calcio 1913,Serie A,12000000.0,AUSTRALIA,D,Round of 32,1,19.23,33.0,2801.0,
1279984,Lucas Herrington,18,Centre-Back,Defensa,Colorado Rapids,Otra liga,4500000.0,AUSTRALIA,D,Round of 32,1,19.23,28.0,2490.0,
298091,Harry Souttar,27,Centre-Back,Defensa,Leicester City,Otra liga,3500000.0,AUSTRALIA,D,Round of 32,1,19.23,2.0,178.0,2.555
255788,Cameron Burgess,30,Centre-Back,Defensa,Swansea City,Otra liga,1500000.0,AUSTRALIA,D,Round of 32,1,19.23,51.0,4531.0,
187353,Milos Degenek,32,Centre-Back,Defensa,APOEL Nicosia,Otra liga,450000.0,AUSTRALIA,D,Round of 32,1,19.23,25.0,1952.0,
855731,Jordan Bos,23,Left-Back,Defensa,Feyenoord Rotterdam,Otra liga,12000000.0,AUSTRALIA,D,Round of 32,1,19.23,36.0,2565.0,
136834,Aziz Behich,35,Left-Back,Defensa,Melbourne City FC,Otra liga,250000.0,AUSTRALIA,D,Round of 32,1,19.23,34.0,3111.0,
545810,Jacob Italiano,24,Right-Back,Defensa,Grazer AK 1902,Otra liga,600000.0,AUSTRALIA,D,Round of 32,1,19.23,25.0,2157.0,
185175,Jason Geria,33,Right-Back,Defensa,Albirex Niigata,Otra liga,350000.0,AUSTRALIA,D,Round of 32,1,19.23,11.0,985.0,
385918,Aiden O'Neill,27,Defensive Midfield,Medio,New York City FC,Otra liga,3000000.0,AUSTRALIA,D,Round of 32,1,19.23,12.0,999.0,
691326,Kai Trewin,25,Defensive Midfield,Medio,New York City FC,Otra liga,1800000.0,AUSTRALIA,D,Round of 32,1,19.23,37.0,3167.0,
1064377,Paul Okon-Engstler,21,Defensive Midfield,Medio,Sydney FC,Otra liga,1200000.0,AUSTRALIA,D,Round of 32,1,19.23,27.0,2325.0,
399162,Cammy Devlin,28,Central Midfield,Medio,Heart of Midlothian FC,Otra liga,2000000.0,AUSTRALIA,D,Round of 32,1,19.23,33.0,2777.0,
522223,Connor Metcalfe,26,Central Midfield,Medio,FC St. Pauli,Bundesliga,1500000.0,AUSTRALIA,D,Round of 32,1,19.23,28.0,688.0,
192557,Jackson Irvine,33,Central Midfield,Medio,FC St. Pauli,Bundesliga,1000000.0,AUSTRALIA,D,Round of 32,1,19.23,26.0,1737.0,2.362
265625,Ajdin Hrustic,29,Central Midfield,Medio,Heracles Almelo,Otra liga,600000.0,AUSTRALIA,D,Round of 32,1,19.23,30.0,2522.0,0.461
746891,Cristian Volpato,22,Attacking Midfield,Medio,US Sassuolo,Serie A,10000000.0,AUSTRALIA,D,Round of 32,1,19.23,26.0,1163.0,
888140,Nishan Velupillay,25,Left Winger,Ataque,Melbourne Victory,Otra liga,650000.0,AUSTRALIA,D,Round of 32,1,19.23,22.0,1468.0,
255729,Awer Mabil,30,Left Winger,Ataque,CD Castellón,Otra liga,500000.0,AUSTRALIA,D,Round of 32,1,19.23,31.0,1806.0,
126214,Mathew Leckie,35,Left Winger,Ataque,Melbourne City FC,Otra liga,300000.0,AUSTRALIA,D,Round of 32,1,19.23,8.0,402.0,4.662
956920,Nestory Irankunda,20,Right Winger,Ataque,Watford FC,Otra liga,8000000.0,AUSTRALIA,D,Round of 32,1,19.23,42.0,2211.0,
742770,Mohamed Touré,22,Centre-Forward,Ataque,Norwich City,Otra liga,8000000.0,AUSTRALIA,D,Round of 32,1,19.23,31.0,1882.0,
849429,Tete Yengi,25,Centre-Forward,Ataque,Machida Zelvia,Otra liga,450000.0,AUSTRALIA,D,Round of 32,1,19.23,44.0,2564.0,
393999,Florian Wiegele,25,Goalkeeper,Portero,FC Viktoria Plzen,Otra liga,2200000.0,AUSTRIA,J,Round of 32,1,61.54,31.0,2805.0,
223972,Patrick Pentz,29,Goalkeeper,Portero,Bröndby IF,Otra liga,2200000.0,AUSTRIA,J,Round of 32,1,61.54,39.0,3555.0,
186374,Alexander Schlager,30,Goalkeeper,Portero,Red Bull Salzburg,Otra liga,2000000.0,AUSTRIA,J,Round of 32,1,61.54,47.0,4260.0,
452483,David Affengruber,25,Centre-Back,Defensa,Elche CF,La Liga,20000000.0,AUSTRIA,J,Round of 32,1,61.54,39.0,3096.0,
263236,Kevin Danso,27,Centre-Back,Defensa,Tottenham Hotspur,Premier League,20000000.0,AUSTRIA,J,Round of 32,1,61.54,36.0,2328.0,
225657,Philipp Lienhart,29,Centre-Back,Defensa,SC Freiburg,Bundesliga,10000000.0,AUSTRIA,J,Round of 32,1,61.54,34.0,2450.0,
156990,Marco Friedl,28,Centre-Back,Defensa,SV Werder Bremen,Bundesliga,10000000.0,AUSTRIA,J,Round of 32,1,61.54,31.0,2639.0,
223974,Stefan Posch,29,Centre-Back,Defensa,1.FSV Mainz 05,Bundesliga,6000000.0,AUSTRIA,J,Round of 32,1,61.54,35.0,2184.0,
438961,Michael Svoboda,27,Centre-Back,Defensa,Venezia FC,Otra liga,3500000.0,AUSTRIA,J,Round of 32,1,61.54,30.0,2542.0,
59016,David Alaba,34,Centre-Back,Defensa,Real Madrid,La Liga,3000000.0,AUSTRIA,J,Round of 32,1,61.54,16.0,575.0,
127573,Phillipp Mwene,32,Left-Back,Defensa,1.FSV Mainz 05,Bundesliga,1500000.0,AUSTRIA,J,Round of 32,1,61.54,39.0,2781.0,
223967,Konrad Laimer,29,Right-Back,Defensa,Bayern Munich,Bundesliga,32000000.0,AUSTRIA,J,Round of 32,1,61.54,47.0,3297.0,
404950,Nicolas Seiwald,25,Defensive Midfield,Medio,RB Leipzig,Bundesliga,25000000.0,AUSTRIA,J,Round of 32,1,61.54,37.0,3046.0,
287188,Dejan Ljubicic,28,Defensive Midfield,Medio,FC Schalke 04,Otra liga,3000000.0,AUSTRIA,J,Round of 32,1,61.54,37.0,2693.0,
195736,Florian Grillitsch,30,Defensive Midfield,Medio,SC Braga,Otra liga,2500000.0,AUSTRIA,J,Round of 32,1,61.54,36.0,2189.0,
900909,Paul Wanner,20,Central Midfield,Medio,PSV Eindhoven,Otra liga,22000000.0,AUSTRIA,J,Round of 32,1,61.54,33.0,2347.0,
659459,Carney Chukwuemeka,22,Central Midfield,Medio,Borussia Dortmund,Bundesliga,20000000.0,AUSTRIA,J,Round of 32,1,61.54,38.0,1224.0,
223979,Xaver Schlager,28,Central Midfield,Medio,RB Leipzig,Bundesliga,10000000.0,AUSTRIA,J,Round of 32,1,61.54,30.0,2067.0,
106987,Marcel Sabitzer,32,Central Midfield,Medio,Borussia Dortmund,Bundesliga,6000000.0,AUSTRIA,J,Round of 32,1,61.54,34.0,2348.0,
118397,Alessandro Schöpf,32,Central Midfield,Medio,Wolfsberger AC,Otra liga,800000.0,AUSTRIA,J,Round of 32,1,61.54,33.0,2556.0,
434116,Alexander Prass,25,Left Midfield,Medio,TSG 1899 Hoffenheim,Bundesliga,9000000.0,AUSTRIA,J,Round of 32,1,61.54,34.0,1417.0,
346853,Romano Schmid,26,Attacking Midfield,Medio,SV Werder Bremen,Bundesliga,15000000.0,AUSTRIA,J,Round of 32,1,61.54,35.0,3083.0,
533295,Patrick Wimmer,25,Right Winger,Ataque,VfL Wolfsburg,Bundesliga,12000000.0,AUSTRIA,J,Round of 32,1,61.54,27.0,1769.0,
369567,Sasa Kalajdzic,28,Centre-Forward,Ataque,LASK,Otra liga,4000000.0,AUSTRIA,J,Round of 32,1,61.54,29.0,1739.0,
41384,Marko Arnautovic,37,Centre-Forward,Ataque,Red Star Belgrade,Otra liga,2000000.0,AUSTRIA,J,Round of 32,1,61.54,32.0,1928.0,
120205,Michael Gregoritsch,32,Centre-Forward,Ataque,FC Augsburg,Bundesliga,1500000.0,AUSTRIA,J,Round of 32,1,61.54,31.0,1343.0,
503883,Senne Lammens,23,Goalkeeper,Portero,Manchester United,Premier League,35000000.0,BELGIUM,G,Quarter-final,3,76.92,37.0,3330.0,
834397,Mike Penders,20,Goalkeeper,Portero,RC Strasbourg Alsace,Ligue 1,25000000.0,BELGIUM,G,Quarter-final,3,76.92,52.0,4631.0,
108390,Thibaut Courtois,34,Goalkeeper,Portero,Real Madrid,La Liga,15000000.0,BELGIUM,G,Quarter-final,3,76.92,45.0,4005.0,0.819
548193,Zeno Debast,22,Centre-Back,Defensa,Sporting CP,Otra liga,28000000.0,BELGIUM,G,Quarter-final,3,76.92,24.0,1503.0,
548254,Nathan Ngoy,23,Centre-Back,Defensa,LOSC Lille,Ligue 1,25000000.0,BELGIUM,G,Quarter-final,3,76.92,38.0,3104.0,
490384,Koni De Winter,24,Centre-Back,Defensa,AC Milan,Serie A,23000000.0,BELGIUM,G,Quarter-final,3,76.92,29.0,2047.0,
368891,Arthur Theate,26,Centre-Back,Defensa,Eintracht Frankfurt,Bundesliga,17000000.0,BELGIUM,G,Quarter-final,3,76.92,33.0,2984.0,
236168,Brandon Mechele,33,Centre-Back,Defensa,Club Brugge KV,Otra liga,2800000.0,BELGIUM,G,Quarter-final,3,76.92,57.0,5008.0,
429915,Maxim De Cuyper,25,Left-Back,Defensa,Brighton & Hove Albion,Premier League,22000000.0,BELGIUM,G,Quarter-final,3,76.92,31.0,1481.0,
981196,Joaquin Seys,21,Left-Back,Defensa,Club Brugge KV,Otra liga,20000000.0,BELGIUM,G,Quarter-final,3,76.92,55.0,4231.0,
262226,Timothy Castagne,30,Right-Back,Defensa,Fulham FC,Premier League,8000000.0,BELGIUM,G,Quarter-final,3,76.92,36.0,2362.0,2.758
100986,Thomas Meunier,34,Right-Back,Defensa,LOSC Lille,Ligue 1,1500000.0,BELGIUM,G,Quarter-final,3,76.92,35.0,2549.0,2.551
485706,Amadou Onana,24,Defensive Midfield,Medio,Aston Villa,Premier League,45000000.0,BELGIUM,G,Quarter-final,3,76.92,38.0,2637.0,2.818
422763,Nicolas Raskin,25,Defensive Midfield,Medio,Rangers FC,Otra liga,12000000.0,BELGIUM,G,Quarter-final,3,76.92,50.0,4204.0,
35047,Axel Witsel,37,Defensive Midfield,Medio,Girona FC,La Liga,1200000.0,BELGIUM,G,Quarter-final,3,76.92,32.0,2533.0,2.248
249565,Youri Tielemans,29,Central Midfield,Medio,Aston Villa,Premier League,30000000.0,BELGIUM,G,Quarter-final,3,76.92,35.0,2586.0,1.437
381950,Alexis Saelemaekers,27,Right Midfield,Medio,AC Milan,Serie A,20000000.0,BELGIUM,G,Quarter-final,3,76.92,39.0,3077.0,
655006,Diego Moreira,21,Left Midfield,Medio,RC Strasbourg Alsace,Ligue 1,25000000.0,BELGIUM,G,Quarter-final,3,76.92,42.0,2932.0,
435772,Charles De Ketelaere,25,Attacking Midfield,Medio,Atalanta BC,Serie A,30000000.0,BELGIUM,G,Quarter-final,3,76.92,42.0,3039.0,1.598
88755,Kevin De Bruyne,35,Attacking Midfield,Medio,SSC Napoli,Serie A,8000000.0,BELGIUM,G,Quarter-final,3,76.92,21.0,1360.0,1.728
137576,Hans Vanaken,33,Attacking Midfield,Medio,Club Brugge KV,Otra liga,5000000.0,BELGIUM,G,Quarter-final,3,76.92,57.0,4941.0,
486049,Jérémy Doku,24,Left Winger,Ataque,Manchester City,Premier League,75000000.0,BELGIUM,G,Quarter-final,3,76.92,47.0,2962.0,
144028,Leandro Trossard,31,Left Winger,Ataque,Arsenal FC,Premier League,18000000.0,BELGIUM,G,Quarter-final,3,76.92,50.0,2922.0,0.802
303259,Dodi Lukébakio,28,Right Winger,Ataque,SL Benfica,Otra liga,15000000.0,BELGIUM,G,Quarter-final,3,76.92,25.0,1351.0,
724129,Matias Fernandez-Pardo,21,Centre-Forward,Ataque,LOSC Lille,Ligue 1,35000000.0,BELGIUM,G,Quarter-final,3,76.92,41.0,3101.0,
96341,Romelu Lukaku,33,Centre-Forward,Ataque,SSC Napoli,Serie A,6000000.0,BELGIUM,G,Quarter-final,3,76.92,7.0,64.0,
248454,Nikola Vasilj,30,Goalkeeper,Portero,FC St. Pauli,Bundesliga,4500000.0,BOSNIA AND HERZEGOVINA,B,Round of 32,1,19.23,36.0,3270.0,
495320,Martin Zlomislic,27,Goalkeeper,Portero,HNK Rijeka,Otra liga,2000000.0,BOSNIA AND HERZEGOVINA,B,Round of 32,1,19.23,53.0,4769.0,
952692,Mladen Jurkas,18,Goalkeeper,Portero,FK Borac Banja Luka,Otra liga,700000.0,BOSNIA AND HERZEGOVINA,B,Round of 32,1,19.23,32.0,2880.0,
679423,Tarik Muharemović,23,Centre-Back,Defensa,US Sassuolo,Serie A,25000000.0,BOSNIA AND HERZEGOVINA,B,Round of 32,1,19.23,33.0,2925.0,
94005,Sead Kolasinac,33,Centre-Back,Defensa,Atalanta BC,Serie A,4000000.0,BOSNIA AND HERZEGOVINA,B,Round of 32,1,19.23,28.0,1807.0,
384568,Stjepan Radeljic,28,Centre-Back,Defensa,HNK Rijeka,Otra liga,2800000.0,BOSNIA AND HERZEGOVINA,B,Round of 32,1,19.23,42.0,3507.0,
422051,Nikola Katic,29,Centre-Back,Defensa,FC Schalke 04,Otra liga,1800000.0,BOSNIA AND HERZEGOVINA,B,Round of 32,1,19.23,28.0,2451.0,
380919,Nihad Mujakic,28,Centre-Back,Defensa,Gaziantep FK,Otra liga,1200000.0,BOSNIA AND HERZEGOVINA,B,Round of 32,1,19.23,29.0,2383.0,
322065,Dennis Hadzikadunic,27,Centre-Back,Defensa,UC Sampdoria,Otra liga,1200000.0,BOSNIA AND HERZEGOVINA,B,Round of 32,1,19.23,28.0,2213.0,
519184,Amar Dedić,23,Right-Back,Defensa,SL Benfica,Otra liga,16000000.0,BOSNIA AND HERZEGOVINA,B,Round of 32,1,19.23,43.0,3515.0,
805534,Arjan Malic,20,Right-Back,Defensa,SK Sturm Graz,Otra liga,1800000.0,BOSNIA AND HERZEGOVINA,B,Round of 32,1,19.23,28.0,1625.0,
293213,Amir Hadziahmetovic,29,Defensive Midfield,Medio,Hull City,Otra liga,4000000.0,BOSNIA AND HERZEGOVINA,B,Round of 32,1,19.23,41.0,2357.0,
226097,Ivan Šunjić,29,Defensive Midfield,Medio,Pafos FC,Otra liga,2000000.0,BOSNIA AND HERZEGOVINA,B,Round of 32,1,19.23,46.0,3936.0,
251295,Dzenis Burnic,28,Defensive Midfield,Medio,Karlsruher SC,Otra liga,1200000.0,BOSNIA AND HERZEGOVINA,B,Round of 32,1,19.23,33.0,2116.0,
787907,Benjamin Tahirović,23,Central Midfield,Medio,Bröndby IF,Otra liga,4500000.0,BOSNIA AND HERZEGOVINA,B,Round of 32,1,19.23,32.0,1608.0,
651269,Armin Gigovic,24,Central Midfield,Medio,BSC Young Boys,Otra liga,2500000.0,BOSNIA AND HERZEGOVINA,B,Round of 32,1,19.23,42.0,2823.0,
620560,Ivan Basic,24,Central Midfield,Medio,FC Astana,Otra liga,1500000.0,BOSNIA AND HERZEGOVINA,B,Round of 32,1,19.23,14.0,1250.0,
638990,Amar Memić,25,Right Midfield,Medio,FC Viktoria Plzen,Otra liga,4500000.0,BOSNIA AND HERZEGOVINA,B,Round of 32,1,19.23,44.0,3499.0,
803049,Ermin Mahmic,21,Attacking Midfield,Medio,FC Slovan Liberec,Otra liga,5000000.0,BOSNIA AND HERZEGOVINA,B,Round of 32,1,19.23,31.0,1789.0,
929994,Kerim Alajbegovic,18,Left Winger,Ataque,Red Bull Salzburg,Otra liga,22000000.0,BOSNIA AND HERZEGOVINA,B,Round of 32,1,19.23,44.0,2682.0,
925862,Esmir Bajraktarevic,21,Right Winger,Ataque,PSV Eindhoven,Otra liga,8000000.0,BOSNIA AND HERZEGOVINA,B,Round of 32,1,19.23,38.0,1521.0,
335457,Ermedin Demirovic,28,Centre-Forward,Ataque,VfB Stuttgart,Bundesliga,22000000.0,BOSNIA AND HERZEGOVINA,B,Round of 32,1,19.23,38.0,2367.0,
203123,Haris Tabakovic,32,Centre-Forward,Ataque,Borussia Mönchengladbach,Bundesliga,3500000.0,BOSNIA AND HERZEGOVINA,B,Round of 32,1,19.23,35.0,2662.0,
457738,Jovo Lukić,27,Centre-Forward,Ataque,FC Universitatea Cluj,Otra liga,2200000.0,BOSNIA AND HERZEGOVINA,B,Round of 32,1,19.23,39.0,3083.0,
710969,Samed Bazdar,22,Centre-Forward,Ataque,Jagiellonia Bialystok,Otra liga,1500000.0,BOSNIA AND HERZEGOVINA,B,Round of 32,1,19.23,27.0,875.0,
28396,Edin Dzeko,40,Centre-Forward,Ataque,FC Schalke 04,Otra liga,1000000.0,BOSNIA AND HERZEGOVINA,B,Round of 32,1,19.23,29.0,1321.0,
105470,Alisson,33,Goalkeeper,Portero,Liverpool FC,Premier League,15000000.0,BRAZIL,C,Round of 16,2,53.85,35.0,3116.0,
238223,Ederson,32,Goalkeeper,Portero,Fenerbahce,Otra liga,10000000.0,BRAZIL,C,Round of 16,2,53.85,36.0,3242.0,
69400,Weverton,38,Goalkeeper,Portero,Grêmio Foot-Ball Porto Alegrense,Otra liga,700000.0,BRAZIL,C,Round of 16,2,53.85,32.0,2880.0,
435338,Gabriel,28,Centre-Back,Defensa,Arsenal FC,Premier League,75000000.0,BRAZIL,C,Round of 16,2,53.85,51.0,4210.0,
516716,Bremer,29,Centre-Back,Defensa,Juventus FC,Serie A,35000000.0,BRAZIL,C,Round of 16,2,53.85,31.0,2569.0,
181767,Marquinhos,32,Centre-Back,Defensa,Paris Saint-Germain,Ligue 1,28000000.0,BRAZIL,C,Round of 16,2,53.85,32.0,2669.0,
524481,Roger Ibañez,27,Centre-Back,Defensa,Al-Ahli SFC,Otra liga,18000000.0,BRAZIL,C,Round of 16,2,53.85,46.0,4121.0,
288431,Léo Pereira,30,Centre-Back,Defensa,CR Flamengo,Otra liga,12000000.0,BRAZIL,C,Round of 16,2,53.85,27.0,2372.0,
145707,Danilo,34,Centre-Back,Defensa,CR Flamengo,Otra liga,2000000.0,BRAZIL,C,Round of 16,2,53.85,24.0,1990.0,
220793,Douglas Santos,32,Left-Back,Defensa,Zenit St. Petersburg,Otra liga,7500000.0,BRAZIL,C,Round of 16,2,53.85,25.0,2076.0,
79960,Alex Sandro,35,Left-Back,Defensa,CR Flamengo,Otra liga,1000000.0,BRAZIL,C,Round of 16,2,53.85,25.0,1969.0,
225693,Fabinho,32,Defensive Midfield,Medio,Al-Ittihad Club,Otra liga,12000000.0,BRAZIL,C,Round of 16,2,53.85,44.0,3906.0,
16306,Casemiro,34,Defensive Midfield,Medio,Manchester United,Premier League,6000000.0,BRAZIL,C,Round of 16,2,53.85,35.0,2600.0,
520624,Bruno Guimarães,28,Central Midfield,Medio,Newcastle United,Premier League,70000000.0,BRAZIL,C,Round of 16,2,53.85,41.0,3322.0,
607854,Éderson,26,Central Midfield,Medio,Atalanta BC,Serie A,45000000.0,BRAZIL,C,Round of 16,2,53.85,41.0,3169.0,
808509,Danilo,25,Central Midfield,Medio,Botafogo de Futebol e Regatas,Otra liga,32000000.0,BRAZIL,C,Round of 16,2,53.85,24.0,1990.0,
444523,Lucas Paquetá,28,Attacking Midfield,Medio,CR Flamengo,Otra liga,32000000.0,BRAZIL,C,Round of 16,2,53.85,43.0,3127.0,
68290,Neymar,34,Attacking Midfield,Medio,Santos FC,Otra liga,8000000.0,BRAZIL,C,Round of 16,2,53.85,15.0,1265.0,
371998,Vinicius Junior,25,Left Winger,Ataque,Real Madrid,La Liga,140000000.0,BRAZIL,C,Round of 16,2,53.85,53.0,4249.0,
411295,Raphinha,29,Left Winger,Ataque,FC Barcelona,La Liga,70000000.0,BRAZIL,C,Round of 16,2,53.85,33.0,2194.0,
655488,Gabriel Martinelli,25,Left Winger,Ataque,Arsenal FC,Premier League,45000000.0,BRAZIL,C,Round of 16,2,53.85,53.0,2384.0,
1012564,Rayan,19,Right Winger,Ataque,AFC Bournemouth,Premier League,60000000.0,BRAZIL,C,Round of 16,2,53.85,16.0,1205.0,
800175,Luiz Henrique,25,Right Winger,Ataque,Zenit St. Petersburg,Otra liga,24000000.0,BRAZIL,C,Round of 16,2,53.85,34.0,2446.0,
517894,Matheus Cunha,27,Centre-Forward,Ataque,Manchester United,Premier League,75000000.0,BRAZIL,C,Round of 16,2,53.85,35.0,2683.0,
739443,Igor Thiago,25,Centre-Forward,Ataque,Brentford FC,Premier League,65000000.0,BRAZIL,C,Round of 16,2,53.85,40.0,3437.0,
971570,Endrick,19,Centre-Forward,Ataque,Olympique Lyon,Ligue 1,40000000.0,BRAZIL,C,Round of 16,2,53.85,24.0,1732.0,
439750,Dayne St. Clair,29,Goalkeeper,Portero,Inter Miami CF,Otra liga,3500000.0,CANADA,B,Round of 16,2,26.92,16.0,1440.0,
189014,Maxime Crépeau,32,Goalkeeper,Portero,Orlando City SC,Otra liga,1800000.0,CANADA,B,Round of 16,2,26.92,14.0,1186.0,
814848,Owen Goodman,22,Goalkeeper,Portero,Barnsley FC,Otra liga,550000.0,CANADA,B,Round of 16,2,26.92,34.0,3006.0,
1089202,Moïse Bombito,26,Centre-Back,Defensa,OGC Nice,Ligue 1,7000000.0,CANADA,B,Round of 16,2,26.92,2.0,146.0,
340990,Alfie Jones,28,Centre-Back,Defensa,Middlesbrough FC,Otra liga,6000000.0,CANADA,B,Round of 16,2,26.92,23.0,1976.0,
328609,Derek Cornelius,28,Centre-Back,Defensa,Olympique Marseille,Ligue 1,2500000.0,CANADA,B,Round of 16,2,26.92,14.0,1000.0,
441738,Joel Waterman,30,Centre-Back,Defensa,Chicago Fire FC,Otra liga,2000000.0,CANADA,B,Round of 16,2,26.92,12.0,823.0,
921995,Luc De Fougerolles,20,Centre-Back,Defensa,FCV Dender EH,Otra liga,1000000.0,CANADA,B,Round of 16,2,26.92,30.0,1926.0,
424204,Alphonso Davies,25,Left-Back,Defensa,Bayern Munich,Bundesliga,40000000.0,CANADA,B,Round of 16,2,26.92,23.0,841.0,2.832
637446,Alistair Johnston,27,Right-Back,Defensa,Celtic FC,Otra liga,8000000.0,CANADA,B,Round of 16,2,26.92,11.0,742.0,2.352
417348,Richie Laryea,31,Right-Back,Defensa,Toronto FC,Otra liga,1000000.0,CANADA,B,Round of 16,2,26.92,9.0,810.0,1.348
1045375,Niko Sigur,22,Defensive Midfield,Medio,HNK Hajduk Split,Otra liga,4000000.0,CANADA,B,Round of 16,2,26.92,35.0,2528.0,
921655,Ismaël Koné,24,Central Midfield,Medio,US Sassuolo,Serie A,25000000.0,CANADA,B,Round of 16,2,26.92,36.0,2841.0,
842420,Nathan-Dylan Saliba,22,Central Midfield,Medio,RSC Anderlecht,Otra liga,7500000.0,CANADA,B,Round of 16,2,26.92,45.0,3061.0,
512913,Stephen Eustaquio,29,Central Midfield,Medio,Los Angeles FC,Otra liga,6000000.0,CANADA,B,Round of 16,2,26.92,30.0,1331.0,
260807,Jonathan Osorio,34,Central Midfield,Medio,Toronto FC,Otra liga,1000000.0,CANADA,B,Round of 16,2,26.92,15.0,1305.0,0.6
589006,Mathieu Choinière,27,Central Midfield,Medio,Los Angeles FC,Otra liga,800000.0,CANADA,B,Round of 16,2,26.92,23.0,1365.0,
995642,Ali Ahmed,25,Left Midfield,Medio,Norwich City,Otra liga,5000000.0,CANADA,B,Round of 16,2,26.92,21.0,1465.0,
487417,Liam Millar,26,Left Winger,Ataque,Hull City,Otra liga,3000000.0,CANADA,B,Round of 16,2,26.92,38.0,2212.0,0.176
637632,Jacob Shaffelburg,26,Left Winger,Ataque,Los Angeles FC,Otra liga,2500000.0,CANADA,B,Round of 16,2,26.92,10.0,402.0,
635445,Jayden Nelson,23,Left Winger,Ataque,Austin FC,Otra liga,2000000.0,CANADA,B,Round of 16,2,26.92,11.0,519.0,
638793,Tajon Buchanan,27,Right Winger,Ataque,Villarreal CF,La Liga,12000000.0,CANADA,B,Round of 16,2,26.92,43.0,2331.0,2.456
533738,Jonathan David,26,Centre-Forward,Ataque,Juventus FC,Serie A,30000000.0,CANADA,B,Round of 16,2,26.92,46.0,2329.0,0.939
888785,Promise David,24,Centre-Forward,Ataque,Union Saint-Gilloise,Otra liga,17000000.0,CANADA,B,Round of 16,2,26.92,37.0,2152.0,
972465,Tani Oluwaseyi,26,Centre-Forward,Ataque,Villarreal CF,La Liga,7000000.0,CANADA,B,Round of 16,2,26.92,37.0,1535.0,
343463,Cyle Larin,31,Centre-Forward,Ataque,Southampton FC,Otra liga,2500000.0,CANADA,B,Round of 16,2,26.92,37.0,1555.0,0.736
532096,CJ dos Santos,25,Goalkeeper,Portero,San Diego FC,Otra liga,1000000.0,CAPE VERDE,H,Round of 32,1,3.85,2.0,180.0,
398048,Márcio Rosa,29,Goalkeeper,Portero,Montana,Otra liga,350000.0,CAPE VERDE,H,Round of 32,1,3.85,20.0,1800.0,
242277,Vozinha,40,Goalkeeper,Portero,GD Chaves,Otra liga,50000.0,CAPE VERDE,H,Round of 32,1,3.85,19.0,1710.0,
484988,Logan Costa,25,Centre-Back,Defensa,Villarreal CF,La Liga,15000000.0,CAPE VERDE,H,Round of 32,1,3.85,2.0,28.0,
349570,Diney Borges,31,Centre-Back,Defensa,Al-Bataeh CSC,Otra liga,900000.0,CAPE VERDE,H,Round of 32,1,3.85,26.0,2370.0,
662119,Kelvin Pires,26,Centre-Back,Defensa,SJK Seinäjoki,Otra liga,400000.0,CAPE VERDE,H,Round of 32,1,3.85,12.0,960.0,
166158,Roberto Lopes,34,Centre-Back,Defensa,Shamrock Rovers,Otra liga,250000.0,CAPE VERDE,H,Round of 32,1,3.85,26.0,2249.0,
80486,Stopira,38,Centre-Back,Defensa,SC União Torreense,Otra liga,50000.0,CAPE VERDE,H,Round of 32,1,3.85,41.0,3526.0,
611855,Sidny Lopes Cabral,23,Left-Back,Defensa,SL Benfica,Otra liga,4000000.0,CAPE VERDE,H,Round of 32,1,3.85,28.0,1833.0,
1072017,Wagner Pina,23,Right-Back,Defensa,Trabzonspor,Otra liga,11000000.0,CAPE VERDE,H,Round of 32,1,3.85,40.0,3132.0,
203517,Steven Moreira,31,Right-Back,Defensa,Columbus Crew,Otra liga,1500000.0,CAPE VERDE,H,Round of 32,1,3.85,15.0,1211.0,
544586,Kevin Pina,29,Defensive Midfield,Medio,FC Krasnodar,Otra liga,5000000.0,CAPE VERDE,H,Round of 32,1,3.85,40.0,2046.0,
258513,Laros Duarte,29,Defensive Midfield,Medio,Puskás Akadémia FC,Otra liga,1000000.0,CAPE VERDE,H,Round of 32,1,3.85,33.0,2709.0,
623965,João Paulo,28,Defensive Midfield,Medio,FCSB,Otra liga,900000.0,CAPE VERDE,H,Round of 32,1,3.85,39.0,3043.0,
432852,Deroy Duarte,26,Central Midfield,Medio,Ludogorets Razgrad,Otra liga,1800000.0,CAPE VERDE,H,Round of 32,1,3.85,56.0,4010.0,
272930,Jamiro Monteiro,32,Central Midfield,Medio,PEC Zwolle,Otra liga,650000.0,CAPE VERDE,H,Round of 32,1,3.85,23.0,1456.0,
620307,Yannick Semedo,30,Central Midfield,Medio,SC Farense,Otra liga,250000.0,CAPE VERDE,H,Round of 32,1,3.85,31.0,2148.0,
840836,Hélio Varela,24,Left Winger,Ataque,Maccabi Tel Aviv,Otra liga,2500000.0,CAPE VERDE,H,Round of 32,1,3.85,45.0,2834.0,
448466,Jovane Cabral,28,Left Winger,Ataque,CF Estrela Amadora,Otra liga,1000000.0,CAPE VERDE,H,Round of 32,1,3.85,27.0,1679.0,
531450,Willy Semedo,32,Left Winger,Ataque,Omonia Nicosia,Otra liga,1000000.0,CAPE VERDE,H,Round of 32,1,3.85,43.0,3288.0,
111627,Ryan Mendes,36,Left Winger,Ataque,Igdir FK,Otra liga,200000.0,CAPE VERDE,H,Round of 32,1,3.85,37.0,2309.0,
791528,Telmo Arcanjo,25,Right Winger,Ataque,Vitória Guimarães SC,Otra liga,3000000.0,CAPE VERDE,H,Round of 32,1,3.85,34.0,1451.0,
170895,Garry Rodrigues,35,Right Winger,Ataque,Apollon Limassol,Otra liga,300000.0,CAPE VERDE,H,Round of 32,1,3.85,36.0,2292.0,
820252,Gilson Benchimol,24,Centre-Forward,Ataque,Akron Tolyatti,Otra liga,1200000.0,CAPE VERDE,H,Round of 32,1,3.85,26.0,1479.0,
676411,Dailon Livramento,25,Centre-Forward,Ataque,Casa Pia AC,Otra liga,800000.0,CAPE VERDE,H,Round of 32,1,3.85,29.0,1174.0,
306166,Nuno da Costa,35,Centre-Forward,Ataque,Basaksehir FK,Otra liga,400000.0,CAPE VERDE,H,Round of 32,1,3.85,35.0,1383.0,
292985,Álvaro Montero,31,Goalkeeper,Portero,CA Vélez Sarsfield,Otra liga,2500000.0,COLOMBIA,K,Round of 16,2,30.77,17.0,1530.0,
74113,Camilo Vargas,37,Goalkeeper,Portero,Atlas Guadalajara,Otra liga,450000.0,COLOMBIA,K,Round of 16,2,30.77,33.0,2970.0,
73396,David Ospina,37,Goalkeeper,Portero,Atlético Nacional,Otra liga,100000.0,COLOMBIA,K,Round of 16,2,30.77,13.0,1170.0,
413565,Jhon Lucumí,28,Centre-Back,Defensa,Bologna FC 1909,Serie A,22000000.0,COLOMBIA,K,Round of 16,2,30.77,43.0,3567.0,
341429,Davinson Sánchez,30,Centre-Back,Defensa,Galatasaray,Otra liga,16000000.0,COLOMBIA,K,Round of 16,2,30.77,45.0,3684.0,
609255,Willer Ditta,28,Centre-Back,Defensa,CD Cruz Azul,Otra liga,5500000.0,COLOMBIA,K,Round of 16,2,30.77,49.0,4298.0,
289446,Yerry Mina,31,Centre-Back,Defensa,Cagliari Calcio,Serie A,2500000.0,COLOMBIA,K,Round of 16,2,30.77,27.0,2243.0,
332560,Deiver Machado,32,Left-Back,Defensa,FC Nantes,Ligue 1,1800000.0,COLOMBIA,K,Round of 16,2,30.77,21.0,1309.0,
262939,Johan Mojica,33,Left-Back,Defensa,RCD Mallorca,La Liga,1500000.0,COLOMBIA,K,Round of 16,2,30.77,35.0,2726.0,
493003,Daniel Muñoz,30,Right-Back,Defensa,Crystal Palace,Premier League,22000000.0,COLOMBIA,K,Round of 16,2,30.77,46.0,3881.0,
120443,Santiago Arias,34,Right-Back,Defensa,CA Independiente,Otra liga,1200000.0,COLOMBIA,K,Round of 16,2,30.77,14.0,1003.0,
735573,Richard Ríos,26,Defensive Midfield,Medio,SL Benfica,Otra liga,25000000.0,COLOMBIA,K,Round of 16,2,30.77,45.0,3637.0,
262980,Jefferson Lerma,31,Defensive Midfield,Medio,Crystal Palace,Premier League,6000000.0,COLOMBIA,K,Round of 16,2,30.77,48.0,2538.0,
857948,Kevin Castaño,25,Defensive Midfield,Medio,CA River Plate,Otra liga,5000000.0,COLOMBIA,K,Round of 16,2,30.77,7.0,220.0,
936981,Gustavo Puerta,22,Central Midfield,Medio,Racing Santander,Otra liga,10000000.0,COLOMBIA,K,Round of 16,2,30.77,33.0,2715.0,
585747,Juan Portilla,27,Central Midfield,Medio,Club Athletico Paranaense,Otra liga,5000000.0,COLOMBIA,K,Round of 16,2,30.77,19.0,1021.0,
354145,Jorge Carrascal,28,Attacking Midfield,Medio,CR Flamengo,Otra liga,13000000.0,COLOMBIA,K,Round of 16,2,30.77,31.0,1823.0,
122582,Juan Fernando Quintero,33,Attacking Midfield,Medio,CA River Plate,Otra liga,1800000.0,COLOMBIA,K,Round of 16,2,30.77,19.0,948.0,
88103,James Rodríguez,34,Attacking Midfield,Medio,Minnesota United FC,Otra liga,1500000.0,COLOMBIA,K,Round of 16,2,30.77,22.0,1255.0,
480692,Luis Díaz,29,Left Winger,Ataque,Bayern Munich,Bundesliga,70000000.0,COLOMBIA,K,Round of 16,2,30.77,51.0,4060.0,
957461,Andrés Gómez,23,Left Winger,Ataque,Clube de Regatas Vasco da Gama,Otra liga,11000000.0,COLOMBIA,K,Round of 16,2,30.77,29.0,2277.0,
491553,Jáminton Campaz,26,Left Winger,Ataque,CA Rosario Central,Otra liga,5500000.0,COLOMBIA,K,Round of 16,2,30.77,18.0,1155.0,
588989,Jhon Arias,28,Right Winger,Ataque,Sociedade Esportiva Palmeiras,Otra liga,15000000.0,COLOMBIA,K,Round of 16,2,30.77,51.0,3081.0,
424784,Luis Suárez,28,Centre-Forward,Ataque,Sporting CP,Otra liga,30000000.0,COLOMBIA,K,Round of 16,2,30.77,53.0,4373.0,
459463,Cucho Hernández,27,Centre-Forward,Ataque,Real Betis Balompié,La Liga,18000000.0,COLOMBIA,K,Round of 16,2,30.77,40.0,3130.0,
185245,Jhon Córdoba,33,Centre-Forward,Ataque,FC Krasnodar,Otra liga,10000000.0,COLOMBIA,K,Round of 16,2,30.77,41.0,3241.0,
370997,Dominik Kotarski,26,Goalkeeper,Portero,FC Copenhagen,Otra liga,5000000.0,CROATIA,L,Round of 32,1,65.38,51.0,4620.0,
371013,Ivor Pandur,26,Goalkeeper,Portero,Hull City,Otra liga,4500000.0,CROATIA,L,Round of 32,1,65.38,48.0,4320.0,
205927,Dominik Livakovic,31,Goalkeeper,Portero,GNK Dinamo Zagreb,Otra liga,4000000.0,CROATIA,L,Round of 32,1,65.38,19.0,1740.0,
475959,Josko Gvardiol,24,Centre-Back,Defensa,Manchester City,Premier League,70000000.0,CROATIA,L,Round of 32,1,65.38,25.0,1866.0,
892160,Luka Vuskovic,19,Centre-Back,Defensa,Hamburger SV,Bundesliga,60000000.0,CROATIA,L,Round of 32,1,65.38,30.0,2652.0,
371001,Josip Sutalo,26,Centre-Back,Defensa,Ajax Amsterdam,Otra liga,12000000.0,CROATIA,L,Round of 32,1,65.38,31.0,2288.0,
282144,Marin Pongracic,28,Centre-Back,Defensa,ACF Fiorentina,Serie A,6500000.0,CROATIA,L,Round of 32,1,65.38,48.0,3801.0,
357003,Martin Erlić,28,Centre-Back,Defensa,FC Midtjylland,Otra liga,4000000.0,CROATIA,L,Round of 32,1,65.38,35.0,2871.0,
238266,Duje Caleta-Car,29,Centre-Back,Defensa,Real Sociedad,La Liga,2800000.0,CROATIA,L,Round of 32,1,65.38,32.0,2629.0,
483046,Josip Stanisic,26,Right-Back,Defensa,Bayern Munich,Bundesliga,40000000.0,CROATIA,L,Round of 32,1,65.38,43.0,3153.0,
316934,Nikola Moro,28,Defensive Midfield,Medio,Bologna FC 1909,Serie A,7000000.0,CROATIA,L,Round of 32,1,65.38,44.0,2728.0,
374954,Kristijan Jakic,29,Defensive Midfield,Medio,FC Augsburg,Bundesliga,6000000.0,CROATIA,L,Round of 32,1,65.38,28.0,1834.0,
668207,Petar Sučić,22,Central Midfield,Medio,Inter Milan,Serie A,40000000.0,CROATIA,L,Round of 32,1,65.38,50.0,2549.0,
51471,Mateo Kovacic,32,Central Midfield,Medio,Manchester City,Premier League,10000000.0,CROATIA,L,Round of 32,1,65.38,9.0,242.0,
502722,Luka Sucic,23,Central Midfield,Medio,Real Sociedad,La Liga,10000000.0,CROATIA,L,Round of 32,1,65.38,28.0,1351.0,
205938,Mario Pašalić,31,Central Midfield,Medio,Atalanta BC,Serie A,6000000.0,CROATIA,L,Round of 32,1,65.38,46.0,2771.0,2.248
27992,Luka Modrić,40,Central Midfield,Medio,AC Milan,Serie A,3500000.0,CROATIA,L,Round of 32,1,65.38,37.0,2864.0,3.241
580451,Martin Baturina,23,Attacking Midfield,Medio,Como 1907,Serie A,30000000.0,CROATIA,L,Round of 32,1,65.38,34.0,1835.0,
293200,Nikola Vlašić,28,Attacking Midfield,Medio,Torino FC,Serie A,10000000.0,CROATIA,L,Round of 32,1,65.38,41.0,3350.0,2.159
432758,Toni Fruk,25,Attacking Midfield,Medio,HNK Rijeka,Otra liga,9000000.0,CROATIA,L,Round of 32,1,65.38,50.0,3736.0,
46580,Andrej Kramaric,35,Attacking Midfield,Medio,TSG 1899 Hoffenheim,Bundesliga,2500000.0,CROATIA,L,Round of 32,1,65.38,36.0,2422.0,
42460,Ivan Perišić,37,Left Winger,Ataque,PSV Eindhoven,Otra liga,1200000.0,CROATIA,L,Round of 32,1,65.38,43.0,3060.0,4.233
395928,Marco Pašalić,25,Right Winger,Ataque,Orlando City SC,Otra liga,6500000.0,CROATIA,L,Round of 32,1,65.38,11.0,650.0,
605268,Igor Matanovic,23,Centre-Forward,Ataque,SC Freiburg,Bundesliga,22000000.0,CROATIA,L,Round of 32,1,65.38,50.0,2636.0,
387110,Petar Musa,28,Centre-Forward,Ataque,FC Dallas,Otra liga,12000000.0,CROATIA,L,Round of 32,1,65.38,13.0,1044.0,
46413,Ante Budimir,34,Centre-Forward,Ataque,CA Osasuna,La Liga,2800000.0,CROATIA,L,Round of 32,1,65.38,40.0,3013.0,1.053
79294,Eloy Room,37,Goalkeeper,Portero,Miami FC,Otra liga,150000.0,CURAÇAO,E,Fase de grupos,0,0.0,11.0,990.0,
390814,Trevor Doornbusch,26,Goalkeeper,Portero,VVV-Venlo,Otra liga,50000.0,CURAÇAO,E,Fase de grupos,0,0.0,1.0,56.0,
663961,Tyrick Bodak,24,Goalkeeper,Portero,SC Telstar,Otra liga,25000.0,CURAÇAO,E,Fase de grupos,0,0.0,0.0,0.0,
339337,Armando Obispo,27,Centre-Back,Defensa,PSV Eindhoven,Otra liga,4000000.0,CURAÇAO,E,Fase de grupos,0,0.0,27.0,1403.0,
216443,Riechedly Bazoer,29,Centre-Back,Defensa,Konyaspor,Otra liga,1500000.0,CURAÇAO,E,Fase de grupos,0,0.0,17.0,1033.0,
708989,Deveron Fonville,23,Centre-Back,Defensa,NEC Nijmegen,Otra liga,1500000.0,CURAÇAO,E,Fase de grupos,0,0.0,38.0,2070.0,
401029,Roshon van Eijma,28,Centre-Back,Defensa,RKC Waalwijk,Otra liga,375000.0,CURAÇAO,E,Fase de grupos,0,0.0,31.0,2274.0,
328455,Juriën Gaari,32,Centre-Back,Defensa,Abha Club,Otra liga,350000.0,CURAÇAO,E,Fase de grupos,0,0.0,32.0,2910.0,
315211,Sherel Floranus,27,Left-Back,Defensa,PEC Zwolle,Otra liga,800000.0,CURAÇAO,E,Fase de grupos,0,0.0,34.0,2981.0,
412937,Shurandy Sambo,24,Right-Back,Defensa,Sparta Rotterdam,Otra liga,1300000.0,CURAÇAO,E,Fase de grupos,0,0.0,27.0,1754.0,
207006,Joshua Brenet,32,Right-Back,Defensa,Kayserispor,Otra liga,1000000.0,CURAÇAO,E,Fase de grupos,0,0.0,26.0,1801.0,
626764,Livano Comenencia,22,Right-Back,Defensa,FC Zürich,Otra liga,500000.0,CURAÇAO,E,Fase de grupos,0,0.0,25.0,1643.0,
433933,Kevin Felida,26,Defensive Midfield,Medio,FC Den Bosch,Otra liga,400000.0,CURAÇAO,E,Fase de grupos,0,0.0,39.0,3382.0,
393241,Godfried Roemeratoe,26,Defensive Midfield,Medio,RKC Waalwijk,Otra liga,350000.0,CURAÇAO,E,Fase de grupos,0,0.0,37.0,2561.0,
348863,Juninho Bacuna,28,Central Midfield,Medio,FC Volendam,Otra liga,1700000.0,CURAÇAO,E,Fase de grupos,0,0.0,27.0,1323.0,
126014,Leandro Bacuna,34,Central Midfield,Medio,Igdir FK,Otra liga,250000.0,CURAÇAO,E,Fase de grupos,0,0.0,38.0,3039.0,
708005,Tyrese Noslin,23,Right Midfield,Medio,SC Telstar,Otra liga,750000.0,CURAÇAO,E,Fase de grupos,0,0.0,39.0,2632.0,
344830,Tahith Chong,26,Attacking Midfield,Medio,Sheffield United,Otra liga,3500000.0,CURAÇAO,E,Fase de grupos,0,0.0,22.0,726.0,
538958,Jearl Margaritha,26,Left Winger,Ataque,SK Beveren,Otra liga,1000000.0,CURAÇAO,E,Fase de grupos,0,0.0,33.0,2457.0,
594273,Jeremy Antonisse,24,Left Winger,Ataque,AE Kifisia,Otra liga,800000.0,CURAÇAO,E,Fase de grupos,0,0.0,32.0,2195.0,
374889,Kenji Gorré,31,Left Winger,Ataque,Maccabi Haifa,Otra liga,600000.0,CURAÇAO,E,Fase de grupos,0,0.0,29.0,1896.0,
485582,Sontje Hansen,24,Right Winger,Ataque,Middlesbrough FC,Otra liga,3500000.0,CURAÇAO,E,Fase de grupos,0,0.0,22.0,690.0,
572519,Ar'jany Martha,22,Right Winger,Ataque,Rotherham United,Otra liga,700000.0,CURAÇAO,E,Fase de grupos,0,0.0,47.0,3063.0,
232219,Brandley Kuwas,33,Right Winger,Ataque,FC Volendam,Otra liga,250000.0,CURAÇAO,E,Fase de grupos,0,0.0,37.0,2401.0,
240752,Gervane Kastaneer,30,Centre-Forward,Ataque,Terengganu FC,Otra liga,225000.0,CURAÇAO,E,Fase de grupos,0,0.0,22.0,1809.0,
166240,Jürgen Locadia,32,Centre-Forward,Ataque,Miami FC,Otra liga,200000.0,CURAÇAO,E,Fase de grupos,0,0.0,12.0,894.0,
629773,Lukas Hornicek,23,Goalkeeper,Portero,SC Braga,Otra liga,18000000.0,CZECH REPUBLIC,A,Fase de grupos,0,26.92,55.0,4970.0,
550829,Matej Kovar,26,Goalkeeper,Portero,PSV Eindhoven,Otra liga,8000000.0,CZECH REPUBLIC,A,Fase de grupos,0,26.92,44.0,3960.0,
242089,Jindrich Stanek,30,Goalkeeper,Portero,SK Slavia Prague,Otra liga,2000000.0,CZECH REPUBLIC,A,Fase de grupos,0,26.92,25.0,2250.0,
345911,Ladislav Krejčí,27,Centre-Back,Defensa,Wolverhampton Wanderers,Premier League,22000000.0,CZECH REPUBLIC,A,Fase de grupos,0,26.92,34.0,2856.0,
620217,Robin Hranac,26,Centre-Back,Defensa,TSG 1899 Hoffenheim,Bundesliga,10000000.0,CZECH REPUBLIC,A,Fase de grupos,0,26.92,31.0,2423.0,
944827,Stepan Chaloupek,23,Centre-Back,Defensa,SK Slavia Prague,Otra liga,10000000.0,CZECH REPUBLIC,A,Fase de grupos,0,26.92,39.0,2620.0,
544149,David Zima,25,Centre-Back,Defensa,SK Slavia Prague,Otra liga,7000000.0,CZECH REPUBLIC,A,Fase de grupos,0,26.92,33.0,2596.0,
216278,Tomas Holes,33,Centre-Back,Defensa,SK Slavia Prague,Otra liga,1000000.0,CZECH REPUBLIC,A,Fase de grupos,0,26.92,30.0,2294.0,
142219,Jaroslav Zelený,33,Centre-Back,Defensa,AC Sparta Prague,Otra liga,600000.0,CZECH REPUBLIC,A,Fase de grupos,0,26.92,36.0,2597.0,
500054,David Jurásek,25,Left-Back,Defensa,SK Slavia Prague,Otra liga,5000000.0,CZECH REPUBLIC,A,Fase de grupos,0,26.92,34.0,2502.0,
157672,Vladimír Coufal,33,Right-Back,Defensa,TSG 1899 Hoffenheim,Bundesliga,2500000.0,CZECH REPUBLIC,A,Fase de grupos,0,26.92,35.0,3108.0,
283628,Tomáš Souček,31,Defensive Midfield,Medio,West Ham United,Premier League,10000000.0,CZECH REPUBLIC,A,Fase de grupos,0,26.92,40.0,2623.0,
321204,Michal Sadílek,27,Central Midfield,Medio,SK Slavia Prague,Otra liga,8000000.0,CZECH REPUBLIC,A,Fase de grupos,0,26.92,39.0,2872.0,
611049,Lukas Cerv,25,Central Midfield,Medio,FC Viktoria Plzen,Otra liga,6000000.0,CZECH REPUBLIC,A,Fase de grupos,0,26.92,49.0,3983.0,
1206877,Hugo Sochurek,18,Central Midfield,Medio,AC Sparta Prague,Otra liga,3500000.0,CZECH REPUBLIC,A,Fase de grupos,0,26.92,21.0,1431.0,
826103,Alexandr Sojka,23,Central Midfield,Medio,FC Viktoria Plzen,Otra liga,2300000.0,CZECH REPUBLIC,A,Fase de grupos,0,26.92,38.0,2292.0,
179643,Vladimír Darida,35,Central Midfield,Medio,FC Hradec Kralove,Otra liga,375000.0,CZECH REPUBLIC,A,Fase de grupos,0,26.92,35.0,2959.0,
493758,David Doudera,28,Right Midfield,Medio,SK Slavia Prague,Otra liga,3500000.0,CZECH REPUBLIC,A,Fase de grupos,0,26.92,29.0,1940.0,
500053,Pavel Sulc,25,Attacking Midfield,Medio,Olympique Lyon,Ligue 1,20000000.0,CZECH REPUBLIC,A,Fase de grupos,0,26.92,42.0,2604.0,
652060,Denis Visinsky,23,Attacking Midfield,Medio,FC Viktoria Plzen,Otra liga,3000000.0,CZECH REPUBLIC,A,Fase de grupos,0,26.92,41.0,2316.0,
292779,Lukas Provod,29,Left Winger,Ataque,SK Slavia Prague,Otra liga,8000000.0,CZECH REPUBLIC,A,Fase de grupos,0,26.92,39.0,3216.0,
242086,Patrik Schick,30,Centre-Forward,Ataque,Bayer 04 Leverkusen,Bundesliga,18000000.0,CZECH REPUBLIC,A,Fase de grupos,0,26.92,42.0,2865.0,
552057,Adam Hlozek,23,Centre-Forward,Ataque,TSG 1899 Hoffenheim,Bundesliga,10000000.0,CZECH REPUBLIC,A,Fase de grupos,0,26.92,6.0,68.0,
405855,Mojmír Chytil,27,Centre-Forward,Ataque,SK Slavia Prague,Otra liga,4000000.0,CZECH REPUBLIC,A,Fase de grupos,0,26.92,37.0,1795.0,
334802,Jan Kuchta,29,Centre-Forward,Ataque,AC Sparta Prague,Otra liga,2700000.0,CZECH REPUBLIC,A,Fase de grupos,0,26.92,45.0,2535.0,
198614,Tomas Chory,31,Centre-Forward,Ataque,SK Slavia Prague,Otra liga,2700000.0,CZECH REPUBLIC,A,Fase de grupos,0,26.92,33.0,2421.0,
680218,Matthieu Epolo,21,Goalkeeper,Portero,Standard Liège,Otra liga,8000000.0,DEMOCRATIC REPUBLIC OF THE CONGO,K,Round of 32,1,38.46,31.0,2790.0,
541420,Timothy Fayulu,26,Goalkeeper,Portero,FC Noah Yerevan,Otra liga,800000.0,DEMOCRATIC REPUBLIC OF THE CONGO,K,Round of 32,1,38.46,10.0,900.0,
164915,Lionel Mpasi-Nzau,31,Goalkeeper,Portero,Le Havre AC,Ligue 1,400000.0,DEMOCRATIC REPUBLIC OF THE CONGO,K,Round of 32,1,38.46,4.0,315.0,
342046,Axel Tuanzebe,28,Centre-Back,Defensa,Burnley FC,Premier League,5000000.0,DEMOCRATIC REPUBLIC OF THE CONGO,K,Round of 32,1,38.46,16.0,1337.0,
679709,Steve Kapuadi,28,Centre-Back,Defensa,Widzew Lodz,Otra liga,2500000.0,DEMOCRATIC REPUBLIC OF THE CONGO,K,Round of 32,1,38.46,42.0,3749.0,
203348,Chancel Mbemba,31,Centre-Back,Defensa,LOSC Lille,Ligue 1,2000000.0,DEMOCRATIC REPUBLIC OF THE CONGO,K,Round of 32,1,38.46,21.0,1657.0,
289432,Dylan Batubinsika,30,Centre-Back,Defensa,AE Larisa,Otra liga,600000.0,DEMOCRATIC REPUBLIC OF THE CONGO,K,Round of 32,1,38.46,21.0,1862.0,
129586,Joris Kayembe,31,Left-Back,Defensa,KRC Genk,Otra liga,2000000.0,DEMOCRATIC REPUBLIC OF THE CONGO,K,Round of 32,1,38.46,39.0,2890.0,
181380,Arthur Masuaku,32,Left-Back,Defensa,RC Lens,Ligue 1,2000000.0,DEMOCRATIC REPUBLIC OF THE CONGO,K,Round of 32,1,38.46,10.0,481.0,
477758,Aaron Wan-Bissaka,28,Right-Back,Defensa,West Ham United,Premier League,15000000.0,DEMOCRATIC REPUBLIC OF THE CONGO,K,Round of 32,1,38.46,27.0,2204.0,
395685,Gédéon Kalulu,28,Right-Back,Defensa,Aris Limassol,Otra liga,1000000.0,DEMOCRATIC REPUBLIC OF THE CONGO,K,Round of 32,1,38.46,19.0,1377.0,
1016015,Ngal'ayel Mukau,21,Defensive Midfield,Medio,LOSC Lille,Ligue 1,15000000.0,DEMOCRATIC REPUBLIC OF THE CONGO,K,Round of 32,1,38.46,42.0,2283.0,
243879,Charles Pickel,29,Defensive Midfield,Medio,RCD Espanyol Barcelona,La Liga,2500000.0,DEMOCRATIC REPUBLIC OF THE CONGO,K,Round of 32,1,38.46,26.0,856.0,
727089,Noah Sadiki,21,Central Midfield,Medio,Sunderland AFC,Premier League,35000000.0,DEMOCRATIC REPUBLIC OF THE CONGO,K,Round of 32,1,38.46,35.0,3042.0,
486477,Edo Kayembe,28,Central Midfield,Medio,Watford FC,Otra liga,4000000.0,DEMOCRATIC REPUBLIC OF THE CONGO,K,Round of 32,1,38.46,38.0,2587.0,
353403,Samuel Moutoussamy,29,Central Midfield,Medio,Atromitos Athens,Otra liga,1200000.0,DEMOCRATIC REPUBLIC OF THE CONGO,K,Round of 32,1,38.46,35.0,2657.0,
243633,Aaron Tshibola,31,Central Midfield,Medio,Kilmarnock FC,Otra liga,150000.0,DEMOCRATIC REPUBLIC OF THE CONGO,K,Round of 32,1,38.46,29.0,1631.0,
74297,Gaël Kakuta,35,Attacking Midfield,Medio,AE Larisa,Otra liga,250000.0,DEMOCRATIC REPUBLIC OF THE CONGO,K,Round of 32,1,38.46,32.0,2087.0,
557614,Nathanaël Mbuku,24,Left Winger,Ataque,Montpellier HSC,Otra liga,2000000.0,DEMOCRATIC REPUBLIC OF THE CONGO,K,Round of 32,1,38.46,32.0,2294.0,
700565,Brian Cipenga,28,Left Winger,Ataque,CD Castellón,Otra liga,2000000.0,DEMOCRATIC REPUBLIC OF THE CONGO,K,Round of 32,1,38.46,30.0,2250.0,
280701,Théo Bongonda,30,Right Winger,Ataque,Spartak Moscow,Otra liga,3000000.0,DEMOCRATIC REPUBLIC OF THE CONGO,K,Round of 32,1,38.46,6.0,110.0,
388165,Yoane Wissa,29,Centre-Forward,Ataque,Newcastle United,Premier League,25000000.0,DEMOCRATIC REPUBLIC OF THE CONGO,K,Round of 32,1,38.46,28.0,904.0,
344869,Simon Banza,29,Centre-Forward,Ataque,Al-Jazira Club,Otra liga,10000000.0,DEMOCRATIC REPUBLIC OF THE CONGO,K,Round of 32,1,38.46,20.0,1421.0,
727157,Fiston Mayele,32,Centre-Forward,Ataque,Pyramids FC,Otra liga,1800000.0,DEMOCRATIC REPUBLIC OF THE CONGO,K,Round of 32,1,38.46,43.0,3114.0,
423678,Meschack Elia,28,Centre-Forward,Ataque,Alanyaspor,Otra liga,1500000.0,DEMOCRATIC REPUBLIC OF THE CONGO,K,Round of 32,1,38.46,25.0,989.0,
127048,Cédric Bakambu,35,Centre-Forward,Ataque,Real Betis Balompié,La Liga,1200000.0,DEMOCRATIC REPUBLIC OF THE CONGO,K,Round of 32,1,38.46,27.0,1175.0,
351941,Gonzalo Valle,30,Goalkeeper,Portero,LDU Quito,Otra liga,1800000.0,ECUADOR,E,Round of 32,1,23.08,20.0,1800.0,
450233,Moisés Ramírez,25,Goalkeeper,Portero,AE Kifisia,Otra liga,800000.0,ECUADOR,E,Round of 32,1,23.08,30.0,2700.0,
77127,Hernán Galíndez,39,Goalkeeper,Portero,CA Huracán,Otra liga,300000.0,ECUADOR,E,Round of 32,1,23.08,17.0,1590.0,
661171,Willian Pacho,24,Centre-Back,Defensa,Paris Saint-Germain,Ligue 1,80000000.0,ECUADOR,E,Round of 32,1,23.08,44.0,3839.0,
659813,Piero Hincapié,24,Centre-Back,Defensa,Arsenal FC,Premier League,50000000.0,ECUADOR,E,Round of 32,1,23.08,41.0,2918.0,
893661,Joel Ordóñez,22,Centre-Back,Defensa,Club Brugge KV,Otra liga,33000000.0,ECUADOR,E,Round of 32,1,23.08,46.0,3809.0,
491616,Jackson Porozo,25,Centre-Back,Defensa,Club Tijuana,Otra liga,2500000.0,ECUADOR,E,Round of 32,1,23.08,35.0,3119.0,
468174,Félix Torres,29,Centre-Back,Defensa,Sport Club Internacional,Otra liga,1000000.0,ECUADOR,E,Round of 32,1,23.08,19.0,1497.0,
349599,Pervis Estupiñán,28,Left-Back,Defensa,AC Milan,Serie A,12000000.0,ECUADOR,E,Round of 32,1,23.08,22.0,1303.0,
893659,Yaimar Medina,21,Left-Back,Defensa,KRC Genk,Otra liga,4000000.0,ECUADOR,E,Round of 32,1,23.08,40.0,2215.0,
450241,Angelo Preciado,28,Right-Back,Defensa,Clube Atlético Mineiro,Otra liga,3500000.0,ECUADOR,E,Round of 32,1,23.08,39.0,2486.0,
687626,Moisés Caicedo,24,Defensive Midfield,Medio,Chelsea FC,Premier League,100000000.0,ECUADOR,E,Round of 32,1,23.08,50.0,4169.0,
598145,Jordy Alcívar,26,Defensive Midfield,Medio,Independiente del Valle,Otra liga,2000000.0,ECUADOR,E,Round of 32,1,23.08,14.0,1015.0,
941418,Denil Castillo,22,Central Midfield,Medio,FC Midtjylland,Otra liga,7000000.0,ECUADOR,E,Round of 32,1,23.08,49.0,2965.0,
659806,Pedro Vite,24,Central Midfield,Medio,UNAM Pumas,Otra liga,6000000.0,ECUADOR,E,Round of 32,1,23.08,40.0,3070.0,
400960,Alan Franco,27,Central Midfield,Medio,Clube Atlético Mineiro,Otra liga,4500000.0,ECUADOR,E,Round of 32,1,23.08,31.0,2546.0,
1052439,Kendry Páez,19,Attacking Midfield,Medio,CA River Plate,Otra liga,8000000.0,ECUADOR,E,Round of 32,1,23.08,35.0,1179.0,
903611,Nilson Angulo,23,Left Winger,Ataque,Sunderland AFC,Premier League,17000000.0,ECUADOR,E,Round of 32,1,23.08,39.0,3065.0,
592735,Gonzalo Plata,25,Right Winger,Ataque,CR Flamengo,Otra liga,9000000.0,ECUADOR,E,Round of 32,1,23.08,26.0,1514.0,
897051,Alan Minda,23,Right Winger,Ataque,Clube Atlético Mineiro,Otra liga,3000000.0,ECUADOR,E,Round of 32,1,23.08,37.0,1738.0,
974374,Anthony Valencia,22,Right Winger,Ataque,Royal Antwerp FC,Otra liga,1800000.0,ECUADOR,E,Round of 32,1,23.08,27.0,1475.0,
439914,John Yeboah,26,Second Striker,Ataque,Venezia FC,Otra liga,5500000.0,ECUADOR,E,Round of 32,1,23.08,36.0,2717.0,
971663,Jeremy Arévalo,21,Centre-Forward,Ataque,VfB Stuttgart,Bundesliga,7000000.0,ECUADOR,E,Round of 32,1,23.08,29.0,1238.0,
684159,Kevin Rodríguez,26,Centre-Forward,Ataque,Union Saint-Gilloise,Otra liga,6000000.0,ECUADOR,E,Round of 32,1,23.08,42.0,2522.0,
360412,Jordy Caicedo,28,Centre-Forward,Ataque,CA Huracán,Otra liga,2000000.0,ECUADOR,E,Round of 32,1,23.08,30.0,1867.0,
139503,Enner Valencia,36,Centre-Forward,Ataque,CF Pachuca,Otra liga,1000000.0,ECUADOR,E,Round of 32,1,23.08,22.0,1365.0,
661455,Oufa Shobeir,26,Goalkeeper,Portero,Al Ahly FC,Otra liga,1200000.0,EGYPT,G,Round of 16,2,15.38,20.0,1721.0,
1307898,Mohamed Alaa,26,Goalkeeper,Portero,El Gouna FC,Otra liga,1200000.0,EGYPT,G,Round of 16,2,15.38,32.0,2839.0,
134573,Mohamed El Shenawy,37,Goalkeeper,Portero,Al Ahly FC,Otra liga,500000.0,EGYPT,G,Round of 16,2,15.38,19.0,1699.0,
104951,El Mahdi Soliman,39,Goalkeeper,Portero,Zamalek SC,Otra liga,150000.0,EGYPT,G,Round of 16,2,15.38,21.0,1766.0,
566025,Mohamed Abdelmonem,27,Centre-Back,Defensa,OGC Nice,Ligue 1,2500000.0,EGYPT,G,Round of 16,2,15.38,0.0,0.0,
737524,Hossam Abdelmaguid,25,Centre-Back,Defensa,Zamalek SC,Otra liga,2000000.0,EGYPT,G,Round of 16,2,15.38,41.0,3561.0,
172623,Ramy Rabia,33,Centre-Back,Defensa,Al-Ain FC,Otra liga,600000.0,EGYPT,G,Round of 16,2,15.38,25.0,2116.0,
237425,Yasser Ibrahim,33,Centre-Back,Defensa,Al Ahly FC,Otra liga,275000.0,EGYPT,G,Round of 16,2,15.38,30.0,2559.0,
465966,Ahmed Fatouh,28,Left-Back,Defensa,Zamalek SC,Otra liga,1000000.0,EGYPT,G,Round of 16,2,15.38,29.0,1858.0,
333004,Karim Hafez,30,Left-Back,Defensa,Pyramids FC,Otra liga,700000.0,EGYPT,G,Round of 16,2,15.38,35.0,2082.0,
343974,Mohamed Hany,30,Right-Back,Defensa,Al Ahly FC,Otra liga,1500000.0,EGYPT,G,Round of 16,2,15.38,35.0,2980.0,
1087789,Tarek Alaa,24,Right-Back,Defensa,Zed FC,Otra liga,250000.0,EGYPT,G,Round of 16,2,15.38,17.0,1306.0,
734542,Marwan Ateya,27,Defensive Midfield,Medio,Al Ahly FC,Otra liga,4000000.0,EGYPT,G,Round of 16,2,15.38,33.0,2679.0,
479682,Mohanad Lasheen,30,Defensive Midfield,Medio,Pyramids FC,Otra liga,3000000.0,EGYPT,G,Round of 16,2,15.38,42.0,3579.0,
340303,Hamdy Fathy,31,Defensive Midfield,Medio,Al-Wakrah SC,Otra liga,1800000.0,EGYPT,G,Round of 16,2,15.38,22.0,1820.0,
479683,Nabil Dunga,30,Defensive Midfield,Medio,Al-Najma SC,Otra liga,1000000.0,EGYPT,G,Round of 16,2,15.38,25.0,1793.0,
604008,Emam Ashour,28,Central Midfield,Medio,Al Ahly FC,Otra liga,4000000.0,EGYPT,G,Round of 16,2,15.38,19.0,1271.0,
729390,Mahmoud Saber,24,Central Midfield,Medio,Zed FC,Otra liga,1500000.0,EGYPT,G,Round of 16,2,15.38,30.0,2160.0,
234189,Trezeguet,31,Left Winger,Ataque,Al Ahly FC,Otra liga,4500000.0,EGYPT,G,Round of 16,2,15.38,32.0,2535.0,
677278,Ibrahim Adel,25,Left Winger,Ataque,FC Nordsjaelland,Otra liga,2500000.0,EGYPT,G,Round of 16,2,15.38,23.0,1506.0,
896616,Mostafa Ziko,29,Left Winger,Ataque,Pyramids FC,Otra liga,1800000.0,EGYPT,G,Round of 16,2,15.38,41.0,2095.0,
148455,Mohamed Salah,34,Right Winger,Ataque,Liverpool FC,Premier League,22000000.0,EGYPT,G,Round of 16,2,15.38,41.0,3150.0,
620164,Haissem Hassan,24,Right Winger,Ataque,Real Oviedo,La Liga,3500000.0,EGYPT,G,Round of 16,2,15.38,38.0,2024.0,
320722,Zizo,30,Right Winger,Ataque,Al Ahly FC,Otra liga,3500000.0,EGYPT,G,Round of 16,2,15.38,29.0,2025.0,
445939,Omar Marmoush,27,Centre-Forward,Ataque,Manchester City,Premier League,50000000.0,EGYPT,G,Round of 16,2,15.38,36.0,1393.0,
1259085,Hamza Abdelkarim,18,Centre-Forward,Ataque,FC Barcelona U19,Otra liga,1500000.0,EGYPT,G,Round of 16,2,15.38,9.0,362.0,
258919,Dean Henderson,29,Goalkeeper,Portero,Crystal Palace,Premier League,28000000.0,ENGLAND,L,Match for third place,5,96.15,52.0,4680.0,
566799,James Trafford,23,Goalkeeper,Portero,Manchester City,Premier League,25000000.0,ENGLAND,L,Match for third place,5,96.15,17.0,1530.0,
130164,Jordan Pickford,32,Goalkeeper,Portero,Everton FC,Premier League,13000000.0,ENGLAND,L,Match for third place,5,96.15,39.0,3540.0,0.615
392757,Marc Guéhi,25,Centre-Back,Defensa,Manchester City,Premier League,70000000.0,ENGLAND,L,Match for third place,5,96.15,53.0,4522.0,
632349,Jarell Quansah,23,Centre-Back,Defensa,Bayer 04 Leverkusen,Bundesliga,45000000.0,ENGLAND,L,Match for third place,5,96.15,44.0,3706.0,
413403,Ezri Konsa,28,Centre-Back,Defensa,Aston Villa,Premier League,40000000.0,ENGLAND,L,Match for third place,5,96.15,48.0,4170.0,
346314,Trevoh Chalobah,26,Centre-Back,Defensa,Chelsea FC,Premier League,40000000.0,ENGLAND,L,Match for third place,5,96.15,47.0,3719.0,
186590,John Stones,32,Centre-Back,Defensa,Manchester City,Premier League,12000000.0,ENGLAND,L,Match for third place,5,96.15,18.0,1144.0,2.462
134270,Dan Burn,34,Centre-Back,Defensa,Newcastle United,Premier League,4000000.0,ENGLAND,L,Match for third place,5,96.15,44.0,3461.0,
743413,Nico O'Reilly,21,Left-Back,Defensa,Manchester City,Premier League,70000000.0,ENGLAND,L,Match for third place,5,96.15,53.0,4044.0,
483348,Djed Spence,25,Left-Back,Defensa,Tottenham Hotspur,Premier League,30000000.0,ENGLAND,L,Match for third place,5,96.15,44.0,3024.0,
472423,Reece James,26,Right-Back,Defensa,Chelsea FC,Premier League,60000000.0,ENGLAND,L,Match for third place,5,96.15,39.0,2667.0,
61651,Jordan Henderson,36,Defensive Midfield,Medio,Brentford FC,Premier League,1200000.0,ENGLAND,L,Match for third place,5,96.15,34.0,2086.0,
357662,Declan Rice,27,Central Midfield,Medio,Arsenal FC,Premier League,120000000.0,ENGLAND,L,Match for third place,5,96.15,55.0,4456.0,2.485
567576,Elliot Anderson,23,Central Midfield,Medio,Nottingham Forest,Premier League,75000000.0,ENGLAND,L,Match for third place,5,96.15,50.0,4168.0,
820374,Kobbie Mainoo,21,Central Midfield,Medio,Manchester United,Premier League,70000000.0,ENGLAND,L,Match for third place,5,96.15,30.0,1806.0,
581678,Jude Bellingham,23,Attacking Midfield,Medio,Real Madrid,La Liga,130000000.0,ENGLAND,L,Match for third place,5,96.15,40.0,2718.0,5.233
503743,Morgan Rogers,23,Attacking Midfield,Medio,Aston Villa,Premier League,90000000.0,ENGLAND,L,Match for third place,5,96.15,55.0,4564.0,
479999,Eberechi Eze,28,Attacking Midfield,Medio,Arsenal FC,Premier League,65000000.0,ENGLAND,L,Match for third place,5,96.15,54.0,3291.0,
503733,Anthony Gordon,25,Left Winger,Ataque,Newcastle United,Premier League,65000000.0,ENGLAND,L,Match for third place,5,96.15,46.0,2869.0,
258923,Marcus Rashford,28,Left Winger,Ataque,FC Barcelona,La Liga,40000000.0,ENGLAND,L,Match for third place,5,96.15,49.0,2622.0,3.309
433177,Bukayo Saka,24,Right Winger,Ataque,Arsenal FC,Premier League,110000000.0,ENGLAND,L,Match for third place,5,96.15,49.0,3256.0,6.141
503987,Noni Madueke,24,Right Winger,Ataque,Arsenal FC,Premier League,50000000.0,ENGLAND,L,Match for third place,5,96.15,43.0,2257.0,
132098,Harry Kane,32,Centre-Forward,Ataque,Bayern Munich,Bundesliga,60000000.0,ENGLAND,L,Match for third place,5,96.15,51.0,4050.0,6.053
324358,Ollie Watkins,30,Centre-Forward,Ataque,Aston Villa,Premier League,25000000.0,ENGLAND,L,Match for third place,5,96.15,55.0,3839.0,
251664,Ivan Toney,30,Centre-Forward,Ataque,Al-Ahli SFC,Otra liga,20000000.0,ENGLAND,L,Match for third place,5,96.15,49.0,4250.0,
743515,Robin Risser,21,Goalkeeper,Portero,RC Lens,Ligue 1,30000000.0,FRANCE,I,Match for third place,5,92.31,38.0,3420.0,
182906,Mike Maignan,30,Goalkeeper,Portero,AC Milan,Serie A,20000000.0,FRANCE,I,Match for third place,5,92.31,41.0,3656.0,
191056,Brice Samba,32,Goalkeeper,Portero,Stade Rennais FC,Ligue 1,7000000.0,FRANCE,I,Match for third place,5,92.31,34.0,3060.0,
495666,William Saliba,25,Centre-Back,Defensa,Arsenal FC,Premier League,100000000.0,FRANCE,I,Match for third place,5,92.31,50.0,4254.0,0.653
344695,Dayot Upamecano,27,Centre-Back,Defensa,Bayern Munich,Bundesliga,70000000.0,FRANCE,I,Match for third place,5,92.31,42.0,3341.0,
434224,Maxence Lacroix,26,Centre-Back,Defensa,Crystal Palace,Premier League,50000000.0,FRANCE,I,Match for third place,5,92.31,55.0,4842.0,
357119,Ibrahima Konaté,27,Centre-Back,Defensa,Liverpool FC,Premier League,45000000.0,FRANCE,I,Match for third place,5,92.31,51.0,4280.0,2.089
339808,Theo Hernández,28,Left-Back,Defensa,Al-Hilal SFC,Otra liga,20000000.0,FRANCE,I,Match for third place,5,92.31,44.0,3807.0,
281963,Lucas Hernández,30,Left-Back,Defensa,Paris Saint-Germain,Ligue 1,18000000.0,FRANCE,I,Match for third place,5,92.31,36.0,2071.0,
126664,Lucas Digne,32,Left-Back,Defensa,Aston Villa,Premier League,6000000.0,FRANCE,I,Match for third place,5,92.31,44.0,2771.0,
411975,Jules Koundé,27,Right-Back,Defensa,FC Barcelona,La Liga,60000000.0,FRANCE,I,Match for third place,5,92.31,47.0,3529.0,2.16
620322,Malo Gusto,23,Right-Back,Defensa,Chelsea FC,Premier League,35000000.0,FRANCE,I,Match for third place,5,92.31,49.0,3305.0,
413112,Aurélien Tchouaméni,26,Defensive Midfield,Medio,Real Madrid,La Liga,70000000.0,FRANCE,I,Match for third place,5,92.31,49.0,3941.0,
225083,N'Golo Kanté,35,Defensive Midfield,Medio,Fenerbahce,Otra liga,4000000.0,FRANCE,I,Match for third place,5,92.31,44.0,3787.0,
810092,Warren Zaïre-Emery,20,Central Midfield,Medio,Paris Saint-Germain,Ligue 1,80000000.0,FRANCE,I,Match for third place,5,92.31,54.0,4224.0,
624690,Manu Koné,25,Central Midfield,Medio,AS Roma,Serie A,50000000.0,FRANCE,I,Match for third place,5,92.31,37.0,2758.0,
182913,Adrien Rabiot,31,Central Midfield,Medio,AC Milan,Serie A,18000000.0,FRANCE,I,Match for third place,5,92.31,33.0,2910.0,3.481
607223,Rayan Cherki,22,Attacking Midfield,Medio,Manchester City,Premier League,90000000.0,FRANCE,I,Match for third place,5,92.31,52.0,2854.0,
708265,Bradley Barcola,23,Left Winger,Ataque,Paris Saint-Germain,Ligue 1,70000000.0,FRANCE,I,Match for third place,5,92.31,49.0,2971.0,
566723,Michael Olise,24,Right Winger,Ataque,Bayern Munich,Bundesliga,150000000.0,FRANCE,I,Match for third place,5,92.31,52.0,4015.0,
914562,Désiré Doué,21,Right Winger,Ataque,Paris Saint-Germain,Ligue 1,120000000.0,FRANCE,I,Match for third place,5,92.31,41.0,2558.0,
745200,Maghnes Akliouche,24,Right Winger,Ataque,AS Monaco,Ligue 1,50000000.0,FRANCE,I,Match for third place,5,92.31,43.0,3425.0,
342229,Kylian Mbappé,27,Centre-Forward,Ataque,Real Madrid,La Liga,180000000.0,FRANCE,I,Match for third place,5,92.31,44.0,3621.0,
288230,Ousmane Dembélé,29,Centre-Forward,Ataque,Paris Saint-Germain,Ligue 1,100000000.0,FRANCE,I,Match for third place,5,92.31,40.0,2200.0,2.722
318528,Marcus Thuram,28,Centre-Forward,Ataque,Inter Milan,Serie A,50000000.0,FRANCE,I,Match for third place,5,92.31,44.0,2881.0,2.427
420002,Jean-Philippe Mateta,29,Centre-Forward,Ataque,Crystal Palace,Premier League,30000000.0,FRANCE,I,Match for third place,5,92.31,50.0,3400.0,
195778,Alexander Nübel,29,Goalkeeper,Portero,VfB Stuttgart,Bundesliga,12000000.0,GERMANY,E,Round of 32,1,96.15,49.0,4470.0,
17259,Manuel Neuer,40,Goalkeeper,Portero,Bayern Munich,Bundesliga,4000000.0,GERMANY,E,Round of 32,1,96.15,37.0,3210.0,0.796
55089,Oliver Baumann,36,Goalkeeper,Portero,TSG 1899 Hoffenheim,Bundesliga,2500000.0,GERMANY,E,Round of 32,1,96.15,36.0,3270.0,
388198,Nico Schlotterbeck,26,Centre-Back,Defensa,Borussia Dortmund,Bundesliga,55000000.0,GERMANY,E,Round of 32,1,96.15,37.0,3290.0,2.091
521964,Malick Thiaw,24,Centre-Back,Defensa,Newcastle United,Premier League,45000000.0,GERMANY,E,Round of 32,1,96.15,54.0,4641.0,
196357,Jonathan Tah,30,Centre-Back,Defensa,Bayern Munich,Bundesliga,28000000.0,GERMANY,E,Round of 32,1,96.15,49.0,3769.0,
193004,Waldemar Anton,29,Centre-Back,Defensa,Borussia Dortmund,Bundesliga,18000000.0,GERMANY,E,Round of 32,1,96.15,44.0,3927.0,
86202,Antonio Rüdiger,33,Centre-Back,Defensa,Real Madrid,La Liga,6000000.0,GERMANY,E,Round of 32,1,96.15,26.0,2190.0,2.169
691892,Nathaniel Brown,23,Left-Back,Defensa,Eintracht Frankfurt,Bundesliga,40000000.0,GERMANY,E,Round of 32,1,96.15,42.0,3461.0,
318204,David Raum,28,Left-Back,Defensa,RB Leipzig,Bundesliga,25000000.0,GERMANY,E,Round of 32,1,96.15,34.0,2916.0,4.522
792380,Aleksandar Pavlovic,22,Defensive Midfield,Medio,Bayern Munich,Bundesliga,90000000.0,GERMANY,E,Round of 32,1,96.15,44.0,3086.0,
443710,Angelo Stiller,25,Defensive Midfield,Medio,VfB Stuttgart,Bundesliga,45000000.0,GERMANY,E,Round of 32,1,96.15,52.0,4249.0,
161056,Joshua Kimmich,31,Defensive Midfield,Medio,Bayern Munich,Bundesliga,35000000.0,GERMANY,E,Round of 32,1,96.15,49.0,4073.0,2.604
406640,Felix Nmecha,25,Central Midfield,Medio,Borussia Dortmund,Bundesliga,50000000.0,GERMANY,E,Round of 32,1,96.15,42.0,3136.0,
897424,Assan Ouédraogo,20,Central Midfield,Medio,RB Leipzig,Bundesliga,28000000.0,GERMANY,E,Round of 32,1,96.15,20.0,960.0,
232454,Nadiem Amiri,29,Central Midfield,Medio,1.FSV Mainz 05,Bundesliga,17000000.0,GERMANY,E,Round of 32,1,96.15,35.0,2836.0,
153084,Leon Goretzka,31,Central Midfield,Medio,Bayern Munich,Bundesliga,12000000.0,GERMANY,E,Round of 32,1,96.15,48.0,2349.0,1.409
82873,Pascal Groß,35,Central Midfield,Medio,Brighton & Hove Albion,Premier League,2500000.0,GERMANY,E,Round of 32,1,96.15,37.0,2549.0,
580195,Jamal Musiala,23,Attacking Midfield,Medio,Bayern Munich,Bundesliga,100000000.0,GERMANY,E,Round of 32,1,96.15,24.0,1174.0,1.773
598577,Florian Wirtz,23,Attacking Midfield,Medio,Liverpool FC,Premier League,100000000.0,GERMANY,E,Round of 32,1,96.15,49.0,3504.0,
518505,Jamie Leweling,25,Right Winger,Ataque,VfB Stuttgart,Bundesliga,40000000.0,GERMANY,E,Round of 32,1,96.15,50.0,3537.0,
192565,Leroy Sané,30,Right Winger,Ataque,Galatasaray,Otra liga,20000000.0,GERMANY,E,Round of 32,1,96.15,43.0,3371.0,3.087
309400,Kai Havertz,27,Centre-Forward,Ataque,Arsenal FC,Premier League,55000000.0,GERMANY,E,Round of 32,1,96.15,24.0,1066.0,5.166
455661,Nick Woltemade,24,Centre-Forward,Ataque,Newcastle United,Premier League,55000000.0,GERMANY,E,Round of 32,1,96.15,54.0,3255.0,
578392,Maximilian Beier,23,Centre-Forward,Ataque,Borussia Dortmund,Bundesliga,40000000.0,GERMANY,E,Round of 32,1,96.15,44.0,2736.0,
339314,Deniz Undav,29,Centre-Forward,Ataque,VfB Stuttgart,Bundesliga,22000000.0,GERMANY,E,Round of 32,1,96.15,46.0,3645.0,
254285,Lawrence Ati Zigi,29,Goalkeeper,Portero,FC St. Gallen 1879,Otra liga,1500000.0,GHANA,L,Round of 32,1,50.0,37.0,3285.0,
576099,Joseph Anang,26,Goalkeeper,Portero,St. Patrick's Athletic,Otra liga,350000.0,GHANA,L,Round of 32,1,50.0,25.0,2280.0,
837368,Benjamin Asare,33,Goalkeeper,Portero,Hearts of Oak,Otra liga,100000.0,GHANA,L,Round of 32,1,50.0,19.0,1710.0,
1113451,Kojo Peprah Oppong,22,Centre-Back,Defensa,OGC Nice,Ligue 1,10000000.0,GHANA,L,Round of 32,1,50.0,43.0,3465.0,
798404,Alidu Seidu,26,Centre-Back,Defensa,Stade Rennais FC,Ligue 1,6000000.0,GHANA,L,Round of 32,1,50.0,26.0,1549.0,3.313
734676,Jonas Adjetey,22,Centre-Back,Defensa,VfL Wolfsburg,Bundesliga,6000000.0,GHANA,L,Round of 32,1,50.0,27.0,2127.0,
408563,Jerome Opoku,27,Centre-Back,Defensa,Basaksehir FK,Otra liga,5000000.0,GHANA,L,Round of 32,1,50.0,36.0,3056.0,
451801,Abdul Mumin,28,Centre-Back,Defensa,Rayo Vallecano,La Liga,3000000.0,GHANA,L,Round of 32,1,50.0,3.0,78.0,
241457,Derrick Luckassen,30,Centre-Back,Defensa,Pafos FC,Otra liga,1000000.0,GHANA,L,Round of 32,1,50.0,47.0,4131.0,
397171,Gideon Mensah,27,Left-Back,Defensa,AJ Auxerre,Ligue 1,4000000.0,GHANA,L,Round of 32,1,50.0,31.0,2424.0,2.483
224884,Abdul Rahman Baba,31,Left-Back,Defensa,PAOK Thessaloniki,Otra liga,2000000.0,GHANA,L,Round of 32,1,50.0,47.0,3801.0,2.314
830890,Marvin Senaya,25,Right-Back,Defensa,AJ Auxerre,Ligue 1,3000000.0,GHANA,L,Round of 32,1,50.0,26.0,1875.0,
395695,Elisha Owusu,28,Defensive Midfield,Medio,AJ Auxerre,Ligue 1,4000000.0,GHANA,L,Round of 32,1,50.0,29.0,2349.0,
230784,Thomas Partey,33,Defensive Midfield,Medio,Villarreal CF,La Liga,2000000.0,GHANA,L,Round of 32,1,50.0,32.0,1325.0,
1240763,Caleb Yirenkyi,20,Central Midfield,Medio,FC Nordsjaelland,Otra liga,10000000.0,GHANA,L,Round of 32,1,50.0,34.0,2999.0,
538006,Kwasi Sibo,28,Central Midfield,Medio,Real Oviedo,La Liga,1400000.0,GHANA,L,Round of 32,1,50.0,27.0,1806.0,
579263,Augustine Boakye,25,Attacking Midfield,Medio,AS Saint-Étienne,Otra liga,6000000.0,GHANA,L,Round of 32,1,50.0,36.0,2882.0,
746695,Kamaldeen Sulemana,24,Left Winger,Ataque,Atalanta BC,Serie A,17000000.0,GHANA,L,Round of 32,1,50.0,37.0,1345.0,0.411
1119447,Christopher Bonsu Baah,21,Left Winger,Ataque,Al-Qadsiah FC,Otra liga,14000000.0,GHANA,L,Round of 32,1,50.0,36.0,2881.0,
583255,Antoine Semenyo,26,Right Winger,Ataque,Manchester City,Premier League,80000000.0,GHANA,L,Round of 32,1,50.0,48.0,3870.0,0.971
864121,Abdul Fatawu,22,Right Winger,Ataque,Leicester City,Otra liga,20000000.0,GHANA,L,Round of 32,1,50.0,44.0,3722.0,
955070,Ernest Nuamah,22,Right Winger,Ataque,Olympique Lyon,Ligue 1,10000000.0,GHANA,L,Round of 32,1,50.0,3.0,32.0,
255508,Iñaki Williams,32,Right Winger,Ataque,Athletic Bilbao,La Liga,8000000.0,GHANA,L,Round of 32,1,50.0,39.0,2708.0,
451747,Brandon Thomas-Asante,27,Centre-Forward,Ataque,Coventry City,Otra liga,16000000.0,GHANA,L,Round of 32,1,50.0,34.0,1970.0,
734799,Prince Adu,22,Centre-Forward,Ataque,FC Viktoria Plzen,Otra liga,3000000.0,GHANA,L,Round of 32,1,50.0,43.0,2234.0,
108354,Jordan Ayew,34,Centre-Forward,Ataque,Leicester City,Otra liga,1000000.0,GHANA,L,Round of 32,1,50.0,45.0,2366.0,3.552
838947,Alexandre Pierre,25,Goalkeeper,Portero,FC Sochaux-Montbéliard,Otra liga,700000.0,HAITI,C,Fase de grupos,0,15.38,26.0,2295.0,
51035,Johny Placide,38,Goalkeeper,Portero,SC Bastia,Otra liga,150000.0,HAITI,C,Fase de grupos,0,15.38,24.0,2160.0,
490369,Josué Duverger,26,Goalkeeper,Portero,FC Cosmos Koblenz,Otra liga,50000.0,HAITI,C,Fase de grupos,0,15.38,23.0,2070.0,
338635,Hannes Delcroix,27,Centre-Back,Defensa,FC Lugano,Otra liga,2000000.0,HAITI,C,Fase de grupos,0,15.38,19.0,1560.0,
344864,Jean-Kévin Duverne,28,Centre-Back,Defensa,KAA Gent,Otra liga,2000000.0,HAITI,C,Fase de grupos,0,15.38,24.0,1211.0,
278145,Ricardo Adé,36,Centre-Back,Defensa,LDU Quito,Otra liga,300000.0,HAITI,C,Fase de grupos,0,15.38,14.0,1039.0,
859175,Garven Metusala,26,Centre-Back,Defensa,Colorado Springs Switchbacks FC,Otra liga,200000.0,HAITI,C,Fase de grupos,0,15.38,13.0,1010.0,
1061046,Keeto Thermoncy,20,Centre-Back,Defensa,BSC Young Boys U21,Otra liga,100000.0,HAITI,C,Fase de grupos,0,15.38,22.0,1895.0,
804885,Martin Expérience,27,Left-Back,Defensa,AS Nancy-Lorraine,Otra liga,350000.0,HAITI,C,Fase de grupos,0,15.38,23.0,1505.0,
375472,Duke Lacroix,32,Left-Back,Defensa,Colorado Springs Switchbacks FC,Otra liga,125000.0,HAITI,C,Fase de grupos,0,15.38,2.0,67.0,
371686,Carlens Arcus,30,Right-Back,Defensa,Angers SCO,Ligue 1,1800000.0,HAITI,C,Fase de grupos,0,15.38,28.0,2151.0,
609691,Wilguens Paugain,24,Right-Back,Defensa,Zulte Waregem,Otra liga,800000.0,HAITI,C,Fase de grupos,0,15.38,26.0,1388.0,
628834,Danley Jean Jacques,26,Defensive Midfield,Medio,Philadelphia Union,Otra liga,3000000.0,HAITI,C,Fase de grupos,0,15.38,17.0,1295.0,
988188,Dominique Simon,25,Defensive Midfield,Medio,FC Tatran Presov,Otra liga,200000.0,HAITI,C,Fase de grupos,0,15.38,25.0,1281.0,
718244,Carl Sainté,23,Defensive Midfield,Medio,El Paso Locomotive FC,Otra liga,125000.0,HAITI,C,Fase de grupos,0,15.38,6.0,249.0,
1017735,Woodensky Pierre,21,Defensive Midfield,Medio,Violette Athletic Club,Otra liga,100000.0,HAITI,C,Fase de grupos,0,15.38,8.0,444.0,
450050,Jean-Ricner Bellegarde,28,Central Midfield,Medio,Wolverhampton Wanderers,Premier League,16000000.0,HAITI,C,Fase de grupos,0,15.38,31.0,1513.0,
354763,Derrick Etienne Jr.,29,Left Winger,Ataque,Toronto FC,Otra liga,800000.0,HAITI,C,Fase de grupos,0,15.38,12.0,737.0,
536520,Ruben Providence,24,Left Winger,Ataque,Almere City FC,Otra liga,300000.0,HAITI,C,Fase de grupos,0,15.38,30.0,1118.0,
763182,Josué Casimir,24,Right Winger,Ataque,AJ Auxerre,Ligue 1,3000000.0,HAITI,C,Fase de grupos,0,15.38,31.0,1521.0,
646108,Louicius Deedson,25,Right Winger,Ataque,FC Dallas,Otra liga,1200000.0,HAITI,C,Fase de grupos,0,15.38,7.0,253.0,
494237,Wilson Isidor,25,Centre-Forward,Ataque,Sunderland AFC,Premier League,18000000.0,HAITI,C,Fase de grupos,0,15.38,36.0,1338.0,
815359,Lenny Joseph,25,Centre-Forward,Ataque,Ferencvárosi TC,Otra liga,2000000.0,HAITI,C,Fase de grupos,0,15.38,48.0,2596.0,
492955,Frantzdy Pierrot,31,Centre-Forward,Ataque,Caykur Rizespor,Otra liga,1500000.0,HAITI,C,Fase de grupos,0,15.38,32.0,1439.0,
345763,Duckens Nazon,32,Centre-Forward,Ataque,Esteghlal FC,Otra liga,800000.0,HAITI,C,Fase de grupos,0,15.38,19.0,782.0,
342878,Yassin Fortuné,27,Centre-Forward,Ataque,FC Vizela,Otra liga,300000.0,HAITI,C,Fase de grupos,0,15.38,24.0,1319.0,
343044,Payam Niazmand,31,Goalkeeper,Portero,Persepolis FC,Otra liga,700000.0,IRAN,G,Fase de grupos,0,0.0,22.0,2010.0,
229081,Alireza Beiranvand,33,Goalkeeper,Portero,Tractor FC,Otra liga,650000.0,IRAN,G,Fase de grupos,0,0.0,29.0,2602.0,
132561,Seyed Hossein Hosseini,33,Goalkeeper,Portero,Sepahan FC,Otra liga,500000.0,IRAN,G,Fase de grupos,0,0.0,23.0,2100.0,0.45
249400,Hossein Kanaani,32,Centre-Back,Defensa,Persepolis FC,Otra liga,1600000.0,IRAN,G,Fase de grupos,0,0.0,19.0,1602.0,
1080301,Danial Eiri,22,Centre-Back,Defensa,Malavan Bandar Anzali,Otra liga,1000000.0,IRAN,G,Fase de grupos,0,0.0,24.0,2102.0,
527092,Ali Nemati,30,Centre-Back,Defensa,Foolad FC,Otra liga,550000.0,IRAN,G,Fase de grupos,0,0.0,22.0,1908.0,
213715,Shoja Khalilzadeh,37,Centre-Back,Defensa,Tractor FC,Otra liga,100000.0,IRAN,G,Fase de grupos,0,0.0,32.0,2897.0,
333355,Milad Mohammadi,32,Left-Back,Defensa,Persepolis FC,Otra liga,900000.0,IRAN,G,Fase de grupos,0,0.0,21.0,1567.0,2.735
77547,Ehsan Hajsafi,36,Left-Back,Defensa,Sepahan FC,Otra liga,250000.0,IRAN,G,Fase de grupos,0,0.0,30.0,2587.0,2.013
932724,Arya Yousefi,24,Right-Back,Defensa,Sepahan FC,Otra liga,1500000.0,IRAN,G,Fase de grupos,0,0.0,29.0,2588.0,
697155,Saleh Hardani,27,Right-Back,Defensa,Esteghlal FC,Otra liga,800000.0,IRAN,G,Fase de grupos,0,0.0,25.0,2134.0,
188312,Ramin Rezaeian,36,Right-Back,Defensa,Foolad FC,Otra liga,250000.0,IRAN,G,Fase de grupos,0,0.0,18.0,1331.0,6.151
249271,Saeed Ezatolahi,29,Defensive Midfield,Medio,Shabab Al-Ahli Club,Otra liga,1800000.0,IRAN,G,Fase de grupos,0,0.0,36.0,2710.0,
856087,Mohammad Ghorbani,25,Defensive Midfield,Medio,Al-Wahda FC,Otra liga,1200000.0,IRAN,G,Fase de grupos,0,0.0,36.0,2213.0,
273879,Roozbeh Cheshmi,32,Defensive Midfield,Medio,Esteghlal FC,Otra liga,450000.0,IRAN,G,Fase de grupos,0,0.0,20.0,1495.0,3.422
1051591,Amirmohammad Razzaghinia,20,Central Midfield,Medio,Esteghlal FC,Otra liga,1200000.0,IRAN,G,Fase de grupos,0,0.0,29.0,1972.0,
204294,Saman Ghoddos,32,Attacking Midfield,Medio,Kalba FC,Otra liga,1200000.0,IRAN,G,Fase de grupos,0,0.0,27.0,1973.0,1.318
478192,Mehdi Ghayedi,27,Left Winger,Ataque,Al-Nasr SC (UAE),Otra liga,4500000.0,IRAN,G,Fase de grupos,0,0.0,25.0,1583.0,
603149,Mohammad Mohebi,27,Left Winger,Ataque,FC Rostov,Otra liga,2500000.0,IRAN,G,Fase de grupos,0,0.0,31.0,1771.0,
283833,Mehdi Torabi,31,Left Winger,Ataque,Tractor FC,Otra liga,1200000.0,IRAN,G,Fase de grupos,0,0.0,26.0,1673.0,0.385
213268,Alireza Jahanbakhsh,32,Right Winger,Ataque,FCV Dender EH,Otra liga,500000.0,IRAN,G,Fase de grupos,0,0.0,23.0,1034.0,1.347
542380,Amirhossein Hosseinzadeh,25,Centre-Forward,Ataque,Tractor FC,Otra liga,2200000.0,IRAN,G,Fase de grupos,0,0.0,33.0,2998.0,
307058,Mehdi Taremi,33,Centre-Forward,Ataque,Olympiacos Piraeus,Otra liga,2000000.0,IRAN,G,Fase de grupos,0,0.0,39.0,2123.0,5.761
249303,Dennis Eckert Ayensa,29,Centre-Forward,Ataque,Standard Liège,Otra liga,2000000.0,IRAN,G,Fase de grupos,0,0.0,37.0,2091.0,
249360,Ali Alipour,30,Centre-Forward,Ataque,Persepolis FC,Otra liga,1700000.0,IRAN,G,Fase de grupos,0,0.0,23.0,2068.0,
357125,Shahriar Moghanlou,31,Centre-Forward,Ataque,Kalba FC,Otra liga,800000.0,IRAN,G,Fase de grupos,0,0.0,27.0,2073.0,
560952,Ahmed Basil Fadhil,29,Goalkeeper,Portero,Al-Shorta SC,Otra liga,450000.0,IRAQ,I,Fase de grupos,0,0.0,32.0,2821.0,
377268,Fahad Talib,31,Goalkeeper,Portero,Al-Talaba SC,Otra liga,375000.0,IRAQ,I,Fase de grupos,0,0.0,28.0,2465.0,
206782,Jalal Hassan,35,Goalkeeper,Portero,Al-Zawraa SC,Otra liga,250000.0,IRAQ,I,Fase de grupos,0,0.0,26.0,2260.0,
933541,Akam Hashem,27,Centre-Back,Defensa,Al-Zawraa SC,Otra liga,700000.0,IRAQ,I,Fase de grupos,0,0.0,30.0,2388.0,
931147,Zaid Tahseen,25,Centre-Back,Defensa,Pakhtakor Tashkent,Otra liga,600000.0,IRAQ,I,Fase de grupos,0,0.0,8.0,623.0,
166460,Frans Putros,32,Centre-Back,Defensa,PERSIB Bandung,Otra liga,325000.0,IRAQ,I,Fase de grupos,0,0.0,36.0,2822.0,
945266,Manaf Younis,29,Centre-Back,Defensa,Al-Shorta SC,Otra liga,300000.0,IRAQ,I,Fase de grupos,0,0.0,33.0,2583.0,
217073,Rebin Sulaka,34,Centre-Back,Defensa,Port FC,Otra liga,100000.0,IRAQ,I,Fase de grupos,0,0.0,28.0,2189.0,
530527,Merchas Doski,26,Left-Back,Defensa,FC Viktoria Plzen,Otra liga,1700000.0,IRAQ,I,Fase de grupos,0,0.0,42.0,2870.0,
881506,Ahmed Maknzi,24,Left-Back,Defensa,Al-Karma,Otra liga,450000.0,IRAQ,I,Fase de grupos,0,0.0,23.0,1667.0,
585325,Hussein Ali,24,Right-Back,Defensa,Pogon Szczecin,Otra liga,400000.0,IRAQ,I,Fase de grupos,0,0.0,16.0,515.0,
952341,Mustafa Saadoon,25,Right-Back,Defensa,Al-Shorta SC,Otra liga,350000.0,IRAQ,I,Fase de grupos,0,0.0,33.0,2391.0,
303766,Amir Al-Ammari,28,Defensive Midfield,Medio,Cracovia,Otra liga,1000000.0,IRAQ,I,Fase de grupos,0,0.0,34.0,2597.0,
1132850,Zaid Ismail,24,Defensive Midfield,Medio,Al-Talaba SC,Otra liga,500000.0,IRAQ,I,Fase de grupos,0,0.0,30.0,2614.0,
579294,Aimar Sher,23,Central Midfield,Medio,Sarpsborg 08 FF,Otra liga,1500000.0,IRAQ,I,Fase de grupos,0,0.0,11.0,911.0,
686845,Zidane Iqbal,23,Central Midfield,Medio,FC Utrecht U21,Otra liga,1000000.0,IRAQ,I,Fase de grupos,0,0.0,18.0,864.0,
413268,Kevin Yakob,25,Central Midfield,Medio,Aarhus GF,Otra liga,850000.0,IRAQ,I,Fase de grupos,0,0.0,33.0,1899.0,
663153,Marko Farji,22,Left Winger,Ataque,Venezia FC,Otra liga,1700000.0,IRAQ,I,Fase de grupos,0,0.0,3.0,95.0,
684307,Youssef Amyn,22,Left Winger,Ataque,AEK Larnaca,Otra liga,550000.0,IRAQ,I,Fase de grupos,0,0.0,17.0,710.0,
877672,Ali Jasim,22,Left Winger,Ataque,Al-Najma SC,Otra liga,500000.0,IRAQ,I,Fase de grupos,0,0.0,26.0,1753.0,
833817,Ahmed Qasem,22,Right Winger,Ataque,Nashville SC,Otra liga,3500000.0,IRAQ,I,Fase de grupos,0,0.0,20.0,960.0,
560957,Ibrahim Bayesh,26,Right Winger,Ataque,Al-Dhafra FC,Otra liga,800000.0,IRAQ,I,Fase de grupos,0,0.0,22.0,1681.0,
610581,Ali Al-Hamadi,24,Centre-Forward,Ataque,Luton Town,Otra liga,1500000.0,IRAQ,I,Fase de grupos,0,0.0,16.0,542.0,
589646,Mohanad Ali,26,Centre-Forward,Ataque,Dibba SCC,Otra liga,1200000.0,IRAQ,I,Fase de grupos,0,0.0,21.0,1422.0,
401054,Aymen Hussein,30,Centre-Forward,Ataque,Al-Karma,Otra liga,400000.0,IRAQ,I,Fase de grupos,0,0.0,18.0,901.0,
576265,Ali Yousif,30,Centre-Forward,Ataque,Al-Talaba SC,Otra liga,200000.0,IRAQ,I,Fase de grupos,0,0.0,20.0,760.0,
418651,Yahia Fofana,25,Goalkeeper,Portero,Caykur Rizespor,Otra liga,5000000.0,IVORY COAST,E,Round of 32,1,46.15,28.0,2520.0,
357117,Alban Lafont,27,Goalkeeper,Portero,Panathinaikos,Otra liga,3000000.0,IVORY COAST,E,Round of 32,1,46.15,37.0,3315.0,
911985,Mohamed Koné,24,Goalkeeper,Portero,Royal Charleroi SC,Otra liga,2000000.0,IVORY COAST,E,Round of 32,1,46.15,22.0,1980.0,
974982,Ousmane Diomande,22,Centre-Back,Defensa,Sporting CP,Otra liga,42000000.0,IVORY COAST,E,Round of 32,1,46.15,31.0,2302.0,
371149,Evan Ndicka,26,Centre-Back,Defensa,AS Roma,Serie A,35000000.0,IVORY COAST,E,Round of 32,1,46.15,42.0,3480.0,
683895,Emmanuel Agbadou,29,Centre-Back,Defensa,Besiktas JK,Otra liga,16000000.0,IVORY COAST,E,Round of 32,1,46.15,33.0,2644.0,
644771,Odilon Kossounou,25,Centre-Back,Defensa,Atalanta BC,Serie A,15000000.0,IVORY COAST,E,Round of 32,1,46.15,32.0,1886.0,
469976,Christopher Operi,29,Left-Back,Defensa,Basaksehir FK,Otra liga,4000000.0,IVORY COAST,E,Round of 32,1,46.15,31.0,2592.0,
422850,Ghislain Konan,30,Left-Back,Defensa,Gil Vicente FC,Otra liga,3000000.0,IVORY COAST,E,Round of 32,1,46.15,31.0,2706.0,
648779,Wilfried Singo,25,Right-Back,Defensa,Galatasaray,Otra liga,23000000.0,IVORY COAST,E,Round of 32,1,46.15,29.0,1557.0,
711980,Guéla Doué,23,Right-Back,Defensa,RC Strasbourg Alsace,Ligue 1,20000000.0,IVORY COAST,E,Round of 32,1,46.15,34.0,2820.0,
375885,Ibrahim Sangaré,28,Defensive Midfield,Medio,Nottingham Forest,Premier League,20000000.0,IVORY COAST,E,Round of 32,1,46.15,43.0,2825.0,
178614,Jean Michaël Seri,34,Defensive Midfield,Medio,NK Maribor,Otra liga,100000.0,IVORY COAST,E,Round of 32,1,46.15,14.0,760.0,
1279526,Christ Inao Oulaï,20,Central Midfield,Medio,Trabzonspor,Otra liga,23000000.0,IVORY COAST,E,Round of 32,1,46.15,31.0,2401.0,
294808,Franck Kessié,29,Central Midfield,Medio,Al-Ahli SFC,Otra liga,12000000.0,IVORY COAST,E,Round of 32,1,46.15,42.0,3633.0,
182893,Seko Fofana,31,Central Midfield,Medio,FC Porto,Otra liga,8000000.0,IVORY COAST,E,Round of 32,1,46.15,30.0,1330.0,
1390649,Yan Diomande,19,Left Winger,Ataque,RB Leipzig,Bundesliga,90000000.0,IVORY COAST,E,Round of 32,1,46.15,36.0,2724.0,
1067904,Bazoumana Touré,20,Left Winger,Ataque,TSG 1899 Hoffenheim,Bundesliga,40000000.0,IVORY COAST,E,Round of 32,1,46.15,32.0,2525.0,
658536,Simon Adingra,24,Left Winger,Ataque,AS Monaco,Ligue 1,22000000.0,IVORY COAST,E,Round of 32,1,46.15,32.0,1722.0,
624913,Parfait Guiagon,25,Left Winger,Ataque,Royal Charleroi SC,Otra liga,5000000.0,IVORY COAST,E,Round of 32,1,46.15,40.0,3183.0,
536835,Amad Diallo,23,Right Winger,Ataque,Manchester United,Premier League,45000000.0,IVORY COAST,E,Round of 32,1,46.15,33.0,2428.0,
500689,Evann Guessand,24,Right Winger,Ataque,Crystal Palace,Premier League,25000000.0,IVORY COAST,E,Round of 32,1,46.15,35.0,1870.0,
343052,Nicolas Pépé,31,Right Winger,Ataque,Villarreal CF,La Liga,6000000.0,IVORY COAST,E,Round of 32,1,46.15,46.0,3183.0,
827734,Ange-Yoan Bonny,22,Centre-Forward,Ataque,Inter Milan,Serie A,35000000.0,IVORY COAST,E,Round of 32,1,46.15,48.0,1675.0,
659542,Elye Wahi,23,Centre-Forward,Ataque,OGC Nice,Ligue 1,18000000.0,IVORY COAST,E,Round of 32,1,46.15,33.0,1732.0,
847279,Oumar Diakité,22,Centre-Forward,Ataque,Cercle Brugge ,Otra liga,5000000.0,IVORY COAST,E,Round of 32,1,46.15,28.0,1515.0,
432298,Zion Suzuki,23,Goalkeeper,Portero,Parma Calcio 1913,Serie A,20000000.0,JAPAN,F,Round of 32,1,46.15,22.0,1980.0,
415521,Keisuke Osako,26,Goalkeeper,Portero,Sanfrecce Hiroshima,Otra liga,2000000.0,JAPAN,F,Round of 32,1,46.15,25.0,2250.0,
683271,Tomoki Hayakawa,27,Goalkeeper,Portero,Kashima Antlers,Otra liga,2000000.0,JAPAN,F,Round of 32,1,46.15,17.0,1530.0,
353892,Hiroki Ito,27,Centre-Back,Defensa,Bayern Munich,Bundesliga,18000000.0,JAPAN,F,Round of 32,1,46.15,23.0,1049.0,1.206
598791,Tsuyoshi Watanabe,29,Centre-Back,Defensa,Feyenoord Rotterdam,Otra liga,10000000.0,JAPAN,F,Round of 32,1,46.15,39.0,3320.0,
355816,Ko Itakura,29,Centre-Back,Defensa,Ajax Amsterdam,Otra liga,8000000.0,JAPAN,F,Round of 32,1,46.15,26.0,1915.0,3.727
405389,Ayumu Seko,26,Centre-Back,Defensa,Le Havre AC,Ligue 1,5000000.0,JAPAN,F,Round of 32,1,46.15,30.0,2625.0,
331560,Takehiro Tomiyasu,27,Centre-Back,Defensa,Ajax Amsterdam,Otra liga,5000000.0,JAPAN,F,Round of 32,1,46.15,9.0,236.0,1.431
848856,Junnosuke Suzuki,22,Centre-Back,Defensa,FC Copenhagen,Otra liga,3500000.0,JAPAN,F,Round of 32,1,46.15,36.0,3068.0,
307870,Shogo Taniguchi,34,Centre-Back,Defensa,Sint-Truidense VV,Otra liga,750000.0,JAPAN,F,Round of 32,1,46.15,38.0,2955.0,1.817
79522,Yuto Nagatomo,39,Left-Back,Defensa,FC Tokyo,Otra liga,100000.0,JAPAN,F,Round of 32,1,46.15,8.0,501.0,2.653
405385,Yukinari Sugawara,26,Right-Back,Defensa,SV Werder Bremen,Bundesliga,5500000.0,JAPAN,F,Round of 32,1,46.15,34.0,2591.0,
643574,Kaishu Sano,25,Defensive Midfield,Medio,1.FSV Mainz 05,Bundesliga,40000000.0,JAPAN,F,Round of 32,1,46.15,48.0,4164.0,
489359,Ao Tanaka,27,Central Midfield,Medio,Leeds United,Premier League,13000000.0,JAPAN,F,Round of 32,1,46.15,33.0,1699.0,2.409
356141,Daichi Kamada,29,Attacking Midfield,Medio,Crystal Palace,Premier League,10000000.0,JAPAN,F,Round of 32,1,46.15,46.0,3212.0,1.822
420931,Daizen Maeda,28,Left Winger,Ataque,Celtic FC,Otra liga,13000000.0,JAPAN,F,Round of 32,1,46.15,54.0,4241.0,5.18
405397,Keito Nakamura,25,Left Winger,Ataque,Stade Reims,Otra liga,10000000.0,JAPAN,F,Round of 32,1,46.15,32.0,2491.0,
405398,Takefusa Kubo,25,Right Winger,Ataque,Real Sociedad,La Liga,20000000.0,JAPAN,F,Round of 32,1,46.15,27.0,1746.0,1.741
358504,Ritsu Doan,28,Right Winger,Ataque,Eintracht Frankfurt,Bundesliga,17000000.0,JAPAN,F,Round of 32,1,46.15,40.0,3057.0,3.776
348791,Junya Ito,33,Right Winger,Ataque,KRC Genk,Otra liga,3000000.0,JAPAN,F,Round of 32,1,46.15,36.0,2294.0,2.448
668606,Yuito Suzuki,24,Second Striker,Ataque,SC Freiburg,Bundesliga,24000000.0,JAPAN,F,Round of 32,1,46.15,41.0,2951.0,
589128,Ayase Ueda,27,Centre-Forward,Ataque,Feyenoord Rotterdam,Otra liga,17000000.0,JAPAN,F,Round of 32,1,46.15,40.0,3226.0,0.44
916623,Keisuke Goto,21,Centre-Forward,Ataque,Sint-Truidense VV,Otra liga,10000000.0,JAPAN,F,Round of 32,1,46.15,40.0,3029.0,
1144627,Kento Shiogai,21,Centre-Forward,Ataque,VfL Wolfsburg,Bundesliga,8000000.0,JAPAN,F,Round of 32,1,46.15,27.0,862.0,
550580,Shuto Machino,26,Centre-Forward,Ataque,Borussia Mönchengladbach,Bundesliga,4000000.0,JAPAN,F,Round of 32,1,46.15,34.0,1226.0,
351567,Koki Ogawa,28,Centre-Forward,Ataque,NEC Nijmegen,Otra liga,2000000.0,JAPAN,F,Round of 32,1,46.15,29.0,1375.0,
261850,Yazeed Abulaila,33,Goalkeeper,Portero,Al-Hussein SC (Irbid),Otra liga,300000.0,JORDAN,J,Fase de grupos,0,3.85,29.0,2610.0,
261837,Noor Bane Ataya,33,Goalkeeper,Portero,Al-Faisaly SC,Otra liga,250000.0,JORDAN,J,Fase de grupos,0,3.85,24.0,2135.0,
658805,Abdallah Al-Fakhouri,26,Goalkeeper,Portero,Al-Wehdat SC,Otra liga,250000.0,JORDAN,J,Fase de grupos,0,3.85,25.0,2117.0,
539961,Yazan Al-Arab,30,Centre-Back,Defensa,FC Seoul,Otra liga,1000000.0,JORDAN,J,Fase de grupos,0,3.85,17.0,1215.0,
561481,Saed Al-Rousan,29,Centre-Back,Defensa,Al-Hussein SC (Irbid),Otra liga,450000.0,JORDAN,J,Fase de grupos,0,3.85,29.0,2379.0,
882197,Abdallah Nasib,32,Centre-Back,Defensa,Al-Zawraa SC,Otra liga,400000.0,JORDAN,J,Fase de grupos,0,3.85,28.0,2321.0,
895291,Husam Abu Dahab,26,Centre-Back,Defensa,Al-Faisaly SC,Otra liga,350000.0,JORDAN,J,Fase de grupos,0,3.85,15.0,1209.0,
658052,Mohammad Abualnadi,25,Centre-Back,Defensa,Selangor FC,Otra liga,350000.0,JORDAN,J,Fase de grupos,0,3.85,38.0,2620.0,
658807,Saleem Obaid,34,Centre-Back,Defensa,Al-Hussein SC (Irbid),Otra liga,100000.0,JORDAN,J,Fase de grupos,0,3.85,28.0,2272.0,
883111,Mohannad Abu Taha,23,Left-Back,Defensa,Al-Quwa Al-Jawiya,Otra liga,550000.0,JORDAN,J,Fase de grupos,0,3.85,31.0,2503.0,
895249,Mohammad Abu Hasheesh,31,Left-Back,Defensa,Al-Karma,Otra liga,400000.0,JORDAN,J,Fase de grupos,0,3.85,23.0,1791.0,
1252806,Mohammad Abu Ghoush,20,Left-Back,Defensa,Al-Hussein SC (Irbid),Otra liga,300000.0,JORDAN,J,Fase de grupos,0,3.85,26.0,1965.0,
310943,Ehsan Haddad,32,Right-Back,Defensa,Al-Hussein SC (Irbid),Otra liga,300000.0,JORDAN,J,Fase de grupos,0,3.85,7.0,337.0,
1378902,Anas Badawi,28,Right-Back,Defensa,Al-Faisaly SC,Otra liga,200000.0,JORDAN,J,Fase de grupos,0,3.85,16.0,1079.0,
734751,Nizar Al-Rashdan,27,Defensive Midfield,Medio,Qatar SC,Otra liga,600000.0,JORDAN,J,Fase de grupos,0,3.85,24.0,1962.0,
744040,Amer Jamous,23,Central Midfield,Medio,Al-Zawraa SC,Otra liga,500000.0,JORDAN,J,Fase de grupos,0,3.85,35.0,2793.0,
561485,Noor Al-Rawabdeh,29,Central Midfield,Medio,Selangor FC,Otra liga,500000.0,JORDAN,J,Fase de grupos,0,3.85,40.0,2879.0,
709974,Ibrahim Saadeh,26,Central Midfield,Medio,Al-Karma,Otra liga,500000.0,JORDAN,J,Fase de grupos,0,3.85,34.0,2055.0,
261842,Rajaei Ayed,32,Central Midfield,Medio,Al-Hussein SC (Irbid),Otra liga,325000.0,JORDAN,J,Fase de grupos,0,3.85,30.0,2503.0,
310801,Mohammad Al-Dawoud,33,Central Midfield,Medio,Al-Wehdat SC,Otra liga,150000.0,JORDAN,J,Fase de grupos,0,3.85,19.0,1258.0,
1252820,Odeh Fakhoury,20,Left Winger,Ataque,Pyramids FC,Otra liga,350000.0,JORDAN,J,Fase de grupos,0,3.85,,,
401086,Mahmoud Al-Mardi,32,Left Winger,Ataque,Al-Hussein SC (Irbid),Otra liga,350000.0,JORDAN,J,Fase de grupos,0,3.85,23.0,1607.0,
551505,Mousa Tamari,29,Right Winger,Ataque,Stade Rennais FC,Ligue 1,10000000.0,JORDAN,J,Fase de grupos,0,3.85,36.0,2493.0,
677986,Mohammad Abu Zrayq,28,Right Winger,Ataque,Raja Club Athletic,Otra liga,700000.0,JORDAN,J,Fase de grupos,0,3.85,21.0,1444.0,
1059056,Ali Azaizeh,22,Right Winger,Ataque,Al-Shabab FC,Otra liga,325000.0,JORDAN,J,Fase de grupos,0,3.85,15.0,627.0,
664057,Ali Olwan,26,Centre-Forward,Ataque,Al-Sailiya SC,Otra liga,800000.0,JORDAN,J,Fase de grupos,0,3.85,13.0,1031.0,
802855,Raúl Rangel,26,Goalkeeper,Portero,Deportivo Guadalajara,Otra liga,6500000.0,MEXICO,A,Round of 16,2,19.23,34.0,3060.0,
356042,Carlos Acevedo,30,Goalkeeper,Portero,Santos Laguna,Otra liga,2800000.0,MEXICO,A,Round of 16,2,19.23,32.0,2860.0,
29559,Guillermo Ochoa,40,Goalkeeper,Portero,AEL Limassol,Otra liga,250000.0,MEXICO,A,Round of 16,2,19.23,26.0,2370.0,
532937,Johan Vásquez,27,Centre-Back,Defensa,Genoa CFC,Serie A,12000000.0,MEXICO,A,Round of 16,2,19.23,39.0,3487.0,
387687,César Montes,29,Centre-Back,Defensa,Lokomotiv Moscow,Otra liga,7500000.0,MEXICO,A,Round of 16,2,19.23,29.0,2416.0,
532938,Luis Romo,31,Centre-Back,Defensa,Deportivo Guadalajara,Otra liga,3000000.0,MEXICO,A,Round of 16,2,19.23,28.0,2453.0,
1066953,Mateo Chávez,22,Left-Back,Defensa,AZ Alkmaar,Otra liga,4000000.0,MEXICO,A,Round of 16,2,19.23,34.0,1715.0,
344854,Jesús Gallardo,31,Left-Back,Defensa,Deportivo Toluca,Otra liga,2800000.0,MEXICO,A,Round of 16,2,19.23,38.0,3171.0,
687558,Israel Reyes,26,Right-Back,Defensa,CF América,Otra liga,6500000.0,MEXICO,A,Round of 16,2,19.23,38.0,3291.0,
356044,Jorge Sánchez,28,Right-Back,Defensa,PAOK Thessaloniki,Otra liga,2000000.0,MEXICO,A,Round of 16,2,19.23,31.0,2237.0,
401356,Edson Álvarez,28,Defensive Midfield,Medio,Fenerbahce,Otra liga,15000000.0,MEXICO,A,Round of 16,2,19.23,18.0,1126.0,
602324,Érik Lira,26,Defensive Midfield,Medio,CD Cruz Azul,Otra liga,12000000.0,MEXICO,A,Round of 16,2,19.23,44.0,3580.0,
331059,Luis Chávez,30,Defensive Midfield,Medio,Dynamo Moscow,Otra liga,6000000.0,MEXICO,A,Round of 16,2,19.23,5.0,164.0,
889435,Obed Vargas,20,Central Midfield,Medio,Atlético de Madrid,La Liga,10000000.0,MEXICO,A,Round of 16,2,19.23,13.0,750.0,
334042,Orbelín Pineda,30,Central Midfield,Medio,AEK Athens,Otra liga,7000000.0,MEXICO,A,Round of 16,2,19.23,50.0,3877.0,
261503,Álvaro Fidalgo,29,Central Midfield,Medio,Real Betis Balompié,La Liga,6000000.0,MEXICO,A,Round of 16,2,19.23,34.0,2283.0,
1155723,Gilberto Mora,17,Attacking Midfield,Medio,Club Tijuana,Otra liga,10000000.0,MEXICO,A,Round of 16,2,19.23,20.0,1394.0,
724443,Brian Gutiérrez,23,Attacking Midfield,Medio,Deportivo Guadalajara,Otra liga,8000000.0,MEXICO,A,Round of 16,2,19.23,17.0,916.0,
424689,Alexis Vega,28,Left Winger,Ataque,Deportivo Toluca,Otra liga,8000000.0,MEXICO,A,Round of 16,2,19.23,26.0,1665.0,
540315,César Huerta,25,Left Winger,Ataque,RSC Anderlecht,Otra liga,3500000.0,MEXICO,A,Round of 16,2,19.23,17.0,832.0,
353583,Roberto Alvarado,27,Right Winger,Ataque,Deportivo Guadalajara,Otra liga,7500000.0,MEXICO,A,Round of 16,2,19.23,31.0,2369.0,
552955,Santiago Gimenez,25,Centre-Forward,Ataque,AC Milan,Serie A,18000000.0,MEXICO,A,Round of 16,2,19.23,18.0,1037.0,
837619,Armando González,23,Centre-Forward,Ataque,Deportivo Guadalajara,Otra liga,15000000.0,MEXICO,A,Round of 16,2,19.23,35.0,2456.0,
416090,Julián Quiñones,29,Centre-Forward,Ataque,Al-Qadsiah FC,Otra liga,14000000.0,MEXICO,A,Round of 16,2,19.23,35.0,3041.0,
206040,Raúl Jiménez,35,Centre-Forward,Ataque,Fulham FC,Premier League,3000000.0,MEXICO,A,Round of 16,2,19.23,43.0,2562.0,
347932,Guillermo Martínez,31,Centre-Forward,Ataque,UNAM Pumas,Otra liga,1500000.0,MEXICO,A,Round of 16,2,19.23,28.0,1385.0,
207834,Yassine Bounou,35,Goalkeeper,Portero,Al-Hilal SFC,Otra liga,3000000.0,MOROCCO,C,Quarter-final,3,57.69,36.0,3300.0,0.64
238997,Ahmed Reda Tagnaouti,30,Goalkeeper,Portero,AS FAR Rabat,Otra liga,1000000.0,MOROCCO,C,Quarter-final,3,57.69,29.0,2604.0,
97925,Munir El Kajoui,37,Goalkeeper,Portero,Renaissance de Berkane,Otra liga,600000.0,MOROCCO,C,Quarter-final,3,57.69,11.0,990.0,
689637,Chadi Riad,23,Centre-Back,Defensa,Crystal Palace,Premier League,15000000.0,MOROCCO,C,Quarter-final,3,57.69,14.0,897.0,
272622,Issa Diop,29,Centre-Back,Defensa,Fulham FC,Premier League,8000000.0,MOROCCO,C,Quarter-final,3,57.69,18.0,1264.0,
913660,Redouane Halhal,23,Centre-Back,Defensa,KV Mechelen,Otra liga,5000000.0,MOROCCO,C,Quarter-final,3,57.69,34.0,2939.0,
210009,Marwane Saadane,34,Centre-Back,Defensa,Al-Fateh SC,Otra liga,400000.0,MOROCCO,C,Quarter-final,3,57.69,32.0,2766.0,
485584,Anass Salah-Eddine,24,Left-Back,Defensa,PSV Eindhoven,Otra liga,12000000.0,MOROCCO,C,Quarter-final,3,57.69,25.0,1630.0,
518804,Youssef Belammari,27,Left-Back,Defensa,Al Ahly FC,Otra liga,1200000.0,MOROCCO,C,Quarter-final,3,57.69,19.0,1541.0,
398073,Achraf Hakimi,27,Right-Back,Defensa,Paris Saint-Germain,Ligue 1,80000000.0,MOROCCO,C,Quarter-final,3,57.69,32.0,2619.0,
340456,Noussair Mazraoui,28,Right-Back,Defensa,Manchester United,Premier League,18000000.0,MOROCCO,C,Quarter-final,3,57.69,20.0,984.0,2.831
820474,Zakaria El Ouahdi,24,Right-Back,Defensa,KRC Genk,Otra liga,17000000.0,MOROCCO,C,Quarter-final,3,57.69,45.0,4030.0,
287579,Sofyan Amrabat,29,Defensive Midfield,Medio,Real Betis Balompié,La Liga,10000000.0,MOROCCO,C,Quarter-final,3,57.69,29.0,2023.0,2.7
1097139,Ayyoub Bouaddi,18,Central Midfield,Medio,LOSC Lille,Ligue 1,50000000.0,MOROCCO,C,Quarter-final,3,57.69,42.0,3153.0,
901019,Neil El Aynaoui,24,Central Midfield,Medio,AS Roma,Serie A,23000000.0,MOROCCO,C,Quarter-final,3,57.69,34.0,1703.0,
1130514,Samir El Mourabet,20,Central Midfield,Medio,RC Strasbourg Alsace,Ligue 1,22000000.0,MOROCCO,C,Quarter-final,3,57.69,48.0,3228.0,
593482,Azzedine Ounahi,26,Central Midfield,Medio,Girona FC,La Liga,10000000.0,MOROCCO,C,Quarter-final,3,57.69,24.0,1766.0,1.743
702869,Ismael Saibari,25,Attacking Midfield,Medio,PSV Eindhoven,Otra liga,40000000.0,MOROCCO,C,Quarter-final,3,57.69,37.0,2977.0,
654982,Bilal El Khannouss,22,Attacking Midfield,Medio,VfB Stuttgart,Bundesliga,35000000.0,MOROCCO,C,Quarter-final,3,57.69,44.0,2720.0,
851220,Amine Sbaï,25,Left Winger,Ataque,Angers SCO,Ligue 1,4000000.0,MOROCCO,C,Quarter-final,3,57.69,28.0,2035.0,
314678,Brahim Díaz,26,Right Winger,Ataque,Real Madrid,La Liga,35000000.0,MOROCCO,C,Quarter-final,3,57.69,42.0,1666.0,
743384,Chemsdine Talbi,21,Right Winger,Ataque,Sunderland AFC,Premier League,25000000.0,MOROCCO,C,Quarter-final,3,57.69,30.0,1713.0,
1151929,Gessime Yassine,20,Right Winger,Ataque,RC Strasbourg Alsace,Ligue 1,12000000.0,MOROCCO,C,Quarter-final,3,57.69,34.0,1719.0,
799993,Ayoube Amaimouni-Echghouyab,21,Right Winger,Ataque,Eintracht Frankfurt,Bundesliga,10000000.0,MOROCCO,C,Quarter-final,3,57.69,35.0,2135.0,
598506,Soufiane Rahimi,30,Centre-Forward,Ataque,Al-Ain FC,Otra liga,6000000.0,MOROCCO,C,Quarter-final,3,57.69,23.0,1928.0,
521127,Ayoub El Kaabi,33,Centre-Forward,Ataque,Olympiacos Piraeus,Otra liga,4500000.0,MOROCCO,C,Quarter-final,3,57.69,40.0,2857.0,
565093,Bart Verbruggen,23,Goalkeeper,Portero,Brighton & Hove Albion,Premier League,40000000.0,NETHERLANDS,F,Round of 32,1,84.62,38.0,3420.0,
646991,Robin Roefs,23,Goalkeeper,Portero,Sunderland AFC,Premier League,28000000.0,NETHERLANDS,F,Round of 32,1,84.62,37.0,3360.0,
125714,Mark Flekken,33,Goalkeeper,Portero,Bayer 04 Leverkusen,Bundesliga,6000000.0,NETHERLANDS,F,Round of 32,1,84.62,34.0,3060.0,
557459,Micky van de Ven,25,Centre-Back,Defensa,Tottenham Hotspur,Premier League,50000000.0,NETHERLANDS,F,Round of 32,1,84.62,45.0,3943.0,
576314,Jan Paul van Hecke,26,Centre-Back,Defensa,Brighton & Hove Albion,Premier League,45000000.0,NETHERLANDS,F,Round of 32,1,84.62,40.0,3411.0,
139208,Virgil van Dijk,34,Centre-Back,Defensa,Liverpool FC,Premier League,15000000.0,NETHERLANDS,F,Round of 32,1,84.62,55.0,4941.0,2.405
177476,Nathan Aké,31,Centre-Back,Defensa,Manchester City,Premier League,12000000.0,NETHERLANDS,F,Round of 32,1,84.62,32.0,1644.0,2.843
904802,Jorrel Hato,20,Left-Back,Defensa,Chelsea FC,Premier League,40000000.0,NETHERLANDS,F,Round of 32,1,84.62,36.0,2248.0,
415381,Mats Wieffer,26,Right-Back,Defensa,Brighton & Hove Albion,Premier League,25000000.0,NETHERLANDS,F,Round of 32,1,84.62,28.0,1940.0,
321528,Denzel Dumfries,30,Right-Back,Defensa,Inter Milan,Serie A,25000000.0,NETHERLANDS,F,Round of 32,1,84.62,28.0,1776.0,4.333
420210,Lutsharel Geertruida,25,Right-Back,Defensa,Sunderland AFC,Premier League,20000000.0,NETHERLANDS,F,Round of 32,1,84.62,31.0,1910.0,
478573,Ryan Gravenberch,24,Defensive Midfield,Medio,Liverpool FC,Premier League,80000000.0,NETHERLANDS,F,Round of 32,1,84.62,50.0,4131.0,
360518,Teun Koopmeiners,28,Defensive Midfield,Medio,Juventus FC,Serie A,14000000.0,NETHERLANDS,F,Round of 32,1,84.62,45.0,2669.0,2.461
133179,Marten de Roon,35,Defensive Midfield,Medio,Atalanta BC,Serie A,3200000.0,NETHERLANDS,F,Round of 32,1,84.62,50.0,3918.0,1.931
460939,Tijjani Reijnders,27,Central Midfield,Medio,Manchester City,Premier League,50000000.0,NETHERLANDS,F,Round of 32,1,84.62,47.0,2810.0,
326330,Frenkie de Jong,29,Central Midfield,Medio,FC Barcelona,La Liga,35000000.0,NETHERLANDS,F,Round of 32,1,84.62,38.0,2569.0,4.009
420213,Quinten Timber,25,Central Midfield,Medio,Olympique Marseille,Ligue 1,25000000.0,NETHERLANDS,F,Round of 32,1,84.62,40.0,2979.0,
330659,Justin Kluivert,27,Attacking Midfield,Medio,AFC Bournemouth,Premier League,25000000.0,NETHERLANDS,F,Round of 32,1,84.62,21.0,1019.0,
372267,Guus Til,28,Attacking Midfield,Medio,PSV Eindhoven,Otra liga,15000000.0,NETHERLANDS,F,Round of 32,1,84.62,40.0,2987.0,
434675,Cody Gakpo,27,Left Winger,Ataque,Liverpool FC,Premier League,60000000.0,NETHERLANDS,F,Round of 32,1,84.62,52.0,3596.0,
474701,Crysencio Summerville,24,Left Winger,Ataque,West Ham United,Premier League,35000000.0,NETHERLANDS,F,Round of 32,1,84.62,34.0,2715.0,
339332,Noa Lang,27,Left Winger,Ataque,Galatasaray,Otra liga,22000000.0,NETHERLANDS,F,Round of 32,1,84.62,46.0,2051.0,0.043
326029,Donyell Malen,27,Centre-Forward,Ataque,AS Roma,Serie A,45000000.0,NETHERLANDS,F,Round of 32,1,84.62,49.0,2794.0,
473169,Brian Brobbey,24,Centre-Forward,Ataque,Sunderland AFC,Premier League,30000000.0,NETHERLANDS,F,Round of 32,1,84.62,33.0,2029.0,
167850,Memphis Depay,32,Centre-Forward,Ataque,Sport Club Corinthians Paulista,Otra liga,7000000.0,NETHERLANDS,F,Round of 32,1,84.62,14.0,850.0,2.275
228645,Wout Weghorst,33,Centre-Forward,Ataque,Ajax Amsterdam,Otra liga,2000000.0,NETHERLANDS,F,Round of 32,1,84.62,34.0,2193.0,3.174
207843,Max Crocombe,32,Goalkeeper,Portero,Millwall FC,Otra liga,1000000.0,NEW ZEALAND,G,Fase de grupos,0,3.85,25.0,2250.0,
617009,Alex Paulsen,23,Goalkeeper,Portero,Lechia Gdansk,Otra liga,500000.0,NEW ZEALAND,G,Fase de grupos,0,3.85,27.0,2460.0,
350347,Michael Woud,27,Goalkeeper,Portero,Auckland FC,Otra liga,400000.0,NEW ZEALAND,G,Fase de grupos,0,3.85,28.0,2481.0,
1007720,Tyler Bindon,21,Centre-Back,Defensa,Sheffield United,Otra liga,3500000.0,NEW ZEALAND,G,Fase de grupos,0,3.85,26.0,2063.0,
724809,Finn Surman,22,Centre-Back,Defensa,Portland Timbers,Otra liga,1800000.0,NEW ZEALAND,G,Fase de grupos,0,3.85,14.0,1215.0,
455425,Nando Pijnaker,27,Centre-Back,Defensa,Auckland FC,Otra liga,400000.0,NEW ZEALAND,G,Fase de grupos,0,3.85,17.0,968.0,
81723,Michael Boxall,37,Centre-Back,Defensa,Minnesota United FC,Otra liga,150000.0,NEW ZEALAND,G,Fase de grupos,0,3.85,7.0,397.0,
54381,Tommy Smith,36,Centre-Back,Defensa,Braintree Town,Otra liga,50000.0,NEW ZEALAND,G,Fase de grupos,0,3.85,21.0,1398.0,
469211,Liberato Cacace,25,Left-Back,Defensa,Wrexham AFC,Otra liga,2500000.0,NEW ZEALAND,G,Fase de grupos,0,3.85,13.0,782.0,
617021,Ben Old,23,Left-Back,Defensa,AS Saint-Étienne,Otra liga,1800000.0,NEW ZEALAND,G,Fase de grupos,0,3.85,34.0,2239.0,
207061,Francis de Vries,31,Left-Back,Defensa,Auckland FC,Otra liga,600000.0,NEW ZEALAND,G,Fase de grupos,0,3.85,25.0,2023.0,
482204,Callan Elliot,26,Right-Back,Defensa,Auckland FC,Otra liga,450000.0,NEW ZEALAND,G,Fase de grupos,0,3.85,27.0,1744.0,
149901,Tim Payne,32,Right-Back,Defensa,Wellington Phoenix,Otra liga,350000.0,NEW ZEALAND,G,Fase de grupos,0,3.85,14.0,868.0,
345700,Joe Bell,27,Defensive Midfield,Medio,Viking FK,Otra liga,3500000.0,NEW ZEALAND,G,Fase de grupos,0,3.85,10.0,853.0,
203357,Ryan Thomas,31,Defensive Midfield,Medio,PEC Zwolle,Otra liga,650000.0,NEW ZEALAND,G,Fase de grupos,0,3.85,28.0,2168.0,
256019,Alex Rufer,30,Defensive Midfield,Medio,Wellington Phoenix,Otra liga,600000.0,NEW ZEALAND,G,Fase de grupos,0,3.85,23.0,2044.0,
617018,Marko Stamenić,24,Central Midfield,Medio,Swansea City,Otra liga,3000000.0,NEW ZEALAND,G,Fase de grupos,0,3.85,38.0,2644.0,
1109358,Lachlan Bayliss,23,Central Midfield,Medio,Newcastle United Jets,Otra liga,550000.0,NEW ZEALAND,G,Fase de grupos,0,3.85,27.0,1835.0,
400797,Callum McCowatt,27,Attacking Midfield,Medio,Silkeborg IF,Otra liga,2500000.0,NEW ZEALAND,G,Fase de grupos,0,3.85,37.0,2869.0,
350357,Sarpreet Singh,27,Attacking Midfield,Medio,Wellington Phoenix,Otra liga,500000.0,NEW ZEALAND,G,Fase de grupos,0,3.85,18.0,1051.0,
677509,Jesse Randall,23,Left Winger,Ataque,Auckland FC,Otra liga,900000.0,NEW ZEALAND,G,Fase de grupos,0,3.85,30.0,2477.0,
485672,Elijah Just,26,Right Winger,Ataque,Motherwell FC,Otra liga,2500000.0,NEW ZEALAND,G,Fase de grupos,0,3.85,43.0,3215.0,
312317,Logan Rogerson,28,Right Winger,Ataque,Auckland FC,Otra liga,400000.0,NEW ZEALAND,G,Fase de grupos,0,3.85,28.0,1329.0,
108725,Chris Wood,34,Centre-Forward,Ataque,Nottingham Forest,Premier League,5000000.0,NEW ZEALAND,G,Fase de grupos,0,3.85,21.0,1189.0,
539502,Ben Waine,25,Centre-Forward,Ataque,Port Vale FC,Otra liga,400000.0,NEW ZEALAND,G,Fase de grupos,0,3.85,37.0,1935.0,
50200,Kosta Barbarouses,36,Centre-Forward,Ataque,Western Sydney Wanderers,Otra liga,300000.0,NEW ZEALAND,G,Fase de grupos,0,3.85,22.0,1334.0,
549378,Sander Tangvik,23,Goalkeeper,Portero,Hamburger SV,Bundesliga,3000000.0,NORWAY,I,Quarter-final,3,65.38,8.0,750.0,
380744,Egil Selvik,28,Goalkeeper,Portero,Watford FC,Otra liga,1500000.0,NORWAY,I,Quarter-final,3,65.38,41.0,3645.0,
73517,Ørjan Nyland,35,Goalkeeper,Portero,Sevilla FC,La Liga,800000.0,NORWAY,I,Quarter-final,3,65.38,7.0,630.0,
328658,Kristoffer Ajer,28,Centre-Back,Defensa,Brentford FC,Premier League,18000000.0,NORWAY,I,Quarter-final,3,65.38,31.0,2138.0,
367284,Leo Østigård,26,Centre-Back,Defensa,Genoa CFC,Serie A,13000000.0,NORWAY,I,Quarter-final,3,65.38,31.0,2644.0,
464469,Torbjørn Heggem,27,Centre-Back,Defensa,Bologna FC 1909,Serie A,13000000.0,NORWAY,I,Quarter-final,3,65.38,39.0,2961.0,
743088,Henrik Falchener,23,Centre-Back,Defensa,Viking FK,Otra liga,6000000.0,NORWAY,I,Quarter-final,3,65.38,16.0,1317.0,
737837,Sondre Langås,25,Centre-Back,Defensa,Derby County,Otra liga,4000000.0,NORWAY,I,Quarter-final,3,65.38,26.0,2091.0,
661427,David Møller Wolfe,24,Left-Back,Defensa,Wolverhampton Wanderers,Premier League,8000000.0,NORWAY,I,Quarter-final,3,65.38,26.0,1320.0,
364938,Fredrik Bjørkan,27,Left-Back,Defensa,FK Bodø/Glimt,Otra liga,3500000.0,NORWAY,I,Quarter-final,3,65.38,26.0,1988.0,
370789,Julian Ryerson,28,Right-Back,Defensa,Borussia Dortmund,Bundesliga,25000000.0,NORWAY,I,Quarter-final,3,65.38,42.0,3067.0,
583404,Marcus Pedersen,25,Right-Back,Defensa,Torino FC,Serie A,3500000.0,NORWAY,I,Quarter-final,3,65.38,32.0,2338.0,
333014,Sander Berge,28,Defensive Midfield,Medio,Fulham FC,Premier League,25000000.0,NORWAY,I,Quarter-final,3,65.38,39.0,3014.0,
308439,Patrick Berg,28,Defensive Midfield,Medio,FK Bodø/Glimt,Otra liga,8000000.0,NORWAY,I,Quarter-final,3,65.38,29.0,2700.0,
223367,Fredrik Aursnes,30,Central Midfield,Medio,SL Benfica,Otra liga,15000000.0,NORWAY,I,Quarter-final,3,65.38,49.0,4091.0,
564785,Kristian Thorstvedt,27,Central Midfield,Medio,US Sassuolo,Serie A,12000000.0,NORWAY,I,Quarter-final,3,65.38,33.0,2479.0,
226524,Morten Thorsby,30,Central Midfield,Medio,US Cremonese,Serie A,2800000.0,NORWAY,I,Quarter-final,3,65.38,25.0,1398.0,
316264,Martin Ødegaard,27,Attacking Midfield,Medio,Arsenal FC,Premier League,65000000.0,NORWAY,I,Quarter-final,3,65.38,36.0,1984.0,
647384,Thelo Aasgaard,24,Attacking Midfield,Medio,Rangers FC,Otra liga,2800000.0,NORWAY,I,Quarter-final,3,65.38,48.0,2502.0,
894914,Antonio Nusa,21,Left Winger,Ataque,RB Leipzig,Bundesliga,32000000.0,NORWAY,I,Quarter-final,3,65.38,35.0,2325.0,
670103,Andreas Schjelderup,22,Left Winger,Ataque,SL Benfica,Otra liga,30000000.0,NORWAY,I,Quarter-final,3,65.38,43.0,2550.0,
422355,Jens Petter Hauge,26,Left Winger,Ataque,FK Bodø/Glimt,Otra liga,12000000.0,NORWAY,I,Quarter-final,3,65.38,29.0,2373.0,
661207,Oscar Bobb,22,Right Winger,Ataque,Fulham FC,Premier League,28000000.0,NORWAY,I,Quarter-final,3,65.38,31.0,1485.0,
418560,Erling Haaland,25,Centre-Forward,Ataque,Manchester City,Premier League,200000000.0,NORWAY,I,Quarter-final,3,65.38,52.0,4144.0,
429983,Jørgen Strand Larsen,26,Centre-Forward,Ataque,Crystal Palace,Premier League,40000000.0,NORWAY,I,Quarter-final,3,65.38,48.0,2961.0,
238407,Alexander Sørloth,30,Centre-Forward,Ataque,Atlético de Madrid,La Liga,18000000.0,NORWAY,I,Quarter-final,3,65.38,54.0,2816.0,
402979,Orlando Mosquera,31,Goalkeeper,Portero,Al-Fayha FC,Otra liga,700000.0,PANAMA,L,Fase de grupos,0,0.0,33.0,3000.0,
865550,César Samudio,32,Goalkeeper,Portero,CD Marathón,Otra liga,250000.0,PANAMA,L,Fase de grupos,0,0.0,30.0,2638.0,
76715,Luis Mejía,35,Goalkeeper,Portero,Club Nacional,Otra liga,150000.0,PANAMA,L,Fase de grupos,0,0.0,18.0,1605.0,
698415,José Córdoba,25,Centre-Back,Defensa,Norwich City,Otra liga,5000000.0,PANAMA,L,Fase de grupos,0,0.0,30.0,2431.0,
403808,Andrés Andrade,27,Centre-Back,Defensa,LASK,Otra liga,2500000.0,PANAMA,L,Fase de grupos,0,0.0,36.0,3297.0,
923177,Edgardo Fariña,24,Centre-Back,Defensa,FC Pari Nizhniy Novgorod,Otra liga,900000.0,PANAMA,L,Fase de grupos,0,0.0,18.0,1255.0,
403809,Jiovany Ramos,29,Centre-Back,Defensa,Academia Puerto Cabello,Otra liga,450000.0,PANAMA,L,Fase de grupos,0,0.0,17.0,1517.0,
345716,Fidel Escobar,31,Centre-Back,Defensa,Deportivo Saprissa,Otra liga,350000.0,PANAMA,L,Fase de grupos,0,0.0,30.0,2517.0,
157154,Roderick Miller,34,Centre-Back,Defensa,Turan-Tovuz IK,Otra liga,175000.0,PANAMA,L,Fase de grupos,0,0.0,28.0,2299.0,
443379,Jorge Gutiérrez,27,Left-Back,Defensa,Deportivo La Guaira,Otra liga,800000.0,PANAMA,L,Fase de grupos,0,0.0,18.0,1617.0,
121791,Éric Davis,35,Left-Back,Defensa,CD Plaza Amador,Otra liga,50000.0,PANAMA,L,Fase de grupos,0,0.0,22.0,1854.0,
354482,Amir Murillo,30,Right-Back,Defensa,Besiktas JK,Otra liga,7000000.0,PANAMA,L,Fase de grupos,0,0.0,40.0,2706.0,
440383,César Blackman,28,Right-Back,Defensa,Slovan Bratislava,Otra liga,2500000.0,PANAMA,L,Fase de grupos,0,0.0,40.0,3308.0,
419247,Cristian Martínez,29,Defensive Midfield,Medio,Ironi Kiryat Shmona,Otra liga,800000.0,PANAMA,L,Fase de grupos,0,0.0,33.0,2617.0,
628806,Carlos Harvey,26,Defensive Midfield,Medio,Minnesota United FC,Otra liga,600000.0,PANAMA,L,Fase de grupos,0,0.0,6.0,262.0,
161671,Aníbal Godoy,36,Defensive Midfield,Medio,San Diego FC,Otra liga,100000.0,PANAMA,L,Fase de grupos,0,0.0,17.0,1036.0,
375300,Adalberto Carrasquilla,27,Central Midfield,Medio,UNAM Pumas,Otra liga,4000000.0,PANAMA,L,Fase de grupos,0,0.0,40.0,2932.0,
425028,José Luis Rodríguez,28,Left Winger,Ataque,FC Juárez,Otra liga,2500000.0,PANAMA,L,Fase de grupos,0,0.0,37.0,2933.0,
243298,Ismael Díaz,29,Left Winger,Ataque,Club León FC,Otra liga,1800000.0,PANAMA,L,Fase de grupos,0,0.0,27.0,1932.0,
283473,Yoel Bárcenas,32,Right Winger,Ataque,Mazatlán FC,Otra liga,650000.0,PANAMA,L,Fase de grupos,0,0.0,30.0,2255.0,
741098,César Yanis,30,Right Winger,Ataque,CD Cobresal,Otra liga,400000.0,PANAMA,L,Fase de grupos,0,0.0,13.0,924.0,
126019,Alberto Quintero,38,Right Winger,Ataque,CD Plaza Amador,Otra liga,75000.0,PANAMA,L,Fase de grupos,0,0.0,23.0,1842.0,
569205,Tomás Rodríguez,27,Centre-Forward,Ataque,Deportivo Saprissa,Otra liga,1000000.0,PANAMA,L,Fase de grupos,0,0.0,25.0,1603.0,
860998,Azarías Londoño,25,Centre-Forward,Ataque,CD Universidad Católica,Otra liga,1000000.0,PANAMA,L,Fase de grupos,0,0.0,10.0,470.0,
546803,José Fajardo,32,Centre-Forward,Ataque,CD Universidad Católica,Otra liga,550000.0,PANAMA,L,Fase de grupos,0,0.0,18.0,1157.0,
177064,Cecilio Waterman,35,Centre-Forward,Ataque,Universidad de Concepción,Otra liga,250000.0,PANAMA,L,Fase de grupos,0,0.0,13.0,1145.0,
643259,Orlando Gill,26,Goalkeeper,Portero,CA San Lorenzo de Almagro,Otra liga,6000000.0,PARAGUAY,D,Round of 16,2,15.38,22.0,2010.0,
301722,Gastón Olveira,33,Goalkeeper,Portero,Club Olimpia,Otra liga,500000.0,PARAGUAY,D,Round of 16,2,15.38,25.0,2250.0,
107318,Roberto Fernández,38,Goalkeeper,Portero,Club Cerro Porteño,Otra liga,100000.0,PARAGUAY,D,Round of 16,2,15.38,3.0,270.0,
353032,Omar Alderete,29,Centre-Back,Defensa,Sunderland AFC,Premier League,13000000.0,PARAGUAY,D,Round of 16,2,15.38,34.0,2892.0,
215390,Gustavo Gómez,33,Centre-Back,Defensa,Sociedade Esportiva Palmeiras,Otra liga,3500000.0,PARAGUAY,D,Round of 16,2,15.38,33.0,2870.0,
402627,José Canale,29,Centre-Back,Defensa,CA Lanús,Otra liga,2200000.0,PARAGUAY,D,Round of 16,2,15.38,22.0,2002.0,
273000,Júnior Alonso,33,Centre-Back,Defensa,Clube Atlético Mineiro,Otra liga,1500000.0,PARAGUAY,D,Round of 16,2,15.38,19.0,1685.0,
285548,Fabián Balbuena,34,Centre-Back,Defensa,Grêmio Foot-Ball Porto Alegrense,Otra liga,900000.0,PARAGUAY,D,Round of 16,2,15.38,14.0,1064.0,
389399,Gustavo Velázquez,35,Centre-Back,Defensa,Club Cerro Porteño,Otra liga,400000.0,PARAGUAY,D,Round of 16,2,15.38,17.0,1529.0,
1371519,Alexandro Maidana,20,Left-Back,Defensa,CA Talleres,Otra liga,2500000.0,PARAGUAY,D,Round of 16,2,15.38,18.0,1460.0,
756494,Juan José Cáceres,26,Right-Back,Defensa,Dynamo Moscow,Otra liga,5000000.0,PARAGUAY,D,Round of 16,2,15.38,31.0,2649.0,
323872,Andrés Cubas,30,Defensive Midfield,Medio,Vancouver Whitecaps FC,Otra liga,4500000.0,PARAGUAY,D,Round of 16,2,15.38,14.0,986.0,
491596,Braian Ojeda,26,Defensive Midfield,Medio,Orlando City SC,Otra liga,3500000.0,PARAGUAY,D,Round of 16,2,15.38,18.0,1552.0,
996897,Diego Gómez,23,Central Midfield,Medio,Brighton & Hove Albion,Premier League,25000000.0,PARAGUAY,D,Round of 16,2,15.38,37.0,2487.0,
861852,Damián Bobadilla,24,Central Midfield,Medio,São Paulo Futebol Clube,Otra liga,6000000.0,PARAGUAY,D,Round of 16,2,15.38,28.0,2070.0,
661269,Matías Galarza,24,Central Midfield,Medio,Atlanta United FC,Otra liga,3000000.0,PARAGUAY,D,Round of 16,2,15.38,13.0,847.0,
660867,Julio Enciso,22,Attacking Midfield,Medio,RC Strasbourg Alsace,Ligue 1,25000000.0,PARAGUAY,D,Round of 16,2,15.38,42.0,2967.0,
678439,Mauricio,25,Attacking Midfield,Medio,Sociedade Esportiva Palmeiras,Otra liga,15000000.0,PARAGUAY,D,Round of 16,2,15.38,30.0,1897.0,
355817,Kaku,31,Attacking Midfield,Medio,Al-Ain FC,Otra liga,4500000.0,PARAGUAY,D,Round of 16,2,15.38,30.0,2450.0,
891672,Gustavo Caballero,24,Left Winger,Ataque,Portsmouth FC,Otra liga,1000000.0,PARAGUAY,D,Round of 16,2,15.38,14.0,851.0,
272999,Miguel Almirón,32,Right Winger,Ataque,Atlanta United FC,Otra liga,7000000.0,PARAGUAY,D,Round of 16,2,15.38,9.0,683.0,
745191,Ramón Sosa,26,Second Striker,Ataque,Sociedade Esportiva Palmeiras,Otra liga,10000000.0,PARAGUAY,D,Round of 16,2,15.38,30.0,1493.0,
675178,Isidro Pitta,26,Centre-Forward,Ataque,Red Bull Bragantino,Otra liga,7500000.0,PARAGUAY,D,Round of 16,2,15.38,28.0,1828.0,
970518,Álex Arce,31,Centre-Forward,Ataque,CS Independiente Rivadavia,Otra liga,3500000.0,PARAGUAY,D,Round of 16,2,15.38,16.0,968.0,
234523,Antonio Sanabria,30,Centre-Forward,Ataque,US Cremonese,Serie A,1800000.0,PARAGUAY,D,Round of 16,2,15.38,25.0,940.0,
358418,Gabriel Ávalos,35,Centre-Forward,Ataque,CA Independiente,Otra liga,750000.0,PARAGUAY,D,Round of 16,2,15.38,18.0,1582.0,
357153,Diogo Costa,26,Goalkeeper,Portero,FC Porto,Otra liga,40000000.0,PORTUGAL,K,Round of 16,2,65.38,49.0,4347.0,
234811,Rui Silva,32,Goalkeeper,Portero,Sporting CP,Otra liga,7000000.0,PORTUGAL,K,Round of 16,2,65.38,48.0,4380.0,
249994,José Sá,33,Goalkeeper,Portero,Wolverhampton Wanderers,Premier League,3500000.0,PORTUGAL,K,Round of 16,2,65.38,24.0,2160.0,
258004,Rúben Dias,29,Centre-Back,Defensa,Manchester City,Premier League,55000000.0,PORTUGAL,K,Round of 16,2,65.38,33.0,2646.0,
549006,Gonçalo Inácio,24,Centre-Back,Defensa,Sporting CP,Otra liga,40000000.0,PORTUGAL,K,Round of 16,2,65.38,46.0,4007.0,
504087,Tomás Araújo,24,Centre-Back,Defensa,SL Benfica,Otra liga,30000000.0,PORTUGAL,K,Round of 16,2,65.38,39.0,2795.0,
805714,Renato Veiga,22,Centre-Back,Defensa,Villarreal CF,La Liga,25000000.0,PORTUGAL,K,Round of 16,2,65.38,42.0,3352.0,
616341,Nuno Mendes,24,Left-Back,Defensa,Paris Saint-Germain,Ligue 1,80000000.0,PORTUGAL,K,Round of 16,2,65.38,41.0,2979.0,1.493
601883,Matheus Nunes,27,Right-Back,Defensa,Manchester City,Premier League,50000000.0,PORTUGAL,K,Round of 16,2,65.38,49.0,4015.0,
357147,Diogo Dalot,27,Right-Back,Defensa,Manchester United,Premier League,30000000.0,PORTUGAL,K,Round of 16,2,65.38,36.0,2796.0,
182712,João Cancelo,32,Right-Back,Defensa,FC Barcelona,La Liga,8000000.0,PORTUGAL,K,Round of 16,2,65.38,29.0,1901.0,
231572,Nélson Semedo,32,Right-Back,Defensa,Fenerbahce,Otra liga,6000000.0,PORTUGAL,K,Round of 16,2,65.38,40.0,3023.0,
487469,Vitinha,26,Defensive Midfield,Medio,Paris Saint-Germain,Ligue 1,140000000.0,PORTUGAL,K,Round of 16,2,65.38,50.0,4056.0,
225161,Rúben Neves,29,Defensive Midfield,Medio,Al-Hilal SFC,Otra liga,25000000.0,PORTUGAL,K,Round of 16,2,65.38,43.0,3718.0,
657430,Samú Costa,25,Defensive Midfield,Medio,RCD Mallorca,La Liga,15000000.0,PORTUGAL,K,Round of 16,2,65.38,36.0,2810.0,
670681,João Neves,21,Central Midfield,Medio,Paris Saint-Germain,Ligue 1,140000000.0,PORTUGAL,K,Round of 16,2,65.38,38.0,2701.0,
412669,Francisco Trincão,26,Attacking Midfield,Medio,Sporting CP,Otra liga,40000000.0,PORTUGAL,K,Round of 16,2,65.38,54.0,4603.0,
240306,Bruno Fernandes,31,Attacking Midfield,Medio,Manchester United,Premier League,35000000.0,PORTUGAL,K,Round of 16,2,65.38,37.0,3203.0,
241641,Bernardo Silva,31,Attacking Midfield,Medio,Manchester City,Premier League,22000000.0,PORTUGAL,K,Round of 16,2,65.38,53.0,3854.0,
357164,Rafael Leão,27,Left Winger,Ataque,AC Milan,Serie A,50000000.0,PORTUGAL,K,Round of 16,2,65.38,31.0,1968.0,
225122,Gonçalo Guedes,29,Left Winger,Ataque,Real Sociedad,La Liga,6000000.0,PORTUGAL,K,Round of 16,2,65.38,39.0,2329.0,
487465,Pedro Neto,26,Right Winger,Ataque,Chelsea FC,Premier League,60000000.0,PORTUGAL,K,Round of 16,2,65.38,52.0,3767.0,
487474,Francisco Conceição,23,Right Winger,Ataque,Juventus FC,Serie A,30000000.0,PORTUGAL,K,Round of 16,2,65.38,42.0,2694.0,
462250,João Félix,26,Second Striker,Ataque,Al-Nassr FC,Otra liga,28000000.0,PORTUGAL,K,Round of 16,2,65.38,47.0,3781.0,
550550,Gonçalo Ramos,25,Centre-Forward,Ataque,Paris Saint-Germain,Ligue 1,30000000.0,PORTUGAL,K,Round of 16,2,65.38,45.0,1704.0,
8198,Cristiano Ronaldo,41,Centre-Forward,Ataque,Al-Nassr FC,Otra liga,10000000.0,PORTUGAL,K,Round of 16,2,65.38,37.0,3164.0,
560423,Meshaal Barsham,28,Goalkeeper,Portero,Al-Sadd SC,Otra liga,700000.0,QATAR,B,Fase de grupos,0,0.0,33.0,3030.0,
669629,Mahmoud Abunada,26,Goalkeeper,Portero,Al-Rayyan SC,Otra liga,400000.0,QATAR,B,Fase de grupos,0,0.0,23.0,2070.0,
632912,Salah Zakaria,27,Goalkeeper,Portero,Al-Duhail SC,Otra liga,400000.0,QATAR,B,Fase de grupos,0,0.0,22.0,1955.0,
83983,Lucas Mendes,35,Centre-Back,Defensa,Al-Wakrah SC,Otra liga,350000.0,QATAR,B,Fase de grupos,0,0.0,21.0,1832.0,
943150,Al-Hashmi Al-Hussain,22,Centre-Back,Defensa,Al-Arabi SC,Otra liga,250000.0,QATAR,B,Fase de grupos,0,0.0,15.0,917.0,
1264176,Issa Laye,28,Centre-Back,Defensa,Al-Arabi SC,Otra liga,200000.0,QATAR,B,Fase de grupos,0,0.0,13.0,889.0,
222669,Boualem Khoukhi,35,Centre-Back,Defensa,Al-Sadd SC,Otra liga,200000.0,QATAR,B,Fase de grupos,0,0.0,28.0,2384.0,2.656
228727,Pedro Miguel,35,Centre-Back,Defensa,Al-Sadd SC,Otra liga,150000.0,QATAR,B,Fase de grupos,0,0.0,30.0,2463.0,
556713,Homam Al-Amin,26,Left-Back,Defensa,Cultural Leonesa,Otra liga,500000.0,QATAR,B,Fase de grupos,0,0.0,31.0,1614.0,
336665,Sultan Al-Brake,30,Left-Back,Defensa,Al-Duhail SC,Otra liga,300000.0,QATAR,B,Fase de grupos,0,0.0,30.0,2418.0,
1054631,Ayoub Al-Oui,21,Right-Back,Defensa,Al-Gharafa SC,Otra liga,375000.0,QATAR,B,Fase de grupos,0,0.0,30.0,2527.0,
735813,Jassem Gaber,24,Defensive Midfield,Medio,Al-Rayyan SC,Otra liga,500000.0,QATAR,B,Fase de grupos,0,0.0,22.0,1190.0,
336667,Assim Madibo,29,Defensive Midfield,Medio,Al-Wakrah SC,Otra liga,350000.0,QATAR,B,Fase de grupos,0,0.0,15.0,1260.0,
251183,Ahmed Fathi,33,Defensive Midfield,Medio,Al-Arabi SC,Otra liga,250000.0,QATAR,B,Fase de grupos,0,0.0,21.0,1758.0,
222385,Karim Boudiaf,35,Defensive Midfield,Medio,Al-Duhail SC,Otra liga,175000.0,QATAR,B,Fase de grupos,0,0.0,19.0,1088.0,1.631
822935,Mohamed Manai,23,Central Midfield,Medio,Al-Shamal SC,Otra liga,500000.0,QATAR,B,Fase de grupos,0,0.0,22.0,1686.0,
113915,Abdulaziz Hatim,35,Central Midfield,Medio,Al-Rayyan SC,Otra liga,250000.0,QATAR,B,Fase de grupos,0,0.0,21.0,1103.0,
86286,Hassan Al-Haydos,35,Attacking Midfield,Medio,Al-Sadd SC,Otra liga,300000.0,QATAR,B,Fase de grupos,0,0.0,21.0,740.0,
336646,Akram Afif,29,Left Winger,Ataque,Al-Sadd SC,Otra liga,8000000.0,QATAR,B,Fase de grupos,0,0.0,36.0,3218.0,
237846,Edmílson Junior,31,Left Winger,Ataque,Al-Duhail SC,Otra liga,1800000.0,QATAR,B,Fase de grupos,0,0.0,32.0,2667.0,
1143849,Tahsin Mohammed Jamshid,20,Left Winger,Ataque,Al-Duhail SC,Otra liga,200000.0,QATAR,B,Fase de grupos,0,0.0,21.0,550.0,
670659,Ahmed Al-Ganehi,25,Right Winger,Ataque,Al-Gharafa SC,Otra liga,500000.0,QATAR,B,Fase de grupos,0,0.0,17.0,1359.0,
589099,Yusuf Abdurisag,26,Right Winger,Ataque,Al-Wakrah SC,Otra liga,275000.0,QATAR,B,Fase de grupos,0,0.0,23.0,1420.0,
345095,Almoez Ali,29,Centre-Forward,Ataque,Al-Duhail SC,Otra liga,2500000.0,QATAR,B,Fase de grupos,0,0.0,8.0,378.0,
187987,Ahmed Alaaeldin,33,Centre-Forward,Ataque,Al-Rayyan SC,Otra liga,300000.0,QATAR,B,Fase de grupos,0,0.0,26.0,1248.0,
266935,Mohammed Muntari,32,Centre-Forward,Ataque,Al-Gharafa SC,Otra liga,200000.0,QATAR,B,Fase de grupos,0,0.0,10.0,474.0,1.897
886183,Nawaf Al-Aqidi,26,Goalkeeper,Portero,Al-Nassr FC,Otra liga,650000.0,SAUDI ARABIA,H,Fase de grupos,0,3.85,12.0,1050.0,
262845,Mohammed Al-Owais,34,Goalkeeper,Portero,Al-Ula FC,Otra liga,275000.0,SAUDI ARABIA,H,Fase de grupos,0,3.85,35.0,3210.0,
177956,Ahmed Al-Kassar,35,Goalkeeper,Portero,Al-Qadsiah FC,Otra liga,175000.0,SAUDI ARABIA,H,Fase de grupos,0,3.85,3.0,205.0,
509897,Hassan Tambakti,27,Centre-Back,Defensa,Al-Hilal SFC,Otra liga,1800000.0,SAUDI ARABIA,H,Fase de grupos,0,3.85,36.0,2919.0,
509894,Abdulelah Al-Amri,29,Centre-Back,Defensa,Al-Nassr FC,Otra liga,1400000.0,SAUDI ARABIA,H,Fase de grupos,0,3.85,36.0,2730.0,
901334,Jehad Thakri,24,Centre-Back,Defensa,Al-Qadsiah FC,Otra liga,1200000.0,SAUDI ARABIA,H,Fase de grupos,0,3.85,27.0,1653.0,
264909,Ali Lajami,30,Centre-Back,Defensa,Al-Hilal SFC,Otra liga,750000.0,SAUDI ARABIA,H,Fase de grupos,0,3.85,38.0,1184.0,
869509,Moteb Al-Harbi,26,Left-Back,Defensa,Al-Hilal SFC,Otra liga,1400000.0,SAUDI ARABIA,H,Fase de grupos,0,3.85,39.0,2427.0,
735815,Ayman Yahya,25,Left-Back,Defensa,Al-Nassr FC,Otra liga,1200000.0,SAUDI ARABIA,H,Fase de grupos,0,3.85,39.0,1951.0,
260859,Hassan Kadesh,33,Left-Back,Defensa,Al-Ittihad Club,Otra liga,275000.0,SAUDI ARABIA,H,Fase de grupos,0,3.85,35.0,2957.0,
631927,Saud Abdulhamid,26,Right-Back,Defensa,RC Lens,Ligue 1,9000000.0,SAUDI ARABIA,H,Fase de grupos,0,3.85,31.0,1838.0,
1181852,Mohammed Abu Al-Shamat,23,Right-Back,Defensa,Al-Qadsiah FC,Otra liga,1800000.0,SAUDI ARABIA,H,Fase de grupos,0,3.85,34.0,2714.0,
672391,Ali Majrashi,26,Right-Back,Defensa,Al-Ahli SFC,Otra liga,1400000.0,SAUDI ARABIA,H,Fase de grupos,0,3.85,43.0,3208.0,
821377,Nawaf Boushal,26,Right-Back,Defensa,Al-Nassr FC,Otra liga,1400000.0,SAUDI ARABIA,H,Fase de grupos,0,3.85,46.0,2870.0,
901079,Ziyad Al-Johani,24,Defensive Midfield,Medio,Al-Ahli SFC,Otra liga,800000.0,SAUDI ARABIA,H,Fase de grupos,0,3.85,38.0,2182.0,
437903,Abdullah Al-Khaibari,29,Defensive Midfield,Medio,Al-Nassr FC,Otra liga,750000.0,SAUDI ARABIA,H,Fase de grupos,0,3.85,45.0,2451.0,
901181,Musab Al-Juwayr,23,Central Midfield,Medio,Al-Qadsiah FC,Otra liga,6000000.0,SAUDI ARABIA,H,Fase de grupos,0,3.85,35.0,2728.0,
509911,Nasser Al-Dawsari,27,Central Midfield,Medio,Al-Hilal SFC,Otra liga,900000.0,SAUDI ARABIA,H,Fase de grupos,0,3.85,37.0,2077.0,
308120,Mohamed Kanno,31,Central Midfield,Medio,Al-Hilal SFC,Otra liga,800000.0,SAUDI ARABIA,H,Fase de grupos,0,3.85,44.0,3006.0,
443937,Alaa Hejji,30,Central Midfield,Medio,NEOM SC,Otra liga,300000.0,SAUDI ARABIA,H,Fase de grupos,0,3.85,24.0,1343.0,
631923,Khalid Al-Ghannam,25,Left Winger,Ataque,Al-Ettifaq FC,Otra liga,2500000.0,SAUDI ARABIA,H,Fase de grupos,0,3.85,33.0,2261.0,
195332,Salem Al-Dawsari,34,Left Winger,Ataque,Al-Hilal SFC,Otra liga,1200000.0,SAUDI ARABIA,H,Fase de grupos,0,3.85,35.0,2447.0,
210349,Sultan Mandash,31,Right Winger,Ataque,Al-Hilal SFC,Otra liga,350000.0,SAUDI ARABIA,H,Fase de grupos,0,3.85,35.0,1732.0,
631922,Firas Al-Buraikan,26,Centre-Forward,Ataque,Al-Ahli SFC,Otra liga,3500000.0,SAUDI ARABIA,H,Fase de grupos,0,3.85,51.0,2576.0,
242267,Saleh Al-Shehri,32,Centre-Forward,Ataque,Al-Ittihad Club,Otra liga,500000.0,SAUDI ARABIA,H,Fase de grupos,0,3.85,25.0,650.0,
68626,Abdullah Al-Hamdan,26,Centre-Forward,Ataque,Al-Nassr FC,Otra liga,350000.0,SAUDI ARABIA,H,Fase de grupos,0,3.85,35.0,935.0,
201574,Angus Gunn,30,Goalkeeper,Portero,Nottingham Forest,Premier League,1000000.0,SCOTLAND,C,Fase de grupos,0,38.46,1.0,45.0,
208772,Liam Kelly,30,Goalkeeper,Portero,Rangers FC,Otra liga,800000.0,SCOTLAND,C,Fase de grupos,0,38.46,3.0,270.0,
12589,Craig Gordon,43,Goalkeeper,Portero,Heart of Midlothian FC,Otra liga,50000.0,SCOTLAND,C,Fase de grupos,0,38.46,3.0,225.0,
255906,Scott McKenna,29,Centre-Back,Defensa,GNK Dinamo Zagreb,Otra liga,4000000.0,SCOTLAND,C,Fase de grupos,0,38.46,42.0,3716.0,
363223,Jack Hendry,31,Centre-Back,Defensa,Al-Ettifaq FC,Otra liga,2500000.0,SCOTLAND,C,Fase de grupos,0,38.46,31.0,2678.0,
235767,John Souttar,29,Centre-Back,Defensa,Rangers FC,Otra liga,2000000.0,SCOTLAND,C,Fase de grupos,0,38.46,38.0,3184.0,
263268,Dominic Hyam,30,Centre-Back,Defensa,Wrexham AFC,Otra liga,2000000.0,SCOTLAND,C,Fase de grupos,0,38.46,47.0,4282.0,
121385,Grant Hanley,34,Centre-Back,Defensa,Hibernian FC,Otra liga,200000.0,SCOTLAND,C,Fase de grupos,0,38.46,26.0,2112.0,
300716,Kieran Tierney,29,Left-Back,Defensa,Celtic FC,Otra liga,8000000.0,SCOTLAND,C,Fase de grupos,0,38.46,53.0,3907.0,
234803,Andrew Robertson,32,Left-Back,Defensa,Liverpool FC,Premier League,7000000.0,SCOTLAND,C,Fase de grupos,0,38.46,36.0,2001.0,
591949,Aaron Hickey,24,Right-Back,Defensa,Brentford FC,Premier League,16000000.0,SCOTLAND,C,Fase de grupos,0,38.46,26.0,1018.0,
424015,Nathan Patterson,24,Right-Back,Defensa,Everton FC,Premier League,10000000.0,SCOTLAND,C,Fase de grupos,0,38.46,9.0,446.0,
388171,Anthony Ralston,27,Right-Back,Defensa,Celtic FC,Otra liga,1500000.0,SCOTLAND,C,Fase de grupos,0,38.46,35.0,2036.0,
315969,Scott McTominay,29,Central Midfield,Medio,SSC Napoli,Serie A,40000000.0,SCOTLAND,C,Fase de grupos,0,38.46,44.0,3701.0,
428563,Lewis Ferguson,26,Central Midfield,Medio,Bologna FC 1909,Serie A,14000000.0,SCOTLAND,C,Fase de grupos,0,38.46,45.0,2925.0,
193116,John McGinn,31,Central Midfield,Medio,Aston Villa,Premier League,13000000.0,SCOTLAND,C,Fase de grupos,0,38.46,44.0,3029.0,
188077,Ryan Christie,31,Central Midfield,Medio,AFC Bournemouth,Premier League,8000000.0,SCOTLAND,C,Fase de grupos,0,38.46,27.0,1060.0,
1049911,Tyler Fletcher,19,Central Midfield,Medio,Manchester United U21,Otra liga,1500000.0,SCOTLAND,C,Fase de grupos,0,38.46,31.0,2427.0,
126600,Kenny McLean,34,Central Midfield,Medio,Norwich City,Otra liga,400000.0,SCOTLAND,C,Fase de grupos,0,38.46,45.0,3745.0,
1082993,Findlay Curtis,20,Left Winger,Ataque,Rangers FC,Otra liga,2000000.0,SCOTLAND,C,Fase de grupos,0,38.46,35.0,1672.0,
719673,Ben Gannon-Doak,20,Right Winger,Ataque,AFC Bournemouth,Premier League,15000000.0,SCOTLAND,C,Fase de grupos,0,38.46,10.0,216.0,
420808,George Hirst,27,Centre-Forward,Ataque,Ipswich Town,Otra liga,10000000.0,SCOTLAND,C,Fase de grupos,0,38.46,44.0,2220.0,
346779,Ché Adams,29,Centre-Forward,Ataque,Torino FC,Serie A,5000000.0,SCOTLAND,C,Fase de grupos,0,38.46,36.0,2110.0,
225744,Lawrence Shankland,30,Centre-Forward,Ataque,Heart of Midlothian FC,Otra liga,3000000.0,SCOTLAND,C,Fase de grupos,0,38.46,34.0,2944.0,
447995,Ross Stewart,29,Centre-Forward,Ataque,Southampton FC,Otra liga,2500000.0,SCOTLAND,C,Fase de grupos,0,38.46,33.0,1333.0,
347138,Lyndon Dykes,30,Centre-Forward,Ataque,Charlton Athletic,Otra liga,800000.0,SCOTLAND,C,Fase de grupos,0,38.46,43.0,2017.0,
448632,Yehvann Diouf,26,Goalkeeper,Portero,OGC Nice,Ligue 1,7000000.0,SENEGAL,I,Round of 32,1,76.92,38.0,3420.0,
442531,Edouard Mendy,34,Goalkeeper,Portero,Al-Ahli SFC,Otra liga,4000000.0,SENEGAL,I,Round of 32,1,76.92,41.0,3810.0,0.557
164904,Mory Diaw,33,Goalkeeper,Portero,Le Havre AC,Ligue 1,900000.0,SENEGAL,I,Round of 32,1,76.92,30.0,2655.0,
910905,Mamadou Sarr,20,Centre-Back,Defensa,Chelsea FC,Premier League,22000000.0,SENEGAL,I,Round of 32,1,76.92,24.0,1869.0,
291200,Moussa Niakhaté,30,Centre-Back,Defensa,Olympique Lyon,Ligue 1,15000000.0,SENEGAL,I,Round of 32,1,76.92,43.0,3677.0,
891998,Antoine Mendy,22,Centre-Back,Defensa,OGC Nice,Ligue 1,10000000.0,SENEGAL,I,Round of 32,1,76.92,40.0,3231.0,
93128,Kalidou Koulibaly,35,Centre-Back,Defensa,Al-Hilal SFC,Otra liga,4500000.0,SENEGAL,I,Round of 32,1,76.92,26.0,2336.0,3.433
265383,Abdoulaye Seck,34,Centre-Back,Defensa,Maccabi Haifa,Otra liga,400000.0,SENEGAL,I,Round of 32,1,76.92,32.0,2713.0,
1111589,El Hadji Malick Diouf,21,Left-Back,Defensa,West Ham United,Premier League,28000000.0,SENEGAL,I,Round of 32,1,76.92,34.0,2906.0,
375137,Ismail Jakobs,26,Left-Back,Defensa,Galatasaray,Otra liga,8000000.0,SENEGAL,I,Round of 32,1,76.92,39.0,2275.0,2.585
126665,Idrissa Gueye,36,Defensive Midfield,Medio,Everton FC,Premier League,500000.0,SENEGAL,I,Round of 32,1,76.92,25.0,2102.0,
918969,Lamine Camara,22,Central Midfield,Medio,AS Monaco,Ligue 1,40000000.0,SENEGAL,I,Round of 32,1,76.92,31.0,2457.0,
485963,Pape Gueye,27,Central Midfield,Medio,Villarreal CF,La Liga,40000000.0,SENEGAL,I,Round of 32,1,76.92,39.0,2834.0,1.347
876631,Habib Diarra,22,Central Midfield,Medio,Sunderland AFC,Premier League,35000000.0,SENEGAL,I,Round of 32,1,76.92,22.0,1563.0,
568693,Pape Matar Sarr,23,Central Midfield,Medio,Tottenham Hotspur,Premier League,30000000.0,SENEGAL,I,Round of 32,1,76.92,37.0,2212.0,1.162
1497653,Bara Sapoko Ndiaye,18,Central Midfield,Medio,Bayern Munich,Bundesliga,4000000.0,SENEGAL,I,Round of 32,1,76.92,4.0,142.0,
525578,Pathé Ciss,32,Central Midfield,Medio,Rayo Vallecano,La Liga,1800000.0,SENEGAL,I,Round of 32,1,76.92,43.0,3119.0,
490426,Krépin Diatta,27,Right Midfield,Medio,AS Monaco,Ligue 1,6000000.0,SENEGAL,I,Round of 32,1,76.92,22.0,1235.0,1.502
1061282,Assane Diao,20,Left Winger,Ataque,Como 1907,Serie A,30000000.0,SENEGAL,I,Round of 32,1,76.92,20.0,1157.0,
200512,Sadio Mané,34,Left Winger,Ataque,Al-Nassr FC,Otra liga,6000000.0,SENEGAL,I,Round of 32,1,76.92,36.0,2717.0,
623570,Iliman Ndiaye,26,Right Winger,Ataque,Everton FC,Premier League,55000000.0,SENEGAL,I,Round of 32,1,76.92,34.0,2833.0,2.197
410225,Ismaïla Sarr,28,Right Winger,Ataque,Crystal Palace,Premier League,40000000.0,SENEGAL,I,Round of 32,1,76.92,45.0,3612.0,3.03
1185888,Ibrahim Mbaye,18,Right Winger,Ataque,Paris Saint-Germain,Ligue 1,30000000.0,SENEGAL,I,Round of 32,1,76.92,31.0,1242.0,
776890,Nicolas Jackson,25,Centre-Forward,Ataque,Bayern Munich,Bundesliga,40000000.0,SENEGAL,I,Round of 32,1,76.92,34.0,1320.0,1.113
822458,Bamba Dieng,26,Centre-Forward,Ataque,FC Lorient,Ligue 1,15000000.0,SENEGAL,I,Round of 32,1,76.92,26.0,1473.0,
480705,Cherif Ndiaye,30,Centre-Forward,Ataque,Samsunspor,Otra liga,5000000.0,SENEGAL,I,Round of 32,1,76.92,37.0,2284.0,
453370,Sipho Chaine,29,Goalkeeper,Portero,Orlando Pirates,Otra liga,1600000.0,SOUTH AFRICA,A,Round of 32,1,3.85,42.0,3831.0,
175577,Ronwen Williams,34,Goalkeeper,Portero,Mamelodi Sundowns FC,Otra liga,800000.0,SOUTH AFRICA,A,Round of 32,1,3.85,45.0,4080.0,
258304,Ricardo Goss,32,Goalkeeper,Portero,Siwelele Football Club ,Otra liga,350000.0,SOUTH AFRICA,A,Round of 32,1,3.85,30.0,2730.0,
1378320,Mbekezeli Mbokazi,20,Centre-Back,Defensa,Chicago Fire FC,Otra liga,3500000.0,SOUTH AFRICA,A,Round of 32,1,3.85,35.0,3049.0,
1107265,Ime Okon,22,Centre-Back,Defensa,Hannover 96,Otra liga,2000000.0,SOUTH AFRICA,A,Round of 32,1,3.85,26.0,1806.0,
1069801,Olwethu Makhanya,22,Centre-Back,Defensa,Philadelphia Union,Otra liga,2000000.0,SOUTH AFRICA,A,Round of 32,1,3.85,17.0,1468.0,
399068,Nkosinathi Sibisi,30,Centre-Back,Defensa,Orlando Pirates,Otra liga,1600000.0,SOUTH AFRICA,A,Round of 32,1,3.85,30.0,2463.0,
1283140,Khulumani Ndamane,22,Centre-Back,Defensa,Mamelodi Sundowns FC,Otra liga,1200000.0,SOUTH AFRICA,A,Round of 32,1,3.85,37.0,3132.0,
1175086,Samukele Kabini,22,Left-Back,Defensa,Molde FK,Otra liga,2500000.0,SOUTH AFRICA,A,Round of 32,1,3.85,9.0,828.0,
353432,Aubrey Modiba,30,Left-Back,Defensa,Mamelodi Sundowns FC,Otra liga,1800000.0,SOUTH AFRICA,A,Round of 32,1,3.85,42.0,3101.0,
555209,Bradley Cross,25,Left-Back,Defensa,Kaizer Chiefs,Otra liga,1000000.0,SOUTH AFRICA,A,Round of 32,1,3.85,28.0,2208.0,
1109254,Thabang Matuludi,27,Right-Back,Defensa,Polokwane City FC,Otra liga,1200000.0,SOUTH AFRICA,A,Round of 32,1,3.85,25.0,2190.0,
450806,Khuliso Mudau,31,Right-Back,Defensa,Mamelodi Sundowns FC,Otra liga,1200000.0,SOUTH AFRICA,A,Round of 32,1,3.85,36.0,2865.0,
994370,Kamogelo Sebelebele,23,Right-Back,Defensa,Orlando Pirates,Otra liga,1200000.0,SOUTH AFRICA,A,Round of 32,1,3.85,33.0,2344.0,
436372,Teboho Mokoena,29,Defensive Midfield,Medio,Mamelodi Sundowns FC,Otra liga,2800000.0,SOUTH AFRICA,A,Round of 32,1,3.85,41.0,3175.0,
735697,Thalente Mbatha,26,Central Midfield,Medio,Orlando Pirates,Otra liga,2000000.0,SOUTH AFRICA,A,Round of 32,1,3.85,29.0,2197.0,
804472,Jayden Adams,25,Central Midfield,Medio,Mamelodi Sundowns FC,Otra liga,1800000.0,SOUTH AFRICA,A,Round of 32,1,3.85,37.0,2381.0,
401736,Yaya Sithole,27,Central Midfield,Medio,CD Tondela,Otra liga,600000.0,SOUTH AFRICA,A,Round of 32,1,3.85,28.0,1659.0,
176578,Themba Zwane,36,Attacking Midfield,Medio,Mamelodi Sundowns FC,Otra liga,250000.0,SOUTH AFRICA,A,Round of 32,1,3.85,23.0,754.0,
1125037,Relebohile Mofokeng,21,Left Winger,Ataque,Orlando Pirates,Otra liga,3000000.0,SOUTH AFRICA,A,Round of 32,1,3.85,36.0,2902.0,
673381,Oswin Appollis,24,Left Winger,Ataque,Orlando Pirates,Otra liga,2500000.0,SOUTH AFRICA,A,Round of 32,1,3.85,43.0,3140.0,
844485,Tshepang Moremi,25,Left Winger,Ataque,Orlando Pirates,Otra liga,1400000.0,SOUTH AFRICA,A,Round of 32,1,3.85,39.0,2308.0,
983330,Thapelo Maseko,22,Right Winger,Ataque,AEL Limassol,Otra liga,750000.0,SOUTH AFRICA,A,Round of 32,1,3.85,22.0,943.0,
467623,Lyle Foster,25,Centre-Forward,Ataque,Burnley FC,Premier League,8000000.0,SOUTH AFRICA,A,Round of 32,1,3.85,27.0,1462.0,
337884,Iqraam Rayners,30,Centre-Forward,Ataque,Mamelodi Sundowns FC,Otra liga,2800000.0,SOUTH AFRICA,A,Round of 32,1,3.85,,,
746781,Evidence Makgopa,26,Centre-Forward,Ataque,Orlando Pirates,Otra liga,1400000.0,SOUTH AFRICA,A,Round of 32,1,3.85,,,
508237,Bum-keun Song,28,Goalkeeper,Portero,Jeonbuk Hyundai Motors,Otra liga,1000000.0,SOUTH KOREA,A,Fase de grupos,0,19.23,,,
260171,Hyeon-woo Jo,34,Goalkeeper,Portero,Ulsan HD FC,Otra liga,650000.0,SOUTH KOREA,A,Fase de grupos,0,19.23,,,
92076,Seung-gyu Kim,35,Goalkeeper,Portero,FC Tokyo,Otra liga,500000.0,SOUTH KOREA,A,Fase de grupos,0,19.23,,,
503482,Min-jae Kim,29,Centre-Back,Defensa,Bayern Munich,Bundesliga,20000000.0,SOUTH KOREA,A,Fase de grupos,0,19.23,,,
706963,Han-beom Lee,24,Centre-Back,Defensa,FC Midtjylland,Otra liga,3000000.0,SOUTH KOREA,A,Fase de grupos,0,19.23,,,
645847,Tae-hyeon Kim,25,Centre-Back,Defensa,Kashima Antlers,Otra liga,1200000.0,SOUTH KOREA,A,Fase de grupos,0,19.23,,,
763349,Gi-hyuk Lee,25,Centre-Back,Defensa,Gangwon FC,Otra liga,800000.0,SOUTH KOREA,A,Fase de grupos,0,19.23,,,
550978,Wi-je Cho,24,Centre-Back,Defensa,Jeonbuk Hyundai Motors,Otra liga,550000.0,SOUTH KOREA,A,Fase de grupos,0,19.23,,,
639027,Tae-seok Lee,23,Left-Back,Defensa,Austria Vienna,Otra liga,2000000.0,SOUTH KOREA,A,Fase de grupos,0,19.23,,,
639414,Young-woo Seol,27,Right-Back,Defensa,Red Star Belgrade,Otra liga,6500000.0,SOUTH KOREA,A,Fase de grupos,0,19.23,,,
524592,Moon-hwan Kim,30,Right-Back,Defensa,Daejeon Hana Citizen,Otra liga,750000.0,SOUTH KOREA,A,Fase de grupos,0,19.23,,,
365394,In-beom Hwang,29,Defensive Midfield,Medio,Feyenoord Rotterdam,Otra liga,7000000.0,SOUTH KOREA,A,Fase de grupos,0,19.23,,,
557469,Jin-seob Park,30,Defensive Midfield,Medio,Zhejiang FC,Otra liga,1000000.0,SOUTH KOREA,A,Fase de grupos,0,19.23,,,
613192,Jens Castrop,22,Central Midfield,Medio,Borussia Mönchengladbach,Bundesliga,10000000.0,SOUTH KOREA,A,Fase de grupos,0,19.23,,,
282689,Seung-ho Paik,29,Central Midfield,Medio,Birmingham City,Otra liga,2000000.0,SOUTH KOREA,A,Fase de grupos,0,19.23,,,
365377,Jin-gyu Kim,29,Central Midfield,Medio,Jeonbuk Hyundai Motors,Otra liga,1200000.0,SOUTH KOREA,A,Fase de grupos,0,19.23,,,
557149,Kang-in Lee,25,Attacking Midfield,Medio,Paris Saint-Germain,Ligue 1,28000000.0,SOUTH KOREA,A,Fase de grupos,0,19.23,,,
912081,Jun-ho Bae,22,Attacking Midfield,Medio,Stoke City,Otra liga,4000000.0,SOUTH KOREA,A,Fase de grupos,0,19.23,,,
314398,Jae-sung Lee,33,Attacking Midfield,Medio,1.FSV Mainz 05,Bundesliga,2000000.0,SOUTH KOREA,A,Fase de grupos,0,19.23,,,
558086,Dong-gyeong Lee,28,Attacking Midfield,Medio,Ulsan HD FC,Otra liga,1600000.0,SOUTH KOREA,A,Fase de grupos,0,19.23,,,
91845,Heung-min Son,33,Left Winger,Ataque,Los Angeles FC,Otra liga,15000000.0,SOUTH KOREA,A,Fase de grupos,0,19.23,,,
706968,Ji-sung Eom,24,Left Winger,Ataque,Swansea City,Otra liga,1800000.0,SOUTH KOREA,A,Fase de grupos,0,19.23,,,
853110,Hyun-jun Yang,24,Right Winger,Ataque,Celtic FC,Otra liga,5000000.0,SOUTH KOREA,A,Fase de grupos,0,19.23,,,
639246,Hyeon-gyu Oh,25,Centre-Forward,Ataque,Besiktas JK,Otra liga,15000000.0,SOUTH KOREA,A,Fase de grupos,0,19.23,,,
292246,Hee-chan Hwang,30,Centre-Forward,Ataque,Wolverhampton Wanderers,Premier League,6000000.0,SOUTH KOREA,A,Fase de grupos,0,19.23,,,
652537,Gue-sung Cho,28,Centre-Forward,Ataque,FC Midtjylland,Otra liga,2500000.0,SOUTH KOREA,A,Fase de grupos,0,19.23,,,
561613,Joan García,25,Goalkeeper,Portero,FC Barcelona,La Liga,45000000.0,SPAIN,H,Campeon,7,100.0,,,
262749,David Raya,30,Goalkeeper,Portero,Arsenal FC,Premier League,30000000.0,SPAIN,H,Campeon,7,100.0,,,
262396,Unai Simón,29,Goalkeeper,Portero,Athletic Bilbao,La Liga,22000000.0,SPAIN,H,Campeon,7,100.0,,,
962110,Pau Cubarsí,19,Centre-Back,Defensa,FC Barcelona,La Liga,80000000.0,SPAIN,H,Campeon,7,100.0,,,
466794,Eric García,25,Centre-Back,Defensa,FC Barcelona,La Liga,40000000.0,SPAIN,H,Campeon,7,100.0,,,
844637,Marc Pubill,23,Centre-Back,Defensa,Atlético de Madrid,La Liga,35000000.0,SPAIN,H,Campeon,7,100.0,,,
176553,Aymeric Laporte,32,Centre-Back,Defensa,Athletic Bilbao,La Liga,8000000.0,SPAIN,H,Campeon,7,100.0,,,
284857,Marc Cucurella,27,Left-Back,Defensa,Chelsea FC,Premier League,50000000.0,SPAIN,H,Campeon,7,100.0,,,
193082,Alejandro Grimaldo,30,Left-Back,Defensa,Bayer 04 Leverkusen,Bundesliga,20000000.0,SPAIN,H,Campeon,7,100.0,,,
553875,Pedro Porro,26,Right-Back,Defensa,Tottenham Hotspur,Premier League,35000000.0,SPAIN,H,Campeon,7,100.0,,,
282411,Marcos Llorente,31,Right-Back,Defensa,Atlético de Madrid,La Liga,20000000.0,SPAIN,H,Campeon,7,100.0,,,
423440,Martín Zubimendi,27,Defensive Midfield,Medio,Arsenal FC,Premier League,75000000.0,SPAIN,H,Campeon,7,100.0,,,
357565,Rodri,30,Defensive Midfield,Medio,Manchester City,Premier League,50000000.0,SPAIN,H,Campeon,7,100.0,,,
683840,Pedri,23,Central Midfield,Medio,FC Barcelona,La Liga,150000000.0,SPAIN,H,Campeon,7,100.0,,,
350219,Fabián Ruiz,30,Central Midfield,Medio,Paris Saint-Germain,Ligue 1,30000000.0,SPAIN,H,Campeon,7,100.0,,,
646740,Gavi,21,Central Midfield,Medio,FC Barcelona,La Liga,30000000.0,SPAIN,H,Campeon,7,100.0,,,
338424,Mikel Merino,30,Central Midfield,Medio,Arsenal FC,Premier League,25000000.0,SPAIN,H,Campeon,7,100.0,,,
293385,Dani Olmo,28,Attacking Midfield,Medio,FC Barcelona,La Liga,60000000.0,SPAIN,H,Campeon,7,100.0,,,
548111,Álex Baena,24,Left Winger,Ataque,Atlético de Madrid,La Liga,40000000.0,SPAIN,H,Campeon,7,100.0,,,
709187,Nico Williams,23,Left Winger,Ataque,Athletic Bilbao,La Liga,40000000.0,SPAIN,H,Campeon,7,100.0,,,
935231,Víctor Muñoz,22,Left Winger,Ataque,CA Osasuna,La Liga,30000000.0,SPAIN,H,Campeon,7,100.0,,,
937958,Lamine Yamal,18,Right Winger,Ataque,FC Barcelona,La Liga,200000000.0,SPAIN,H,Campeon,7,100.0,,,
568157,Yéremy Pino,23,Right Winger,Ataque,Crystal Palace,Premier League,30000000.0,SPAIN,H,Campeon,7,100.0,,,
398184,Ferran Torres,26,Centre-Forward,Ataque,FC Barcelona,La Liga,50000000.0,SPAIN,H,Campeon,7,100.0,,,
351478,Mikel Oyarzabal,29,Centre-Forward,Ataque,Real Sociedad,La Liga,25000000.0,SPAIN,H,Campeon,7,100.0,,,
278359,Borja Iglesias,33,Centre-Forward,Ataque,Celta de Vigo,La Liga,2800000.0,SPAIN,H,Campeon,7,100.0,,,
273742,Viktor Johansson,27,Goalkeeper,Portero,Stoke City,Otra liga,12000000.0,SWEDEN,F,Round of 32,1,53.85,,,
549440,Jacob Widell Zetterström,27,Goalkeeper,Portero,Derby County,Otra liga,2500000.0,SWEDEN,F,Round of 32,1,53.85,,,
75890,Kristoffer Nordfeldt,37,Goalkeeper,Portero,AIK,Otra liga,175000.0,SWEDEN,F,Round of 32,1,53.85,,,
503075,Isak Hien,27,Centre-Back,Defensa,Atalanta BC,Serie A,22000000.0,SWEDEN,F,Round of 32,1,53.85,,,
485395,Gustaf Lagerbielke,26,Centre-Back,Defensa,SC Braga,Otra liga,10000000.0,SWEDEN,F,Round of 32,1,53.85,,,
184573,Victor Lindelöf,31,Centre-Back,Defensa,Aston Villa,Premier League,5000000.0,SWEDEN,F,Round of 32,1,53.85,,,
392179,Hjalmar Ekdal,27,Centre-Back,Defensa,Burnley FC,Premier League,5000000.0,SWEDEN,F,Round of 32,1,53.85,,,
292534,Eric Smith,29,Centre-Back,Defensa,FC St. Pauli,Bundesliga,5000000.0,SWEDEN,F,Round of 32,1,53.85,,,
258987,Carl Starfelt,31,Centre-Back,Defensa,Celta de Vigo,La Liga,4500000.0,SWEDEN,F,Round of 32,1,53.85,,,
579287,Daniel Svensson,24,Left-Back,Defensa,Borussia Dortmund,Bundesliga,22000000.0,SWEDEN,F,Round of 32,1,53.85,,,
362108,Gabriel Gudmundsson,27,Left-Back,Defensa,Leeds United,Premier League,20000000.0,SWEDEN,F,Round of 32,1,53.85,,,
252345,Ken Sema,32,Left-Back,Defensa,Pafos FC,Otra liga,800000.0,SWEDEN,F,Round of 32,1,53.85,,,
222855,Jesper Karlström,31,Defensive Midfield,Medio,Udinese Calcio,Serie A,4000000.0,SWEDEN,F,Round of 32,1,53.85,,,
866246,Lucas Bergvall,20,Central Midfield,Medio,Tottenham Hotspur,Premier League,35000000.0,SWEDEN,F,Round of 32,1,53.85,,,
667287,Yasin Ayari,22,Central Midfield,Medio,Brighton & Hove Albion,Premier League,35000000.0,SWEDEN,F,Round of 32,1,53.85,,,
342405,Mattias Svanberg,27,Central Midfield,Medio,VfL Wolfsburg,Bundesliga,8000000.0,SWEDEN,F,Round of 32,1,53.85,,,
715653,Besfort Zeneli,23,Central Midfield,Medio,Union Saint-Gilloise,Otra liga,6000000.0,SWEDEN,F,Round of 32,1,53.85,,,
744853,Herman Johansson,28,Right Midfield,Medio,FC Dallas,Otra liga,1800000.0,SWEDEN,F,Round of 32,1,53.85,,,
687622,Elliot Stroud,24,Left Midfield,Medio,Mjällby AIF,Otra liga,5000000.0,SWEDEN,F,Round of 32,1,53.85,,,
475949,Benjamin Nygren,24,Attacking Midfield,Medio,Celtic FC,Otra liga,14000000.0,SWEDEN,F,Round of 32,1,53.85,,,
731771,Taha Ali,27,Left Winger,Ataque,Malmö FF,Otra liga,1500000.0,SWEDEN,F,Round of 32,1,53.85,,,
583189,Anthony Elanga,24,Right Winger,Ataque,Newcastle United,Premier League,32000000.0,SWEDEN,F,Round of 32,1,53.85,,,
633454,Alexander Bernhardsson,27,Right Winger,Ataque,Holstein Kiel,Otra liga,3000000.0,SWEDEN,F,Round of 32,1,53.85,,,
349066,Alexander Isak,26,Centre-Forward,Ataque,Liverpool FC,Premier League,85000000.0,SWEDEN,F,Round of 32,1,53.85,,,
325443,Viktor Gyökeres,28,Centre-Forward,Ataque,Arsenal FC,Premier League,65000000.0,SWEDEN,F,Round of 32,1,53.85,,,
320440,Gustaf Nilsson,29,Centre-Forward,Ataque,Club Brugge KV,Otra liga,1800000.0,SWEDEN,F,Round of 32,1,53.85,,,
257814,Gregor Kobel,28,Goalkeeper,Portero,Borussia Dortmund,Bundesliga,40000000.0,SWITZERLAND,B,Quarter-final,3,88.46,,,
500763,Marvin Keller,23,Goalkeeper,Portero,BSC Young Boys,Otra liga,6000000.0,SWITZERLAND,B,Quarter-final,3,88.46,,,
147051,Yvon Mvogo,32,Goalkeeper,Portero,FC Lorient,Ligue 1,2500000.0,SWITZERLAND,B,Quarter-final,3,88.46,,,
284730,Manuel Akanji,30,Centre-Back,Defensa,Inter Milan,Serie A,17000000.0,SWITZERLAND,B,Quarter-final,3,88.46,,,
635645,Aurèle Amenda,22,Centre-Back,Defensa,Eintracht Frankfurt,Bundesliga,10000000.0,SWITZERLAND,B,Quarter-final,3,88.46,,,
539798,Luca Jaquez,23,Centre-Back,Defensa,VfB Stuttgart,Bundesliga,10000000.0,SWITZERLAND,B,Quarter-final,3,88.46,,,
192635,Nico Elvedi,29,Centre-Back,Defensa,Borussia Mönchengladbach,Bundesliga,8000000.0,SWITZERLAND,B,Quarter-final,3,88.46,,,
298583,Eray Cömert,28,Centre-Back,Defensa,Valencia CF,La Liga,2500000.0,SWITZERLAND,B,Quarter-final,3,88.46,,,
298603,Miro Muheim,28,Left-Back,Defensa,Hamburger SV,Bundesliga,5000000.0,SWITZERLAND,B,Quarter-final,3,88.46,,,
86784,Ricardo Rodríguez,33,Left-Back,Defensa,Real Betis Balompié,La Liga,1400000.0,SWITZERLAND,B,Quarter-final,3,88.46,,,
168989,Silvan Widmer,33,Right-Back,Defensa,1.FSV Mainz 05,Bundesliga,800000.0,SWITZERLAND,B,Quarter-final,3,88.46,,,
334526,Denis Zakaria,29,Defensive Midfield,Medio,AS Monaco,Ligue 1,25000000.0,SWITZERLAND,B,Quarter-final,3,88.46,,,
608172,Ardon Jashari,23,Defensive Midfield,Medio,AC Milan,Serie A,25000000.0,SWITZERLAND,B,Quarter-final,3,88.46,,,
111455,Granit Xhaka,33,Defensive Midfield,Medio,Sunderland AFC,Premier League,8000000.0,SWITZERLAND,B,Quarter-final,3,88.46,,,
927353,Johan Manzambi,20,Central Midfield,Medio,SC Freiburg,Bundesliga,50000000.0,SWITZERLAND,B,Quarter-final,3,88.46,,,
212723,Djibril Sow,29,Central Midfield,Medio,Sevilla FC,La Liga,7500000.0,SWITZERLAND,B,Quarter-final,3,88.46,,,
237658,Michel Aebischer,29,Central Midfield,Medio,Pisa Sporting Club,Serie A,4000000.0,SWITZERLAND,B,Quarter-final,3,88.46,,,
148252,Remo Freuler,34,Central Midfield,Medio,Bologna FC 1909,Serie A,3000000.0,SWITZERLAND,B,Quarter-final,3,88.46,,,
507341,Fabian Rieder,24,Attacking Midfield,Medio,FC Augsburg,Bundesliga,12000000.0,SWITZERLAND,B,Quarter-final,3,88.46,,,
346890,Noah Okafor,26,Left Winger,Ataque,Leeds United,Premier League,25000000.0,SWITZERLAND,B,Quarter-final,3,88.46,,,
345886,Rubén Vargas,27,Left Winger,Ataque,Sevilla FC,La Liga,12000000.0,SWITZERLAND,B,Quarter-final,3,88.46,,,
365108,Dan Ndoye,25,Right Winger,Ataque,Nottingham Forest,Premier League,32000000.0,SWITZERLAND,B,Quarter-final,3,88.46,,,
250490,Christian Fassnacht,32,Right Winger,Ataque,BSC Young Boys,Otra liga,2000000.0,SWITZERLAND,B,Quarter-final,3,88.46,,,
237662,Breel Embolo,29,Centre-Forward,Ataque,Stade Rennais FC,Ligue 1,15000000.0,SWITZERLAND,B,Quarter-final,3,88.46,,,
548729,Zeki Amdouni,25,Centre-Forward,Ataque,Burnley FC,Premier League,7000000.0,SWITZERLAND,B,Quarter-final,3,88.46,,,
243856,Cedric Itten,29,Centre-Forward,Ataque,Fortuna Düsseldorf,Otra liga,1800000.0,SWITZERLAND,B,Quarter-final,3,88.46,,,
584250,Abdelmouhib Chamakh,24,Goalkeeper,Portero,Club Africain,Otra liga,800000.0,TUNISIA,F,Fase de grupos,0,23.08,,,
569433,Aymen Dahmen,29,Goalkeeper,Portero,CS Sfaxien,Otra liga,800000.0,TUNISIA,F,Fase de grupos,0,23.08,,,
295381,Sabri Ben Hessen,30,Goalkeeper,Portero,Etoile Sportive du Sahel,Otra liga,550000.0,TUNISIA,F,Fase de grupos,0,23.08,,,
496706,Montassar Talbi,28,Centre-Back,Defensa,FC Lorient,Ligue 1,8000000.0,TUNISIA,F,Fase de grupos,0,23.08,,,
1071742,Adem Arous,21,Centre-Back,Defensa,Kasimpasa,Otra liga,4000000.0,TUNISIA,F,Fase de grupos,0,23.08,,,
450417,Dylan Bronn,31,Centre-Back,Defensa,Servette FC,Otra liga,600000.0,TUNISIA,F,Fase de grupos,0,23.08,,,
1075790,Raed Chikhaoui,22,Centre-Back,Defensa,US Monastir,Otra liga,600000.0,TUNISIA,F,Fase de grupos,0,23.08,,,
578292,Omar Rekik,24,Centre-Back,Defensa,NK Maribor,Otra liga,500000.0,TUNISIA,F,Fase de grupos,0,23.08,,,
211474,Ali Abdi,32,Left-Back,Defensa,OGC Nice,Ligue 1,2000000.0,TUNISIA,F,Fase de grupos,0,23.08,,,
454495,Mohamed Amine Ben Hamida,30,Left-Back,Defensa,Esperance Tunis,Otra liga,1000000.0,TUNISIA,F,Fase de grupos,0,23.08,,,
406008,Yan Valery,27,Right-Back,Defensa,BSC Young Boys,Otra liga,1500000.0,TUNISIA,F,Fase de grupos,0,23.08,,,
1034598,Moutaz Neffati,21,Right-Back,Defensa,IFK Norrköping,Otra liga,1200000.0,TUNISIA,F,Fase de grupos,0,23.08,,,
290587,Ellyes Skhiri,31,Defensive Midfield,Medio,Eintracht Frankfurt,Bundesliga,5000000.0,TUNISIA,F,Fase de grupos,0,23.08,,,
124410,Rani Khedira,32,Defensive Midfield,Medio,1.FC Union Berlin,Bundesliga,2000000.0,TUNISIA,F,Fase de grupos,0,23.08,,,
673513,Mohamed Belhadj Mahmoud,26,Central Midfield,Medio,FC Lugano,Otra liga,2000000.0,TUNISIA,F,Fase de grupos,0,23.08,,,
607224,Hannibal,23,Attacking Midfield,Medio,Burnley FC,Premier League,15000000.0,TUNISIA,F,Fase de grupos,0,23.08,,,
546712,Anis Ben Slimane,25,Attacking Midfield,Medio,Norwich City,Otra liga,4000000.0,TUNISIA,F,Fase de grupos,0,23.08,,,
810096,Ismaël Gharbi,22,Left Winger,Ataque,FC Augsburg,Bundesliga,5000000.0,TUNISIA,F,Fase de grupos,0,23.08,,,
539677,Sebastian Tounekti,23,Left Winger,Ataque,Celtic FC,Otra liga,5000000.0,TUNISIA,F,Fase de grupos,0,23.08,,,
645589,Elias Achouri,27,Left Winger,Ataque,FC Copenhagen,Otra liga,3000000.0,TUNISIA,F,Fase de grupos,0,23.08,,,
526466,Elias Saad,26,Left Winger,Ataque,Hannover 96,Otra liga,2000000.0,TUNISIA,F,Fase de grupos,0,23.08,,,
230921,Mortadha Ben Ouanes,31,Left Winger,Ataque,Kasimpasa,Otra liga,1500000.0,TUNISIA,F,Fase de grupos,0,23.08,,,
1198342,Khalil Ayari,21,Right Winger,Ataque,Paris Saint-Germain Espoirs,Otra liga,1000000.0,TUNISIA,F,Fase de grupos,0,23.08,,,
402087,Firas Chaouat,30,Centre-Forward,Ataque,Club Africain,Otra liga,1200000.0,TUNISIA,F,Fase de grupos,0,23.08,,,
953150,Hazem Mastouri,29,Centre-Forward,Ataque,Dinamo Makhachkala,Otra liga,900000.0,TUNISIA,F,Fase de grupos,0,23.08,,,
1273985,Rayan Elloumi,18,Centre-Forward,Ataque,Vancouver Whitecaps FC,Otra liga,800000.0,TUNISIA,F,Fase de grupos,0,23.08,,,
292199,Uğurcan Çakır,30,Goalkeeper,Portero,Galatasaray,Otra liga,15000000.0,TURKEY,D,Fase de grupos,0,34.62,,,
336077,Altay Bayındır,28,Goalkeeper,Portero,Manchester United,Premier League,5000000.0,TURKEY,D,Fase de grupos,0,34.62,,,
51894,Mert Günok,37,Goalkeeper,Portero,Fenerbahce,Otra liga,500000.0,TURKEY,D,Fase de grupos,0,34.62,,,
361260,Ozan Kabak,26,Centre-Back,Defensa,TSG 1899 Hoffenheim,Bundesliga,15000000.0,TURKEY,D,Fase de grupos,0,34.62,,,
340879,Merih Demiral,28,Centre-Back,Defensa,Al-Ahli SFC,Otra liga,12000000.0,TURKEY,D,Fase de grupos,0,34.62,,,
199316,Abdülkerim Bardakcı,31,Centre-Back,Defensa,Galatasaray,Otra liga,6500000.0,TURKEY,D,Fase de grupos,0,34.62,,,
320141,Çağlar Söyüncü,30,Centre-Back,Defensa,Fenerbahce,Otra liga,3500000.0,TURKEY,D,Fase de grupos,0,34.62,,,
295024,Samet Akaydin,32,Centre-Back,Defensa,Caykur Rizespor,Otra liga,1200000.0,TURKEY,D,Fase de grupos,0,34.62,,,
369316,Ferdi Kadıoğlu,26,Left-Back,Defensa,Brighton & Hove Albion,Premier League,35000000.0,TURKEY,D,Fase de grupos,0,34.62,,,
616894,Eren Elmalı,25,Left-Back,Defensa,Galatasaray,Otra liga,5000000.0,TURKEY,D,Fase de grupos,0,34.62,,,
251075,Zeki Çelik,29,Right-Back,Defensa,AS Roma,Serie A,14000000.0,TURKEY,D,Fase de grupos,0,34.62,,,
353922,Mert Müldür,27,Right-Back,Defensa,Fenerbahce,Otra liga,7000000.0,TURKEY,D,Fase de grupos,0,34.62,,,
126414,Hakan Çalhanoğlu,32,Defensive Midfield,Medio,Inter Milan,Serie A,16000000.0,TURKEY,D,Fase de grupos,0,34.62,,,
613725,İsmail Yüksek,27,Defensive Midfield,Medio,Fenerbahce,Otra liga,15000000.0,TURKEY,D,Fase de grupos,0,34.62,,,
244940,Salih Özcan,28,Defensive Midfield,Medio,Borussia Dortmund,Bundesliga,3500000.0,TURKEY,D,Fase de grupos,0,34.62,,,
119031,Kaan Ayhan,31,Defensive Midfield,Medio,Galatasaray,Otra liga,1500000.0,TURKEY,D,Fase de grupos,0,34.62,,,
454567,Orkun Kökçü,25,Central Midfield,Medio,Besiktas JK,Otra liga,25000000.0,TURKEY,D,Fase de grupos,0,34.62,,,
861410,Arda Güler,21,Attacking Midfield,Medio,Real Madrid,La Liga,90000000.0,TURKEY,D,Fase de grupos,0,34.62,,,
816585,Can Uzun,20,Attacking Midfield,Medio,Eintracht Frankfurt,Bundesliga,45000000.0,TURKEY,D,Fase de grupos,0,34.62,,,
845654,Kenan Yıldız,21,Left Winger,Ataque,Juventus FC,Serie A,75000000.0,TURKEY,D,Fase de grupos,0,34.62,,,
541537,Barış Alper Yılmaz,26,Left Winger,Ataque,Galatasaray,Otra liga,30000000.0,TURKEY,D,Fase de grupos,0,34.62,,,
382528,Kerem Aktürkoğlu,27,Left Winger,Ataque,Fenerbahce,Otra liga,20000000.0,TURKEY,D,Fase de grupos,0,34.62,,,
396908,Yunus Akgün,25,Right Winger,Ataque,Galatasaray,Otra liga,18000000.0,TURKEY,D,Fase de grupos,0,34.62,,,
563749,Oğuz Aydın,25,Right Winger,Ataque,Fenerbahce,Otra liga,7000000.0,TURKEY,D,Fase de grupos,0,34.62,,,
216603,İrfan Can Kahveci,30,Right Winger,Ataque,Kasimpasa,Otra liga,3000000.0,TURKEY,D,Fase de grupos,0,34.62,,,
1063292,Deniz Gül,21,Centre-Forward,Ataque,FC Porto,Otra liga,5000000.0,TURKEY,D,Fase de grupos,0,34.62,,,
425306,Matt Turner,32,Goalkeeper,Portero,New England Revolution,Otra liga,2500000.0,UNITED STATES,D,Round of 16,2,50.0,,,
765504,Chris Brady,22,Goalkeeper,Portero,Chicago Fire FC,Otra liga,2500000.0,UNITED STATES,D,Round of 16,2,50.0,,,
500309,Matt Freese,27,Goalkeeper,Portero,New York City FC,Otra liga,2000000.0,UNITED STATES,D,Round of 16,2,50.0,,,
578539,Chris Richards,26,Centre-Back,Defensa,Crystal Palace,Premier League,28000000.0,UNITED STATES,D,Round of 16,2,50.0,,,
429259,Mark McKenzie,27,Centre-Back,Defensa,FC Toulouse,Ligue 1,7000000.0,UNITED STATES,D,Round of 16,2,50.0,,,
389253,Auston Trusty,27,Centre-Back,Defensa,Celtic FC,Otra liga,6000000.0,UNITED STATES,D,Round of 16,2,50.0,,,
468022,Miles Robinson,29,Centre-Back,Defensa,FC Cincinnati,Otra liga,3500000.0,UNITED STATES,D,Round of 16,2,50.0,,,
145466,Tim Ream,38,Centre-Back,Defensa,Charlotte FC,Otra liga,150000.0,UNITED STATES,D,Round of 16,2,50.0,,,
349701,Antonee Robinson,28,Left-Back,Defensa,Fulham FC,Premier League,22000000.0,UNITED STATES,D,Round of 16,2,50.0,,,
361104,Sergiño Dest,25,Right-Back,Defensa,PSV Eindhoven,Otra liga,18000000.0,UNITED STATES,D,Round of 16,2,50.0,,,
504153,Joe Scally,23,Right-Back,Defensa,Borussia Mönchengladbach,Bundesliga,7000000.0,UNITED STATES,D,Round of 16,2,50.0,,,
985806,Alex Freeman,21,Right-Back,Defensa,Villarreal CF,La Liga,3500000.0,UNITED STATES,D,Round of 16,2,50.0,,,
332705,Tyler Adams,27,Defensive Midfield,Medio,AFC Bournemouth,Premier League,25000000.0,UNITED STATES,D,Round of 16,2,50.0,,,
332697,Weston McKennie,27,Central Midfield,Medio,Juventus FC,Serie A,30000000.0,UNITED STATES,D,Round of 16,2,50.0,,,
734761,Sebastian Berhalter,25,Central Midfield,Medio,Vancouver Whitecaps FC,Otra liga,8000000.0,UNITED STATES,D,Round of 16,2,50.0,,,
354792,Cristian Roldán,31,Central Midfield,Medio,Seattle Sounders FC,Otra liga,3500000.0,UNITED STATES,D,Round of 16,2,50.0,,,
370846,Timothy Weah,26,Right Midfield,Medio,Olympique Marseille,Ligue 1,20000000.0,UNITED STATES,D,Round of 16,2,50.0,,,
467437,Malik Tillman,24,Attacking Midfield,Medio,Bayer 04 Leverkusen,Bundesliga,30000000.0,UNITED STATES,D,Round of 16,2,50.0,,,
393323,Brenden Aaronson,25,Attacking Midfield,Medio,Leeds United,Premier League,22000000.0,UNITED STATES,D,Round of 16,2,50.0,,,
504215,Giovanni Reyna,23,Attacking Midfield,Medio,Borussia Mönchengladbach,Bundesliga,4000000.0,UNITED STATES,D,Round of 16,2,50.0,,,
993063,Max Arfsten,25,Left Winger,Ataque,Columbus Crew,Otra liga,5000000.0,UNITED STATES,D,Round of 16,2,50.0,,,
315779,Christian Pulisic,27,Right Winger,Ataque,AC Milan,Serie A,40000000.0,UNITED STATES,D,Round of 16,2,50.0,,,
351505,Álex Zendejas,28,Right Winger,Ataque,CF América,Otra liga,10000000.0,UNITED STATES,D,Round of 16,2,50.0,,,
503770,Folarin Balogun,24,Centre-Forward,Ataque,AS Monaco,Ligue 1,40000000.0,UNITED STATES,D,Round of 16,2,50.0,,,
627207,Ricardo Pepi,23,Centre-Forward,Ataque,PSV Eindhoven,Otra liga,30000000.0,UNITED STATES,D,Round of 16,2,50.0,,,
315291,Haji Wright,28,Centre-Forward,Ataque,Coventry City,Otra liga,16000000.0,UNITED STATES,D,Round of 16,2,50.0,,,
320739,Santiago Mele,28,Goalkeeper,Portero,CF Monterrey,Otra liga,2000000.0,URUGUAY,H,Fase de grupos,0,30.77,,,
264014,Sergio Rochet,33,Goalkeeper,Portero,Sport Club Internacional,Otra liga,1800000.0,URUGUAY,H,Fase de grupos,0,30.77,,,
58088,Fernando Muslera,40,Goalkeeper,Portero,Club Estudiantes de La Plata,Otra liga,700000.0,URUGUAY,H,Fase de grupos,0,30.77,,,
480267,Ronald Araujo,27,Centre-Back,Defensa,FC Barcelona,La Liga,20000000.0,URUGUAY,H,Fase de grupos,0,30.77,,,
438001,Santiago Bueno,27,Centre-Back,Defensa,Wolverhampton Wanderers,Premier League,10000000.0,URUGUAY,H,Fase de grupos,0,30.77,,,
250845,José María Giménez,31,Centre-Back,Defensa,Atlético de Madrid,La Liga,9000000.0,URUGUAY,H,Fase de grupos,0,30.77,,,
532389,Sebastián Cáceres,26,Centre-Back,Defensa,CF América,Otra liga,4500000.0,URUGUAY,H,Fase de grupos,0,30.77,,,
572675,Maxi Araújo,26,Left-Back,Defensa,Sporting CP,Otra liga,35000000.0,URUGUAY,H,Fase de grupos,0,30.77,,,
376514,Mathías Olivera,28,Left-Back,Defensa,SSC Napoli,Serie A,15000000.0,URUGUAY,H,Fase de grupos,0,30.77,,,
496268,Joaquín Piquerez,27,Left-Back,Defensa,Sociedade Esportiva Palmeiras,Otra liga,12000000.0,URUGUAY,H,Fase de grupos,0,30.77,,,
446106,Juan Manuel Sanabria,26,Left-Back,Defensa,Real Salt Lake City,Otra liga,4000000.0,URUGUAY,H,Fase de grupos,0,30.77,,,
439072,Matías Viña,28,Left-Back,Defensa,CA River Plate,Otra liga,3500000.0,URUGUAY,H,Fase de grupos,0,30.77,,,
188862,Guillermo Varela,33,Right-Back,Defensa,CR Flamengo,Otra liga,1000000.0,URUGUAY,H,Fase de grupos,0,30.77,,,
476701,Manuel Ugarte,25,Defensive Midfield,Medio,Manchester United,Premier League,25000000.0,URUGUAY,H,Fase de grupos,0,30.77,,,
354362,Rodrigo Bentancur,29,Defensive Midfield,Medio,Tottenham Hotspur,Premier League,20000000.0,URUGUAY,H,Fase de grupos,0,30.77,,,
707447,Emiliano Martínez,26,Defensive Midfield,Medio,Sociedade Esportiva Palmeiras,Otra liga,6500000.0,URUGUAY,H,Fase de grupos,0,30.77,44.0,3870.0,
369081,Federico Valverde,27,Central Midfield,Medio,Real Madrid,La Liga,90000000.0,URUGUAY,H,Fase de grupos,0,30.77,,,
397458,Nicolás de la Cruz,29,Central Midfield,Medio,CR Flamengo,Otra liga,8000000.0,URUGUAY,H,Fase de grupos,0,30.77,,,
606752,Rodrigo Zalazar,26,Attacking Midfield,Medio,SC Braga,Otra liga,30000000.0,URUGUAY,H,Fase de grupos,0,30.77,,,
248410,Giorgian de Arrascaeta,32,Attacking Midfield,Medio,CR Flamengo,Otra liga,14000000.0,URUGUAY,H,Fase de grupos,0,30.77,,,
465818,Brian Rodríguez,26,Left Winger,Ataque,CF América,Otra liga,8000000.0,URUGUAY,H,Fase de grupos,0,30.77,,,
457533,Agustín Canobbio,27,Right Winger,Ataque,Fluminense Football Club,Otra liga,8000000.0,URUGUAY,H,Fase de grupos,0,30.77,,,
676318,Facundo Pellistri,24,Right Winger,Ataque,Panathinaikos,Otra liga,5000000.0,URUGUAY,H,Fase de grupos,0,30.77,,,
546543,Darwin Núñez,27,Centre-Forward,Ataque,Al-Hilal SFC,Otra liga,20000000.0,URUGUAY,H,Fase de grupos,0,30.77,,,
578419,Federico Viñas,27,Centre-Forward,Ataque,Real Oviedo,La Liga,4000000.0,URUGUAY,H,Fase de grupos,0,30.77,,,
189410,Rodrigo Aguirre,31,Centre-Forward,Ataque,Tigres UANL,Otra liga,2300000.0,URUGUAY,H,Fase de grupos,0,30.77,,,
527866,Abduvokhid Nematov,25,Goalkeeper,Portero,Nasaf Qarshi,Otra liga,1500000.0,UZBEKISTAN,K,Fase de grupos,0,3.85,,,
311958,Utkir Yusupov,35,Goalkeeper,Portero,Navbahor Namangan,Otra liga,500000.0,UZBEKISTAN,K,Fase de grupos,0,3.85,,,
312690,Botirali Ergashev,31,Goalkeeper,Portero,Neftchi Fergana,Otra liga,500000.0,UZBEKISTAN,K,Fase de grupos,0,3.85,,,
763079,Abdukodir Khusanov,22,Centre-Back,Defensa,Manchester City,Premier League,50000000.0,UZBEKISTAN,K,Fase de grupos,0,3.85,,,
288883,Rustam Ashurmatov,29,Centre-Back,Defensa,Esteghlal FC,Otra liga,750000.0,UZBEKISTAN,K,Fase de grupos,0,3.85,,,
989069,Jakhongir Urozov,22,Centre-Back,Defensa,Dinamo Samarqand,Otra liga,600000.0,UZBEKISTAN,K,Fase de grupos,0,3.85,,,
538764,Avazbek Ulmasaliev,26,Centre-Back,Defensa,FC OKMK Olmaliq,Otra liga,500000.0,UZBEKISTAN,K,Fase de grupos,0,3.85,,,
493725,Umar Eshmurodov,33,Centre-Back,Defensa,Nasaf Qarshi,Otra liga,450000.0,UZBEKISTAN,K,Fase de grupos,0,3.85,,,
608537,Sherzod Nasrullaev,27,Left-Back,Defensa,Pakhtakor Tashkent,Otra liga,1200000.0,UZBEKISTAN,K,Fase de grupos,0,3.85,,,
212499,Farrukh Sayfiev,35,Left-Back,Defensa,Neftchi Fergana,Otra liga,225000.0,UZBEKISTAN,K,Fase de grupos,0,3.85,,,
492558,Khozhiakbar Alizhonov,29,Right-Back,Defensa,Pakhtakor Tashkent,Otra liga,1300000.0,UZBEKISTAN,K,Fase de grupos,0,3.85,,,
1106187,Bekhruz Karimov,18,Right-Back,Defensa,Surkhon Termiz,Otra liga,350000.0,UZBEKISTAN,K,Fase de grupos,0,3.85,,,
288915,Odildzhon Khamrobekov,30,Defensive Midfield,Medio,Tractor FC,Otra liga,1000000.0,UZBEKISTAN,K,Fase de grupos,0,3.85,,,
570272,Abdulla Abdullaev,28,Defensive Midfield,Medio,Dibba SCC,Otra liga,500000.0,UZBEKISTAN,K,Fase de grupos,0,3.85,,,
431911,Aziz Ganiev,28,Central Midfield,Medio,Al-Bataeh CSC,Otra liga,2000000.0,UZBEKISTAN,K,Fase de grupos,0,3.85,,,
294525,Otabek Shukurov,30,Central Midfield,Medio,FC Baniyas,Otra liga,1500000.0,UZBEKISTAN,K,Fase de grupos,0,3.85,,,
562022,Akmal Mozgovoy,27,Central Midfield,Medio,Pakhtakor Tashkent,Otra liga,1400000.0,UZBEKISTAN,K,Fase de grupos,0,3.85,,,
989068,Sherzod Esanov,23,Central Midfield,Medio,FC Buxoro,Otra liga,450000.0,UZBEKISTAN,K,Fase de grupos,0,3.85,,,
260857,Jamshid Iskanderov,32,Attacking Midfield,Medio,Neftchi Fergana,Otra liga,1000000.0,UZBEKISTAN,K,Fase de grupos,0,3.85,,,
492556,Oston Urunov,25,Left Winger,Ataque,Persepolis FC,Otra liga,2000000.0,UZBEKISTAN,K,Fase de grupos,0,3.85,,,
754040,Ruslanbek Jiyanov,25,Left Winger,Ataque,Navbahor Namangan,Otra liga,800000.0,UZBEKISTAN,K,Fase de grupos,0,3.85,,,
754037,Abbosbek Fayzullaev,22,Right Winger,Ataque,Basaksehir FK,Otra liga,7000000.0,UZBEKISTAN,K,Fase de grupos,0,3.85,,,
294502,Dostonbek Khamdamov,29,Right Winger,Ataque,Pakhtakor Tashkent,Otra liga,900000.0,UZBEKISTAN,K,Fase de grupos,0,3.85,,,
358166,Eldor Shomurodov,31,Centre-Forward,Ataque,Basaksehir FK,Otra liga,7000000.0,UZBEKISTAN,K,Fase de grupos,0,3.85,,,
185372,Igor Sergeev,33,Centre-Forward,Ataque,Persepolis FC,Otra liga,1200000.0,UZBEKISTAN,K,Fase de grupos,0,3.85,,,
517918,Azizbek Amanov,28,Centre-Forward,Ataque,Dinamo Samarqand,Otra liga,500000.0,UZBEKISTAN,K,Fase de grupos,0,3.85,,,
