match_id,team,player_id,player,total_eventos,minuto_ultimo_evento,pases,tiros,duelos,xg_total,asistencias,goles
3857254,Denmark,3043.0,Christian Dannemann Eriksen,254,96,80,1,1,0.08509644,0,0
3857254,Denmark,3570.0,Pierre-Emile Højbjerg,243,88,74,1,2,0.008709067,0,0
3857254,Denmark,3815.0,Kasper Schmeichel,81,96,29,0,0,0.0,0,0
3857254,Denmark,3959.0,Andreas Christensen,250,95,82,1,2,0.27134958,0,0
3857254,Denmark,5527.0,Thomas Delaney,108,45,31,0,2,0.0,0,0
3857254,Denmark,5534.0,Simon Thorup Kjær,170,63,55,0,1,0.0,0,0
3857254,Denmark,5732.0,Andreas Evald Cornelius,47,97,4,3,1,0.735790536,0,0
3857254,Denmark,6302.0,Kasper Dolberg,77,64,11,2,1,0.380551344,0,0
3857254,Denmark,8247.0,Joachim Andersen,237,96,78,1,4,0.02765422,0,0
3857254,Denmark,16190.0,Rasmus Nissen Kristensen,171,95,58,0,6,0.0,0,0
3857254,Denmark,16554.0,Joakim Mæhle,170,95,52,1,6,0.028684001,0,0
3857254,Denmark,17042.0,Andreas Skov Olsen,111,64,28,0,1,0.0,0,0
3857254,Denmark,18722.0,Mathias Jensen,99,95,32,1,0,0.02872357,0,0
3857254,Denmark,24443.0,Mikkel Damsgaard,91,97,28,0,1,0.0,0,0
3857254,Denmark,27569.0,Jesper Lindstrøm,28,94,4,0,2,0.0,0,0
3857254,Tunisia,3557.0,Naïm Sliti,46,95,10,0,0,0.0,0,0
3857254,Tunisia,3767.0,Ellyes Joris Skhiri,130,97,35,2,5,0.10099208700000001,0,0
3857254,Tunisia,5650.0,Ferjani Sassi,9,95,2,0,0,0.0,0,0
3857254,Tunisia,5651.0,Yassine Meriah,171,97,53,1,3,0.046073906,0,0
3857254,Tunisia,5655.0,Dylan Daniel Mahmoud Bronn,121,94,41,1,4,0.059058707,0,0
3857254,Tunisia,9236.0,Mohamed Dräger,114,87,31,2,2,0.0540321,0,0
3857254,Tunisia,16352.0,Issam Jebali,138,80,18,3,7,0.5930872340000001,0,0
3857254,Tunisia,23910.0,Youssef Msakni,120,79,25,3,4,0.139569514,0,0
3857254,Tunisia,30681.0,Ali Abdi,147,95,44,0,9,0.0,0,0
3857254,Tunisia,32450.0,Montassar Omar Talbi,142,96,46,0,2,0.0,0,0
3857254,Tunisia,35592.0,Anis Ben Slimane,95,66,24,0,2,0.0,0,0
3857254,Tunisia,44955.0,Aïssa Bilal Laïdouni,156,87,45,1,5,0.06712157,0,0
3857254,Tunisia,50988.0,Hannibal Mejbri,9,89,2,0,0,0.0,0,0
3857254,Tunisia,105943.0,Aymen Dahmen,103,96,38,0,0,0.0,0,0
3857254,Tunisia,105944.0,Wajdi Kechrida,10,95,1,0,2,0.0,0,0
3857254,Tunisia,128793.0,Taha Yassine Khenissi,15,96,2,0,1,0.0,0,0
3857255,Japan,3300.0,Maya Yoshida,71,94,22,0,4,0.0,0,0
3857255,Japan,5690.0,Yuto Nagatomo,48,45,12,0,3,0.0,0,0
3857255,Japan,8361.0,Ritsu Doan,48,90,7,1,0,0.027777622,0,1
3857255,Japan,8949.0,Takuma Asano,40,96,6,1,3,0.13121767,0,0
3857255,Japan,9411.0,Daichi Kamada,90,68,13,1,2,0.03356069,0,0
3857255,Japan,23527.0,Junya Ito,107,95,24,1,5,0.04214545,1,0
3857255,Japan,23721.0,Wataru Endo,7,96,2,0,0,0.0,0,0
3857255,Japan,23730.0,Takehiro Tomiyasu,15,96,4,0,0,0.0,0,0
3857255,Japan,25719.0,Shūichi Gonda,55,96,23,0,0,0.0,0,0
3857255,Japan,29595.0,Ko Itakura,67,96,18,1,4,0.0504811,0,0
3857255,Japan,30628.0,Daizen Maeda,66,61,7,0,2,0.0,0,0
3857255,Japan,31090.0,Takefusa Kubo,63,45,9,0,1,0.0,0,0
3857255,Japan,37208.0,Ao Tanaka,102,86,29,1,1,0.87261814,0,1
3857255,Japan,37211.0,Kaoru Mitoma,69,94,11,0,1,0.0,1,0
3857255,Japan,37215.0,Shogo Taniguchi,86,95,30,0,1,0.0,0,0
3857255,Japan,37221.0,Hidemasa Morita,128,93,36,0,0,0.0,0,0
3857255,Spain,3477.0,Álvaro Borja Morata Martín,67,56,15,3,1,0.49576616999999995,0,1
3857255,Spain,3957.0,César Azpilicueta Tanco,208,45,73,0,1,0.0,1,0
3857255,Spain,5203.0,Sergio Busquets i Burgos,219,93,74,1,2,0.03268242,0,0
3857255,Spain,5211.0,Jordi Alba Ramos,152,96,56,1,0,0.0241939,0,0
3857255,Spain,5719.0,Marco Asensio Willemsen,103,95,29,3,1,0.052459881,0,0
3857255,Spain,5721.0,Daniel Carvajal Ramos,163,95,61,0,1,0.0,0,0
3857255,Spain,6748.0,Ferrán Torres García,74,96,17,0,3,0.0,0,0
3857255,Spain,6765.0,Rodrigo Hernández Cascante,603,96,212,0,1,0.0,0,0
3857255,Spain,6892.0,Pau Francisco Torres,549,96,190,0,1,0.0,0,0
3857255,Spain,11748.0,Unai Simón Mendibil,96,96,37,0,0,0.0,0,0
3857255,Spain,16532.0,Daniel Olmo Carvajal,185,95,47,4,0,0.252609837,0,0
3857255,Spain,30486.0,Pedro González López,421,96,129,0,2,0.0,0,0
3857255,Spain,30756.0,Anssumane Fati,68,95,20,0,2,0.0,0,0
3857255,Spain,39161.0,Alejandro Balde Martínez,199,68,63,0,6,0.0,0,0
3857255,Spain,68574.0,Nicholas Williams Arthuer,105,56,25,0,3,0.0,0,0
3857255,Spain,133353.0,Pablo Martín Páez Gavira,163,67,45,0,4,0.0,0,0
3857256,Serbia,3831.0,Dušan Tadić,147,77,35,1,2,0.061684445,1,0
3857256,Serbia,4269.0,Aleksandar Mitrović,117,96,23,3,8,0.152275357,0,1
3857256,Serbia,5589.0,Sergej Milinković-Savić,90,66,33,0,1,0.0,0,0
3857256,Serbia,5591.0,Filip Kostić,155,99,56,0,1,0.0,0,0
3857256,Serbia,5603.0,Nikola Milenković,182,99,58,1,4,0.08160872,0,0
3857256,Serbia,5833.0,Nemanja Radonjić,31,99,7,1,0,0.042810295,0,0
3857256,Serbia,6318.0,Andrija Živković,110,77,31,1,1,0.030001678,0,0
3857256,Serbia,6319.0,Luka Jović,45,99,10,2,2,0.05817553,0,0
3857256,Serbia,6321.0,Milos Veljkovic,92,54,32,0,1,0.0,0,0
3857256,Serbia,6687.0,Saša Lukić,192,99,59,0,6,0.0,0,0
3857256,Serbia,6901.0,Nemanja Maksimović,55,96,18,0,2,0.0,0,0
3857256,Serbia,7117.0,Filip Đuričić,18,99,3,0,2,0.0,0,0
3857256,Serbia,15731.0,Predrag Rajković,1,66,0,0,0,0.0,0,0
3857256,Serbia,16489.0,Nemanja Gudelj,58,97,21,0,1,0.0,0,0
3857256,Serbia,18015.0,Dušan Vlahović,52,54,5,3,1,0.7624475099999999,0,1
3857256,Serbia,20600.0,Vanja Milinković Savić,120,99,45,0,0,0.0,0,0
3857256,Serbia,27719.0,Strahinja Pavlović,250,99,85,0,2,0.0,0,0
3857256,Switzerland,3500.0,Granit Xhaka,174,97,57,3,4,0.150858323,0,0
3857256,Switzerland,3533.0,Xherdan Shaqiri,104,68,24,2,5,0.46316709,0,1
3857256,Switzerland,3913.0,Edimilson Fernandes,51,99,15,0,1,0.0,0,0
3857256,Switzerland,5537.0,Fabian Lukas Schär,132,98,44,1,4,0.07925899,0,0
3857256,Switzerland,5538.0,Denis Lemi Zakaria Lako Lado,35,96,9,0,1,0.0,0,0
3857256,Switzerland,5544.0,Ricardo Iván Rodríguez Araya,132,99,50,0,2,0.0,0,0
3857256,Switzerland,5545.0,Breel-Donald Embolo,121,95,17,3,5,1.74503562,0,1
3857256,Switzerland,5549.0,Manuel Obafemi Akanji,144,99,53,1,2,0.030122569,0,0
3857256,Switzerland,6983.0,Remo Freuler,111,96,23,2,2,0.24993332000000001,0,1
3857256,Switzerland,7796.0,Silvan Widmer,168,99,64,0,4,0.0,1,0
3857256,Switzerland,16022.0,Christian Fassnacht,38,97,10,1,0,0.31681746,0,0
3857256,Switzerland,16026.0,Djibril Sow,96,67,27,0,1,0.0,1,0
3857256,Switzerland,17974.0,Gregor Kobel,68,99,29,0,0,0.0,0,0
3857256,Switzerland,29006.0,Noah Okafor,11,99,0,0,0,0.0,0,0
3857256,Switzerland,30401.0,Ruben Vargas,94,82,23,1,3,0.0683221,1,0
3857257,Australia,3240.0,Mathew Ryan,91,95,39,0,0,0.0,0,0
3857257,Australia,3281.0,Aaron Mooy,113,96,42,0,2,0.0,0,0
3857257,Australia,5479.0,Aziz Eraltay Behich,132,95,42,1,3,0.049681988,0,0
3857257,Australia,5481.0,Mathew Leckie,162,88,30,1,3,0.11353828,0,1
3857257,Australia,5490.0,Jackson Irvine,100,91,25,1,2,0.17342122,0,0
3857257,Australia,8346.0,Craig Goodwin,61,46,21,0,0,0.0,0,0
3857257,Australia,8859.0,Ajdin Hrustic,6,95,1,0,2,0.0,0,0
3857257,Australia,9980.0,Jamie MacLaren,16,95,3,0,1,0.0,0,0
3857257,Australia,15957.0,Miloš Degenek,101,94,38,0,4,0.0,0,0
3857257,Australia,22293.0,Harry Souttar,58,94,19,0,6,0.0,0,0
3857257,Australia,22371.0,Bailey Wright,14,92,4,0,4,0.0,0,0
3857257,Australia,33477.0,Riley McGree,100,73,17,2,1,0.049720664,1,0
3857257,Australia,33488.0,Keanu Baccus,67,96,12,1,2,0.035468098,0,0
3857257,Australia,33492.0,Mitchell Thomas Duke,133,81,27,2,8,0.047893127,0,0
3857257,Australia,33495.0,Kye Rowles,80,91,30,0,2,0.0,0,0
3857257,Denmark,3043.0,Christian Dannemann Eriksen,243,95,80,1,5,0.035615563,0,0
3857257,Denmark,3570.0,Pierre-Emile Højbjerg,225,91,80,0,4,0.0,0,0
3857257,Denmark,3815.0,Kasper Schmeichel,112,94,41,0,0,0.0,0,0
3857257,Denmark,3959.0,Andreas Christensen,281,96,96,0,4,0.0,0,0
3857257,Denmark,4447.0,Martin Braithwaite Christensen,70,58,12,0,3,0.0,0,0
3857257,Denmark,5732.0,Andreas Evald Cornelius,51,94,13,1,5,0.017447446,0,0
3857257,Denmark,6302.0,Kasper Dolberg,47,94,4,2,1,0.131434905,0,0
3857257,Denmark,8247.0,Joachim Andersen,345,95,121,1,4,0.020115681,0,0
3857257,Denmark,16190.0,Rasmus Nissen Kristensen,126,46,44,0,0,0.0,0,0
3857257,Denmark,16294.0,Robert Skov,70,94,21,0,1,0.0,0,0
3857257,Denmark,16554.0,Joakim Mæhle,175,69,50,0,10,0.0,0,0
3857257,Denmark,17042.0,Andreas Skov Olsen,136,68,34,4,4,0.311829907,0,0
3857257,Denmark,18722.0,Mathias Jensen,129,58,36,1,3,0.019605601,0,0
3857257,Denmark,24443.0,Mikkel Damsgaard,50,92,14,0,1,0.0,0,0
3857257,Denmark,24547.0,Alexander Hartmann Bah,142,95,43,2,3,0.056216941,0,0
3857257,Denmark,27569.0,Jesper Lindstrøm,143,94,26,2,2,0.144888588,0,0
3857258,Brazil,3063.0,Danilo Luiz da Silva,240,94,84,1,2,0.016877638,0,0
3857258,Brazil,3202.0,Gabriel Fernando de Jesus,33,96,8,0,0,0.0,0,0
3857258,Brazil,3280.0,Richarlison de Andrade,84,78,14,3,4,0.68382945,0,2
3857258,Brazil,3295.0,Thiago Emiliano da Silva,207,94,72,1,3,0.06673048,0,0
3857258,Brazil,4320.0,Neymar da Silva Santos Junior,213,79,46,4,2,0.195642525,0,0
3857258,Brazil,4372.0,Marcos Aoás Corrêa,184,94,64,0,2,0.0,0,0
3857258,Brazil,5539.0,Carlos Henrique Casimiro,198,97,63,3,6,0.0803182387,0,0
3857258,Brazil,5547.0,Alisson Ramsés Becker,60,97,24,0,0,0.0,0,0
3857258,Brazil,6945.0,Alex Sandro Lobo Silva,259,94,90,1,2,0.021819543,0,0
3857258,Brazil,9904.0,Frederico Rodrigues Santos,50,93,18,1,0,0.088970646,0,0
3857258,Brazil,10595.0,Raphael Dias Belloli,151,86,35,2,7,0.541620616,0,0
3857258,Brazil,18395.0,Vinícius José Paixão de Oliveira Júnior,128,75,27,4,1,0.330003712,1,0
3857258,Brazil,22600.0,Lucas Tolentino Coelho de Lima,140,74,41,0,6,0.0,0,0
3857258,Brazil,25104.0,Rodrygo Silva de Goes,56,95,14,2,1,0.08841886600000001,0,0
3857258,Brazil,25363.0,Antony Matheus dos Santos,70,97,15,1,1,0.009657804,0,0
3857258,Brazil,29976.0,Gabriel Teodoro Martinelli Silva,20,94,3,0,2,0.0,0,0
3857258,Serbia,3831.0,Dušan Tadić,144,95,34,0,4,0.0,0,0
3857258,Serbia,4269.0,Aleksandar Mitrović,88,82,22,0,6,0.0,0,0
3857258,Serbia,5589.0,Sergej Milinković-Savić,151,93,39,0,5,0.0,0,0
3857258,Serbia,5603.0,Nikola Milenković,157,93,50,1,6,0.011090157,0,0
3857258,Serbia,5833.0,Nemanja Radonjić,45,97,11,1,0,0.008691933,0,0
3857258,Serbia,6318.0,Andrija Živković,92,56,25,0,2,0.0,0,0
3857258,Serbia,6321.0,Milos Veljkovic,141,96,45,0,1,0.0,0,0
3857258,Serbia,6687.0,Saša Lukić,117,65,31,0,3,0.0,0,0
3857258,Serbia,6901.0,Nemanja Maksimović,17,94,6,0,0,0.0,0,0
3857258,Serbia,7145.0,Darko Lazović,34,92,11,1,0,0.018288644,0,0
3857258,Serbia,7993.0,Filip Mladenović,85,65,24,1,1,0.026318645,0,0
3857258,Serbia,16489.0,Nemanja Gudelj,113,56,34,0,2,0.0,0,0
3857258,Serbia,18015.0,Dušan Vlahović,27,95,8,0,0,0.0,0,0
3857258,Serbia,20600.0,Vanja Milinković Savić,120,96,46,0,0,0.0,0,0
3857258,Serbia,27719.0,Strahinja Pavlović,147,96,40,1,2,0.098937765,0,0
3857258,Serbia,30179.0,Ivan Ilić,68,96,20,0,1,0.0,0,0
3857259,Cameroon,3141.0,André-Frank Zambo Anguissa,100,80,25,0,2,0.0,0,0
3857259,Cameroon,3499.0,Jean-Eric Maxim Choupo-Moting,108,92,27,1,8,0.46942416,0,1
3857259,Cameroon,3551.0,Karl Brillant Toko Ekambi,62,66,11,1,3,0.02132554,0,0
3857259,Cameroon,3639.0,Georges-Kévin Nkoudou Mbida,28,95,8,1,0,0.0070103277,0,0
3857259,Cameroon,4935.0,Bryan Mbeumo,111,80,23,0,6,0.0,0,0
3857259,Cameroon,7426.0,Jean-Charles Castelletto,110,95,33,1,0,0.8945071,1,1
3857259,Cameroon,7472.0,Nicolas Alexis Julio N'Koulou Ndoubena,118,89,33,2,2,0.136784936,0,0
3857259,Cameroon,8591.0,Samuel Yves Oum Gwet,15,96,6,0,0,0.0,0,0
3857259,Cameroon,11174.0,Vincent Paté Aboubakar,64,94,8,3,2,0.360641448,1,1
3857259,Cameroon,12623.0,Pierre Kunde Malong,92,67,26,4,2,0.180615837,0,0
3857259,Cameroon,13454.0,Nouhou Tolo,109,89,38,0,0,0.0,0,0
3857259,Cameroon,15326.0,Devis Rogers Epassy Mboka,107,94,42,0,0,0.0,0,0
3857259,Cameroon,16346.0,Ngoran Suiru Fai Collins,170,95,67,0,3,0.0,0,0
3857259,Cameroon,28966.0,Gaël Ondoua,41,94,10,0,3,0.0,0,0
3857259,Cameroon,30016.0,Martin Hongla Yma II,92,54,29,0,0,0.0,0,0
3857259,Cameroon,46903.0,Christian Mougang Bassogog,48,95,9,0,0,0.0,0,0
3857259,Serbia,3512.0,Marko Grujić,57,95,17,1,1,0.027356416,0,0
3857259,Serbia,3831.0,Dušan Tadić,207,95,56,0,0,0.0,1,0
3857259,Serbia,4269.0,Aleksandar Mitrović,135,90,22,7,9,1.3493668570000001,0,1
3857259,Serbia,5589.0,Sergej Milinković-Savić,205,78,48,3,2,0.200274783,0,1
3857259,Serbia,5591.0,Filip Kostić,200,90,56,1,2,0.012009094,0,0
3857259,Serbia,5603.0,Nikola Milenković,137,92,49,1,2,0.0304652,0,0
3857259,Serbia,5833.0,Nemanja Radonjić,23,95,5,0,1,0.0,0,0
3857259,Serbia,6318.0,Andrija Živković,137,77,43,0,4,0.0,2,0
3857259,Serbia,6319.0,Luka Jović,1,48,0,0,0,0.0,0,0
3857259,Serbia,6321.0,Milos Veljkovic,105,77,35,0,4,0.0,0,0
3857259,Serbia,6687.0,Saša Lukić,229,95,72,1,2,0.039666813,0,0
3857259,Serbia,6901.0,Nemanja Maksimović,118,96,33,0,5,0.0,0,0
3857259,Serbia,7117.0,Filip Đuričić,10,94,3,0,0,0.0,0,0
3857259,Serbia,10477.0,Stefan Mitrović,57,95,19,0,2,0.0,0,0
3857259,Serbia,18737.0,Srđan Babić,48,94,15,0,1,0.0,0,0
3857259,Serbia,20600.0,Vanja Milinković Savić,103,96,36,0,0,0.0,0,0
3857259,Serbia,27719.0,Strahinja Pavlović,106,55,27,1,2,0.07892812,0,1
3857260,Mexico,5567.0,Edson Omar Álvarez Velázquez,166,85,51,1,4,0.013687578,0,0
3857260,Mexico,5568.0,Raúl Alonso Jiménez Rodríguez,29,97,9,0,0,0.0,0,0
3857260,Mexico,5571.0,Hirving Rodrigo Lozano Bahena,169,96,34,4,4,0.1759627444,0,0
3857260,Mexico,5573.0,Héctor Alfredo Moreno Herrera,161,96,61,0,2,0.0,0,0
3857260,Mexico,5576.0,Jesús Daniel Gallardo Vasconcelos,158,95,57,1,3,0.06430086,0,0
3857260,Mexico,5577.0,Francisco Guillermo Ochoa Magaña,109,96,44,0,0,0.0,0,0
3857260,Mexico,15452.0,Carlos Uriel Antuna Romero,43,95,8,1,2,0.26870292,0,0
3857260,Mexico,26280.0,Orbelín Pineda Alvarado,152,76,26,4,4,0.505017774,0,0
3857260,Mexico,26297.0,Carlos Alberto Rodríguez Gómez,37,96,9,0,0,0.0,0,0
3857260,Mexico,26301.0,Ernesto Alexis Vega Rojas,62,50,13,2,1,0.41603199,0,0
3857260,Mexico,26318.0,Rogelio Gabriel Funes Mori,10,96,0,1,1,0.06664524,0,0
3857260,Mexico,26368.0,César Jasib Montes Castro,198,97,67,0,5,0.0,1,0
3857260,Mexico,26400.0,Henry Josué Martín Mex,73,76,10,3,2,0.6043303099999999,0,1
3857260,Mexico,26406.0,Jorge Eduardo Sánchez Ramos,112,85,34,0,1,0.0,0,0
3857260,Mexico,28825.0,Luis Gerardo Chávez Magallón,181,97,58,9,5,0.2074439115,0,1
3857260,Mexico,30500.0,Kevin Nahin Álvarez Campos,14,96,7,0,0,0.0,0,0
3857260,Saudi Arabia,5187.0,Salem Mohammed Al Dawsari,115,96,23,2,5,0.535634056,0,1
3857260,Saudi Arabia,5188.0,Hattan Babhir,18,96,4,0,1,0.0,1,0
3857260,Saudi Arabia,5713.0,Mohammed Kanoo,131,96,27,2,6,0.12136625200000001,0,0
3857260,Saudi Arabia,5714.0,Mohammed Khalil Al Owais,104,97,44,0,0,0.0,0,0
3857260,Saudi Arabia,5715.0,Ali Albulayhi,31,36,14,0,1,0.0,0,0
3857260,Saudi Arabia,51094.0,Abdulelah Al Amri,113,96,41,1,2,0.037819926,0,0
3857260,Saudi Arabia,51096.0,Ali Al Hassan,42,50,8,1,0,0.10154356,0,0
3857260,Saudi Arabia,51099.0,Firas Tariq Nasser Al Albirakan,118,96,26,1,7,0.013105479,0,0
3857260,Saudi Arabia,51103.0,Abdullah Mohammed Madu,41,95,11,0,2,0.0,0,0
3857260,Saudi Arabia,51469.0,Saleh Khalid Al Shehri,90,61,16,1,1,0.02182735,0,0
3857260,Saudi Arabia,51470.0,Riyadh Sharahili,86,96,19,0,2,0.0,0,0
3857260,Saudi Arabia,51546.0,Hassan Mohammed Al-Tambakti,73,96,20,0,4,0.0,0,0
3857260,Saudi Arabia,51705.0,Abdulrahman Al-Obood,49,94,7,0,2,0.0,0,0
3857260,Saudi Arabia,51710.0,Saud Abdullah Abdul Hamid,95,97,26,0,4,0.0,0,0
3857260,Saudi Arabia,57620.0,Sultan Abdullah Salim Al Ghannam,113,87,36,2,0,0.244814519,0,0
3857261,England,3205.0,Kyle Walker,152,56,55,0,2,0.0,0,0
3857261,England,3244.0,John Stones,238,92,82,2,1,0.46152714100000003,0,0
3857261,England,3308.0,Kieran Trippier,43,92,17,0,1,0.0,0,0
3857261,England,3318.0,Marcus Rashford,147,75,31,6,4,0.662278414,0,2
3857261,England,3336.0,Harry Maguire,254,92,87,1,1,0.01084097,0,0
3857261,England,3382.0,Luke Shaw,174,64,60,0,0,0.0,0,0
3857261,England,3468.0,Jordan Pickford,89,92,32,0,0,0.0,0,0
3857261,England,3532.0,Jordan Brian Henderson,187,93,61,0,2,0.0,0,0
3857261,England,3616.0,Callum Wilson,51,93,7,0,1,0.0,0,0
3857261,England,3664.0,Trent Alexander-Arnold,66,93,23,0,0,0.0,0,0
3857261,England,3943.0,Declan Rice,129,57,48,0,1,0.0,0,0
3857261,England,4354.0,Phil Foden,142,93,36,5,2,1.22865907,0,1
3857261,England,4706.0,Kalvin Phillips,52,93,15,0,1,0.0,1,0
3857261,England,9638.0,Jack Grealish,55,93,15,0,0,0.0,0,0
3857261,England,10955.0,Harry Kane,65,57,9,2,1,0.058247065,1,0
3857261,England,30714.0,Jude Bellingham,186,93,52,2,3,0.49393251000000005,0,0
3857261,Wales,3086.0,Ben Davies,82,58,29,0,3,0.0,0,0
3857261,Wales,3517.0,Aaron Ramsey,126,93,30,0,3,0.0,0,0
3857261,Wales,3853.0,Kieffer Roberto Francisco Moore,125,92,17,2,6,0.065982343,0,0
3857261,Wales,4767.0,Chris Mepham,156,93,53,0,3,0.0,0,0
3857261,Wales,4774.0,Connor Roberts,94,93,30,0,3,0.0,0,0
3857261,Wales,4934.0,Ethan Ampadu,109,92,35,0,6,0.0,0,0
3857261,Wales,6399.0,Gareth Frank Bale,25,45,5,0,1,0.0,0,0
3857261,Wales,9540.0,Harry Wilson,20,93,7,1,0,0.031328887,0,0
3857261,Wales,9914.0,Daniel Ward,96,93,32,0,0,0.0,0,0
3857261,Wales,10931.0,Joe Allen,94,80,27,2,2,0.063709024,0,0
3857261,Wales,11250.0,Joe Rodon,132,93,46,0,1,0.0,0,0
3857261,Wales,11252.0,Daniel James,67,76,15,0,2,0.0,0,0
3857261,Wales,22074.0,Joseff Morrell,56,93,12,0,4,0.0,0,0
3857261,Wales,29377.0,Brennan Johnson,35,91,3,1,0,0.02192258,0,0
3857261,Wales,34794.0,Neco Williams,31,35,6,0,0,0.0,0,0
3857261,Wales,82257.0,Rubin Colwill,16,93,4,1,0,0.025066664,0,0
3857262,Portugal,3193.0,Bernardo Mota Veiga de Carvalho e Silva,27,96,8,0,0,0.0,0,0
3857262,Portugal,4272.0,João Mário Naval da Costa Eduardo,141,81,37,0,5,0.0,0,0
3857262,Portugal,5207.0,Cristiano Ronaldo dos Santos Aveiro,74,64,19,2,1,0.311160401,0,0
3857262,Portugal,5214.0,William Silva de Carvalho,47,93,14,0,1,0.0,0,0
3857262,Portugal,5218.0,André Miguel Valente Silva,47,96,11,0,3,0.0,0,0
3857262,Portugal,7005.0,João Pedro Cavaco Cancelo,284,96,91,2,3,0.054823571,0,0
3857262,Portugal,9927.0,Rúben Diogo Da Silva Neves,190,64,64,0,1,0.0,0,0
3857262,Portugal,10868.0,Ricardo Jorge Luz Horta,94,96,22,3,2,0.458795408,0,1
3857262,Portugal,12169.0,João Maria Lobo Alves Palhinha Gonçalves,63,96,17,1,2,0.021024177,0,0
3857262,Portugal,16028.0,José Diogo Dalot Teixeira,192,95,66,1,4,0.036435805,1,0
3857262,Portugal,18360.0,Rafael Alexandre Conceição Leão,49,96,10,1,1,0.029762346,0,0
3857262,Portugal,20016.0,Kléper Laveran Lima Ferreira,220,93,78,0,4,0.0,0,0
3857262,Portugal,32975.0,Diogo Meireles Costa,85,90,33,0,0,0.0,0,0
3857262,Portugal,34639.0,Vitor Machado Ferreira,212,81,62,2,2,0.053871288999999996,0,0
3857262,Portugal,40874.0,Matheus Luiz Nunes,106,64,29,1,0,0.007849269,0,0
3857262,Portugal,143854.0,António João Pereira Albuquerque Tavares Silva,173,94,58,0,6,0.0,0,0
3857262,South Korea,3083.0,Heung-Min Son,109,96,20,5,3,0.145676741,1,0
3857262,South Korea,5604.0,Young-Gwon Kim,114,80,39,1,2,0.6242964,0,1
3857262,South Korea,5618.0,Woo-Young Jung,179,96,56,0,3,0.0,0,0
3857262,South Korea,5620.0,Hee-Chan Hwang,43,96,4,1,0,0.42196128,0,1
3857262,South Korea,5623.0,Jae-Sung Lee,88,65,15,1,3,0.021393217,0,0
3857262,South Korea,22740.0,Kang-In Lee,102,81,27,1,0,0.023724081,0,0
3857262,South Korea,23763.0,In-Beom Hwang,142,96,43,2,2,0.121394608,0,0
3857262,South Korea,29966.0,Ui-Jo Hwang,20,96,2,0,2,0.0,0,0
3857262,South Korea,37641.0,Seung-Gyu Kim,104,94,43,0,0,0.0,0,0
3857262,South Korea,40538.0,Jin-Su Kim,115,96,36,0,3,0.0,0,0
3857262,South Korea,40542.0,Gue-Sung Cho,97,92,23,1,3,0.040536147,0,0
3857262,South Korea,40558.0,Jun-Ho Son,26,88,8,0,0,0.0,0,0
3857262,South Korea,40564.0,Kyung-Won Kwon,101,93,34,0,1,0.0,0,0
3857262,South Korea,40672.0,Moon-Hwan Kim,111,96,38,0,1,0.0,0,0
3857262,South Korea,99479.0,Yu-Min Cho,1,93,0,0,0,0.0,0,0
3857263,Germany,3053.0,Leroy Sané,35,94,9,0,1,0.0,0,0
3857263,Germany,3167.0,Antonio Rüdiger,140,94,48,2,1,0.015358871699999999,0,0
3857263,Germany,5562.0,Thomas Müller,81,69,12,0,5,0.0,0,0
3857263,Germany,5570.0,Manuel Neuer,110,85,39,0,0,0.0,0,0
3857263,Germany,5579.0,Joshua Kimmich,116,95,39,2,3,0.149147146,0,0
3857263,Germany,6322.0,Niklas Süle,157,92,47,0,5,0.0,0,0
3857263,Germany,6324.0,Leon Goretzka,100,94,26,1,5,0.036448006,0,0
3857263,Germany,8400.0,Serge Gnabry,114,84,18,2,3,0.053443604,0,0
3857263,Germany,8507.0,Lukas Klostermann,21,94,9,0,0,0.0,0,0
3857263,Germany,8511.0,Thilo Kehrer,111,69,28,0,5,0.0,0,0
3857263,Germany,8546.0,Niclas Füllkrug,35,94,7,3,2,0.6025922260000001,0,1
3857263,Germany,8804.0,Jonas Hofmann,11,94,2,0,0,0.0,0,0
3857263,Germany,10287.0,İlkay Gündoğan,75,69,17,0,4,0.0,0,0
3857263,Germany,12034.0,David Raum,150,86,46,0,4,0.0,0,0
3857263,Germany,24118.0,Nico Schlotterbeck,16,94,4,0,1,0.0,0,0
3857263,Germany,39565.0,Jamal Musiala,139,94,20,1,1,0.28996226,0,0
3857263,Spain,3477.0,Álvaro Borja Morata Martín,45,88,8,1,0,0.31874228,0,1
3857263,Spain,4353.0,Aymeric Laporte,266,91,98,0,0,0.0,0,0
3857263,Spain,5199.0,Jorge Resurrección Merodio,42,91,13,0,1,0.0,0,0
3857263,Spain,5203.0,Sergio Busquets i Burgos,128,94,44,0,3,0.0,0,0
3857263,Spain,5211.0,Jordi Alba Ramos,245,81,82,1,4,0.021667236,1,0
3857263,Spain,5719.0,Marco Asensio Willemsen,121,65,34,1,1,0.13836038,0,0
3857263,Spain,5721.0,Daniel Carvajal Ramos,192,94,74,0,1,0.0,0,0
3857263,Spain,6748.0,Ferrán Torres García,92,53,20,2,0,0.11672238500000001,0,0
3857263,Spain,6765.0,Rodrigo Hernández Cascante,299,94,105,0,3,0.0,0,0
3857263,Spain,11748.0,Unai Simón Mendibil,150,95,51,0,0,0.0,0,0
3857263,Spain,16532.0,Daniel Olmo Carvajal,202,91,41,2,3,0.0440084355,0,0
3857263,Spain,30486.0,Pedro González López,221,93,63,0,0,0.0,0,0
3857263,Spain,39161.0,Alejandro Balde Martínez,28,94,9,0,1,0.0,0,0
3857263,Spain,68574.0,Nicholas Williams Arthuer,62,94,9,0,2,0.0,0,0
3857263,Spain,133353.0,Pablo Martín Páez Gavira,84,65,12,0,3,0.0,0,0
3857264,Argentina,2995.0,Ángel Fabián Di María Hernández,196,58,51,3,1,0.044473081,0,0
3857264,Argentina,3090.0,Nicolás Hernán Otamendi,272,95,93,0,2,0.0,0,0
3857264,Argentina,5503.0,Lionel Andrés Messi Cuccittini,272,95,70,7,2,1.163422857,0,0
3857264,Argentina,5507.0,Nicolás Alejandro Tagliafico,110,94,38,1,0,0.22421487,0,0
3857264,Argentina,6909.0,Damián Emiliano Martínez,41,77,14,0,0,0.0,0,0
3857264,Argentina,7161.0,Germán Alejandro Pezzella,47,95,18,0,1,0.0,0,0
3857264,Argentina,7797.0,Rodrigo Javier De Paul,447,95,153,1,2,0.3152717,0,0
3857264,Argentina,11456.0,Lautaro Javier Martínez,36,95,11,1,0,0.17955275,0,0
3857264,Argentina,16308.0,Leandro Daniel Paredes,221,95,80,0,0,0.0,0,0
3857264,Argentina,19597.0,Marcos Javier Acuña,139,58,43,2,1,0.076122072,0,0
3857264,Argentina,20572.0,Cristian Gabriel Romero,220,95,76,0,3,0.0,0,0
3857264,Argentina,27886.0,Alexis Mac Allister,186,82,54,2,4,0.23764554400000001,0,1
3857264,Argentina,28637.0,Thiago Ezequiel Almada,40,95,13,0,0,0.0,0,0
3857264,Argentina,29201.0,Nahuel Molina Lucero,230,95,78,0,5,0.0,1,0
3857264,Argentina,29560.0,Julián Álvarez,102,78,24,6,2,0.81140879,0,1
3857264,Argentina,38718.0,Enzo Fernandez,274,78,93,1,4,0.024548035,1,0
3857264,Poland,3034.0,Kamil Glik,112,93,34,2,4,0.10939278,0,0
3857264,Poland,3637.0,Grzegorz Krychowiak,105,82,25,0,4,0.0,0,0
3857264,Poland,4685.0,Artur Jędrzejczyk,12,95,5,0,0,0.0,0,0
3857264,Poland,4734.0,Matty Cash,109,88,35,0,2,0.0,0,0
3857264,Poland,5660.0,Piotr Zieliński,96,93,35,0,1,0.0,0,0
3857264,Poland,5668.0,Robert Lewandowski,114,94,19,0,4,0.0,0,0
3857264,Poland,5669.0,Wojciech Szczęsny,93,91,35,0,0,0.0,0,0
3857264,Poland,5673.0,Bartosz Bereszyński,95,72,29,0,5,0.0,0,0
3857264,Poland,7979.0,Przemysław Frankowski,59,46,12,0,1,0.0,0,0
3857264,Poland,8714.0,Damian Szymański,28,93,9,0,0,0.0,0,0
3857264,Poland,8836.0,Karol Świderski,46,48,8,0,4,0.0,0,0
3857264,Poland,11737.0,Krystian Bielik,111,61,27,1,1,0.061495427,0,0
3857264,Poland,12493.0,Krzysztof Piątek,9,93,2,0,2,0.0,0,0
3857264,Poland,28453.0,Michał Skóraś,38,93,9,1,0,0.026707038,0,0
3857264,Poland,31955.0,Jakub Kamiński,51,93,10,0,2,0.0,0,0
3857264,Poland,44166.0,Jakub Piotr Kiwior,123,91,43,0,2,0.0,0,0
3857265,Mexico,5567.0,Edson Omar Álvarez Velázquez,177,97,58,0,5,0.0,0,0
3857265,Mexico,5568.0,Raúl Alonso Jiménez Rodríguez,27,93,9,0,0,0.0,0,0
3857265,Mexico,5571.0,Hirving Rodrigo Lozano Bahena,169,96,33,1,9,0.02413981,0,0
3857265,Mexico,5573.0,Héctor Alfredo Moreno Herrera,240,94,82,1,4,0.1766503,0,0
3857265,Mexico,5575.0,Héctor Miguel Herrera López,107,70,33,0,3,0.0,0,0
3857265,Mexico,5576.0,Jesús Daniel Gallardo Vasconcelos,157,97,53,0,4,0.0,0,0
3857265,Mexico,5577.0,Francisco Guillermo Ochoa Magaña,83,95,33,0,0,0.0,0,0
3857265,Mexico,15452.0,Carlos Uriel Antuna Romero,18,95,4,1,0,0.0400392,0,0
3857265,Mexico,26297.0,Carlos Alberto Rodríguez Gómez,70,96,20,0,2,0.0,0,0
3857265,Mexico,26301.0,Ernesto Alexis Vega Rojas,145,83,32,5,3,0.208783141,0,0
3857265,Mexico,26368.0,César Jasib Montes Castro,205,97,67,0,5,0.0,0,0
3857265,Mexico,26400.0,Henry Josué Martín Mex,74,70,12,1,3,0.06434309,0,0
3857265,Mexico,26406.0,Jorge Eduardo Sánchez Ramos,154,96,52,1,2,0.0069717234,0,0
3857265,Mexico,28825.0,Luis Gerardo Chávez Magallón,188,95,56,1,3,0.008207667,0,0
3857265,Poland,3034.0,Kamil Glik,100,93,27,0,1,0.0,0,0
3857265,Poland,3637.0,Grzegorz Krychowiak,109,96,30,1,1,0.02170277,0,0
3857265,Poland,4664.0,Sebastian Szymański,113,71,25,0,3,0.0,0,0
3857265,Poland,4734.0,Matty Cash,109,93,35,0,1,0.0,0,0
3857265,Poland,5660.0,Piotr Zieliński,105,87,29,0,4,0.0,0,0
3857265,Poland,5665.0,Arkadiusz Milik,28,96,7,0,1,0.0,0,0
3857265,Poland,5668.0,Robert Lewandowski,151,96,24,2,8,0.8404645279999999,0,0
3857265,Poland,5669.0,Wojciech Szczęsny,97,96,40,0,0,0.0,0,0
3857265,Poland,5673.0,Bartosz Bereszyński,118,93,38,0,0,0.0,0,0
3857265,Poland,7979.0,Przemysław Frankowski,44,95,9,0,0,0.0,0,0
3857265,Poland,11737.0,Krystian Bielik,72,96,20,0,2,0.0,0,0
3857265,Poland,31955.0,Jakub Kamiński,103,97,17,2,3,0.15126032,0,0
3857265,Poland,44166.0,Jakub Piotr Kiwior,136,94,48,1,3,0.12449861,0,0
3857265,Poland,50502.0,Nicola Zalewski,68,46,13,0,4,0.0,0,0
3857266,Denmark,3043.0,Christian Dannemann Eriksen,216,96,71,2,1,0.033393103,0,0
3857266,Denmark,3570.0,Pierre-Emile Højbjerg,228,94,70,1,7,0.015153575,0,0
3857266,Denmark,3815.0,Kasper Schmeichel,57,90,17,0,0,0.0,0,0
3857266,Denmark,3959.0,Andreas Christensen,224,93,72,1,2,0.25384808,0,1
3857266,Denmark,4447.0,Martin Braithwaite Christensen,45,91,7,1,1,0.23786028,0,0
3857266,Denmark,5732.0,Andreas Evald Cornelius,69,47,15,1,3,0.048269883,0,0
3857266,Denmark,6302.0,Kasper Dolberg,22,94,3,0,1,0.0,0,0
3857266,Denmark,7097.0,Christian Nørgaard,37,95,15,0,0,0.0,0,0
3857266,Denmark,8247.0,Joachim Andersen,152,95,46,2,5,0.097091399,0,0
3857266,Denmark,16190.0,Rasmus Nissen Kristensen,231,91,76,0,6,0.0,0,0
3857266,Denmark,16554.0,Joakim Mæhle,158,96,43,1,4,0.013632962,0,0
3857266,Denmark,17043.0,Victor Nelsson,204,96,72,0,4,0.0,0,0
3857266,Denmark,24443.0,Mikkel Damsgaard,127,72,29,0,3,0.0,0,0
3857266,Denmark,24547.0,Alexander Hartmann Bah,23,96,7,0,1,0.0,0,0
3857266,Denmark,27569.0,Jesper Lindstrøm,136,84,24,1,3,0.18929456,0,0
3857266,France,2972.0,Marcus Thuram,35,95,5,0,3,0.0,0,0
3857266,France,3009.0,Kylian Mbappé Lottin,180,95,37,6,2,0.735812103,0,2
3857266,France,3026.0,Adrien Rabiot,171,96,44,4,5,0.254615494,0,0
3857266,France,3099.0,Hugo Lloris,85,96,34,0,0,0.0,0,0
3857266,France,3604.0,Olivier Giroud,61,61,10,2,3,0.164060264,0,0
3857266,France,4445.0,Jules Koundé,200,94,68,2,2,0.135692336,0,0
3857266,France,5477.0,Ousmane Dembélé,137,74,27,2,3,0.094440772,0,0
3857266,France,5485.0,Raphaël Varane,113,73,38,1,3,0.0425816,0,0
3857266,France,5487.0,Antoine Griezmann,167,92,50,2,4,0.228188675,1,0
3857266,France,6704.0,Theo Bernard François Hernández,232,96,72,0,5,0.0,1,0
3857266,France,8217.0,Kingsley Coman,64,94,14,0,1,0.0,0,0
3857266,France,8519.0,Dayotchanculle Upamecano,187,95,58,0,6,0.0,0,0
3857266,France,10481.0,Aurélien Djani Tchouaméni,230,94,68,2,4,0.278178185,0,0
3857266,France,11135.0,Ibrahima Konaté,36,94,13,0,0,0.0,0,0
3857266,France,11990.0,Youssouf Fofana,10,94,2,0,0,0.0,0,0
3857267,Ecuador,12583.0,Carlos Armando Gruezo Arboleda,56,50,14,0,3,0.0,0,0
3857267,Ecuador,24085.0,Pervis Josué Estupiñán Tenorio,177,95,53,0,2,0.0,0,0
3857267,Ecuador,28559.0,Enner Remberto Valencia Lastra,90,95,10,2,3,0.049651184,0,0
3857267,Ecuador,30111.0,Felix Eduardo Torres Caicedo,203,95,72,1,2,0.15397952,0,0
3857267,Ecuador,31152.0,Gonzalo Jordy Plata Jiménez,124,95,36,1,1,0.058988493,0,0
3857267,Ecuador,34396.0,Michael Steveen Estrada Martínez,73,63,7,1,7,0.042533338,0,0
3857267,Ecuador,36148.0,José Adoni Cifuentes Charcopa,107,95,34,1,1,0.025271386,0,0
3857267,Ecuador,37522.0,Hernán Ismael Galíndez,93,95,38,0,0,0.0,0,0
3857267,Ecuador,37726.0,Moisés Isaac Caicedo Corozo,164,95,50,1,3,0.5894187,0,1
3857267,Ecuador,37737.0,Angelo Smit Preciado Quiñónez,141,84,39,0,7,0.0,0,0
3857267,Ecuador,37945.0,Alan Steven Franco Palma,31,50,5,0,2,0.0,0,0
3857267,Ecuador,38004.0,Piero Martín Hincapié Reyna,254,95,83,0,5,0.0,0,0
3857267,Ecuador,40211.0,Jeremy Leonel Sarmiento Morante,61,95,16,1,2,0.02928531,0,0
3857267,Ecuador,51969.0,Jackson Gabriel Porozo Vernaza,15,95,5,1,0,0.052534856,0,0
3857267,Ecuador,91090.0,Djorkaeff Neicer Reasco González,27,90,3,0,1,0.0,0,0
3857267,Senegal,2941.0,Ismaïla Sarr,145,95,23,3,2,0.849701335,0,1
3857267,Senegal,3404.0,Youssouf Sabaly,118,95,32,0,1,0.0,0,0
3857267,Senegal,3436.0,Idrissa Gana Gueye,127,95,31,1,3,0.21271749,0,0
3857267,Senegal,4506.0,Nampalys Mendy,37,95,12,0,1,0.0,0,0
3857267,Senegal,5675.0,Kalidou Koulibaly,100,95,30,1,3,0.23427999,0,1
3857267,Senegal,7379.0,Edouard Mendy,66,96,27,0,0,0.0,0,0
3857267,Senegal,8553.0,Abdou Diallo,77,91,28,1,3,0.035411544,0,0
3857267,Senegal,15970.0,Pape Abou Cissé,1,95,0,0,0,0.0,0,0
3857267,Senegal,20611.0,Boulaye Dia,79,94,11,2,0,0.21294739000000001,0,0
3857267,Senegal,21026.0,Pape Gueye,109,91,27,2,5,0.057711941,0,0
3857267,Senegal,31751.0,Pathé Ismaël Ciss,96,73,25,1,1,0.03057826,0,0
3857267,Senegal,32915.0,Ismail Jakobs,108,95,44,0,3,0.0,0,0
3857267,Senegal,80484.0,Iliman Ndiaye,95,74,16,2,2,0.07411676,0,0
3857267,Senegal,88123.0,Cheikh Ahmadou Bamba Mbacke Dieng,38,95,5,0,7,0.0,0,0
3857268,Belgium,2954.0,Youri Tielemans,71,48,19,0,2,0.0,0,0
3857268,Belgium,3077.0,Jan Vertonghen,223,93,71,0,1,0.0,0,0
3857268,Belgium,3089.0,Kevin De Bruyne,138,93,39,2,3,0.070228491,0,0
3857268,Belgium,3176.0,Thomas Meunier,72,93,25,1,1,0.025805552,0,0
3857268,Belgium,3457.0,Michy Batshuayi Tunga,99,77,13,5,2,0.485057431,0,1
3857268,Belgium,3509.0,Thibaut Courtois,130,93,50,0,0,0.0,0,0
3857268,Belgium,3621.0,Eden Hazard,113,61,27,0,1,0.0,0,0
3857268,Belgium,5633.0,Yannick Ferreira Carrasco,67,49,14,0,5,0.0,0,0
3857268,Belgium,5642.0,Axel Witsel,142,93,47,0,2,0.0,0,0
3857268,Belgium,6331.0,Leander Dendoncker,222,92,73,1,4,0.08894938,0,0
3857268,Belgium,6989.0,Timothy Castagne,138,94,43,0,2,0.0,0,0
3857268,Belgium,16275.0,Ikoma Loïs Openda,34,94,5,0,2,0.0,0,0
3857268,Belgium,16559.0,Leandro Trossard,52,93,13,0,0,0.0,0,0
3857268,Belgium,20005.0,Toby Alderweireld,223,92,75,0,0,0.0,1,0
3857268,Belgium,48347.0,Amadou Onana,79,93,20,0,4,0.0,0,0
3857268,Canada,9922.0,David Junior Hoilett,50,57,10,1,2,0.04071268,0,0
3857268,Canada,11187.0,Stephen Antunes Eustáquio,218,80,66,3,2,0.164512644,0,0
3857268,Canada,11846.0,Steven de Sousa Vitoria,149,94,50,0,0,0.0,0,0
3857268,Canada,12365.0,Alphonso Davies,161,93,41,1,2,0.7835,0,0
3857268,Canada,12770.0,Jonathan Osorio,37,95,9,0,0,0.0,0,0
3857268,Canada,15958.0,Milan Borjan,84,94,33,0,0,0.0,0,0
3857268,Canada,16120.0,Richie Laryea,91,73,17,2,3,0.056640564,0,0
3857268,Canada,16459.0,Cyle Larin,52,93,11,3,0,0.249796684,0,0
3857268,Canada,23363.0,Liam Millar,27,92,9,0,0,0.0,0,0
3857268,Canada,23640.0,Jonathan David,123,92,24,7,1,0.75992735,0,0
3857268,Canada,23828.0,Kamal Miller,131,93,42,0,5,0.0,0,0
3857268,Canada,24024.0,Tajon Buchanan,134,80,25,3,2,0.41123409000000005,0,0
3857268,Canada,29758.0,Sam Adekugbe,63,94,22,0,0,0.0,0,0
3857268,Canada,31684.0,Atiba Hutchinson,97,57,31,1,3,0.04634635,0,0
3857268,Canada,44703.0,Alistair Johnston,168,91,58,1,2,0.033541974,0,0
3857268,Canada,133229.0,Ismael Koné,97,95,32,0,0,0.0,0,0
3857269,Brazil,3202.0,Gabriel Fernando de Jesus,37,95,6,0,3,0.0,0,0
3857269,Brazil,3280.0,Richarlison de Andrade,68,72,7,2,0,0.060543337,0,0
3857269,Brazil,3295.0,Thiago Emiliano da Silva,252,95,81,1,2,0.14148508,0,0
3857269,Brazil,4372.0,Marcos Aoás Corrêa,280,94,96,1,4,0.07814184,0,0
3857269,Brazil,5539.0,Carlos Henrique Casimiro,152,95,50,2,3,0.091935639,0,1
3857269,Brazil,5547.0,Alisson Ramsés Becker,51,90,17,0,0,0.0,0,0
3857269,Brazil,6945.0,Alex Sandro Lobo Silva,223,85,74,0,7,0.0,0,0
3857269,Brazil,9904.0,Frederico Rodrigues Santos,105,57,27,0,1,0.0,0,0
3857269,Brazil,10595.0,Raphael Dias Belloli,119,72,35,1,4,0.02201561,0,0
3857269,Brazil,11183.0,Alex Nicolao Telles,26,95,11,0,1,0.0,0,0
3857269,Brazil,13620.0,Éder Gabriel Militão,209,95,67,1,2,0.02857021,0,0
3857269,Brazil,18395.0,Vinícius José Paixão de Oliveira Júnior,150,94,22,1,4,0.21638125,0,0
3857269,Brazil,22600.0,Lucas Tolentino Coelho de Lima,130,45,39,0,0,0.0,0,0
3857269,Brazil,25104.0,Rodrygo Silva de Goes,97,95,26,2,1,0.24174622,1,0
3857269,Brazil,25142.0,Bruno Guimarães Rodriguez Moura,86,94,24,1,0,0.021188514,0,0
3857269,Brazil,25363.0,Antony Matheus dos Santos,53,95,15,1,0,0.020722246,0,0
3857269,Switzerland,3500.0,Granit Xhaka,202,95,67,0,3,0.0,0,0
3857269,Switzerland,3913.0,Edimilson Fernandes,61,95,13,1,1,0.029247057,0,0
3857269,Switzerland,5543.0,Haris Seferović,12,95,3,0,0,0.0,0,0
3857269,Switzerland,5544.0,Ricardo Iván Rodríguez Araya,145,92,56,0,2,0.0,0,0
3857269,Switzerland,5545.0,Breel-Donald Embolo,75,74,12,0,5,0.0,0,0
3857269,Switzerland,5549.0,Manuel Obafemi Akanji,233,94,74,1,4,0.028123023,0,0
3857269,Switzerland,5550.0,Yann Sommer,132,93,49,0,0,0.0,0,0
3857269,Switzerland,6983.0,Remo Freuler,134,90,39,0,2,0.0,0,0
3857269,Switzerland,7796.0,Silvan Widmer,175,85,50,1,6,0.05117428,0,0
3857269,Switzerland,8561.0,Fabian Frei,17,94,3,0,2,0.0,0,0
3857269,Switzerland,8814.0,Nico Elvedi,216,94,72,0,1,0.0,0,0
3857269,Switzerland,12326.0,Renato Steffen,44,92,13,0,0,0.0,0,0
3857269,Switzerland,16016.0,Michel Aebischer,19,94,4,0,0,0.0,0,0
3857269,Switzerland,16026.0,Djibril Sow,90,74,20,2,2,0.150380136,0,0
3857269,Switzerland,30401.0,Ruben Vargas,81,57,20,1,2,0.029704679,0,0
3857269,Switzerland,50436.0,Fabian Rieder,98,58,18,0,3,0.0,0,0
3857270,Portugal,3193.0,Bernardo Mota Veiga de Carvalho e Silva,219,97,65,0,7,0.0,0,0
3857270,Portugal,5204.0,Bruno Miguel Borges Fernandes,220,99,59,6,7,0.9673049406,0,2
3857270,Portugal,5206.0,Rúben Santos Gato Alves Dias,179,96,61,0,2,0.0,0,0
3857270,Portugal,5207.0,Cristiano Ronaldo dos Santos Aveiro,129,82,40,3,1,0.063164471,0,0
3857270,Portugal,5209.0,Raphaël Adelino José Guerreiro,82,99,28,0,0,0.0,1,0
3857270,Portugal,5214.0,William Silva de Carvalho,195,82,63,1,2,0.048683427,0,0
3857270,Portugal,7005.0,João Pedro Cavaco Cancelo,184,96,60,0,1,0.0,0,0
3857270,Portugal,9927.0,Rúben Diogo Da Silva Neves,171,68,52,1,1,0.015326656,0,0
3857270,Portugal,12041.0,João Félix Sequeira,146,82,36,3,2,0.092352426,0,0
3857270,Portugal,12169.0,João Maria Lobo Alves Palhinha Gonçalves,35,99,10,0,0,0.0,0,0
3857270,Portugal,18360.0,Rafael Alexandre Conceição Leão,46,99,10,1,0,0.026902085,0,0
3857270,Portugal,20016.0,Kléper Laveran Lima Ferreira,178,99,60,0,1,0.0,0,0
3857270,Portugal,32975.0,Diogo Meireles Costa,107,99,39,0,0,0.0,0,0
3857270,Portugal,38803.0,Gonçalo Matias Ramos,21,95,5,0,2,0.0,0,0
3857270,Portugal,40874.0,Matheus Luiz Nunes,18,99,4,0,0,0.0,0,0
3857270,Portugal,41092.0,Nuno Mendes,100,41,34,0,0,0.0,0,0
3857270,Uruguay,4319.0,Edinson Roberto Cavani Gómez,71,72,20,1,3,0.07401822,0,0
3857270,Uruguay,5246.0,Luis Alberto Suárez Díaz,28,100,7,1,1,0.088375136,0,0
3857270,Uruguay,5249.0,Diego Roberto Godín Leal,55,61,23,0,0,0.0,0,0
3857270,Uruguay,5255.0,Matías Vecino Falero,67,61,17,0,2,0.0,0,0
3857270,Uruguay,5258.0,Giorgian Daniel De Arrascaeta Benedetti,72,99,25,1,2,0.2560759,0,0
3857270,Uruguay,5259.0,José María Giménez de Vargas,158,99,51,1,1,0.050594334,0,0
3857270,Uruguay,5260.0,Rodrigo Bentancur Colmán,203,99,61,2,4,0.56844809,0,0
3857270,Uruguay,5264.0,Guillermo Varela Olivera,93,99,33,0,2,0.0,0,0
3857270,Uruguay,6297.0,Maximiliano Gómez González,14,98,4,1,0,0.047642853,0,0
3857270,Uruguay,6300.0,Sebastián Coates Nión,126,99,50,0,2,0.0,0,0
3857270,Uruguay,6773.0,Federico Santiago Valverde Dipetta,146,99,49,1,2,0.019629322,0,0
3857270,Uruguay,7104.0,Mathías Olivera Miramontes,130,85,33,2,5,0.08097578899999999,0,0
3857270,Uruguay,32478.0,Darwin Gabriel Núñez Ribeiro,81,71,17,1,4,0.03092143,0,0
3857270,Uruguay,34476.0,Matías Nicolás Viña Susperreguy,33,99,11,0,2,0.0,0,0
3857270,Uruguay,36288.0,Facundo Pellistri Rebollo,51,99,11,0,1,0.0,0,0
3857270,Uruguay,36710.0,Sergio Rochet Álvarez,66,98,26,0,0,0.0,0,0
3857271,England,3233.0,Raheem Sterling,116,70,29,1,1,0.1885282,0,1
3857271,England,3244.0,John Stones,342,99,119,0,1,0.0,0,0
3857271,England,3308.0,Kieran Trippier,272,97,104,1,5,0.042866398,0,0
3857271,England,3318.0,Marcus Rashford,77,97,20,2,0,0.48580678,0,1
3857271,England,3336.0,Harry Maguire,204,70,72,2,1,0.30296091,1,0
3857271,England,3382.0,Luke Shaw,326,96,118,1,2,0.021548782,1,0
3857271,England,3468.0,Jordan Pickford,78,102,29,0,0,0.0,0,0
3857271,England,3616.0,Callum Wilson,24,103,5,0,0,0.0,1,0
3857271,England,3943.0,Declan Rice,277,95,97,0,4,0.0,0,0
3857271,England,4354.0,Phil Foden,72,98,21,0,1,0.0,0,0
3857271,England,7843.0,Mason Mount,150,70,37,1,4,0.06697492,0,0
3857271,England,9638.0,Jack Grealish,74,98,19,1,1,0.6262809,0,1
3857271,England,10955.0,Harry Kane,74,75,16,0,2,0.0,2,0
3857271,England,10956.0,Eric Dier,82,95,29,0,0,0.0,0,0
3857271,England,22084.0,Bukayo Saka,136,70,29,3,4,0.169339465,0,2
3857271,England,30714.0,Jude Bellingham,310,96,102,1,4,0.08285139,0,1
3857271,Iran,5220.0,Morteza Pouraliganji,90,99,28,0,1,0.0,0,0
3857271,Iran,5222.0,Roozbeh Cheshmi,33,52,9,0,3,0.0,0,0
3857271,Iran,5224.0,Sardar Azmoun,20,97,4,1,1,0.35130003,0,0
3857271,Iran,5226.0,Mehdi Taremi,129,102,21,3,2,0.911224045,0,2
3857271,Iran,5227.0,Alireza Safar Beiranvand,10,19,3,0,0,0.0,0,0
3857271,Iran,5228.0,Seyed Majid Hosseini,72,94,19,0,5,0.0,0,0
3857271,Iran,5230.0,Ehsan Hajsafi,94,99,28,0,2,0.0,0,0
3857271,Iran,5239.0,Alireza Jahanbakhsh,55,58,8,1,2,0.11232807,0,0
3857271,Iran,5720.0,Milad Mohammadi,61,62,12,0,3,0.0,0,0
3857271,Iran,5722.0,Saeid Ezatolahi Afagh,41,94,9,1,0,0.0065368367,0,0
3857271,Iran,23538.0,Sadegh Moharrami,102,98,26,0,4,0.0,0,0
3857271,Iran,23874.0,Ali Gholizadeh,62,97,16,0,0,0.0,1,0
3857271,Iran,124161.0,Mehdi Torabi,42,97,10,1,0,0.045791544,0,0
3857271,Iran,124167.0,Ahmad Nourollahi,77,76,18,1,0,0.028478073,0,0
3857271,Iran,124175.0,Mohammad Hossein Kanani Zadegan,39,95,11,0,0,0.0,0,0
3857271,Iran,125818.0,Ali Karimi,32,58,5,0,2,0.0,0,0
3857271,Iran,125823.0,Seyed Hossein Hosseini,61,97,20,0,0,0.0,0,0
3857272,England,3233.0,Raheem Sterling,89,67,21,0,1,0.0,0,0
3857272,England,3244.0,John Stones,263,93,90,1,2,0.04222343,0,0
3857272,England,3308.0,Kieran Trippier,199,90,74,0,2,0.0,0,0
3857272,England,3318.0,Marcus Rashford,15,93,2,1,0,0.009332121,0,0
3857272,England,3336.0,Harry Maguire,238,93,79,1,2,0.05556727,0,0
3857272,England,3382.0,Luke Shaw,229,92,83,0,0,0.0,0,0
3857272,England,3468.0,Jordan Pickford,77,88,28,0,0,0.0,0,0
3857272,England,3532.0,Jordan Brian Henderson,34,90,12,0,0,0.0,0,0
3857272,England,3943.0,Declan Rice,177,93,60,0,1,0.0,0,0
3857272,England,7843.0,Mason Mount,147,88,32,2,1,0.090719145,0,0
3857272,England,9638.0,Jack Grealish,53,94,13,0,0,0.0,0,0
3857272,England,10955.0,Harry Kane,119,92,25,2,6,0.17599504,0,0
3857272,England,22084.0,Bukayo Saka,102,77,27,1,1,0.08680134,0,0
3857272,England,30714.0,Jude Bellingham,138,68,36,0,3,0.0,0,0
3857272,United States,3377.0,Timothy Weah,121,82,25,0,2,0.0,0,0
3857272,United States,4614.0,Antonee Robinson,148,93,41,0,3,0.0,0,0
3857272,United States,6806.0,Shaquell Moore,50,91,14,0,0,0.0,0,0
3857272,United States,8246.0,Christian Pulisic,146,94,36,4,1,0.13605235,0,0
3857272,United States,8526.0,Weston McKennie,126,76,33,2,3,0.215000596,0,0
3857272,United States,12352.0,Matthew Charles Turner,103,93,38,0,0,0.0,0,0
3857272,United States,12524.0,Walker Zimmerman,196,91,70,0,3,0.0,0,0
3857272,United States,12751.0,Tyler Adams,164,91,44,0,5,0.0,0,0
3857272,United States,18242.0,Tim Ream,160,93,54,0,5,0.0,0,0
3857272,United States,21881.0,Sergino Dest,141,77,40,1,1,0.056137927,0,0
3857272,United States,22008.0,Haji Wright,73,82,11,2,7,0.090269857,0,0
3857272,United States,22168.0,Joshua Sargent,16,93,2,0,3,0.0,0,0
3857272,United States,24243.0,Brenden Aaronson,32,91,9,0,1,0.0,0,0
3857272,United States,34339.0,Giovanni Reyna,18,94,4,0,0,0.0,0,0
3857272,United States,38792.0,Yunus Dimoara Musah,135,91,35,1,2,0.016826272,0,0
3857273,Iran,5220.0,Morteza Pouraliganji,71,97,28,1,1,0.05160931,0,0
3857273,Iran,5222.0,Roozbeh Cheshmi,10,100,5,1,0,0.03268815,0,1
3857273,Iran,5224.0,Sardar Azmoun,68,67,15,4,4,0.609281293,0,0
3857273,Iran,5226.0,Mehdi Taremi,117,100,26,2,4,0.16152305500000003,1,0
3857273,Iran,5228.0,Seyed Majid Hosseini,93,97,32,0,4,0.0,0,0
3857273,Iran,5230.0,Ehsan Hajsafi,106,75,34,1,3,0.068153165,0,0
3857273,Iran,5231.0,Karim Ansarifard,19,99,4,1,1,0.06399969,0,0
3857273,Iran,5235.0,Ramin Rezaeian,163,100,47,2,9,0.230377999,0,1
3857273,Iran,5239.0,Alireza Jahanbakhsh,38,97,8,2,2,0.042576119,0,0
3857273,Iran,5720.0,Milad Mohammadi,112,99,39,0,4,0.0,0,0
3857273,Iran,5722.0,Saeid Ezatolahi Afagh,94,82,27,1,6,0.047915842,0,0
3857273,Iran,23874.0,Ali Gholizadeh,111,75,33,1,2,0.04282673,0,0
3857273,Iran,124161.0,Mehdi Torabi,46,97,10,1,0,0.051057886,0,0
3857273,Iran,124167.0,Ahmad Nourollahi,106,77,20,4,4,0.0519487086,0,0
3857273,Iran,125818.0,Ali Karimi,27,99,7,0,0,0.0,0,0
3857273,Iran,125823.0,Seyed Hossein Hosseini,68,95,28,0,0,0.0,0,0
3857273,Wales,3086.0,Ben Davies,226,96,78,1,2,0.053537875,0,0
3857273,Wales,3488.0,Wayne Hennessey,101,83,34,0,0,0.0,0,0
3857273,Wales,3517.0,Aaron Ramsey,181,86,50,1,1,0.025361432,0,0
3857273,Wales,3853.0,Kieffer Roberto Francisco Moore,140,99,28,2,4,0.3495107,0,0
3857273,Wales,4767.0,Chris Mepham,178,97,61,0,1,0.0,0,0
3857273,Wales,4774.0,Connor Roberts,115,56,39,0,0,0.0,0,0
3857273,Wales,4934.0,Ethan Ampadu,199,76,68,0,1,0.0,0,0
3857273,Wales,6399.0,Gareth Frank Bale,108,102,25,1,4,0.02170084,0,0
3857273,Wales,9540.0,Harry Wilson,91,56,27,1,0,0.030164797,0,0
3857273,Wales,9914.0,Daniel Ward,19,100,7,0,0,0.0,0,0
3857273,Wales,10931.0,Joe Allen,34,100,9,0,0,0.0,0,0
3857273,Wales,11250.0,Joe Rodon,170,97,57,0,5,0.0,0,0
3857273,Wales,11252.0,Daniel James,53,97,11,0,2,0.0,0,0
3857273,Wales,29377.0,Brennan Johnson,54,99,9,1,2,0.059788406,0,0
3857273,Wales,34794.0,Neco Williams,201,100,56,3,4,0.07557114100000001,0,0
3857274,Ecuador,12803.0,Romario Andrés Ibarra Mina,11,96,2,0,0,0.0,0,0
3857274,Ecuador,23830.0,Jhegson Sebastián Méndez Carabalí,195,95,63,0,1,0.0,0,0
3857274,Ecuador,24085.0,Pervis Josué Estupiñán Tenorio,189,95,59,2,4,0.27007267,0,0
3857274,Ecuador,28559.0,Enner Remberto Valencia Lastra,168,89,21,5,8,1.0026602119999999,0,1
3857274,Ecuador,30111.0,Felix Eduardo Torres Caicedo,178,95,64,0,2,0.0,0,0
3857274,Ecuador,31152.0,Gonzalo Jordy Plata Jiménez,162,89,33,1,6,0.046335444,0,0
3857274,Ecuador,34396.0,Michael Steveen Estrada Martínez,108,73,17,2,5,0.203843194,0,0
3857274,Ecuador,37522.0,Hernán Ismael Galíndez,45,89,20,0,0,0.0,0,0
3857274,Ecuador,37726.0,Moisés Isaac Caicedo Corozo,198,95,55,2,6,0.063906849,0,0
3857274,Ecuador,37737.0,Angelo Smit Preciado Quiñónez,126,95,37,3,2,0.064235936,0,0
3857274,Ecuador,38004.0,Piero Martín Hincapié Reyna,140,95,44,0,5,0.0,0,0
3857274,Ecuador,40211.0,Jeremy Leonel Sarmiento Morante,40,95,10,0,2,0.0,0,0
3857274,Ecuador,51969.0,Jackson Gabriel Porozo Vernaza,126,95,37,0,2,0.0,0,0
3857274,Ecuador,348757.0,Kevin José Rodríguez Cortez,14,95,1,0,2,0.0,0,0
3857274,Netherlands,2988.0,Memphis Depay,71,95,12,0,2,0.0,0,0
3857274,Netherlands,3306.0,Nathan Aké,230,96,82,0,5,0.0,0,0
3857274,Netherlands,3311.0,Daley Blind,201,96,66,0,4,0.0,0,0
3857274,Netherlands,3669.0,Virgil van Dijk,168,95,55,0,4,0.0,0,0
3857274,Netherlands,4318.0,Davy Klaassen,79,68,26,0,2,0.0,1,0
3857274,Netherlands,6994.0,Marten de Roon,28,96,9,0,2,0.0,0,0
3857274,Netherlands,7745.0,Steven Berghuis,52,95,16,0,3,0.0,0,0
3857274,Netherlands,7829.0,Wout Weghorst,10,91,2,0,2,0.0,0,0
3857274,Netherlands,7891.0,Teun Koopmeiners,156,79,37,1,3,0.04520454,0,0
3857274,Netherlands,8118.0,Frenkie de Jong,215,95,73,0,6,0.0,0,0
3857274,Netherlands,8125.0,Denzel Dumfries,122,95,30,0,5,0.0,0,0
3857274,Netherlands,8259.0,Steven Bergwijn,73,47,16,0,2,0.0,0,0
3857274,Netherlands,8326.0,Andries Noppert,117,92,44,0,0,0.0,0,0
3857274,Netherlands,20750.0,Cody Mathès Gakpo,115,78,20,1,3,0.059259485,0,1
3857274,Netherlands,21809.0,Jurriën David Norman Timber,211,95,64,0,6,0.0,0,0
3857275,France,3009.0,Kylian Mbappé Lottin,104,97,25,3,0,0.08112707899999999,0,0
3857275,France,3026.0,Adrien Rabiot,75,97,17,2,1,0.144442704,0,0
3857275,France,3543.0,Steve Mandanda,69,95,31,0,0,0.0,0,0
3857275,France,5477.0,Ousmane Dembélé,67,102,18,1,1,0.020325886,0,0
3857275,France,5485.0,Raphaël Varane,128,62,46,0,0,0.0,0,0
3857275,France,5487.0,Antoine Griezmann,98,102,35,0,0,0.0,0,0
3857275,France,7153.0,Jordan Veretout,118,62,35,0,3,0.0,0,0
3857275,France,7345.0,Mattéo Guendouzi Olié,102,78,32,0,0,0.0,0,0
3857275,France,7439.0,Axel Disasi,195,102,72,1,3,0.061025612,0,0
3857275,France,8217.0,Kingsley Coman,97,62,18,1,4,0.08786314,0,0
3857275,France,10481.0,Aurélien Djani Tchouaméni,283,102,95,0,1,0.0,0,0
3857275,France,11135.0,Ibrahima Konaté,220,95,68,0,9,0.0,0,0
3857275,France,11990.0,Youssouf Fofana,143,72,36,1,2,0.041162748,0,0
3857275,France,17592.0,William Saliba,103,102,37,0,0,0.0,0,0
3857275,France,22097.0,Randal Kolo Muani,112,97,17,1,8,0.041042205,0,0
3857275,France,24778.0,Eduardo Camavinga,281,102,79,0,10,0.0,0,0
3857275,Tunisia,3196.0,Wahbi Khazri,73,59,10,3,1,0.18369887199999999,0,1
3857275,Tunisia,3767.0,Ellyes Joris Skhiri,141,96,36,0,6,0.0,0,0
3857275,Tunisia,5647.0,Ali Maâloul,151,97,61,0,4,0.0,0,0
3857275,Tunisia,5651.0,Yassine Meriah,119,95,35,0,5,0.0,0,0
3857275,Tunisia,6347.0,Ghilane Chalali,26,97,5,0,0,0.0,0,0
3857275,Tunisia,16352.0,Issam Jebali,46,102,4,0,3,0.0,0,0
3857275,Tunisia,25582.0,Nader Ghandri,100,97,30,0,3,0.0,0,0
3857275,Tunisia,30681.0,Ali Abdi,9,102,1,0,0,0.0,0,0
3857275,Tunisia,32450.0,Montassar Omar Talbi,94,100,29,0,3,0.0,0,0
3857275,Tunisia,35592.0,Anis Ben Slimane,128,82,25,1,5,0.1007914,0,0
3857275,Tunisia,44955.0,Aïssa Bilal Laïdouni,178,97,43,1,3,0.013856714,1,0
3857275,Tunisia,102816.0,Mohamed Ali Ben Romdhane,107,73,19,0,7,0.0,0,0
3857275,Tunisia,105943.0,Aymen Dahmen,38,102,16,0,0,0.0,0,0
3857275,Tunisia,105944.0,Wajdi Kechrida,142,95,47,0,4,0.0,0,0
3857276,Canada,9036.0,David Wallace Wotherspoon,25,89,6,0,1,0.0,0,0
3857276,Canada,9922.0,David Junior Hoilett,120,75,28,0,4,0.0,0,0
3857276,Canada,11846.0,Steven de Sousa Vitoria,228,93,79,0,2,0.0,0,0
3857276,Canada,12365.0,Alphonso Davies,122,93,29,1,2,0.051903803,0,0
3857276,Canada,12770.0,Jonathan Osorio,110,65,29,0,0,0.0,0,0
3857276,Canada,15958.0,Milan Borjan,63,93,24,0,0,0.0,0,0
3857276,Canada,16120.0,Richie Laryea,38,93,7,0,1,0.0,0,0
3857276,Canada,16252.0,Mark Anthony Kaye,189,59,57,1,3,0.038882375,0,0
3857276,Canada,16459.0,Cyle Larin,62,59,11,0,0,0.0,0,0
3857276,Canada,23640.0,Jonathan David,50,93,12,0,0,0.0,0,0
3857276,Canada,23828.0,Kamal Miller,262,93,91,0,3,0.0,0,0
3857276,Canada,24024.0,Tajon Buchanan,147,93,28,1,1,0.27914461,0,0
3857276,Canada,29758.0,Sam Adekugbe,122,60,37,0,0,0.0,0,0
3857276,Canada,31684.0,Atiba Hutchinson,85,90,30,1,1,0.086874224,0,0
3857276,Canada,44703.0,Alistair Johnston,189,93,65,1,3,0.638813,0,0
3857276,Canada,133229.0,Ismael Koné,93,93,29,0,0,0.0,0,0
3857276,Morocco,3625.0,Sofiane Boufal,119,64,18,1,5,0.06158555,0,0
3857276,Morocco,3634.0,Abdelhamid Sabiri,96,64,26,2,0,0.11918856,0,0
3857276,Morocco,5219.0,Romain Saïss,117,88,39,0,4,0.0,0,0
3857276,Morocco,5234.0,Sofyan Amrabat,164,93,47,0,3,0.0,0,0
3857276,Morocco,5237.0,Hakim Ziyech,151,75,40,2,3,0.047101409999999996,0,1
3857276,Morocco,5245.0,Achraf Hakimi Mouh,174,84,58,0,6,0.0,1,0
3857276,Morocco,6301.0,Youssef En-Nesyri,111,93,18,2,4,0.19852830500000002,0,1
3857276,Morocco,6785.0,Yassine Bounou,91,92,36,0,0,0.0,0,0
3857276,Morocco,7459.0,Jawad El Yamiq,10,90,1,0,2,0.0,0,0
3857276,Morocco,12149.0,Nayef Aguerd,129,90,41,0,2,0.0,0,0
3857276,Morocco,15890.0,Noussair Mazraoui,79,93,22,0,4,0.0,0,0
3857276,Morocco,21736.0,Zakaria Aboukhlal,22,93,4,0,0,0.0,0,0
3857276,Morocco,23774.0,Selim Amallah,21,92,2,0,5,0.0,0,0
3857276,Morocco,46258.0,Azzedine Ounahi,137,75,33,0,2,0.0,0,0
3857276,Morocco,59493.0,Abderrazak Hamdallah,31,93,5,0,1,0.0,0,0
3857276,Morocco,102668.0,Yahya Jabrane,11,90,3,0,1,0.0,0,0
3857277,Croatia,3441.0,Nikola Vlašić,64,46,10,2,0,0.51656157,0,0
3857277,Croatia,3471.0,Dejan Lovren,277,94,93,1,8,0.2503287,0,0
3857277,Croatia,5456.0,Mateo Kovačić,180,78,54,0,3,0.0,0,0
3857277,Croatia,5460.0,Andrej Kramarić,68,69,12,0,3,0.0,0,0
3857277,Croatia,5463.0,Luka Modrić,289,95,93,1,0,0.073204115,0,0
3857277,Croatia,5469.0,Marcelo Brozović,289,94,89,0,5,0.0,0,0
3857277,Croatia,5474.0,Ivan Perišić,142,89,41,1,5,0.00976612,0,0
3857277,Croatia,11603.0,Mario Pašalić,64,95,15,0,3,0.0,0,0
3857277,Croatia,12625.0,Borna Sosa,192,95,61,0,3,0.0,0,0
3857277,Croatia,16527.0,Mislav Oršić,4,95,1,0,0,0.0,0,0
3857277,Croatia,16531.0,Dominik Livaković,67,90,26,0,0,0.0,0,0
3857277,Croatia,22041.0,Marko Livaja,39,95,9,0,1,0.0,0,0
3857277,Croatia,28914.0,Lovro Majer,42,95,11,0,0,0.0,0,0
3857277,Croatia,29163.0,Josip Juranović,165,94,56,0,5,0.0,0,0
3857277,Croatia,33018.0,Joško Gvardiol,331,95,115,0,1,0.0,0,0
3857277,Morocco,3625.0,Sofiane Boufal,102,64,17,2,2,0.084736917,0,0
3857277,Morocco,3634.0,Abdelhamid Sabiri,33,95,9,0,0,0.0,0,0
3857277,Morocco,5219.0,Romain Saïss,144,92,51,0,2,0.0,0,0
3857277,Morocco,5234.0,Sofyan Amrabat,148,94,47,0,1,0.0,0,0
3857277,Morocco,5237.0,Hakim Ziyech,172,92,34,2,7,0.118618134,0,0
3857277,Morocco,5245.0,Achraf Hakimi Mouh,173,93,51,1,6,0.019376563,0,0
3857277,Morocco,6301.0,Youssef En-Nesyri,76,80,15,1,2,0.03416934,0,0
3857277,Morocco,6785.0,Yassine Bounou,69,91,27,0,0,0.0,0,0
3857277,Morocco,12149.0,Nayef Aguerd,132,94,47,0,1,0.0,0,0
3857277,Morocco,15890.0,Noussair Mazraoui,86,59,20,2,4,0.105738022,0,0
3857277,Morocco,23774.0,Selim Amallah,106,95,13,0,4,0.0,0,0
3857277,Morocco,31295.0,Yahia Attiyat allah,58,94,19,0,1,0.0,0,0
3857277,Morocco,46258.0,Azzedine Ounahi,144,81,31,0,4,0.0,0,0
3857277,Morocco,59493.0,Abderrazak Hamdallah,14,95,1,0,2,0.0,0,0
3857277,Morocco,149714.0,Abdessamad Ezzalzouli,34,94,2,0,0,0.0,0,0
3857278,Iran,5220.0,Morteza Pouraliganji,207,97,72,1,4,0.21722858,0,0
3857278,Iran,5224.0,Sardar Azmoun,49,48,13,0,3,0.0,0,0
3857278,Iran,5226.0,Mehdi Taremi,171,97,35,1,7,0.30539662,0,0
3857278,Iran,5227.0,Alireza Safar Beiranvand,69,99,28,0,0,0.0,0,0
3857278,Iran,5228.0,Seyed Majid Hosseini,177,99,57,0,5,0.0,0,0
3857278,Iran,5230.0,Ehsan Hajsafi,117,71,37,0,2,0.0,0,0
3857278,Iran,5231.0,Karim Ansarifard,13,94,2,0,0,0.0,0,0
3857278,Iran,5235.0,Ramin Rezaeian,180,99,58,0,6,0.0,0,0
3857278,Iran,5240.0,Saman Ghoddos,77,97,21,1,2,0.39133456,0,0
3857278,Iran,5720.0,Milad Mohammadi,69,47,15,0,3,0.0,0,0
3857278,Iran,5722.0,Saeid Ezatolahi Afagh,171,99,57,1,3,0.006830182,0,0
3857278,Iran,23874.0,Ali Gholizadeh,104,76,24,0,2,0.0,0,0
3857278,Iran,124161.0,Mehdi Torabi,57,96,17,0,1,0.0,0,0
3857278,Iran,124167.0,Ahmad Nourollahi,66,70,17,0,0,0.0,0,0
3857278,Iran,124175.0,Mohammad Hossein Kanani Zadegan,1,82,0,0,0,0.0,0,0
3857278,Iran,125818.0,Ali Karimi,110,99,33,0,3,0.0,0,0
3857278,Iran,326758.0,Abolfazl Jalali,89,98,29,0,0,0.0,0,0
3857278,United States,3377.0,Timothy Weah,127,81,32,2,1,0.16742896000000002,0,0
3857278,United States,4614.0,Antonee Robinson,178,97,58,0,1,0.0,0,0
3857278,United States,6806.0,Shaquell Moore,23,99,7,0,2,0.0,0,0
3857278,United States,8246.0,Christian Pulisic,82,50,16,2,1,0.610759206,0,1
3857278,United States,8526.0,Weston McKennie,136,64,38,0,1,0.0,0,0
3857278,United States,12352.0,Matthew Charles Turner,78,97,33,0,0,0.0,0,0
3857278,United States,12524.0,Walker Zimmerman,14,99,3,0,2,0.0,0,0
3857278,United States,12751.0,Tyler Adams,216,98,69,0,5,0.0,0,0
3857278,United States,13035.0,Kellyn Kai Perry-Acosta,17,96,4,0,1,0.0,0,0
3857278,United States,15971.0,Cameron Carter-Vickers,165,99,55,0,6,0.0,0,0
3857278,United States,18242.0,Tim Ream,172,97,58,0,1,0.0,0,0
3857278,United States,21881.0,Sergino Dest,189,81,55,2,3,0.098822184,1,0
3857278,United States,22008.0,Haji Wright,43,99,4,1,3,0.057746947,0,0
3857278,United States,22168.0,Joshua Sargent,112,76,21,3,2,0.10870075200000001,0,0
3857278,United States,24243.0,Brenden Aaronson,79,99,12,0,1,0.0,0,0
3857278,United States,38792.0,Yunus Dimoara Musah,215,99,52,2,7,0.126196552,0,0
3857279,Australia,3240.0,Mathew Ryan,97,95,33,0,0,0.0,0,0
3857279,Australia,3281.0,Aaron Mooy,217,96,67,0,3,0.0,0,0
3857279,Australia,5479.0,Aziz Eraltay Behich,189,97,66,0,1,0.0,0,0
3857279,Australia,5481.0,Mathew Leckie,134,96,29,0,2,0.0,1,0
3857279,Australia,5490.0,Jackson Irvine,134,84,35,1,5,0.083539926,0,0
3857279,Australia,8346.0,Craig Goodwin,86,72,25,1,1,0.19147108,0,1
3857279,Australia,9430.0,Jason Cummings,34,96,6,0,2,0.0,0,0
3857279,Australia,15957.0,Miloš Degenek,28,96,10,0,0,0.0,0,0
3857279,Australia,22293.0,Harry Souttar,158,96,52,0,1,0.0,0,0
3857279,Australia,24475.0,Awer Denis Bul Mabil,44,96,13,0,2,0.0,0,0
3857279,Australia,33477.0,Riley McGree,87,72,21,1,2,0.030384658,0,0
3857279,Australia,33488.0,Keanu Baccus,24,95,8,0,0,0.0,0,0
3857279,Australia,33492.0,Mitchell Thomas Duke,56,55,9,1,3,0.017896876,0,0
3857279,Australia,33495.0,Kye Rowles,181,96,61,0,2,0.0,0,0
3857279,Australia,33572.0,Nathaniel Atkinson,108,84,37,0,4,0.0,0,0
3857279,Australia,227697.0,Garang Kuol,21,90,3,0,1,0.0,0,0
3857279,France,2972.0,Marcus Thuram,3,96,0,0,1,0.0,0,0
3857279,France,3009.0,Kylian Mbappé Lottin,215,96,57,7,0,1.024786081,1,1
3857279,France,3026.0,Adrien Rabiot,203,96,66,1,5,0.16905431,1,1
3857279,France,3099.0,Hugo Lloris,52,97,25,0,0,0.0,0,0
3857279,France,3604.0,Olivier Giroud,61,88,11,5,1,1.34668773,0,2
3857279,France,4445.0,Jules Koundé,21,95,8,0,0,0.0,0,0
3857279,France,5476.0,Benjamin Pavard,235,88,88,0,1,0.0,0,0
3857279,France,5477.0,Ousmane Dembélé,125,76,32,2,1,0.099969384,1,0
3857279,France,5484.0,Lucas Hernández Pi,30,12,10,0,0,0.0,0,0
3857279,France,5487.0,Antoine Griezmann,224,97,76,3,4,0.259378965,0,0
3857279,France,6704.0,Theo Bernard François Hernández,206,94,66,2,6,0.058780403999999994,1,0
3857279,France,8217.0,Kingsley Coman,54,95,13,0,0,0.0,0,0
3857279,France,8519.0,Dayotchanculle Upamecano,349,94,118,0,4,0.0,0,0
3857279,France,10481.0,Aurélien Djani Tchouaméni,236,76,78,1,3,0.035826564,0,0
3857279,France,11135.0,Ibrahima Konaté,288,94,97,2,1,0.17601235,0,0
3857279,France,11990.0,Youssouf Fofana,51,93,18,0,1,0.0,0,0
3857280,Brazil,3067.0,Ederson Santana de Moraes,81,91,30,0,0,0.0,0,0
3857280,Brazil,3202.0,Gabriel Fernando de Jesus,77,63,13,2,2,0.323986363,0,0
3857280,Brazil,3247.0,Fábio Henrique Tavares,171,99,56,0,10,0.0,0,0
3857280,Brazil,4324.0,Daniel Alves da Silva,238,99,80,1,6,0.06485747,0,0
3857280,Brazil,4372.0,Marcos Aoás Corrêa,85,99,32,0,0,0.0,0,0
3857280,Brazil,9904.0,Frederico Rodrigues Santos,125,54,33,2,2,0.37823142400000004,0,0
3857280,Brazil,10595.0,Raphael Dias Belloli,40,98,9,0,1,0.0,0,0
3857280,Brazil,11183.0,Alex Nicolao Telles,97,54,33,0,2,0.0,0,0
3857280,Brazil,11493.0,Gleison Bremer Silva Nascimento,203,96,66,0,1,0.0,0,0
3857280,Brazil,13620.0,Éder Gabriel Militão,216,98,75,1,3,0.075584605,0,0
3857280,Brazil,25104.0,Rodrygo Silva de Goes,127,54,29,2,2,0.13167680999999998,0,0
3857280,Brazil,25142.0,Bruno Guimarães Rodriguez Moura,109,98,31,4,0,0.626623406,0,0
3857280,Brazil,25154.0,Éverton Augusto de Barros Ribeiro,66,98,17,0,0,0.0,0,0
3857280,Brazil,25305.0,Pedro Guilherme Abreu dos Santos,43,96,8,2,1,0.26126468,0,0
3857280,Brazil,25363.0,Antony Matheus dos Santos,184,78,50,3,3,0.11016431900000001,0,0
3857280,Brazil,29976.0,Gabriel Teodoro Martinelli Silva,155,99,31,4,1,0.405829787,0,0
3857280,Cameroon,3141.0,André-Frank Zambo Anguissa,173,95,49,0,2,0.0,0,0
3857280,Cameroon,3499.0,Jean-Eric Maxim Choupo-Moting,104,99,23,0,3,0.0,0,0
3857280,Cameroon,3551.0,Karl Brillant Toko Ekambi,47,98,10,0,1,0.0,0,0
3857280,Cameroon,4935.0,Bryan Mbeumo,62,63,15,1,1,0.11827337,0,0
3857280,Cameroon,7551.0,Enzo Ebosse,121,93,39,0,3,0.0,0,0
3857280,Cameroon,10530.0,Jules Olivier Ntcham,46,91,12,1,0,0.03332142,0,0
3857280,Cameroon,11174.0,Vincent Paté Aboubakar,91,92,15,3,2,0.168344176,0,1
3857280,Cameroon,12623.0,Pierre Kunde Malong,98,67,25,1,3,0.006493906,0,0
3857280,Cameroon,13454.0,Nouhou Tolo,78,98,22,0,7,0.0,0,0
3857280,Cameroon,15326.0,Devis Rogers Epassy Mboka,102,99,42,0,0,0.0,0,0
3857280,Cameroon,16015.0,Nicolas Moumi Ngamaleu,128,84,21,0,4,0.0,0,0
3857280,Cameroon,16346.0,Ngoran Suiru Fai Collins,86,88,25,0,2,0.0,0,0
3857280,Cameroon,33813.0,Jerome Ngom Mbekeli,15,98,2,0,0,0.0,1,0
3857280,Cameroon,74588.0,Christopher Wooh,116,98,33,1,1,0.05692788,0,0
3857281,Canada,9922.0,David Junior Hoilett,80,95,17,3,1,0.07843612800000001,0,0
3857281,Canada,11187.0,Stephen Antunes Eustáquio,91,48,27,0,1,0.0,0,0
3857281,Canada,11846.0,Steven de Sousa Vitoria,161,95,54,0,2,0.0,0,0
3857281,Canada,12365.0,Alphonso Davies,202,93,44,2,1,0.093285095,0,1
3857281,Canada,12770.0,Jonathan Osorio,92,95,22,1,1,0.03829635,0,0
3857281,Canada,15958.0,Milan Borjan,105,93,39,0,0,0.0,0,0
3857281,Canada,16120.0,Richie Laryea,90,61,21,0,1,0.0,0,0
3857281,Canada,16459.0,Cyle Larin,49,46,9,0,2,0.0,0,0
3857281,Canada,23640.0,Jonathan David,101,72,23,1,2,0.052886155,0,0
3857281,Canada,23828.0,Kamal Miller,211,95,66,0,3,0.0,0,0
3857281,Canada,24024.0,Tajon Buchanan,177,93,35,1,2,0.023891453,1,0
3857281,Canada,26348.0,Lucas Daniel Cavallini,23,95,3,0,0,0.0,0,0
3857281,Canada,29758.0,Sam Adekugbe,35,95,13,0,0,0.0,0,0
3857281,Canada,31684.0,Atiba Hutchinson,164,72,51,0,2,0.0,0,0
3857281,Canada,44703.0,Alistair Johnston,181,93,64,0,2,0.0,0,0
3857281,Canada,133229.0,Ismael Koné,128,95,41,0,2,0.0,0,0
3857281,Croatia,3441.0,Nikola Vlašić,24,95,5,0,2,0.0,0,0
3857281,Croatia,3471.0,Dejan Lovren,143,95,45,0,3,0.0,0,0
3857281,Croatia,5456.0,Mateo Kovačić,166,85,46,0,5,0.0,0,0
3857281,Croatia,5460.0,Andrej Kramarić,130,72,33,5,0,0.6993455129999999,0,2
3857281,Croatia,5463.0,Luka Modrić,203,85,54,0,3,0.0,0,0
3857281,Croatia,5469.0,Marcelo Brozović,231,95,63,1,3,0.30414897,0,0
3857281,Croatia,5474.0,Ivan Perišić,170,85,43,2,4,0.055285826999999996,2,0
3857281,Croatia,7693.0,Bruno Petković,60,95,15,0,4,0.0,0,0
3857281,Croatia,11603.0,Mario Pašalić,16,95,5,0,3,0.0,0,0
3857281,Croatia,12625.0,Borna Sosa,155,95,57,0,6,0.0,0,0
3857281,Croatia,16527.0,Mislav Oršić,16,95,3,1,0,0.045590583,1,0
3857281,Croatia,16531.0,Dominik Livaković,59,95,20,0,0,0.0,0,0
3857281,Croatia,22041.0,Marko Livaja,102,59,12,3,3,0.81880374,0,1
3857281,Croatia,28914.0,Lovro Majer,22,95,4,1,1,0.68703645,0,1
3857281,Croatia,29163.0,Josip Juranović,147,92,51,0,4,0.0,1,0
3857281,Croatia,33018.0,Joško Gvardiol,174,93,51,0,4,0.0,0,0
3857282,United States,3377.0,Timothy Weah,107,87,28,1,2,0.20100605,0,1
3857282,United States,3658.0,DeAndre Yedlin,44,99,18,0,1,0.0,0,0
3857282,United States,4614.0,Antonee Robinson,199,99,63,0,5,0.0,0,0
3857282,United States,8246.0,Christian Pulisic,213,99,51,0,1,0.0,1,0
3857282,United States,8526.0,Weston McKennie,125,65,35,0,1,0.0,0,0
3857282,United States,12352.0,Matthew Charles Turner,83,100,31,0,0,0.0,0,0
3857282,United States,12524.0,Walker Zimmerman,252,99,85,0,2,0.0,0,0
3857282,United States,12751.0,Tyler Adams,220,98,70,1,4,0.019808901,0,0
3857282,United States,13035.0,Kellyn Kai Perry-Acosta,37,99,8,0,1,0.0,0,0
3857282,United States,18242.0,Tim Ream,228,99,74,0,4,0.0,0,0
3857282,United States,21881.0,Sergino Dest,230,74,68,1,3,0.0066337776,0,0
3857282,United States,22008.0,Haji Wright,25,98,4,1,2,0.027433796,0,0
3857282,United States,22168.0,Joshua Sargent,67,73,11,1,2,0.25332773,0,0
3857282,United States,23789.0,Jordan Morris,10,99,3,0,0,0.0,0,0
3857282,United States,24243.0,Brenden Aaronson,87,99,18,1,1,0.09428854,0,0
3857282,United States,38792.0,Yunus Dimoara Musah,162,74,43,0,3,0.0,0,0
3857282,Wales,3086.0,Ben Davies,153,99,53,2,3,0.33066687,0,0
3857282,Wales,3488.0,Wayne Hennessey,81,96,32,0,0,0.0,0,0
3857282,Wales,3517.0,Aaron Ramsey,150,99,30,0,3,0.0,0,0
3857282,Wales,3853.0,Kieffer Roberto Francisco Moore,94,99,15,2,2,0.224836066,0,0
3857282,Wales,4767.0,Chris Mepham,175,97,56,0,5,0.0,0,0
3857282,Wales,4774.0,Connor Roberts,148,99,50,0,4,0.0,0,0
3857282,Wales,4934.0,Ethan Ampadu,143,94,41,1,5,0.013776194,0,0
3857282,Wales,6399.0,Gareth Frank Bale,112,99,25,1,4,0.7835,0,1
3857282,Wales,9540.0,Harry Wilson,108,92,28,0,4,0.0,0,0
3857282,Wales,11250.0,Joe Rodon,188,98,59,0,3,0.0,0,0
3857282,Wales,11252.0,Daniel James,52,46,8,0,0,0.0,0,0
3857282,Wales,22074.0,Joseff Morrell,11,99,1,0,3,0.0,0,0
3857282,Wales,29377.0,Brennan Johnson,26,97,6,1,0,0.042556882,0,0
3857282,Wales,34794.0,Neco Williams,122,78,35,0,3,0.0,0,0
3857282,Wales,50528.0,Sorba Thomas,20,100,4,0,1,0.0,0,0
3857283,Belgium,2954.0,Youri Tielemans,89,93,30,0,2,0.0,0,0
3857283,Belgium,3077.0,Jan Vertonghen,290,94,104,1,3,0.03727616,0,0
3857283,Belgium,3089.0,Kevin De Bruyne,201,93,63,3,0,0.052741135,0,0
3857283,Belgium,3176.0,Thomas Meunier,154,80,48,1,3,0.050302412,0,0
3857283,Belgium,3289.0,Romelu Lukaku Menama,11,93,1,0,0,0.0,0,0
3857283,Belgium,3457.0,Michy Batshuayi Tunga,78,74,10,1,2,0.13561569,0,0
3857283,Belgium,3509.0,Thibaut Courtois,91,94,36,0,0,0.0,0,0
3857283,Belgium,3621.0,Eden Hazard,122,59,30,1,1,0.009158539,0,0
3857283,Belgium,5630.0,Dries Mertens,61,93,18,1,2,0.065653466,0,0
3857283,Belgium,5632.0,Thorgan Hazard,160,74,48,0,4,0.0,0,0
3857283,Belgium,5642.0,Axel Witsel,239,95,79,0,4,0.0,0,0
3857283,Belgium,6989.0,Timothy Castagne,225,91,75,0,3,0.0,0,0
3857283,Belgium,16559.0,Leandro Trossard,51,89,14,0,1,0.0,0,0
3857283,Belgium,20005.0,Toby Alderweireld,301,93,100,0,2,0.0,0,0
3857283,Belgium,32688.0,Charles De Ketelaere,26,89,4,0,3,0.0,0,0
3857283,Belgium,48347.0,Amadou Onana,153,59,43,2,3,0.29186468,0,0
3857283,Morocco,3625.0,Sofiane Boufal,99,71,22,1,1,0.01369968,0,0
3857283,Morocco,3634.0,Abdelhamid Sabiri,24,94,6,0,0,0.0,1,0
3857283,Morocco,5219.0,Romain Saïss,127,94,39,1,4,0.56495196,0,1
3857283,Morocco,5233.0,Munir Mohand Mohamedi,62,94,27,0,0,0.0,0,0
3857283,Morocco,5234.0,Sofyan Amrabat,152,94,40,0,4,0.0,0,0
3857283,Morocco,5237.0,Hakim Ziyech,163,94,30,2,5,0.040893083999999996,1,0
3857283,Morocco,5245.0,Achraf Hakimi Mouh,126,66,38,1,4,0.054164495,0,0
3857283,Morocco,6301.0,Youssef En-Nesyri,66,71,6,0,2,0.0,0,0
3857283,Morocco,7459.0,Jawad El Yamiq,7,89,2,0,0,0.0,0,0
3857283,Morocco,12149.0,Nayef Aguerd,126,86,42,0,3,0.0,0,0
3857283,Morocco,15890.0,Noussair Mazraoui,113,83,31,1,3,0.022188112,0,0
3857283,Morocco,21736.0,Zakaria Aboukhlal,27,94,5,1,1,0.18104906,0,1
3857283,Morocco,23774.0,Selim Amallah,102,66,19,1,2,0.054105066,0,0
3857283,Morocco,31295.0,Yahia Attiyat allah,23,89,6,0,0,0.0,0,0
3857283,Morocco,46258.0,Azzedine Ounahi,107,77,30,1,2,0.023304239,0,0
3857283,Morocco,59493.0,Abderrazak Hamdallah,31,94,4,1,4,0.036752854,0,0
3857284,Germany,3167.0,Antonio Rüdiger,327,96,113,3,1,0.229369931,0,0
3857284,Germany,5562.0,Thomas Müller,130,66,41,0,4,0.0,0,0
3857284,Germany,5570.0,Manuel Neuer,148,95,55,0,0,0.0,0,0
3857284,Germany,5579.0,Joshua Kimmich,278,97,97,4,0,0.173883048,0,0
3857284,Germany,6322.0,Niklas Süle,270,97,102,1,1,0.07610536,0,0
3857284,Germany,6324.0,Leon Goretzka,35,96,9,1,0,0.088851534,0,0
3857284,Germany,8227.0,Mario Götze,21,98,5,0,0,0.0,0,0
3857284,Germany,8400.0,Serge Gnabry,166,89,50,6,3,0.44860555300000005,0,0
3857284,Germany,8546.0,Niclas Füllkrug,19,97,4,1,3,0.031593546,0,0
3857284,Germany,8804.0,Jonas Hofmann,62,98,18,1,1,0.32657883,0,0
3857284,Germany,8966.0,Kai Havertz,98,78,22,0,2,0.0,0,0
3857284,Germany,10287.0,İlkay Gündoğan,218,67,69,6,3,1.128953889,0,1
3857284,Germany,12034.0,David Raum,233,95,76,0,5,0.0,0,0
3857284,Germany,24118.0,Nico Schlotterbeck,332,98,119,0,3,0.0,0,0
3857284,Germany,38837.0,Youssoufa Moukoko,4,92,2,0,0,0.0,0,0
3857284,Germany,39565.0,Jamal Musiala,198,78,44,3,3,0.26407773,0,0
3857284,Japan,3300.0,Maya Yoshida,119,97,40,0,3,0.0,0,0
3857284,Japan,3530.0,Hiroki Sakai,101,73,24,1,9,0.28772855,0,0
3857284,Japan,5690.0,Yuto Nagatomo,38,56,14,0,1,0.0,0,0
3857284,Japan,8361.0,Ritsu Doan,28,95,2,1,4,0.4777511,0,1
3857284,Japan,8776.0,Takumi Minamino,21,98,3,1,1,0.013784891,0,0
3857284,Japan,8949.0,Takuma Asano,47,98,6,5,2,0.225983355,0,1
3857284,Japan,9411.0,Daichi Kamada,93,90,21,1,3,0.06444196,0,0
3857284,Japan,23527.0,Junya Ito,88,93,18,1,4,0.06845111,0,0
3857284,Japan,23721.0,Wataru Endo,135,97,31,0,5,0.0,0,0
3857284,Japan,23730.0,Takehiro Tomiyasu,55,96,19,0,1,0.0,0,0
3857284,Japan,25719.0,Shūichi Gonda,101,97,35,0,0,0.0,0,0
3857284,Japan,29595.0,Ko Itakura,85,92,25,1,4,0.034016185,1,0
3857284,Japan,30628.0,Daizen Maeda,52,56,5,1,3,0.07710243,0,0
3857284,Japan,31090.0,Takefusa Kubo,44,46,4,0,2,0.0,0,0
3857284,Japan,37208.0,Ao Tanaka,104,70,30,0,3,0.0,0,0
3857284,Japan,37211.0,Kaoru Mitoma,53,96,17,0,3,0.0,0,0
3857285,Netherlands,2988.0,Memphis Depay,67,98,12,1,1,0.102816984,0,0
3857285,Netherlands,3264.0,Vincent Janssen,65,61,12,2,3,0.15551722,0,0
3857285,Netherlands,3306.0,Nathan Aké,201,90,64,0,4,0.0,0,0
3857285,Netherlands,3311.0,Daley Blind,160,97,58,1,3,0.04866169,0,0
3857285,Netherlands,3669.0,Virgil van Dijk,170,96,61,2,3,0.114081776,0,0
3857285,Netherlands,4318.0,Davy Klaassen,21,98,4,1,0,0.34814927,0,1
3857285,Netherlands,6994.0,Marten de Roon,4,99,1,0,0,0.0,0,0
3857285,Netherlands,7745.0,Steven Berghuis,142,78,44,2,1,0.06862412000000001,0,0
3857285,Netherlands,7891.0,Teun Koopmeiners,28,98,6,0,2,0.0,0,0
3857285,Netherlands,8069.0,Matthijs de Ligt,137,98,45,0,2,0.0,0,0
3857285,Netherlands,8118.0,Frenkie de Jong,212,97,67,0,3,0.0,1,0
3857285,Netherlands,8125.0,Denzel Dumfries,148,98,43,0,6,0.0,0,0
3857285,Netherlands,8259.0,Steven Bergwijn,77,78,19,0,1,0.0,0,0
3857285,Netherlands,8326.0,Andries Noppert,72,98,28,0,0,0.0,0,0
3857285,Netherlands,20750.0,Cody Mathès Gakpo,83,93,27,1,0,0.28603274,0,1
3857285,Senegal,2941.0,Ismaïla Sarr,120,99,22,3,6,0.158767545,0,0
3857285,Senegal,3404.0,Youssouf Sabaly,209,99,70,2,3,0.0178921875,0,0
3857285,Senegal,3436.0,Idrissa Gana Gueye,163,99,44,2,3,0.090347755,0,0
3857285,Senegal,3684.0,Cheikhou Kouyaté,95,73,26,0,2,0.0,0,0
3857285,Senegal,4506.0,Nampalys Mendy,159,99,50,0,4,0.0,0,0
3857285,Senegal,5675.0,Kalidou Koulibaly,148,99,48,0,1,0.0,0,0
3857285,Senegal,7379.0,Edouard Mendy,88,98,32,0,0,0.0,0,0
3857285,Senegal,8553.0,Abdou Diallo,103,61,27,0,4,0.0,0,0
3857285,Senegal,15970.0,Pape Abou Cissé,92,99,26,0,2,0.0,0,0
3857285,Senegal,20611.0,Boulaye Dia,65,68,11,2,3,0.077079646,0,0
3857285,Senegal,20758.0,Krépin Diatta,134,73,36,2,0,0.08950830700000001,0,0
3857285,Senegal,21026.0,Pape Gueye,37,99,14,1,0,0.008650101,0,0
3857285,Senegal,32915.0,Ismail Jakobs,44,99,11,1,3,0.014392905,0,0
3857285,Senegal,50497.0,Nicolas Jackson,43,97,10,0,2,0.0,0,0
3857285,Senegal,88123.0,Cheikh Ahmadou Bamba Mbacke Dieng,24,99,3,2,2,0.23485426,0,0
3857286,Ecuador,12803.0,Romario Andrés Ibarra Mina,72,67,14,2,1,0.136638454,0,0
3857286,Ecuador,23830.0,Jhegson Sebastián Méndez Carabalí,232,93,78,0,4,0.0,0,0
3857286,Ecuador,24085.0,Pervis Josué Estupiñán Tenorio,218,95,75,0,4,0.0,0,0
3857286,Ecuador,28559.0,Enner Remberto Valencia Lastra,116,75,20,2,4,0.8722808799999999,0,2
3857286,Ecuador,30111.0,Felix Eduardo Torres Caicedo,163,94,63,0,0,0.0,0,0
3857286,Ecuador,31152.0,Gonzalo Jordy Plata Jiménez,166,93,35,0,4,0.0,0,0
3857286,Ecuador,34396.0,Michael Steveen Estrada Martínez,101,89,19,0,8,0.0,0,0
3857286,Ecuador,36148.0,José Adoni Cifuentes Charcopa,41,92,9,0,0,0.0,0,0
3857286,Ecuador,37522.0,Hernán Ismael Galíndez,41,86,19,0,0,0.0,0,0
3857286,Ecuador,37726.0,Moisés Isaac Caicedo Corozo,139,89,49,0,0,0.0,0,0
3857286,Ecuador,37737.0,Angelo Smit Preciado Quiñónez,151,93,53,1,4,0.0066099144,1,0
3857286,Ecuador,37945.0,Alan Steven Franco Palma,20,93,6,0,0,0.0,0,0
3857286,Ecuador,38004.0,Piero Martín Hincapié Reyna,205,93,72,0,0,0.0,0,0
3857286,Ecuador,40211.0,Jeremy Leonel Sarmiento Morante,38,93,7,0,3,0.0,0,0
3857286,Ecuador,348757.0,Kevin José Rodríguez Cortez,8,94,0,1,1,0.13848205,0,0
3857286,Qatar,40784.0,Akram Hassan Afif,152,95,36,1,0,0.009109482,0,0
3857286,Qatar,124488.0,Hassan Khalid Al Heidos,112,71,28,0,3,0.0,0,0
3857286,Qatar,124492.0,Karim Boudiaf,151,93,49,0,2,0.0,0,0
3857286,Qatar,124493.0,Boualem Khoukhi,219,94,76,0,4,0.0,0,0
3857286,Qatar,124494.0,Abdelkarim Hassan Al Haj Fadlalla,203,94,66,1,2,0.0062173195,0,0
3857286,Qatar,124495.0,Almoez Ali Zainalabiddin Abdulla,59,71,10,1,3,0.21267414,0,0
3857286,Qatar,124496.0,Saad Abdullah Al Sheeb,61,94,21,0,0,0.0,0,0
3857286,Qatar,124503.0,Bassam Hisham Al Rawi,166,94,57,0,0,0.0,0,0
3857286,Qatar,124506.0,Pedro Miguel Correia,119,92,34,1,0,0.030855335,0,0
3857286,Qatar,124514.0,Abdulaziz Hatem Mohammed Abdullah,149,94,44,0,3,0.0,0,0
3857286,Qatar,124900.0,Homam Alamin Ahmed,141,93,39,0,4,0.0,0,0
3857286,Qatar,124901.0,Mohammed Muntari,21,93,4,1,2,0.045332674,0,0
3857286,Qatar,124909.0,Mohammed Waed Abdulwahhab Al Bayati,23,93,4,0,1,0.0,0,0
3857287,South Korea,3083.0,Heung-Min Son,128,96,30,1,3,0.0335565,0,0
3857287,South Korea,5604.0,Young-Gwon Kim,125,94,43,0,2,0.0,0,0
3857287,South Korea,5618.0,Woo-Young Jung,176,96,57,0,1,0.0,0,0
3857287,South Korea,5623.0,Jae-Sung Lee,132,73,35,0,6,0.0,0,0
3857287,South Korea,22740.0,Kang-In Lee,44,96,9,1,1,0.023162797,0,0
3857287,South Korea,23763.0,In-Beom Hwang,204,96,62,2,3,0.030101088999999998,0,0
3857287,South Korea,29966.0,Ui-Jo Hwang,77,73,8,1,10,0.323128,0,0
3857287,South Korea,37641.0,Seung-Gyu Kim,78,97,33,0,0,0.0,0,0
3857287,South Korea,40538.0,Jin-Su Kim,86,96,29,0,7,0.0,0,0
3857287,South Korea,40542.0,Gue-Sung Cho,45,95,7,1,4,0.036145955,0,0
3857287,South Korea,40558.0,Jun-Ho Son,34,96,13,0,0,0.0,0,0
3857287,South Korea,40672.0,Moon-Hwan Kim,169,96,63,0,4,0.0,0,0
3857287,South Korea,41711.0,Sang-Ho Na,127,74,22,0,4,0.0,0,0
3857287,South Korea,43565.0,Min Jae Kim,146,96,52,1,2,0.046898182,0,0
3857287,Uruguay,4319.0,Edinson Roberto Cavani Gómez,35,96,6,2,1,0.10494056,0,0
3857287,Uruguay,5246.0,Luis Alberto Suárez Díaz,63,63,13,0,2,0.0,0,0
3857287,Uruguay,5248.0,José Martín Cáceres Silva,215,94,81,0,2,0.0,0,0
3857287,Uruguay,5249.0,Diego Roberto Godín Leal,227,96,75,1,3,0.054689027,0,0
3857287,Uruguay,5255.0,Matías Vecino Falero,141,77,40,1,3,0.052239094,0,0
3857287,Uruguay,5259.0,José María Giménez de Vargas,236,95,79,1,4,0.046385217,0,0
3857287,Uruguay,5260.0,Rodrigo Bentancur Colmán,252,96,78,1,3,0.052523207,0,0
3857287,Uruguay,5264.0,Guillermo Varela Olivera,10,96,3,0,0,0.0,0,0
3857287,Uruguay,6773.0,Federico Santiago Valverde Dipetta,204,96,61,3,4,0.07833912600000001,0,0
3857287,Uruguay,7104.0,Mathías Olivera Miramontes,151,78,48,0,4,0.0,0,0
3857287,Uruguay,28729.0,Diego Nicolás De La Cruz Arcosa,42,96,12,0,0,0.0,0,0
3857287,Uruguay,32478.0,Darwin Gabriel Núñez Ribeiro,106,94,22,1,4,0.028178101,0,0
3857287,Uruguay,34476.0,Matías Nicolás Viña Susperreguy,27,96,9,0,2,0.0,0,0
3857287,Uruguay,36288.0,Facundo Pellistri Rebollo,108,87,20,0,8,0.0,0,0
3857287,Uruguay,36710.0,Sergio Rochet Álvarez,60,93,23,0,0,0.0,0,0
3857288,Australia,3240.0,Mathew Ryan,93,96,38,0,0,0.0,0,0
3857288,Australia,3281.0,Aaron Mooy,161,92,51,1,7,0.039191317,0,0
3857288,Australia,5479.0,Aziz Eraltay Behich,133,95,42,0,2,0.0,0,0
3857288,Australia,5481.0,Mathew Leckie,161,84,28,0,10,0.0,0,0
3857288,Australia,5490.0,Jackson Irvine,111,95,32,1,6,0.07543106,0,0
3857288,Australia,8346.0,Craig Goodwin,137,84,33,0,8,0.0,0,0
3857288,Australia,8859.0,Ajdin Hrustic,68,94,13,0,0,0.0,0,0
3857288,Australia,9980.0,Jamie MacLaren,41,95,10,0,2,0.0,0,0
3857288,Australia,15957.0,Miloš Degenek,19,95,7,0,2,0.0,0,0
3857288,Australia,22293.0,Harry Souttar,94,94,34,0,2,0.0,0,0
3857288,Australia,24475.0,Awer Denis Bul Mabil,13,95,1,0,0,0.0,0,0
3857288,Australia,28370.0,Fran Karačić,111,74,39,3,5,0.05547327569999999,0,0
3857288,Australia,33477.0,Riley McGree,99,63,20,0,1,0.0,0,0
3857288,Australia,33488.0,Keanu Baccus,21,95,5,0,1,0.0,0,0
3857288,Australia,33492.0,Mitchell Thomas Duke,100,63,18,4,3,0.188942116,0,1
3857288,Australia,33495.0,Kye Rowles,96,86,33,0,4,0.0,0,0
3857288,Tunisia,3196.0,Wahbi Khazri,45,95,10,2,3,0.114067132,0,0
3857288,Tunisia,3557.0,Naïm Sliti,155,95,40,1,3,0.1403044,0,0
3857288,Tunisia,3767.0,Ellyes Joris Skhiri,182,95,57,0,2,0.0,0,0
3857288,Tunisia,5650.0,Ferjani Sassi,109,94,32,1,2,0.020219443,0,0
3857288,Tunisia,5651.0,Yassine Meriah,248,95,80,0,5,0.0,0,0
3857288,Tunisia,5655.0,Dylan Daniel Mahmoud Bronn,160,72,54,0,4,0.0,0,0
3857288,Tunisia,9236.0,Mohamed Dräger,79,49,20,2,3,0.249552659,0,0
3857288,Tunisia,16352.0,Issam Jebali,95,72,15,0,7,0.0,0,0
3857288,Tunisia,23910.0,Youssef Msakni,184,95,45,6,6,0.5029509569999999,0,0
3857288,Tunisia,30681.0,Ali Abdi,204,95,64,0,8,0.0,0,0
3857288,Tunisia,32450.0,Montassar Omar Talbi,190,94,58,1,6,0.012159805,0,0
3857288,Tunisia,44955.0,Aïssa Bilal Laïdouni,115,66,31,0,3,0.0,0,0
3857288,Tunisia,105943.0,Aymen Dahmen,60,94,23,0,0,0.0,0,0
3857288,Tunisia,105944.0,Wajdi Kechrida,39,94,18,0,0,0.0,0,0
3857288,Tunisia,128793.0,Taha Yassine Khenissi,21,94,1,1,1,0.012915949,0,0
3857289,Argentina,2995.0,Ángel Fabián Di María Hernández,125,68,29,0,0,0.0,1,0
3857289,Argentina,3090.0,Nicolás Hernán Otamendi,248,95,84,0,5,0.0,0,0
3857289,Argentina,5503.0,Lionel Andrés Messi Cuccittini,194,95,45,2,3,0.101247489,1,1
3857289,Argentina,6909.0,Damián Emiliano Martínez,62,96,27,0,0,0.0,0,0
3857289,Argentina,7797.0,Rodrigo Javier De Paul,228,94,70,0,4,0.0,0,0
3857289,Argentina,11456.0,Lautaro Javier Martínez,59,62,7,1,3,0.13799548,0,0
3857289,Argentina,19597.0,Marcos Javier Acuña,129,96,37,0,4,0.0,0,0
3857289,Argentina,20572.0,Cristian Gabriel Romero,16,94,4,0,0,0.0,0,0
3857289,Argentina,26404.0,Guido Rodríguez,181,56,62,0,2,0.0,0,0
3857289,Argentina,27768.0,Lisandro Martínez,169,96,56,0,4,0.0,0,0
3857289,Argentina,27886.0,Alexis Mac Allister,131,68,38,0,4,0.0,0,0
3857289,Argentina,28263.0,Gonzalo Ariel Montiel,164,62,53,0,0,0.0,0,0
3857289,Argentina,28268.0,Exequiel Alejandro Palacios,28,95,6,0,1,0.0,0,0
3857289,Argentina,29201.0,Nahuel Molina Lucero,34,95,13,1,1,0.050896797,0,0
3857289,Argentina,29560.0,Julián Álvarez,47,96,8,0,5,0.0,0,0
3857289,Argentina,38718.0,Enzo Fernandez,88,96,28,1,2,0.035064373,0,1
3857289,Mexico,5563.0,José Andrés Guardado Hernández,59,40,16,0,3,0.0,0,0
3857289,Mexico,5568.0,Raúl Alonso Jiménez Rodríguez,44,94,14,0,1,0.0,0,0
3857289,Mexico,5571.0,Hirving Rodrigo Lozano Bahena,104,72,7,1,8,0.040303126,0,0
3857289,Mexico,5573.0,Héctor Alfredo Moreno Herrera,139,95,48,0,2,0.0,0,0
3857289,Mexico,5575.0,Héctor Miguel Herrera López,144,96,42,0,4,0.0,0,0
3857289,Mexico,5576.0,Jesús Daniel Gallardo Vasconcelos,112,95,28,0,4,0.0,0,0
3857289,Mexico,5577.0,Francisco Guillermo Ochoa Magaña,74,94,31,0,0,0.0,0,0
3857289,Mexico,11388.0,Néstor Alejandro Araújo Razo,153,96,56,0,2,0.0,0,0
3857289,Mexico,15452.0,Carlos Uriel Antuna Romero,33,94,6,0,2,0.0,0,0
3857289,Mexico,15872.0,Érick Gabriel Gutiérrez Galaviz,105,95,30,0,1,0.0,0,0
3857289,Mexico,26301.0,Ernesto Alexis Vega Rojas,83,65,9,2,5,0.0671939257,0,0
3857289,Mexico,26368.0,César Jasib Montes Castro,168,94,58,1,2,0.0988946,0,0
3857289,Mexico,26375.0,Roberto Carlos Alvarado Hernández,49,95,11,0,0,0.0,0,0
3857289,Mexico,28825.0,Luis Gerardo Chávez Magallón,117,94,30,0,2,0.0,0,0
3857289,Mexico,30500.0,Kevin Nahin Álvarez Campos,73,65,17,0,3,0.0,0,0
3857290,Cameroon,3141.0,André-Frank Zambo Anguissa,207,93,60,1,3,0.046351306,0,0
3857290,Cameroon,3499.0,Jean-Eric Maxim Choupo-Moting,78,73,19,2,1,0.0541181275,0,0
3857290,Cameroon,3551.0,Karl Brillant Toko Ekambi,117,73,31,1,4,0.15900026,0,0
3857290,Cameroon,3639.0,Georges-Kévin Nkoudou Mbida,42,95,3,0,2,0.0,0,0
3857290,Cameroon,4935.0,Bryan Mbeumo,151,80,43,1,7,0.016072592,0,0
3857290,Cameroon,7426.0,Jean-Charles Castelletto,155,94,45,0,2,0.0,0,0
3857290,Cameroon,7472.0,Nicolas Alexis Julio N'Koulou Ndoubena,192,94,60,1,2,0.24569963,0,0
3857290,Cameroon,8064.0,André Onana,148,95,60,0,0,0.0,0,0
3857290,Cameroon,8591.0,Samuel Yves Oum Gwet,160,93,51,0,3,0.0,0,0
3857290,Cameroon,11174.0,Vincent Paté Aboubakar,26,93,8,0,1,0.0,0,0
3857290,Cameroon,13454.0,Nouhou Tolo,146,94,46,0,5,0.0,0,0
3857290,Cameroon,16015.0,Nicolas Moumi Ngamaleu,13,91,3,0,0,0.0,0,0
3857290,Cameroon,16346.0,Ngoran Suiru Fai Collins,173,95,60,1,3,0.009452554,0,0
3857290,Cameroon,28966.0,Gaël Ondoua,35,89,9,0,0,0.0,0,0
3857290,Cameroon,30016.0,Martin Hongla Yma II,124,67,35,1,0,0.08237888,0,0
3857290,Switzerland,3500.0,Granit Xhaka,147,95,43,2,4,0.060987956,0,0
3857290,Switzerland,3533.0,Xherdan Shaqiri,135,71,41,0,1,0.0,1,0
3857290,Switzerland,5543.0,Haris Seferović,30,94,5,1,2,0.27028984,0,0
3857290,Switzerland,5544.0,Ricardo Iván Rodríguez Araya,172,89,57,0,1,0.0,0,0
3857290,Switzerland,5545.0,Breel-Donald Embolo,102,71,18,1,2,0.55189455,0,1
3857290,Switzerland,5549.0,Manuel Obafemi Akanji,188,95,65,1,1,0.15555824,0,0
3857290,Switzerland,5550.0,Yann Sommer,89,94,34,0,0,0.0,0,0
3857290,Switzerland,6983.0,Remo Freuler,205,92,64,0,5,0.0,0,0
3857290,Switzerland,7796.0,Silvan Widmer,165,94,50,0,3,0.0,0,0
3857290,Switzerland,8561.0,Fabian Frei,38,93,10,0,0,0.0,0,0
3857290,Switzerland,8814.0,Nico Elvedi,208,93,69,1,5,0.19001445,0,0
3857290,Switzerland,16026.0,Djibril Sow,123,70,34,0,2,0.0,0,0
3857290,Switzerland,29006.0,Noah Okafor,47,95,11,0,0,0.0,0,0
3857290,Switzerland,29012.0,Eray Ervin Cömert,6,93,3,0,0,0.0,0,0
3857290,Switzerland,30401.0,Ruben Vargas,135,80,36,1,2,0.1977995,0,0
3857290,Switzerland,50436.0,Fabian Rieder,32,95,9,0,1,0.0,0,0
3857291,Costa Rica,5581.0,Joel Nathaniel Campbell Samuels,112,96,24,0,5,0.0,0,0
3857291,Costa Rica,5582.0,Celso Borges Mora,64,71,19,0,2,0.0,0,0
3857291,Costa Rica,5592.0,Bryan Ruiz González,46,97,13,0,4,0.0,0,0
3857291,Costa Rica,5597.0,Keylor Navas Gamboa,67,97,25,0,0,0.0,0,0
3857291,Costa Rica,5598.0,Óscar Esau Duarte Gaitán,84,94,27,0,1,0.0,0,0
3857291,Costa Rica,5600.0,Francisco Javier Calvo Quesada,92,93,26,0,6,0.0,0,0
3857291,Costa Rica,5836.0,Bryan Oviedo,70,81,19,0,3,0.0,0,0
3857291,Costa Rica,5839.0,Yeltsin Ignacio Tejeda Valverde,60,94,19,0,2,0.0,0,0
3857291,Costa Rica,6328.0,Kendall Jamaal Waston Manley,38,90,14,0,1,0.0,0,0
3857291,Costa Rica,15477.0,Ronald Alberto Matarrita Ulate,36,93,12,0,1,0.0,0,0
3857291,Costa Rica,108340.0,Brandon Aguilera Zamora,37,98,6,0,0,0.0,0,0
3857291,Costa Rica,130185.0,Keysher Fuller Spence,76,94,15,0,2,0.0,0,0
3857291,Costa Rica,132271.0,Carlos Manuel Martínez Castro,51,45,14,0,3,0.0,0,0
3857291,Costa Rica,132296.0,Anthony Daniel Contreras Enríquez,45,60,7,0,3,0.0,0,0
3857291,Costa Rica,132728.0,Jewison Bennette,55,60,5,0,2,0.0,0,0
3857291,Costa Rica,184468.0,Álvaro José Zamora Mata,32,94,5,0,3,0.0,0,0
3857291,Spain,3477.0,Álvaro Borja Morata Martín,50,91,9,2,0,0.22854048999999999,1,1
3857291,Spain,3957.0,César Azpilicueta Tanco,308,98,106,0,2,0.0,0,0
3857291,Spain,4353.0,Aymeric Laporte,436,94,151,0,3,0.0,0,0
3857291,Spain,5199.0,Jorge Resurrección Merodio,142,98,50,0,0,0.0,0,0
3857291,Spain,5203.0,Sergio Busquets i Burgos,260,63,96,0,4,0.0,0,0
3857291,Spain,5211.0,Jordi Alba Ramos,326,63,119,0,2,0.0,1,0
3857291,Spain,5719.0,Marco Asensio Willemsen,162,68,40,5,1,0.391805705,0,1
3857291,Spain,6583.0,Carlos Soler Barragán,139,97,44,3,1,0.448478854,0,1
3857291,Spain,6748.0,Ferrán Torres García,113,56,25,2,2,0.88848973,0,2
3857291,Spain,6765.0,Rodrigo Hernández Cascante,389,97,142,0,1,0.0,0,0
3857291,Spain,11748.0,Unai Simón Mendibil,106,93,36,0,0,0.0,0,0
3857291,Spain,16532.0,Daniel Olmo Carvajal,250,96,71,4,3,0.748379587,1,1
3857291,Spain,30486.0,Pedro González López,267,56,87,0,2,0.0,0,0
3857291,Spain,39161.0,Alejandro Balde Martínez,105,97,32,0,1,0.0,0,0
3857291,Spain,68574.0,Nicholas Williams Arthuer,50,94,9,0,1,0.0,0,0
3857291,Spain,133353.0,Pablo Martín Páez Gavira,266,97,73,1,6,0.056229107,0,1
3857292,Costa Rica,5581.0,Joel Nathaniel Campbell Samuels,247,99,67,0,3,0.0,0,0
3857292,Costa Rica,5582.0,Celso Borges Mora,116,98,36,0,2,0.0,0,0
3857292,Costa Rica,5595.0,Johan Alberto Venegas Ulloa,87,73,14,0,4,0.0,0,0
3857292,Costa Rica,5597.0,Keylor Navas Gamboa,93,99,34,0,0,0.0,0,0
3857292,Costa Rica,5598.0,Óscar Esau Duarte Gaitán,76,98,22,0,3,0.0,0,0
3857292,Costa Rica,5836.0,Bryan Oviedo,95,92,27,0,3,0.0,0,0
3857292,Costa Rica,5839.0,Yeltsin Ignacio Tejeda Valverde,118,92,30,2,5,0.522077037,0,1
3857292,Costa Rica,6328.0,Kendall Jamaal Waston Manley,71,99,21,1,3,0.099276,0,0
3857292,Costa Rica,15477.0,Ronald Alberto Matarrita Ulate,51,99,17,0,1,0.0,0,0
3857292,Costa Rica,27163.0,Juan Pablo Vargas Campos,97,100,28,1,4,0.18427365,0,0
3857292,Costa Rica,108340.0,Brandon Aguilera Zamora,81,45,19,0,0,0.0,0,0
3857292,Costa Rica,130185.0,Keysher Fuller Spence,81,73,22,2,1,0.191305855,0,0
3857292,Costa Rica,132296.0,Anthony Daniel Contreras Enríquez,20,99,6,0,0,0.0,0,0
3857292,Costa Rica,132728.0,Jewison Bennette,60,99,7,1,2,0.037811525,0,0
3857292,Costa Rica,132756.0,Youstin Delfin Salas Gómez,66,97,18,0,6,0.0,0,0
3857292,Costa Rica,135271.0,Roan Roberto Wilson Gordon,28,99,6,0,1,0.0,0,0
3857292,Germany,3053.0,Leroy Sané,175,99,47,3,4,0.18344245,1,0
3857292,Germany,3167.0,Antonio Rüdiger,250,98,86,1,2,0.41498688,0,0
3857292,Germany,5562.0,Thomas Müller,92,65,19,3,1,0.270048914,0,0
3857292,Germany,5570.0,Manuel Neuer,79,98,29,0,0,0.0,0,0
3857292,Germany,5579.0,Joshua Kimmich,375,99,135,1,3,0.011488004,0,0
3857292,Germany,6322.0,Niklas Süle,288,93,103,0,0,0.0,0,0
3857292,Germany,6324.0,Leon Goretzka,74,45,24,2,0,0.33539641,0,0
3857292,Germany,8227.0,Mario Götze,54,98,11,1,3,0.066507556,0,0
3857292,Germany,8400.0,Serge Gnabry,174,99,45,4,4,0.225969797,1,1
3857292,Germany,8507.0,Lukas Klostermann,108,98,38,0,3,0.0,0,0
3857292,Germany,8546.0,Niclas Füllkrug,43,98,14,4,1,1.054489313,1,1
3857292,Germany,8808.0,Matthias Ginter,11,99,3,0,1,0.0,0,0
3857292,Germany,8966.0,Kai Havertz,61,99,11,5,1,1.155300964,0,2
3857292,Germany,10287.0,İlkay Gündoğan,223,53,77,0,1,0.0,0,0
3857292,Germany,12034.0,David Raum,191,65,71,0,2,0.0,1,0
3857292,Germany,39565.0,Jamal Musiala,264,99,53,7,2,0.598476109,0,0
3857293,Ghana,3347.0,André Ayew Pelé,58,52,8,1,4,0.7835,0,0
3857293,Ghana,3450.0,Jordan Ayew,59,50,9,1,3,0.07146578,0,0
3857293,Ghana,3709.0,Daniel Amartey,160,93,51,0,5,0.0,0,0
3857293,Ghana,6383.0,Thomas Teye Partey,248,95,78,0,4,0.0,0,0
3857293,Ghana,6393.0,Iñaki Williams Arthuer,76,71,14,0,3,0.0,0,0
3857293,Ghana,8108.0,Lawrence Ati-Zigi,62,99,26,0,0,0.0,0,0
3857293,Ghana,9286.0,Antoine Semenyo,36,97,3,1,4,0.12024433,0,0
3857293,Ghana,12325.0,Abdul Rahman Baba,171,97,61,0,6,0.0,0,0
3857293,Ghana,17033.0,Mohammed Kudus,183,97,34,4,4,0.251843197,0,0
3857293,Ghana,28616.0,Daniel-Kofi Kyereh,62,95,18,0,2,0.0,0,0
3857293,Ghana,30519.0,Mohamed Salisu,169,98,59,0,3,0.0,0,0
3857293,Ghana,31029.0,Salis Abdul Samed,190,71,51,0,3,0.0,0,0
3857293,Ghana,35658.0,Kamaldeen Sulemana,80,97,16,1,0,0.081227794,0,0
3857293,Ghana,44225.0,Osman Bukari,66,98,13,1,2,0.08441304,0,0
3857293,Ghana,45047.0,Alidu Seidu,183,98,52,0,8,0.0,0,0
3857293,Ghana,136306.0,Abdul Fatawu Issahaku,3,98,0,0,0,0.0,0,0
3857293,Uruguay,4319.0,Edinson Roberto Cavani Gómez,43,100,13,0,0,0.0,0,0
3857293,Uruguay,5246.0,Luis Alberto Suárez Díaz,102,65,20,1,2,0.2733873,1,0
3857293,Uruguay,5255.0,Matías Vecino Falero,148,97,46,0,4,0.0,0,0
3857293,Uruguay,5258.0,Giorgian Daniel De Arrascaeta Benedetti,137,79,26,2,7,0.87843627,0,2
3857293,Uruguay,5259.0,José María Giménez de Vargas,108,100,37,1,1,0.03238874,0,0
3857293,Uruguay,5260.0,Rodrigo Bentancur Colmán,70,33,19,0,3,0.0,0,0
3857293,Uruguay,5264.0,Guillermo Varela Olivera,169,97,55,0,3,0.0,0,0
3857293,Uruguay,6297.0,Maximiliano Gómez González,19,98,3,1,1,0.030132728,0,0
3857293,Uruguay,6300.0,Sebastián Coates Nión,124,98,47,1,1,0.103292696,0,0
3857293,Uruguay,6773.0,Federico Santiago Valverde Dipetta,231,98,76,3,3,0.0186852516,0,0
3857293,Uruguay,7104.0,Mathías Olivera Miramontes,157,98,52,0,5,0.0,0,0
3857293,Uruguay,28729.0,Diego Nicolás De La Cruz Arcosa,58,99,12,1,1,0.0429242,0,0
3857293,Uruguay,32478.0,Darwin Gabriel Núñez Ribeiro,109,79,15,1,6,0.15781382,0,0
3857293,Uruguay,36288.0,Facundo Pellistri Rebollo,86,65,14,1,3,0.099497445,0,0
3857293,Uruguay,36666.0,Agustín Canobbio Graviz,32,97,7,0,4,0.0,0,0
3857293,Uruguay,36710.0,Sergio Rochet Álvarez,78,98,27,0,0,0.0,0,0
3857294,Netherlands,2988.0,Memphis Depay,149,65,33,5,1,0.585236477,0,0
3857294,Netherlands,3264.0,Vincent Janssen,47,95,8,0,0,0.0,0,0
3857294,Netherlands,3306.0,Nathan Aké,299,95,99,0,2,0.0,0,0
3857294,Netherlands,3311.0,Daley Blind,321,95,110,2,2,0.149410705,0,0
3857294,Netherlands,3669.0,Virgil van Dijk,238,96,86,0,0,0.0,0,0
3857294,Netherlands,4318.0,Davy Klaassen,119,65,35,1,2,0.08364612,1,0
3857294,Netherlands,6994.0,Marten de Roon,216,82,69,0,5,0.0,0,0
3857294,Netherlands,7745.0,Steven Berghuis,106,95,33,1,1,0.010698183,0,0
3857294,Netherlands,7829.0,Wout Weghorst,23,95,2,0,1,0.0,0,0
3857294,Netherlands,7891.0,Teun Koopmeiners,54,95,15,0,0,0.0,0,0
3857294,Netherlands,8118.0,Frenkie de Jong,290,85,94,2,2,0.720993446,0,1
3857294,Netherlands,8125.0,Denzel Dumfries,186,92,56,0,3,0.0,0,0
3857294,Netherlands,8326.0,Andries Noppert,64,94,28,0,0,0.0,0,0
3857294,Netherlands,20750.0,Cody Mathès Gakpo,144,82,40,2,3,0.16396834200000002,0,1
3857294,Netherlands,21809.0,Jurriën David Norman Timber,356,95,115,0,3,0.0,0,0
3857294,Netherlands,21879.0,Kenneth Taylor,26,95,9,0,0,0.0,0,0
3857294,Qatar,40784.0,Akram Hassan Afif,250,94,81,0,0,0.0,0,0
3857294,Qatar,124488.0,Hassan Khalid Al Heidos,128,63,24,1,3,0.015712837,0,0
3857294,Qatar,124490.0,Ahmed Alaa Eldin Abdelmotaal,8,95,2,0,0,0.0,0,0
3857294,Qatar,124492.0,Karim Boudiaf,74,95,23,0,1,0.0,0,0
3857294,Qatar,124493.0,Boualem Khoukhi,171,95,54,0,1,0.0,0,0
3857294,Qatar,124494.0,Abdelkarim Hassan Al Haj Fadlalla,143,89,45,1,2,0.067132466,0,0
3857294,Qatar,124495.0,Almoez Ali Zainalabiddin Abdulla,85,64,14,0,7,0.0,0,0
3857294,Qatar,124500.0,Assim Omer Al Haj Madibo,107,63,30,0,2,0.0,0,0
3857294,Qatar,124506.0,Pedro Miguel Correia,141,95,45,1,5,0.00621196,0,0
3857294,Qatar,124510.0,Meshaal Aissa Barsham,77,93,31,0,0,0.0,0,0
3857294,Qatar,124512.0,Mosaab Khoder Jibril,14,95,3,0,1,0.0,0,0
3857294,Qatar,124514.0,Abdulaziz Hatem Mohammed Abdullah,129,84,39,1,0,0.024495702,0,0
3857294,Qatar,124899.0,Ismaeel Mohammad Mohammad,105,84,29,1,1,0.03016361,0,0
3857294,Qatar,124900.0,Homam Alamin Ahmed,98,95,30,0,1,0.0,0,0
3857294,Qatar,124901.0,Mohammed Muntari,56,95,13,0,1,0.0,0,0
3857294,Qatar,149463.0,Ali Assadalla Thaimn Qambar,71,93,23,0,1,0.0,0,0
3857295,Costa Rica,5581.0,Joel Nathaniel Campbell Samuels,204,94,46,1,5,0.051288527,0,0
3857295,Costa Rica,5582.0,Celso Borges Mora,183,88,58,0,2,0.0,0,0
3857295,Costa Rica,5597.0,Keylor Navas Gamboa,103,94,42,0,0,0.0,0,0
3857295,Costa Rica,5598.0,Óscar Esau Duarte Gaitán,148,92,48,0,3,0.0,0,0
3857295,Costa Rica,5600.0,Francisco Javier Calvo Quesada,239,96,75,1,3,0.014244432,0,0
3857295,Costa Rica,5836.0,Bryan Oviedo,129,95,43,0,2,0.0,0,0
3857295,Costa Rica,5839.0,Yeltsin Ignacio Tejeda Valverde,160,92,49,0,3,0.0,1,0
3857295,Costa Rica,6328.0,Kendall Jamaal Waston Manley,136,92,42,0,5,0.0,0,0
3857295,Costa Rica,108340.0,Brandon Aguilera Zamora,44,96,10,0,3,0.0,0,0
3857295,Costa Rica,130185.0,Keysher Fuller Spence,108,93,24,1,2,0.120298475,0,1
3857295,Costa Rica,132296.0,Anthony Daniel Contreras Enríquez,84,64,12,0,7,0.0,0,0
3857295,Costa Rica,132497.0,Gerson Torres Barrantes,107,64,17,1,1,0.01353695,0,0
3857295,Costa Rica,132728.0,Jewison Bennette,33,96,3,0,1,0.0,0,0
3857295,Costa Rica,132756.0,Youstin Delfin Salas Gómez,4,94,0,0,0,0.0,0,0
3857295,Costa Rica,132772.0,Daniel Alonso Chacón Salas,3,96,1,0,0,0.0,0,0
3857295,Japan,3300.0,Maya Yoshida,337,95,117,0,2,0.0,0,0
3857295,Japan,5690.0,Yuto Nagatomo,141,45,48,0,2,0.0,0,0
3857295,Japan,8361.0,Ritsu Doan,103,66,15,1,5,0.015573137,0,0
3857295,Japan,8776.0,Takumi Minamino,27,96,7,0,1,0.0,0,0
3857295,Japan,8949.0,Takuma Asano,45,92,6,2,1,0.138847712,0,0
3857295,Japan,9411.0,Daichi Kamada,153,94,34,2,1,0.19429146,0,0
3857295,Japan,23527.0,Junya Ito,38,95,7,0,0,0.0,0,0
3857295,Japan,23721.0,Wataru Endo,297,96,89,3,4,0.11480468599999999,0,0
3857295,Japan,25719.0,Shūichi Gonda,50,93,19,0,0,0.0,0,0
3857295,Japan,29595.0,Ko Itakura,222,95,68,1,5,0.07774679,0,0
3857295,Japan,37122.0,Yuki Soma,93,81,20,3,0,0.13489698,0,0
3857295,Japan,37209.0,Miki Yamane,85,61,33,0,1,0.0,0,0
3857295,Japan,37211.0,Kaoru Mitoma,55,94,14,0,1,0.0,0,0
3857295,Japan,37221.0,Hidemasa Morita,226,93,68,1,3,0.09737273,0,0
3857295,Japan,38285.0,Ayase Ueda,83,45,11,0,0,0.0,0,0
3857295,Japan,95272.0,Hiroki Ito,165,94,63,0,0,0.0,0,0
3857296,Belgium,2954.0,Youri Tielemans,43,92,12,0,1,0.0,0,0
3857296,Belgium,3077.0,Jan Vertonghen,260,93,89,1,0,0.07045005,0,0
3857296,Belgium,3089.0,Kevin De Bruyne,128,90,38,2,2,0.0549966988,0,0
3857296,Belgium,3176.0,Thomas Meunier,219,86,69,1,5,0.04308796,0,0
3857296,Belgium,3289.0,Romelu Lukaku Menama,48,92,8,5,0,1.68415473,0,0
3857296,Belgium,3509.0,Thibaut Courtois,93,81,36,0,0,0.0,0,0
3857296,Belgium,3621.0,Eden Hazard,8,92,2,0,0,0.0,0,0
3857296,Belgium,5630.0,Dries Mertens,63,47,18,2,1,0.301500266,0,0
3857296,Belgium,5632.0,Thorgan Hazard,48,93,11,0,3,0.0,0,0
3857296,Belgium,5633.0,Yannick Ferreira Carrasco,125,71,32,4,0,0.202310031,0,0
3857296,Belgium,5642.0,Axel Witsel,173,93,50,1,1,0.025340356,0,0
3857296,Belgium,6331.0,Leander Dendoncker,147,71,46,0,2,0.0,0,0
3857296,Belgium,6989.0,Timothy Castagne,235,93,83,0,4,0.0,0,0
3857296,Belgium,16559.0,Leandro Trossard,124,58,30,0,1,0.0,0,0
3857296,Belgium,20005.0,Toby Alderweireld,280,93,92,0,4,0.0,0,0
3857296,Belgium,23650.0,Jeremy Doku,57,91,14,0,0,0.0,0,0
3857296,Croatia,3471.0,Dejan Lovren,145,93,50,0,1,0.0,0,0
3857296,Croatia,5456.0,Mateo Kovačić,207,90,64,1,2,0.07960723,0,0
3857296,Croatia,5460.0,Andrej Kramarić,110,63,32,0,0,0.0,0,0
3857296,Croatia,5463.0,Luka Modrić,193,93,57,2,4,0.143307925,0,0
3857296,Croatia,5469.0,Marcelo Brozović,269,93,87,2,4,0.156492993,0,0
3857296,Croatia,5474.0,Ivan Perišić,199,93,42,2,0,0.12168773,0,0
3857296,Croatia,7693.0,Bruno Petković,72,93,19,0,1,0.0,0,0
3857296,Croatia,11603.0,Mario Pašalić,42,92,5,0,3,0.0,0,0
3857296,Croatia,12625.0,Borna Sosa,257,93,84,2,1,0.048374664,0,0
3857296,Croatia,16531.0,Dominik Livaković,88,92,34,0,0,0.0,0,0
3857296,Croatia,22041.0,Marko Livaja,83,63,14,1,1,0.104244776,0,0
3857296,Croatia,28914.0,Lovro Majer,10,93,2,0,0,0.0,0,0
3857296,Croatia,29163.0,Josip Juranović,179,91,58,1,1,0.041306578,0,0
3857296,Croatia,33018.0,Joško Gvardiol,197,92,61,0,4,0.0,0,0
3857297,Poland,3034.0,Kamil Glik,84,95,29,0,0,0.0,0,0
3857297,Poland,3637.0,Grzegorz Krychowiak,89,91,26,0,1,0.0,0,0
3857297,Poland,4734.0,Matty Cash,116,96,40,0,1,0.0,0,0
3857297,Poland,5660.0,Piotr Zieliński,72,62,20,1,0,0.23496674,0,1
3857297,Poland,5665.0,Arkadiusz Milik,75,70,15,1,5,0.13519733,0,0
3857297,Poland,5668.0,Robert Lewandowski,138,96,21,5,7,1.2604797589999999,1,1
3857297,Poland,5669.0,Wojciech Szczęsny,105,96,41,0,0,0.0,0,0
3857297,Poland,5673.0,Bartosz Bereszyński,102,91,32,0,3,0.0,0,0
3857297,Poland,7979.0,Przemysław Frankowski,103,93,30,0,3,0.0,0,0
3857297,Poland,11737.0,Krystian Bielik,110,95,30,1,4,0.075333446,0,0
3857297,Poland,12493.0,Krzysztof Piątek,49,96,4,1,6,0.02819521,0,0
3857297,Poland,31955.0,Jakub Kamiński,51,96,13,0,0,0.0,0,0
3857297,Poland,44166.0,Jakub Piotr Kiwior,105,96,36,0,1,0.0,0,0
3857297,Saudi Arabia,5187.0,Salem Mohammed Al Dawsari,242,96,70,4,2,0.995616369,0,0
3857297,Saudi Arabia,5188.0,Hattan Babhir,3,96,1,0,0,0.0,0,0
3857297,Saudi Arabia,5191.0,Mohammed Al Burayk,150,64,47,2,6,0.36966906099999997,0,0
3857297,Saudi Arabia,5713.0,Mohammed Kanoo,246,96,80,4,4,0.198081036,0,0
3857297,Saudi Arabia,5714.0,Mohammed Khalil Al Owais,66,92,25,0,0,0.0,0,0
3857297,Saudi Arabia,5715.0,Ali Albulayhi,184,96,59,0,4,0.0,0,0
3857297,Saudi Arabia,51094.0,Abdulelah Al Amri,193,96,59,0,6,0.0,0,0
3857297,Saudi Arabia,51099.0,Firas Tariq Nasser Al Albirakan,114,95,28,1,3,0.11089649,0,0
3857297,Saudi Arabia,51469.0,Saleh Khalid Al Shehri,91,85,15,1,3,0.044610713,0,0
3857297,Saudi Arabia,51632.0,Sami Khalil Al Naji,76,54,21,0,0,0.0,0,0
3857297,Saudi Arabia,51705.0,Abdulrahman Al-Obood,30,96,6,1,2,0.041744728,0,0
3857297,Saudi Arabia,51710.0,Saud Abdullah Abdul Hamid,201,96,65,1,2,0.005913877,0,0
3857297,Saudi Arabia,54144.0,Nawaf Shaker Al Abid,125,94,32,1,2,0.0660456,0,0
3857297,Saudi Arabia,56755.0,Abdulelah Saad Hameed Al-Malki,170,84,49,2,2,0.13939861,0,0
3857297,Saudi Arabia,57620.0,Sultan Abdullah Salim Al Ghannam,50,96,15,0,0,0.0,0,0
3857297,Saudi Arabia,74623.0,Nasser Al Dawsari,39,97,10,0,2,0.0,0,0
3857298,Ghana,2989.0,Alexander Djiku,84,91,26,0,1,0.0,0,0
3857298,Ghana,3347.0,André Ayew Pelé,94,76,14,1,8,0.48524466,0,1
3857298,Ghana,3450.0,Jordan Ayew,49,98,13,0,2,0.0,0,0
3857298,Ghana,3709.0,Daniel Amartey,168,100,52,0,5,0.0,0,0
3857298,Ghana,6383.0,Thomas Teye Partey,185,99,54,1,8,0.021057075,0,0
3857298,Ghana,6393.0,Iñaki Williams Arthuer,101,99,16,1,6,0.020453067,0,0
3857298,Ghana,8108.0,Lawrence Ati-Zigi,61,98,28,0,0,0.0,0,0
3857298,Ghana,9286.0,Antoine Semenyo,7,94,0,0,0,0.0,0,0
3857298,Ghana,12325.0,Abdul Rahman Baba,152,99,42,0,2,0.0,0,0
3857298,Ghana,17033.0,Mohammed Kudus,146,75,27,2,4,0.051729251000000004,0,0
3857298,Ghana,28616.0,Daniel-Kofi Kyereh,17,99,2,0,2,0.0,0,0
3857298,Ghana,30519.0,Mohamed Salisu,148,99,47,1,6,0.02431712,0,0
3857298,Ghana,31029.0,Salis Abdul Samed,166,92,49,0,1,0.0,0,0
3857298,Ghana,33602.0,Tariq Lamptey,44,99,14,0,1,0.0,0,0
3857298,Ghana,44225.0,Osman Bukari,38,97,8,2,0,0.1618494647,0,1
3857298,Ghana,45047.0,Alidu Seidu,99,65,23,1,1,0.015372672,0,0
3857298,Portugal,3193.0,Bernardo Mota Veiga de Carvalho e Silva,227,87,73,0,5,0.0,0,0
3857298,Portugal,4272.0,João Mário Naval da Costa Eduardo,14,99,3,0,0,0.0,0,0
3857298,Portugal,5204.0,Bruno Miguel Borges Fernandes,196,100,57,0,1,0.0,2,0
3857298,Portugal,5206.0,Rúben Santos Gato Alves Dias,198,99,66,0,3,0.0,0,0
3857298,Portugal,5207.0,Cristiano Ronaldo dos Santos Aveiro,98,87,19,4,0,1.479147692,0,1
3857298,Portugal,5209.0,Raphaël Adelino José Guerreiro,226,100,82,0,1,0.0,0,0
3857298,Portugal,5214.0,William Silva de Carvalho,86,100,29,0,2,0.0,0,0
3857298,Portugal,7005.0,João Pedro Cavaco Cancelo,224,97,71,0,3,0.0,0,0
3857298,Portugal,9927.0,Rúben Diogo Da Silva Neves,195,76,64,1,3,0.07171052,0,0
3857298,Portugal,11184.0,Otávio Edmilson da Silva Monteiro,150,55,41,2,3,0.071025217,0,0
3857298,Portugal,12041.0,João Félix Sequeira,148,87,32,2,2,0.29352822,0,1
3857298,Portugal,12169.0,João Maria Lobo Alves Palhinha Gonçalves,16,97,3,0,3,0.0,0,0
3857298,Portugal,13621.0,Danilo Luís Hélio Pereira,243,99,80,0,4,0.0,0,0
3857298,Portugal,18360.0,Rafael Alexandre Conceição Leão,44,99,9,2,0,0.181461744,0,1
3857298,Portugal,32975.0,Diogo Meireles Costa,77,99,29,0,0,0.0,0,0
3857298,Portugal,38803.0,Gonçalo Matias Ramos,21,99,7,0,1,0.0,0,0
3857299,Ghana,2989.0,Alexander Djiku,10,99,1,0,0,0.0,0,0
3857299,Ghana,3347.0,André Ayew Pelé,77,77,15,0,6,0.0,0,0
3857299,Ghana,3450.0,Jordan Ayew,125,77,22,0,5,0.0,1,0
3857299,Ghana,3709.0,Daniel Amartey,119,95,37,0,2,0.0,0,0
3857299,Ghana,6383.0,Thomas Teye Partey,153,100,49,1,4,0.21468838,0,0
3857299,Ghana,6393.0,Iñaki Williams Arthuer,86,100,14,1,3,0.10557394,0,0
3857299,Ghana,8108.0,Lawrence Ati-Zigi,62,100,22,0,0,0.0,0,0
3857299,Ghana,12259.0,Denis Odoi,16,99,2,0,4,0.0,0,0
3857299,Ghana,12325.0,Abdul Rahman Baba,12,98,0,0,3,0.0,0,0
3857299,Ghana,17033.0,Mohammed Kudus,109,82,21,2,3,0.35499835999999996,0,2
3857299,Ghana,23615.0,Gideon Mensah,135,87,45,0,3,0.0,0,0
3857299,Ghana,28616.0,Daniel-Kofi Kyereh,21,100,4,0,1,0.0,0,0
3857299,Ghana,30519.0,Mohamed Salisu,139,99,43,1,4,0.4040968,0,1
3857299,Ghana,31029.0,Salis Abdul Samed,153,100,42,1,2,0.026676558,0,0
3857299,Ghana,33602.0,Tariq Lamptey,89,77,19,1,4,0.07450179,0,0
3857299,Ghana,35658.0,Kamaldeen Sulemana,23,100,4,0,1,0.0,0,0
3857299,South Korea,3083.0,Heung-Min Son,142,99,38,2,3,0.125500534,0,0
3857299,South Korea,3135.0,Chang-Hoon Kwon,90,56,23,0,3,0.0,0,0
3857299,South Korea,5604.0,Young-Gwon Kim,187,100,66,1,0,0.064945966,0,0
3857299,South Korea,5618.0,Woo-Young Jung,189,78,59,1,4,0.010946972,0,0
3857299,South Korea,22067.0,Woo-Yeong Jeong,71,47,16,1,0,0.03008143,0,0
3857299,South Korea,22740.0,Kang-In Lee,97,100,33,3,1,0.071088331,1,0
3857299,South Korea,23763.0,In-Beom Hwang,293,100,93,1,3,0.019586006,0,0
3857299,South Korea,29966.0,Ui-Jo Hwang,11,100,1,0,3,0.0,0,0
3857299,South Korea,37641.0,Seung-Gyu Kim,70,98,24,0,0,0.0,0,0
3857299,South Korea,40538.0,Jin-Su Kim,163,98,50,3,5,0.285274066,1,0
3857299,South Korea,40542.0,Gue-Sung Cho,132,99,18,6,7,0.635906938,0,2
3857299,South Korea,40564.0,Kyung-Won Kwon,27,100,9,1,0,0.005484339,0,0
3857299,South Korea,40672.0,Moon-Hwan Kim,256,100,89,0,2,0.0,0,0
3857299,South Korea,41711.0,Sang-Ho Na,72,99,16,1,1,0.05996953,0,0
3857299,South Korea,43565.0,Min Jae Kim,199,91,70,1,3,0.059008703,0,0
3857300,Argentina,2995.0,Ángel Fabián Di María Hernández,181,103,41,2,1,0.079152665,0,0
3857300,Argentina,3090.0,Nicolás Hernán Otamendi,270,102,89,1,2,0.048093256,0,0
3857300,Argentina,5503.0,Lionel Andrés Messi Cuccittini,174,103,46,4,1,1.070924102,0,1
3857300,Argentina,5507.0,Nicolás Alejandro Tagliafico,120,70,34,1,2,0.63619345,0,0
3857300,Argentina,6909.0,Damián Emiliano Martínez,60,103,22,0,0,0.0,0,0
3857300,Argentina,7006.0,Alejandro Darío Gómez,108,58,25,1,3,0.011924569,0,0
3857300,Argentina,7797.0,Rodrigo Javier De Paul,269,103,86,1,2,0.050540753,0,0
3857300,Argentina,11456.0,Lautaro Javier Martínez,85,102,16,2,0,0.164921135,0,0
3857300,Argentina,16308.0,Leandro Daniel Paredes,185,58,57,0,3,0.0,0,0
3857300,Argentina,19597.0,Marcos Javier Acuña,50,103,23,0,1,0.0,0,0
3857300,Argentina,20572.0,Cristian Gabriel Romero,187,58,61,0,0,0.0,0,0
3857300,Argentina,27768.0,Lisandro Martínez,95,103,32,1,3,0.33156127,0,0
3857300,Argentina,29201.0,Nahuel Molina Lucero,176,102,68,0,2,0.0,0,0
3857300,Argentina,29560.0,Julián Álvarez,36,102,8,1,1,0.061390053,0,0
3857300,Argentina,38718.0,Enzo Fernandez,122,103,38,1,2,0.036932193,0,0
3857300,Saudi Arabia,5178.0,Salman Mohammed Al Faraj,65,47,15,0,1,0.0,0,0
3857300,Saudi Arabia,5183.0,Yasir Gharsan Al Shahrani,96,98,26,0,4,0.0,0,0
3857300,Saudi Arabia,5187.0,Salem Mohammed Al Dawsari,119,102,24,1,1,0.03280492,0,1
3857300,Saudi Arabia,5191.0,Mohammed Al Burayk,8,103,1,0,0,0.0,0,0
3857300,Saudi Arabia,5713.0,Mohammed Kanoo,142,102,38,0,3,0.0,0,0
3857300,Saudi Arabia,5714.0,Mohammed Khalil Al Owais,72,101,29,0,0,0.0,0,0
3857300,Saudi Arabia,5715.0,Ali Albulayhi,51,99,16,0,3,0.0,0,0
3857300,Saudi Arabia,51094.0,Abdulelah Al Amri,4,103,1,0,0,0.0,0,0
3857300,Saudi Arabia,51099.0,Firas Tariq Nasser Al Albirakan,97,88,15,0,3,0.0,1,0
3857300,Saudi Arabia,51469.0,Saleh Khalid Al Shehri,106,77,15,1,7,0.080592275,0,1
3857300,Saudi Arabia,51546.0,Hassan Mohammed Al-Tambakti,97,102,29,0,5,0.0,0,0
3857300,Saudi Arabia,51710.0,Saud Abdullah Abdul Hamid,112,102,28,0,6,0.0,0,0
3857300,Saudi Arabia,54144.0,Nawaf Shaker Al Abid,54,87,6,1,1,0.040064447,0,0
3857300,Saudi Arabia,56755.0,Abdulelah Saad Hameed Al-Malki,131,103,37,0,1,0.0,0,0
3857300,Saudi Arabia,57620.0,Sultan Abdullah Salim Al Ghannam,17,102,4,0,1,0.0,0,0
3857300,Saudi Arabia,121539.0,Haitham Mohammed Asiri,19,102,2,0,2,0.0,0,0
3857301,Qatar,40784.0,Akram Hassan Afif,172,93,49,1,1,0.019990891,0,0
3857301,Qatar,124488.0,Hassan Khalid Al Heidos,101,74,25,0,0,0.0,0,0
3857301,Qatar,124492.0,Karim Boudiaf,132,68,35,0,2,0.0,0,0
3857301,Qatar,124493.0,Boualem Khoukhi,195,95,64,0,4,0.0,0,0
3857301,Qatar,124494.0,Abdelkarim Hassan Al Haj Fadlalla,178,94,47,4,5,0.201564839,0,0
3857301,Qatar,124495.0,Almoez Ali Zainalabiddin Abdulla,134,93,22,2,4,0.271142308,0,0
3857301,Qatar,124500.0,Assim Omer Al Haj Madibo,157,94,41,0,6,0.0,0,0
3857301,Qatar,124504.0,Tarek Salman Salman,31,93,11,0,1,0.0,0,0
3857301,Qatar,124506.0,Pedro Miguel Correia,122,82,36,0,4,0.0,0,0
3857301,Qatar,124510.0,Meshaal Aissa Barsham,86,92,32,0,0,0.0,0,0
3857301,Qatar,124514.0,Abdulaziz Hatem Mohammed Abdullah,28,93,8,0,0,0.0,0,0
3857301,Qatar,124899.0,Ismaeel Mohammad Mohammad,139,93,38,1,6,0.3277431,1,0
3857301,Qatar,124900.0,Homam Alamin Ahmed,105,82,34,0,0,0.0,0,0
3857301,Qatar,124901.0,Mohammed Muntari,20,91,2,2,0,0.13964503499999997,0,1
3857301,Qatar,124909.0,Mohammed Waed Abdulwahhab Al Bayati,30,95,8,0,1,0.0,0,0
3857301,Senegal,2941.0,Ismaïla Sarr,102,73,16,2,1,0.103602664,0,0
3857301,Senegal,3404.0,Youssouf Sabaly,244,94,79,0,2,0.0,0,0
3857301,Senegal,3436.0,Idrissa Gana Gueye,190,95,56,1,1,0.029332913,0,0
3857301,Senegal,4506.0,Nampalys Mendy,150,76,48,2,0,0.09337050799999999,0,0
3857301,Senegal,5675.0,Kalidou Koulibaly,207,94,67,0,3,0.0,0,0
3857301,Senegal,7379.0,Edouard Mendy,80,94,32,0,0,0.0,0,0
3857301,Senegal,8553.0,Abdou Diallo,206,94,75,0,1,0.0,0,0
3857301,Senegal,13314.0,Famara Diedhiou,95,73,9,3,3,0.238120196,0,1
3857301,Senegal,15970.0,Pape Abou Cissé,36,94,12,0,1,0.0,0,0
3857301,Senegal,20611.0,Boulaye Dia,114,93,22,2,3,0.28297590499999997,0,1
3857301,Senegal,20758.0,Krépin Diatta,137,63,27,1,3,0.039485876,0,0
3857301,Senegal,31751.0,Pathé Ismaël Ciss,49,94,12,0,2,0.0,0,0
3857301,Senegal,32915.0,Ismail Jakobs,173,76,63,0,1,0.0,1,0
3857301,Senegal,50498.0,Pape Matar Sarr,38,95,15,0,1,0.0,0,0
3857301,Senegal,80484.0,Iliman Ndiaye,40,94,10,0,0,0.0,1,0
3857301,Senegal,88123.0,Cheikh Ahmadou Bamba Mbacke Dieng,38,95,4,1,1,0.11607656,0,1
3869117,Netherlands,2988.0,Memphis Depay,128,82,30,4,2,0.493802531,0,1
3869117,Netherlands,3306.0,Nathan Aké,110,92,32,0,3,0.0,0,0
3869117,Netherlands,3311.0,Daley Blind,149,95,41,2,9,0.32360065,1,1
3869117,Netherlands,3669.0,Virgil van Dijk,137,93,47,1,3,0.08036702,0,0
3869117,Netherlands,4318.0,Davy Klaassen,47,45,16,0,1,0.0,0,0
3869117,Netherlands,6994.0,Marten de Roon,51,45,17,0,1,0.0,0,0
3869117,Netherlands,7829.0,Wout Weghorst,4,96,1,0,0,0.0,0,0
3869117,Netherlands,7891.0,Teun Koopmeiners,84,95,25,1,1,0.04472613,0,0
3869117,Netherlands,8069.0,Matthijs de Ligt,1,93,0,0,0,0.0,0,0
3869117,Netherlands,8118.0,Frenkie de Jong,134,95,43,0,4,0.0,0,0
3869117,Netherlands,8125.0,Denzel Dumfries,165,94,48,1,1,0.23592436,2,1
3869117,Netherlands,8259.0,Steven Bergwijn,82,89,19,1,1,0.25042096,0,0
3869117,Netherlands,8326.0,Andries Noppert,102,96,37,0,0,0.0,0,0
3869117,Netherlands,20750.0,Cody Mathès Gakpo,120,92,29,1,4,0.053106464,0,0
3869117,Netherlands,21809.0,Jurriën David Norman Timber,151,94,44,0,8,0.0,0,0
3869117,Netherlands,39167.0,Xavi Simons,38,95,10,0,1,0.0,0,0
3869117,United States,3377.0,Timothy Weah,82,66,24,2,0,0.071712936,0,0
3869117,United States,3658.0,DeAndre Yedlin,35,94,12,0,1,0.0,0,0
3869117,United States,4614.0,Antonee Robinson,237,91,78,0,4,0.0,0,0
3869117,United States,8246.0,Christian Pulisic,163,91,36,3,4,0.391275537,1,0
3869117,United States,8526.0,Weston McKennie,143,66,40,3,0,0.160661354,0,0
3869117,United States,12352.0,Matthew Charles Turner,70,96,24,0,0,0.0,0,0
3869117,United States,12524.0,Walker Zimmerman,228,94,75,1,2,0.05674074,0,0
3869117,United States,12751.0,Tyler Adams,251,95,86,0,2,0.0,0,0
3869117,United States,18242.0,Tim Ream,240,94,84,1,4,0.2582279,0,0
3869117,United States,21881.0,Sergino Dest,151,74,38,2,3,0.09027378,0,0
3869117,United States,22008.0,Haji Wright,43,95,8,3,3,0.48272233200000003,0,1
3869117,United States,22433.0,Jesus Ferreira,73,45,20,0,0,0.0,0,0
3869117,United States,23789.0,Jordan Morris,4,96,1,0,2,0.0,0,0
3869117,United States,24243.0,Brenden Aaronson,56,95,9,0,2,0.0,0,0
3869117,United States,34339.0,Giovanni Reyna,111,94,31,2,0,0.08602206000000001,0,0
3869117,United States,38792.0,Yunus Dimoara Musah,177,94,52,1,4,0.054460905,0,0
3869118,England,3205.0,Kyle Walker,231,93,76,0,1,0.0,0,0
3869118,England,3244.0,John Stones,260,76,89,1,0,0.08366814,0,0
3869118,England,3318.0,Marcus Rashford,43,93,11,1,2,0.1459426,0,0
3869118,England,3336.0,Harry Maguire,227,93,75,0,6,0.0,0,0
3869118,England,3382.0,Luke Shaw,189,92,67,0,2,0.0,0,0
3869118,England,3468.0,Jordan Pickford,132,92,48,0,0,0.0,0,0
3869118,England,3532.0,Jordan Brian Henderson,163,81,48,1,3,0.13174866,0,1
3869118,England,3943.0,Declan Rice,177,93,57,0,1,0.0,0,0
3869118,England,4354.0,Philip Foden,128,64,34,0,2,0.0,1,0
3869118,England,4706.0,Kalvin Phillips,17,90,4,0,1,0.0,0,0
3869118,England,7843.0,Mason Mount,13,91,3,0,0,0.0,0,0
3869118,England,9638.0,Jack Grealish,50,94,9,0,2,0.0,0,0
3869118,England,10955.0,Harry Kane,149,93,25,3,7,0.406086861,0,1
3869118,England,10956.0,Eric Dier,38,90,13,0,1,0.0,0,0
3869118,England,22084.0,Bukayo Saka,108,64,30,2,3,0.2525772,0,1
3869118,England,30714.0,Jude Bellingham,154,75,37,0,5,0.0,1,0
3869118,Senegal,2941.0,Ismaïla Sarr,119,93,20,2,4,0.736718675,0,0
3869118,Senegal,3404.0,Youssouf Sabaly,145,93,41,0,2,0.0,0,0
3869118,Senegal,3675.0,Fodé Ballo Touré,27,94,8,0,0,0.0,0,0
3869118,Senegal,4506.0,Nampalys Mendy,154,93,52,0,1,0.0,0,0
3869118,Senegal,5675.0,Kalidou Koulibaly,160,90,51,0,6,0.0,0,0
3869118,Senegal,7379.0,Edouard Mendy,65,90,26,0,0,0.0,0,0
3869118,Senegal,8553.0,Abdou Diallo,147,91,53,0,0,0.0,0,0
3869118,Senegal,13314.0,Famara Diedhiou,26,89,5,0,2,0.0,0,0
3869118,Senegal,20611.0,Boulaye Dia,55,71,9,2,1,0.08923741,0,0
3869118,Senegal,20758.0,Krépin Diatta,69,45,13,0,0,0.0,0,0
3869118,Senegal,21026.0,Pape Gueye,72,92,20,1,1,0.027956013,0,0
3869118,Senegal,31751.0,Pathé Ismaël Ciss,75,47,23,0,2,0.0,0,0
3869118,Senegal,32915.0,Ismail Jakobs,95,83,39,0,1,0.0,0,0
3869118,Senegal,50498.0,Pape Matar Sarr,99,94,32,4,2,0.08593205500000001,0,0
3869118,Senegal,80484.0,Iliman Ndiaye,55,45,9,0,1,0.0,0,0
3869118,Senegal,88123.0,Cheikh Ahmadou Bamba Mbacke Dieng,48,92,7,1,2,0.03296228,0,0
3869151,Argentina,3090.0,Nicolás Hernán Otamendi,288,96,96,0,4,0.0,1,0
3869151,Argentina,5503.0,Lionel Andrés Messi Cuccittini,236,96,61,6,1,0.342740973,0,1
3869151,Argentina,5507.0,Nicolás Alejandro Tagliafico,38,97,13,1,1,0.05181273,0,0
3869151,Argentina,6909.0,Damián Emiliano Martínez,85,97,31,0,0,0.0,0,0
3869151,Argentina,7006.0,Alejandro Darío Gómez,122,49,33,1,0,0.011147299,0,0
3869151,Argentina,7797.0,Rodrigo Javier De Paul,298,95,91,0,3,0.0,0,0
3869151,Argentina,11456.0,Lautaro Javier Martínez,63,97,10,4,1,0.7485856280000001,0,0
3869151,Argentina,19597.0,Marcos Javier Acuña,201,71,60,0,5,0.0,0,0
3869151,Argentina,20572.0,Cristian Gabriel Romero,230,95,78,0,5,0.0,0,0
3869151,Argentina,27768.0,Lisandro Martínez,56,88,19,0,2,0.0,0,0
3869151,Argentina,27886.0,Alexis Mac Allister,179,79,46,0,1,0.0,0,0
3869151,Argentina,28263.0,Gonzalo Ariel Montiel,16,96,5,0,1,0.0,0,0
3869151,Argentina,28268.0,Exequiel Alejandro Palacios,34,95,7,1,1,0.046685893,0,0
3869151,Argentina,29201.0,Nahuel Molina Lucero,189,79,61,0,2,0.0,0,0
3869151,Argentina,29560.0,Julián Álvarez,104,71,17,1,3,0.28060678,0,1
3869151,Argentina,38718.0,Enzo Fernandez,311,94,100,0,3,0.0,0,0
3869151,Australia,3240.0,Mathew Ryan,148,95,53,0,0,0.0,0,0
3869151,Australia,3281.0,Aaron Mooy,185,96,59,0,5,0.0,0,0
3869151,Australia,5479.0,Aziz Eraltay Behich,165,96,54,1,0,0.07721693,0,0
3869151,Australia,5481.0,Mathew Leckie,90,71,16,0,2,0.0,0,0
3869151,Australia,5490.0,Jackson Irvine,127,95,37,0,1,0.0,0,0
3869151,Australia,8346.0,Craig Goodwin,48,96,15,1,1,0.013616442,0,0
3869151,Australia,8859.0,Ajdin Hrustic,59,96,9,1,0,0.033247408,0,0
3869151,Australia,9980.0,Jamie MacLaren,16,96,3,0,1,0.0,0,0
3869151,Australia,15957.0,Miloš Degenek,131,71,42,0,4,0.0,0,0
3869151,Australia,22293.0,Harry Souttar,194,95,58,1,6,0.06809473,0,0
3869151,Australia,28370.0,Fran Karačić,52,97,16,0,3,0.0,0,0
3869151,Australia,33477.0,Riley McGree,75,57,15,0,1,0.0,0,0
3869151,Australia,33488.0,Keanu Baccus,80,57,15,0,2,0.0,0,0
3869151,Australia,33492.0,Mitchell Thomas Duke,89,71,14,0,2,0.0,0,0
3869151,Australia,33495.0,Kye Rowles,197,96,71,0,1,0.0,0,0
3869151,Australia,227697.0,Garang Kuol,25,96,1,1,1,0.23394231,0,0
3869152,France,2972.0,Marcus Thuram,37,92,8,0,2,0.0,1,0
3869152,France,3009.0,Kylian Mbappé Lottin,209,90,41,5,0,0.26174300100000003,1,2
3869152,France,3026.0,Adrien Rabiot,210,89,61,0,5,0.0,0,0
3869152,France,3099.0,Hugo Lloris,69,98,29,0,0,0.0,0,0
3869152,France,3604.0,Olivier Giroud,72,75,16,3,3,0.456669616,0,1
3869152,France,4445.0,Jules Koundé,189,91,68,1,3,0.01624438,0,0
3869152,France,5477.0,Ousmane Dembélé,157,75,43,2,0,0.116911242,1,0
3869152,France,5485.0,Raphaël Varane,121,94,42,1,1,0.1462742,0,0
3869152,France,5487.0,Antoine Griezmann,182,94,56,1,0,0.008752431,0,0
3869152,France,6704.0,Theo Bernard François Hernández,197,91,72,2,1,0.10259437999999999,0,0
3869152,France,7439.0,Axel Disasi,11,94,3,0,0,0.0,0,0
3869152,France,8217.0,Kingsley Coman,37,93,10,0,0,0.0,0,0
3869152,France,8519.0,Dayotchanculle Upamecano,188,95,59,0,5,0.0,0,0
3869152,France,10481.0,Aurélien Djani Tchouaméni,224,65,72,1,0,0.017185243,0,0
3869152,France,11990.0,Youssouf Fofana,45,94,13,0,1,0.0,0,0
3869152,Poland,3034.0,Kamil Glik,117,94,40,1,2,0.041239407,0,0
3869152,Poland,3637.0,Grzegorz Krychowiak,149,70,46,0,3,0.0,0,0
3869152,Poland,4626.0,Jan Bednarek,16,94,6,0,0,0.0,0,0
3869152,Poland,4664.0,Sebastian Szymański,73,63,15,0,4,0.0,0,0
3869152,Poland,4734.0,Matty Cash,152,89,46,1,6,0.023505978,0,0
3869152,Poland,5660.0,Piotr Zieliński,221,94,69,2,4,0.34892804,0,0
3869152,Poland,5665.0,Arkadiusz Milik,40,94,11,0,1,0.0,0,0
3869152,Poland,5667.0,Kamil Grosicki,21,95,6,0,0,0.0,0,0
3869152,Poland,5668.0,Robert Lewandowski,130,98,27,5,6,1.024973515,0,1
3869152,Poland,5669.0,Wojciech Szczęsny,80,90,30,0,0,0.0,0,0
3869152,Poland,5673.0,Bartosz Bereszyński,155,94,51,0,1,0.0,0,0
3869152,Poland,7979.0,Przemysław Frankowski,106,86,22,1,5,0.043646414,0,0
3869152,Poland,11737.0,Krystian Bielik,67,94,21,0,3,0.0,0,0
3869152,Poland,31955.0,Jakub Kamiński,86,70,19,2,2,0.11123377000000001,0,0
3869152,Poland,44166.0,Jakub Piotr Kiwior,209,86,74,0,0,0.0,0,0
3869152,Poland,50502.0,Nicola Zalewski,36,89,5,0,1,0.0,0,0
3869219,Croatia,3441.0,Nikola Vlašić,37,120,9,1,1,0.7835,0,1
3869219,Croatia,3471.0,Dejan Lovren,292,119,103,0,1,0.0,1,0
3869219,Croatia,5456.0,Mateo Kovačić,200,98,59,1,3,0.02993381,0,0
3869219,Croatia,5460.0,Andrej Kramarić,78,67,19,2,1,0.19622508700000002,0,0
3869219,Croatia,5463.0,Luka Modrić,250,98,77,1,4,0.031055314,0,0
3869219,Croatia,5469.0,Marcelo Brozović,390,121,131,1,1,0.7835,0,1
3869219,Croatia,5474.0,Ivan Perišić,155,106,36,5,3,0.209131452,0,1
3869219,Croatia,7693.0,Bruno Petković,80,61,17,0,7,0.0,0,0
3869219,Croatia,8654.0,Ante Budimir,53,106,6,1,5,0.10111922,0,0
3869219,Croatia,11127.0,Borna Barišić,205,119,67,1,5,0.015196718,0,0
3869219,Croatia,11603.0,Mario Pašalić,76,124,17,3,3,0.871565211,0,1
3869219,Croatia,16527.0,Mislav Oršić,17,120,5,1,0,0.009676031,0,0
3869219,Croatia,16531.0,Dominik Livaković,110,123,42,0,0,0.0,0,0
3869219,Croatia,22041.0,Marko Livaja,19,123,4,2,2,0.830736525,0,0
3869219,Croatia,28914.0,Lovro Majer,64,120,18,1,0,0.06501122,0,0
3869219,Croatia,29163.0,Josip Juranović,266,119,98,0,0,0.0,0,0
3869219,Croatia,33018.0,Joško Gvardiol,257,119,88,1,5,0.061746918,0,0
3869219,Japan,3300.0,Maya Yoshida,152,123,48,1,3,0.7835,0,0
3869219,Japan,3530.0,Hiroki Sakai,63,120,22,0,6,0.0,0,0
3869219,Japan,5690.0,Yuto Nagatomo,105,63,34,0,2,0.0,0,0
3869219,Japan,8361.0,Ritsu Doan,134,86,33,1,1,0.056113943,0,0
3869219,Japan,8776.0,Takumi Minamino,51,120,14,2,3,0.82017642,0,0
3869219,Japan,8949.0,Takuma Asano,78,122,11,1,3,0.7835,0,1
3869219,Japan,9411.0,Daichi Kamada,130,73,36,2,3,0.12899764,0,0
3869219,Japan,23527.0,Junya Ito,169,120,49,0,3,0.0,0,0
3869219,Japan,23721.0,Wataru Endo,228,117,65,3,4,0.066596221,0,0
3869219,Japan,23730.0,Takehiro Tomiyasu,208,120,75,0,5,0.0,0,0
3869219,Japan,25719.0,Shūichi Gonda,95,124,36,0,0,0.0,0,0
3869219,Japan,30628.0,Daizen Maeda,65,63,6,1,7,0.45874894,0,1
3869219,Japan,37208.0,Ao Tanaka,35,119,9,0,0,0.0,0,0
3869219,Japan,37211.0,Kaoru Mitoma,114,121,31,2,3,0.837634306,0,0
3869219,Japan,37215.0,Shogo Taniguchi,155,114,56,2,4,0.17448755,0,0
3869219,Japan,37221.0,Hidemasa Morita,199,105,57,2,4,0.093221746,0,0
3869220,Morocco,3625.0,Sofiane Boufal,103,65,16,0,4,0.0,0,0
3869220,Morocco,3634.0,Abdelhamid Sabiri,30,120,7,2,1,0.7876954389999999,0,1
3869220,Morocco,5219.0,Romain Saïss,104,120,32,0,2,0.0,0,0
3869220,Morocco,5234.0,Sofyan Amrabat,136,116,36,0,6,0.0,0,0
3869220,Morocco,5237.0,Hakim Ziyech,153,121,37,1,2,0.7835,0,1
3869220,Morocco,5245.0,Achraf Hakimi Mouh,168,125,54,2,4,0.8254585369999999,0,1
3869220,Morocco,6301.0,Youssef En-Nesyri,59,81,13,0,6,0.0,0,0
3869220,Morocco,6785.0,Yassine Bounou,93,124,39,0,0,0.0,0,0
3869220,Morocco,7459.0,Jawad El Yamiq,18,121,3,0,0,0.0,0,0
3869220,Morocco,12149.0,Nayef Aguerd,66,84,24,1,2,0.25141555,0,0
3869220,Morocco,15890.0,Noussair Mazraoui,83,82,26,1,4,0.023416335,0,0
3869220,Morocco,23774.0,Selim Amallah,50,81,9,0,0,0.0,0,0
3869220,Morocco,31295.0,Yahia Attiyat allah,33,119,11,0,1,0.0,0,0
3869220,Morocco,46258.0,Azzedine Ounahi,159,119,44,0,4,0.0,0,0
3869220,Morocco,67700.0,Badr Banoun,2,123,0,1,0,0.7835,0,0
3869220,Morocco,149714.0,Abdessamad Ezzalzouli,71,122,10,0,4,0.0,0,0
3869220,Morocco,296254.0,Walid Cheddira,29,121,4,2,1,0.249388745,0,0
3869220,Spain,3477.0,Álvaro Borja Morata Martín,53,120,8,2,1,0.06643173799999999,0,0
3869220,Spain,4353.0,Aymeric Laporte,512,121,180,1,1,0.04145577,0,0
3869220,Spain,5203.0,Sergio Busquets i Burgos,202,124,76,2,3,0.8544334,0,0
3869220,Spain,5211.0,Jordi Alba Ramos,338,97,114,0,2,0.0,0,0
3869220,Spain,5719.0,Marco Asensio Willemsen,73,62,14,1,0,0.025564773,0,0
3869220,Spain,6583.0,Carlos Soler Barragán,119,122,40,2,0,0.8230052019999999,0,0
3869220,Spain,6720.0,Pablo Sarabia García,13,122,5,2,0,0.88757615,0,0
3869220,Spain,6748.0,Ferrán Torres García,132,75,24,0,1,0.0,0,0
3869220,Spain,6765.0,Rodrigo Hernández Cascante,615,122,220,1,4,0.0056476467,0,0
3869220,Spain,6840.0,Marcos Llorente Moreno,305,122,104,1,3,0.024551911,0,0
3869220,Spain,11748.0,Unai Simón Mendibil,77,125,34,0,0,0.0,0,0
3869220,Spain,16532.0,Daniel Olmo Carvajal,162,97,37,2,4,0.0391182452,0,0
3869220,Spain,30486.0,Pedro González López,467,122,147,0,3,0.0,0,0
3869220,Spain,30756.0,Anssumane Fati,38,122,8,0,2,0.0,0,0
3869220,Spain,39161.0,Alejandro Balde Martínez,57,122,15,1,2,0.077706024,0,0
3869220,Spain,68574.0,Nicholas Williams Arthuer,91,117,19,0,0,0.0,0,0
3869220,Spain,133353.0,Pablo Martín Páez Gavira,110,62,23,0,3,0.0,0,0
3869253,Brazil,3063.0,Danilo Luiz da Silva,214,71,74,0,2,0.0,0,0
3869253,Brazil,3280.0,Richarlison de Andrade,138,93,21,2,7,0.8060856,0,1
3869253,Brazil,3295.0,Thiago Emiliano da Silva,239,93,86,0,2,0.0,1,0
3869253,Brazil,4320.0,Neymar da Silva Santos Junior,166,80,46,3,0,1.136033314,0,1
3869253,Brazil,4324.0,Daniel Alves da Silva,54,93,19,2,0,0.055156611,0,0
3869253,Brazil,4372.0,Marcos Aoás Corrêa,203,93,72,0,2,0.0,0,0
3869253,Brazil,5539.0,Carlos Henrique Casimiro,220,93,76,1,5,0.029429397,0,0
3869253,Brazil,5547.0,Alisson Ramsés Becker,58,79,22,0,0,0.0,0,0
3869253,Brazil,10595.0,Raphael Dias Belloli,202,89,47,5,4,0.359294435,0,0
3869253,Brazil,11493.0,Gleison Bremer Silva Nascimento,51,93,19,1,0,0.34439024,0,0
3869253,Brazil,13620.0,Éder Gabriel Militão,149,62,48,0,6,0.0,0,0
3869253,Brazil,18395.0,Vinícius José Paixão de Oliveira Júnior,132,71,29,2,0,0.18697343,1,1
3869253,Brazil,22600.0,Lucas Tolentino Coelho de Lima,184,93,58,2,3,0.34406107,0,1
3869253,Brazil,25101.0,Weverton Pereira da Silva,8,90,5,0,0,0.0,0,0
3869253,Brazil,25104.0,Rodrygo Silva de Goes,31,93,7,0,0,0.0,0,0
3869253,Brazil,29976.0,Gabriel Teodoro Martinelli Silva,47,93,12,0,1,0.0,0,0
3869253,South Korea,3083.0,Heung-Min Son,140,92,34,1,1,0.1490943,0,0
3869253,South Korea,5604.0,Young-Gwon Kim,186,93,62,0,2,0.0,0,0
3869253,South Korea,5618.0,Woo-Young Jung,107,49,36,0,0,0.0,0,0
3869253,South Korea,5620.0,Hee-Chan Hwang,245,93,53,5,3,0.1459853054,0,0
3869253,South Korea,5623.0,Jae-Sung Lee,161,73,46,0,4,0.0,0,0
3869253,South Korea,5986.0,Chul Hong,71,89,20,0,0,0.0,0,0
3869253,South Korea,22740.0,Kang-In Lee,35,93,8,0,1,0.0,0,0
3869253,South Korea,23264.0,Seung-Ho Paik,75,93,24,1,3,0.023081098,0,1
3869253,South Korea,23763.0,In-Beom Hwang,170,64,49,1,1,0.026666574,0,0
3869253,South Korea,29966.0,Ui-Jo Hwang,5,93,0,0,1,0.0,0,0
3869253,South Korea,37641.0,Seung-Gyu Kim,79,93,28,0,0,0.0,0,0
3869253,South Korea,40538.0,Jin-Su Kim,70,48,26,0,2,0.0,0,0
3869253,South Korea,40542.0,Gue-Sung Cho,93,79,12,0,2,0.0,0,0
3869253,South Korea,40558.0,Jun-Ho Son,123,93,40,0,3,0.0,0,0
3869253,South Korea,40672.0,Moon-Hwan Kim,173,93,52,0,4,0.0,0,0
3869253,South Korea,43565.0,Min Jae Kim,202,93,65,0,0,0.0,0,0
3869254,Portugal,3193.0,Bernardo Mota Veiga de Carvalho e Silva,152,80,46,0,1,0.0,0,0
3869254,Portugal,5204.0,Bruno Miguel Borges Fernandes,160,86,41,0,6,0.0,1,0
3869254,Portugal,5206.0,Rúben Santos Gato Alves Dias,134,93,45,1,1,0.03750256,0,0
3869254,Portugal,5207.0,Cristiano Ronaldo dos Santos Aveiro,30,93,5,1,1,0.028790973,0,0
3869254,Portugal,5209.0,Raphaël Adelino José Guerreiro,131,91,49,2,1,0.380313273,1,1
3869254,Portugal,5214.0,William Silva de Carvalho,198,89,59,0,2,0.0,0,0
3869254,Portugal,9927.0,Rúben Diogo Da Silva Neves,37,92,13,0,0,0.0,0,0
3869254,Portugal,10868.0,Ricardo Jorge Luz Horta,41,93,13,0,0,0.0,0,0
3869254,Portugal,11184.0,Otávio Edmilson da Silva Monteiro,134,73,37,1,1,0.032515083,0,0
3869254,Portugal,12041.0,João Félix Sequeira,124,72,33,1,2,0.043932665,2,0
3869254,Portugal,16028.0,José Diogo Dalot Teixeira,117,93,36,0,6,0.0,0,0
3869254,Portugal,18360.0,Rafael Alexandre Conceição Leão,13,91,3,1,0,0.010257767,0,1
3869254,Portugal,20016.0,Kléper Laveran Lima Ferreira,169,92,53,2,0,0.1857982,0,1
3869254,Portugal,32975.0,Diogo Meireles Costa,89,92,33,0,0,0.0,0,0
3869254,Portugal,34639.0,Vitor Machado Ferreira,43,93,12,0,3,0.0,0,0
3869254,Portugal,38803.0,Gonçalo Matias Ramos,108,72,10,6,4,1.565149486,1,3
3869254,Switzerland,3500.0,Granit Xhaka,222,92,73,1,3,0.0836758,0,0
3869254,Switzerland,3533.0,Xherdan Shaqiri,153,93,39,2,1,0.031760704,0,0
3869254,Switzerland,3913.0,Edimilson Fernandes,149,93,53,0,1,0.0,0,0
3869254,Switzerland,5537.0,Fabian Lukas Schär,106,47,36,1,3,0.024413843,0,0
3869254,Switzerland,5538.0,Denis Lemi Zakaria Lako Lado,52,89,13,1,0,0.04188712,0,0
3869254,Switzerland,5543.0,Haris Seferović,24,93,6,0,1,0.0,0,0
3869254,Switzerland,5544.0,Ricardo Iván Rodríguez Araya,191,93,64,0,3,0.0,0,0
3869254,Switzerland,5545.0,Breel-Donald Embolo,91,88,19,2,3,0.094266428,0,0
3869254,Switzerland,5549.0,Manuel Obafemi Akanji,185,94,63,1,1,0.6688656,0,1
3869254,Switzerland,5550.0,Yann Sommer,104,93,34,0,0,0.0,0,0
3869254,Switzerland,6983.0,Remo Freuler,85,53,23,1,1,0.2948616,0,0
3869254,Switzerland,16026.0,Djibril Sow,61,53,16,0,1,0.0,0,0
3869254,Switzerland,29006.0,Noah Okafor,48,92,10,1,0,0.032096077,0,0
3869254,Switzerland,29012.0,Eray Ervin Cömert,126,93,38,0,0,0.0,0,0
3869254,Switzerland,30401.0,Ruben Vargas,113,65,35,0,2,0.0,0,0
3869254,Switzerland,41655.0,Ardon Jashari,18,93,6,0,0,0.0,0,0
3869321,Argentina,2995.0,Ángel Fabián Di María Hernández,35,120,14,0,0,0.0,0,0
3869321,Argentina,3090.0,Nicolás Hernán Otamendi,255,120,87,0,5,0.0,0,0
3869321,Argentina,5503.0,Lionel Andrés Messi Cuccittini,230,121,48,7,3,1.7922190429999998,1,2
3869321,Argentina,5507.0,Nicolás Alejandro Tagliafico,46,119,11,0,1,0.0,0,0
3869321,Argentina,6909.0,Damián Emiliano Martínez,90,126,35,0,0,0.0,0,0
3869321,Argentina,7161.0,Germán Alejandro Pezzella,91,121,30,1,5,0.04452438,0,0
3869321,Argentina,7797.0,Rodrigo Javier De Paul,195,65,53,2,1,0.073533292,0,0
3869321,Argentina,11456.0,Lautaro Javier Martínez,66,127,12,3,0,1.09047173,0,1
3869321,Argentina,16308.0,Leandro Daniel Paredes,153,122,49,1,3,0.7835,0,1
3869321,Argentina,19597.0,Marcos Javier Acuña,105,77,26,0,6,0.0,0,0
3869321,Argentina,20572.0,Cristian Gabriel Romero,150,77,48,0,2,0.0,0,0
3869321,Argentina,27768.0,Lisandro Martínez,118,111,38,0,3,0.0,0,0
3869321,Argentina,27886.0,Alexis Mac Allister,195,119,47,0,4,0.0,0,0
3869321,Argentina,28263.0,Gonzalo Ariel Montiel,39,124,11,1,0,0.7835,0,1
3869321,Argentina,29201.0,Nahuel Molina Lucero,156,105,44,1,4,0.43442267,0,1
3869321,Argentina,29560.0,Julián Álvarez,109,80,17,0,2,0.0,0,0
3869321,Argentina,38718.0,Enzo Fernandez,246,126,70,3,4,0.854526016,0,0
3869321,Netherlands,2988.0,Memphis Depay,159,77,40,0,2,0.0,0,0
3869321,Netherlands,3306.0,Nathan Aké,225,119,75,0,3,0.0,0,0
3869321,Netherlands,3311.0,Daley Blind,104,64,29,0,2,0.0,0,0
3869321,Netherlands,3669.0,Virgil van Dijk,276,120,94,1,3,0.7835,0,0
3869321,Netherlands,6994.0,Marten de Roon,92,48,26,0,3,0.0,0,0
3869321,Netherlands,7745.0,Steven Berghuis,124,121,35,3,0,0.896208648,1,0
3869321,Netherlands,7829.0,Wout Weghorst,62,124,11,3,1,1.050509997,0,3
3869321,Netherlands,7891.0,Teun Koopmeiners,121,123,37,1,2,0.7835,1,1
3869321,Netherlands,8118.0,Frenkie de Jong,289,117,87,0,0,0.0,0,0
3869321,Netherlands,8125.0,Denzel Dumfries,157,127,41,1,5,0.047394842,0,0
3869321,Netherlands,8259.0,Steven Bergwijn,64,102,17,1,0,0.089517,0,0
3869321,Netherlands,8326.0,Andries Noppert,147,127,54,0,0,0.0,0,0
3869321,Netherlands,20033.0,Luuk de Jong,67,126,11,2,5,0.8364073399999999,0,1
3869321,Netherlands,20750.0,Cody Mathès Gakpo,190,112,38,0,3,0.0,0,0
3869321,Netherlands,21547.0,Noa Lang,15,127,3,0,0,0.0,0,0
3869321,Netherlands,21809.0,Jurriën David Norman Timber,301,119,93,0,4,0.0,0,0
3869354,England,3205.0,Kyle Walker,128,93,46,0,2,0.0,0,0
3869354,England,3233.0,Raheem Sterling,32,98,8,0,2,0.0,0,0
3869354,England,3244.0,John Stones,208,97,70,0,3,0.0,0,0
3869354,England,3318.0,Marcus Rashford,14,100,3,1,1,0.07922588,0,0
3869354,England,3336.0,Harry Maguire,269,98,95,2,3,0.120586513,0,0
3869354,England,3382.0,Luke Shaw,201,94,74,2,6,0.062845667,0,0
3869354,England,3468.0,Jordan Pickford,55,97,24,0,0,0.0,0,0
3869354,England,3532.0,Jordan Brian Henderson,154,78,45,1,1,0.017202334,0,0
3869354,England,3943.0,Declan Rice,203,98,65,0,4,0.0,0,0
3869354,England,4354.0,Philip Foden,109,84,27,1,3,0.022691524,0,0
3869354,England,7843.0,Mason Mount,21,98,2,1,3,0.024138648,0,0
3869354,England,9638.0,Jack Grealish,2,98,0,0,1,0.0,0,0
3869354,England,10955.0,Harry Kane,100,91,22,5,1,1.6906509769999998,0,1
3869354,England,22084.0,Bukayo Saka,139,78,25,1,3,0.07073746,0,0
3869354,England,30714.0,Jude Bellingham,182,98,48,2,10,0.264472474,0,0
3869354,France,3009.0,Kylian Mbappé Lottin,129,97,29,1,1,0.06798863,0,0
3869354,France,3026.0,Adrien Rabiot,153,98,46,1,3,0.06667264,0,0
3869354,France,3099.0,Hugo Lloris,69,100,26,0,0,0.0,0,0
3869354,France,3604.0,Olivier Giroud,75,98,12,4,8,0.646010594,0,1
3869354,France,4445.0,Jules Koundé,123,97,49,0,3,0.0,0,0
3869354,France,5477.0,Ousmane Dembélé,149,78,39,1,2,0.030820057,0,0
3869354,France,5485.0,Raphaël Varane,109,91,37,0,1,0.0,0,0
3869354,France,5487.0,Antoine Griezmann,169,98,46,0,4,0.0,2,0
3869354,France,6704.0,Theo Bernard François Hernández,137,98,39,0,3,0.0,0,0
3869354,France,8217.0,Kingsley Coman,13,98,0,0,0,0.0,0,0
3869354,France,8519.0,Dayotchanculle Upamecano,148,97,46,0,5,0.0,0,0
3869354,France,10481.0,Aurélien Djani Tchouaméni,133,97,43,1,1,0.027870113,0,1
3869420,Brazil,3063.0,Danilo Luiz da Silva,294,120,109,1,4,0.0154907415,0,0
3869420,Brazil,3280.0,Richarlison de Andrade,87,83,12,1,2,0.067200735,0,0
3869420,Brazil,3295.0,Thiago Emiliano da Silva,271,121,96,0,4,0.0,0,0
3869420,Brazil,4320.0,Neymar da Silva Santos Junior,262,121,64,5,2,0.797582078,0,1
3869420,Brazil,4372.0,Marcos Aoás Corrêa,288,125,95,1,4,0.7835,0,0
3869420,Brazil,5539.0,Carlos Henrique Casimiro,232,122,69,4,4,0.94160826,0,1
3869420,Brazil,5547.0,Alisson Ramsés Becker,79,124,31,0,0,0.0,0,0
3869420,Brazil,6945.0,Alex Sandro Lobo Silva,17,121,5,0,1,0.0,0,0
3869420,Brazil,9904.0,Frederico Rodrigues Santos,17,121,2,0,1,0.0,0,0
3869420,Brazil,10595.0,Raphael Dias Belloli,103,55,24,0,0,0.0,0,0
3869420,Brazil,13620.0,Éder Gabriel Militão,273,105,87,3,5,0.15461065000000002,0,0
3869420,Brazil,18395.0,Vinícius José Paixão de Oliveira Júnior,84,63,13,2,1,0.07816816100000001,0,0
3869420,Brazil,22600.0,Lucas Tolentino Coelho de Lima,223,105,64,2,3,0.360272205,1,0
3869420,Brazil,25104.0,Rodrygo Silva de Goes,139,120,36,1,1,0.7835,0,0
3869420,Brazil,25305.0,Pedro Guilherme Abreu dos Santos,48,123,7,3,2,0.9543985939999999,0,1
3869420,Brazil,25363.0,Antony Matheus dos Santos,140,120,33,1,2,0.013999131,0,0
3869420,Croatia,3441.0,Nikola Vlašić,67,120,10,2,2,0.810384926,0,1
3869420,Croatia,3471.0,Dejan Lovren,250,121,89,0,1,0.0,0,0
3869420,Croatia,5456.0,Mateo Kovačić,280,107,75,0,7,0.0,0,0
3869420,Croatia,5460.0,Andrej Kramarić,112,71,25,2,1,0.057396183,0,0
3869420,Croatia,5463.0,Luka Modrić,386,123,117,1,4,0.7835,0,1
3869420,Croatia,5469.0,Marcelo Brozović,348,113,109,1,4,0.12467693,0,0
3869420,Croatia,5474.0,Ivan Perišić,143,120,34,3,6,0.312230685,0,0
3869420,Croatia,7693.0,Bruno Petković,58,121,6,1,4,0.09977819,0,1
3869420,Croatia,8654.0,Ante Budimir,5,118,0,0,0,0.0,0,0
3869420,Croatia,11603.0,Mario Pašalić,135,71,31,0,4,0.0,0,0
3869420,Croatia,12625.0,Borna Sosa,139,109,40,0,6,0.0,0,0
3869420,Croatia,16527.0,Mislav Oršić,8,124,1,1,0,0.7835,1,1
3869420,Croatia,16531.0,Dominik Livaković,111,125,41,0,0,0.0,0,0
3869420,Croatia,28914.0,Lovro Majer,62,121,17,2,1,0.79542189,0,1
3869420,Croatia,29163.0,Josip Juranović,244,119,79,0,4,0.0,0,0
3869420,Croatia,33018.0,Joško Gvardiol,211,121,63,0,4,0.0,0,0
3869486,Morocco,3625.0,Sofiane Boufal,104,80,18,1,4,0.03503226,0,0
3869486,Morocco,5219.0,Romain Saïss,37,56,15,0,0,0.0,0,0
3869486,Morocco,5234.0,Sofyan Amrabat,80,95,20,0,5,0.0,0,0
3869486,Morocco,5237.0,Hakim Ziyech,122,80,27,1,2,0.008206696,0,0
3869486,Morocco,5245.0,Achraf Hakimi Mouh,144,96,34,0,2,0.0,0,0
3869486,Morocco,6301.0,Youssef En-Nesyri,79,64,9,3,3,0.36206218,0,1
3869486,Morocco,6785.0,Yassine Bounou,76,97,32,0,0,0.0,0,0
3869486,Morocco,7459.0,Jawad El Yamiq,75,96,24,0,1,0.0,0,0
3869486,Morocco,21736.0,Zakaria Aboukhlal,14,97,1,1,0,0.39109123,0,0
3869486,Morocco,23774.0,Selim Amallah,71,63,9,1,1,0.06053267,0,0
3869486,Morocco,31295.0,Yahia Attiyat allah,85,97,25,1,6,0.082217455,1,0
3869486,Morocco,46258.0,Azzedine Ounahi,128,95,23,1,1,0.032880384,0,0
3869486,Morocco,67700.0,Badr Banoun,7,93,0,0,0,0.0,0,0
3869486,Morocco,102668.0,Yahya Jabrane,6,97,1,0,0,0.0,0,0
3869486,Morocco,139016.0,Achraf Dari,23,95,7,0,1,0.0,0,0
3869486,Morocco,296254.0,Walid Cheddira,50,92,4,0,2,0.0,0,0
3869486,Portugal,3193.0,Bernardo Mota Veiga de Carvalho e Silva,305,97,100,1,1,0.10927713,0,0
3869486,Portugal,5204.0,Bruno Miguel Borges Fernandes,222,96,74,2,3,0.06403192070000001,0,0
3869486,Portugal,5206.0,Rúben Santos Gato Alves Dias,267,94,94,0,4,0.0,0,0
3869486,Portugal,5207.0,Cristiano Ronaldo dos Santos Aveiro,40,95,7,1,2,0.05699573,0,0
3869486,Portugal,5209.0,Raphaël Adelino José Guerreiro,87,50,32,1,1,0.019215545,0,0
3869486,Portugal,7005.0,João Pedro Cavaco Cancelo,135,97,47,0,3,0.0,0,0
3869486,Portugal,9927.0,Rúben Diogo Da Silva Neves,202,50,66,0,0,0.0,0,0
3869486,Portugal,10868.0,Ricardo Jorge Luz Horta,38,96,12,0,0,0.0,0,0
3869486,Portugal,11184.0,Otávio Edmilson da Silva Monteiro,173,68,53,0,4,0.0,0,0
3869486,Portugal,12041.0,João Félix Sequeira,99,96,21,5,0,0.239394161,0,0
3869486,Portugal,16028.0,José Diogo Dalot Teixeira,118,78,40,0,2,0.0,0,0
3869486,Portugal,18360.0,Rafael Alexandre Conceição Leão,57,97,13,0,0,0.0,0,0
3869486,Portugal,20016.0,Kléper Laveran Lima Ferreira,299,96,104,1,5,0.14926605,0,0
3869486,Portugal,32975.0,Diogo Meireles Costa,56,97,25,0,0,0.0,0,0
3869486,Portugal,34639.0,Vitor Machado Ferreira,108,97,35,0,0,0.0,0,0
3869486,Portugal,38803.0,Gonçalo Matias Ramos,55,68,8,1,1,0.10594022,0,0
3869519,Argentina,3090.0,Nicolás Hernán Otamendi,128,94,41,0,3,0.0,0,0
3869519,Argentina,5503.0,Lionel Andrés Messi Cuccittini,205,89,41,2,2,0.88931502,1,1
3869519,Argentina,5507.0,Nicolás Alejandro Tagliafico,100,92,30,0,1,0.0,0,0
3869519,Argentina,5743.0,Paulo Bruno Exequiel Dybala,50,94,10,0,5,0.0,0,0
3869519,Argentina,6377.0,Ángel Martín Correa,20,94,4,0,1,0.0,0,0
3869519,Argentina,6909.0,Damián Emiliano Martínez,60,94,24,0,0,0.0,0,0
3869519,Argentina,7797.0,Rodrigo Javier De Paul,153,73,42,1,1,0.027667157,0,0
3869519,Argentina,16308.0,Leandro Daniel Paredes,134,61,39,1,4,0.014370957,0,0
3869519,Argentina,20572.0,Cristian Gabriel Romero,114,90,34,0,3,0.0,0,0
3869519,Argentina,21081.0,Juan Marcos Foyth,15,94,4,0,0,0.0,0,0
3869519,Argentina,27768.0,Lisandro Martínez,32,89,9,0,1,0.0,0,0
3869519,Argentina,27886.0,Alexis Mac Allister,153,85,34,2,3,0.20981348,0,0
3869519,Argentina,28268.0,Exequiel Alejandro Palacios,57,94,15,0,1,0.0,0,0
3869519,Argentina,29201.0,Nahuel Molina Lucero,123,85,40,0,3,0.0,0,0
3869519,Argentina,29560.0,Julián Álvarez,110,73,18,2,1,0.69538802,0,2
3869519,Argentina,38718.0,Enzo Fernandez,172,92,47,1,5,0.027808638,0,0
3869519,Croatia,3441.0,Nikola Vlašić,73,92,13,1,3,0.049129687,0,0
3869519,Croatia,3471.0,Dejan Lovren,224,94,74,3,2,0.131201093,0,0
3869519,Croatia,5456.0,Mateo Kovačić,315,94,89,0,3,0.0,0,0
3869519,Croatia,5460.0,Andrej Kramarić,123,71,36,0,1,0.0,0,0
3869519,Croatia,5463.0,Luka Modrić,244,80,77,1,2,0.026162526,0,0
3869519,Croatia,5469.0,Marcelo Brozović,172,49,50,0,1,0.0,0,0
3869519,Croatia,5474.0,Ivan Perišić,166,94,58,3,3,0.0475284123,0,0
3869519,Croatia,7693.0,Bruno Petković,50,94,10,0,1,0.0,0,0
3869519,Croatia,11603.0,Mario Pašalić,56,46,12,1,1,0.07864248,0,0
3869519,Croatia,12625.0,Borna Sosa,114,47,34,0,1,0.0,0,0
3869519,Croatia,16527.0,Mislav Oršić,60,94,15,2,0,0.032619266,0,0
3869519,Croatia,16531.0,Dominik Livaković,94,93,32,0,0,0.0,0,0
3869519,Croatia,22041.0,Marko Livaja,25,94,5,0,1,0.0,0,0
3869519,Croatia,28914.0,Lovro Majer,54,94,14,1,0,0.044770177,0,0
3869519,Croatia,29163.0,Josip Juranović,181,92,64,0,5,0.0,0,0
3869519,Croatia,33018.0,Joško Gvardiol,214,94,65,0,5,0.0,0,0
3869552,France,2972.0,Marcus Thuram,60,95,10,1,4,0.115658596,0,0
3869552,France,3009.0,Kylian Mbappé Lottin,124,95,17,3,3,0.27924131599999996,0,0
3869552,France,3099.0,Hugo Lloris,69,94,27,0,0,0.0,0,0
3869552,France,3604.0,Olivier Giroud,75,64,17,3,3,0.42252706799999995,0,0
3869552,France,4445.0,Jules Koundé,145,93,48,1,3,0.01766911,0,0
3869552,France,5477.0,Ousmane Dembélé,107,78,19,0,4,0.0,0,0
3869552,France,5485.0,Raphaël Varane,162,88,56,1,1,0.07554505,0,0
3869552,France,5487.0,Antoine Griezmann,146,95,30,0,1,0.0,0,0
3869552,France,6704.0,Theo Bernard François Hernández,123,93,34,1,6,0.0979349,0,1
3869552,France,10481.0,Aurélien Djani Tchouaméni,152,93,45,1,1,0.040336993,0,0
3869552,France,11135.0,Ibrahima Konaté,162,93,48,0,3,0.0,0,0
3869552,France,11990.0,Youssouf Fofana,128,94,32,2,4,0.101406783,0,0
3869552,France,22097.0,Randal Kolo Muani,20,93,4,1,0,0.8521293,0,1
3869552,Morocco,3625.0,Sofiane Boufal,93,66,20,1,2,0.035300843,0,0
3869552,Morocco,5219.0,Romain Saïss,51,20,17,0,0,0.0,0,0
3869552,Morocco,5234.0,Sofyan Amrabat,255,95,81,1,5,0.020691318,0,0
3869552,Morocco,5237.0,Hakim Ziyech,227,94,66,1,2,0.06111174,0,0
3869552,Morocco,5245.0,Achraf Hakimi Mouh,249,95,72,1,5,0.020597277,0,0
3869552,Morocco,6301.0,Youssef En-Nesyri,27,65,3,0,1,0.0,0,0
3869552,Morocco,6785.0,Yassine Bounou,83,95,31,0,0,0.0,0,0
3869552,Morocco,7459.0,Jawad El Yamiq,261,95,95,1,1,0.06408756,0,0
3869552,Morocco,15890.0,Noussair Mazraoui,71,46,22,0,3,0.0,0,0
3869552,Morocco,21736.0,Zakaria Aboukhlal,26,94,3,1,0,0.024939176,0,0
3869552,Morocco,23774.0,Selim Amallah,101,77,20,0,10,0.0,0,0
3869552,Morocco,31295.0,Yahia Attiyat allah,88,94,26,1,4,0.24936919,0,0
3869552,Morocco,46258.0,Azzedine Ounahi,269,95,80,4,1,0.188515856,0,0
3869552,Morocco,59493.0,Abderrazak Hamdallah,29,93,6,1,0,0.50624365,0,0
3869552,Morocco,139016.0,Achraf Dari,212,95,69,0,4,0.0,0,0
3869552,Morocco,149714.0,Abdessamad Ezzalzouli,20,93,4,1,0,0.05950738,0,0
3869684,Croatia,3441.0,Nikola Vlašić,37,94,8,1,1,0.03597725,0,0
3869684,Croatia,5456.0,Mateo Kovačić,234,95,69,1,4,0.23560598,0,0
3869684,Croatia,5460.0,Andrej Kramarić,65,61,16,1,0,0.13429043,0,0
3869684,Croatia,5463.0,Luka Modrić,211,92,74,1,1,0.07012748,0,0
3869684,Croatia,5474.0,Ivan Perišić,147,95,50,0,5,0.0,1,0
3869684,Croatia,7693.0,Bruno Petković,68,95,13,0,2,0.0,0,0
3869684,Croatia,11603.0,Mario Pašalić,42,92,8,0,2,0.0,0,0
3869684,Croatia,16527.0,Mislav Oršić,142,94,30,5,3,0.1881851186,0,1
3869684,Croatia,16531.0,Dominik Livaković,74,96,33,0,0,0.0,0,0
3869684,Croatia,22041.0,Marko Livaja,71,66,13,1,2,0.02019975,1,0
3869684,Croatia,28914.0,Lovro Majer,120,66,32,0,0,0.0,0,0
3869684,Croatia,33018.0,Joško Gvardiol,208,95,67,1,0,0.1243582,0,1
3869684,Croatia,37148.0,Josip Šutalo,198,86,66,0,2,0.0,0,0
3869684,Croatia,49337.0,Josip Stanišić,139,92,49,1,4,0.040524755,0,0
3869684,Morocco,3625.0,Sofiane Boufal,103,63,23,1,2,0.08611878,0,0
3869684,Morocco,3634.0,Abdelhamid Sabiri,59,46,10,0,2,0.0,0,0
3869684,Morocco,5234.0,Sofyan Amrabat,162,95,52,0,4,0.0,0,0
3869684,Morocco,5237.0,Hakim Ziyech,228,95,66,2,1,0.036385462,0,0
3869684,Morocco,5245.0,Achraf Hakimi Mouh,226,94,73,0,4,0.0,0,0
3869684,Morocco,6301.0,Youssef En-Nesyri,75,95,12,5,3,0.45111437800000004,0,0
3869684,Morocco,6785.0,Yassine Bounou,115,92,45,0,0,0.0,0,0
3869684,Morocco,7459.0,Jawad El Yamiq,115,66,35,0,0,0.0,0,0
3869684,Morocco,21214.0,Ilias Chair,61,92,15,0,1,0.0,0,0
3869684,Morocco,23774.0,Selim Amallah,75,95,16,0,5,0.0,0,0
3869684,Morocco,31295.0,Yahia Attiyat allah,172,95,51,0,0,0.0,0,0
3869684,Morocco,46258.0,Azzedine Ounahi,94,95,26,0,0,0.0,0,0
3869684,Morocco,67700.0,Badr Banoun,72,93,21,0,1,0.0,0,0
3869684,Morocco,131037.0,Anass Zaroury,39,95,12,0,0,0.0,0,0
3869684,Morocco,139016.0,Achraf Dari,101,63,31,1,0,0.4178385,0,1
3869684,Morocco,156734.0,Bilal El Khannous,93,55,24,0,2,0.0,0,0
3869685,Argentina,2995.0,Ángel Fabián Di María Hernández,132,63,29,2,1,0.410209694,0,1
3869685,Argentina,3090.0,Nicolás Hernán Otamendi,215,122,75,0,5,0.0,0,0
3869685,Argentina,5503.0,Lionel Andrés Messi Cuccittini,242,122,60,6,3,2.238779741,0,3
3869685,Argentina,5507.0,Nicolás Alejandro Tagliafico,165,120,56,0,7,0.0,0,0
3869685,Argentina,5743.0,Paulo Bruno Exequiel Dybala,11,123,3,1,0,0.7835,0,1
3869685,Argentina,6909.0,Damián Emiliano Martínez,83,125,33,0,0,0.0,0,0
3869685,Argentina,7161.0,Germán Alejandro Pezzella,3,121,1,0,0,0.0,0,0
3869685,Argentina,7797.0,Rodrigo Javier De Paul,242,101,68,2,2,0.103029609,0,0
3869685,Argentina,11456.0,Lautaro Javier Martínez,34,122,7,4,1,0.58352003,0,0
3869685,Argentina,16308.0,Leandro Daniel Paredes,45,124,15,1,1,0.7835,0,1
3869685,Argentina,19597.0,Marcos Javier Acuña,112,123,28,0,2,0.0,0,0
3869685,Argentina,20572.0,Cristian Gabriel Romero,203,123,71,0,3,0.0,0,0
3869685,Argentina,27886.0,Alexis Mac Allister,196,115,52,3,5,0.054379339,1,0
3869685,Argentina,28263.0,Gonzalo Ariel Montiel,55,125,13,2,1,0.804104363,0,1
3869685,Argentina,29201.0,Nahuel Molina Lucero,142,95,56,0,4,0.0,0,0
3869685,Argentina,29560.0,Julián Álvarez,150,101,32,1,4,0.05953379,0,0
3869685,Argentina,38718.0,Enzo Fernandez,328,123,94,2,11,0.07174936,0,0
3869685,France,2972.0,Marcus Thuram,119,119,22,0,3,0.0,1,0
3869685,France,3009.0,Kylian Mbappé Lottin,149,123,27,7,0,2.566053667,0,4
3869685,France,3026.0,Adrien Rabiot,176,98,51,1,0,0.09333491,0,0
3869685,France,3099.0,Hugo Lloris,97,125,41,0,0,0.0,0,0
3869685,France,3604.0,Olivier Giroud,36,94,9,0,3,0.0,0,0
3869685,France,4445.0,Jules Koundé,211,120,67,0,5,0.0,0,0
3869685,France,5477.0,Ousmane Dembélé,52,40,13,0,1,0.0,0,0
3869685,France,5485.0,Raphaël Varane,182,112,61,0,1,0.0,0,0
3869685,France,5487.0,Antoine Griezmann,103,70,30,0,5,0.0,0,0
3869685,France,6704.0,Theo Bernard François Hernández,145,70,49,0,4,0.0,0,0
3869685,France,8217.0,Kingsley Coman,85,121,15,1,4,0.7835,0,0
3869685,France,8519.0,Dayotchanculle Upamecano,198,122,64,0,5,0.0,0,0
3869685,France,10481.0,Aurélien Djani Tchouaméni,205,123,69,1,2,0.7835,0,0
3869685,France,11135.0,Ibrahima Konaté,11,122,2,0,1,0.0,0,0
3869685,France,11990.0,Youssouf Fofana,41,119,11,1,1,0.023031652,0,0
3869685,France,22097.0,Randal Kolo Muani,127,125,15,3,8,1.15719772,0,1
3869685,France,24778.0,Eduardo Camavinga,83,122,24,0,5,0.0,0,0
